-- phpMyAdmin SQL Dump
-- version 4.2.11
-- http://www.phpmyadmin.net
--
-- Host: 127.0.0.1
-- Generation Time: Aug 07, 2015 at 09:07 PM
-- Server version: 5.6.21
-- PHP Version: 5.6.3

SET SQL_MODE = "NO_AUTO_VALUE_ON_ZERO";
SET time_zone = "+00:00";


/*!40101 SET @OLD_CHARACTER_SET_CLIENT=@@CHARACTER_SET_CLIENT */;
/*!40101 SET @OLD_CHARACTER_SET_RESULTS=@@CHARACTER_SET_RESULTS */;
/*!40101 SET @OLD_COLLATION_CONNECTION=@@COLLATION_CONNECTION */;
/*!40101 SET NAMES utf8 */;

--
-- Database: `academic_portal`
--
CREATE DATABASE IF NOT EXISTS `academic_portal` DEFAULT CHARACTER SET utf8 COLLATE utf8_vietnamese_ci;
USE `academic_portal`;

-- --------------------------------------------------------

--
-- Table structure for table `buildings`
--

DROP TABLE IF EXISTS `buildings`;
CREATE TABLE IF NOT EXISTS `buildings` (
`building_id` int(11) NOT NULL,
  `building_code` varchar(11) COLLATE utf8_vietnamese_ci NOT NULL
) ENGINE=InnoDB AUTO_INCREMENT=3 DEFAULT CHARSET=utf8 COLLATE=utf8_vietnamese_ci;

--
-- Dumping data for table `buildings`
--

INSERT INTO `buildings` (`building_id`, `building_code`) VALUES
(1, 'GD'),
(2, 'HB');

-- --------------------------------------------------------

--
-- Table structure for table `classes`
--

DROP TABLE IF EXISTS `classes`;
CREATE TABLE IF NOT EXISTS `classes` (
`class_id` int(11) NOT NULL,
  `code` varchar(30) NOT NULL,
  `type` varchar(11) NOT NULL,
  `specialized_id` int(11) DEFAULT NULL,
  `detail_specialized_id` int(11) DEFAULT NULL,
  `course_id` int(11) DEFAULT NULL,
  `batch` int(11) DEFAULT NULL,
  `batch_char` varchar(1) DEFAULT NULL,
  `number` int(11) DEFAULT NULL
) ENGINE=InnoDB AUTO_INCREMENT=245 DEFAULT CHARSET=latin1;

--
-- Dumping data for table `classes`
--

INSERT INTO `classes` (`class_id`, `code`, `type`, `specialized_id`, `detail_specialized_id`, `course_id`, `batch`, `batch_char`, `number`) VALUES
(208, 'SE1007', 'Specialized', 1, 1, NULL, 10, 'C', 7),
(209, 'SE1008', 'Specialized', 1, 1, NULL, 10, 'C', 8),
(210, 'SE1009', 'Specialized', 1, 1, NULL, 10, 'C', 9),
(211, 'SE1010', 'Specialized', 1, 1, NULL, 10, 'C', 10),
(212, 'SE1011', 'Specialized', 1, 1, NULL, 10, 'C', 11),
(213, 'SE1012', 'Specialized', 1, 1, NULL, 10, 'C', 12),
(214, 'SE1004', 'Specialized', 1, 1, NULL, 10, 'B', 4),
(215, 'SE1005', 'Specialized', 1, 1, NULL, 10, 'B', 5),
(216, 'SE1006', 'Specialized', 1, 1, NULL, 10, 'B', 6),
(217, 'SE1001', 'Specialized', 1, 1, NULL, 9, 'A', 1),
(218, 'SE1002', 'Specialized', 1, 1, NULL, 9, 'A', 2),
(219, 'SE1003', 'Specialized', 1, 1, NULL, 9, 'A', 3),
(220, 'SE0907', 'Specialized', 1, 1, NULL, 9, 'C', 7),
(221, 'SE0908', 'Specialized', 1, 1, NULL, 9, 'C', 8),
(222, 'SE0909', 'Specialized', 1, 1, NULL, 9, 'C', 9),
(223, 'SE0910', 'Specialized', 1, 1, NULL, 9, 'C', 10),
(224, 'SE0911', 'Specialized', 1, 1, NULL, 9, 'C', 11),
(225, 'SE0904', 'Specialized', 1, 1, NULL, 9, 'B', 4),
(226, 'SE0905', 'Specialized', 1, 1, NULL, 9, 'B', 5),
(227, 'SE0906', 'Specialized', 1, 1, NULL, 9, 'B', 6),
(228, 'EC1003', 'Specialized', 1, 9, NULL, 10, 'C', 3),
(229, 'IA1003', 'Specialized', 1, 13, NULL, 10, 'C', 3),
(230, 'IA1002', 'Specialized', 1, 13, NULL, 10, 'B', 2),
(231, 'EC1001', 'Specialized', 1, 9, NULL, 9, 'A', 1),
(232, 'IA0902', 'Specialized', 1, 13, NULL, 9, 'C', 2),
(233, 'IA0903', 'Specialized', 1, 13, NULL, 9, 'C', 3),
(234, 'SE0912', 'Specialized', 1, 13, NULL, 9, 'B', 12),
(235, 'IA10901', 'Specialized', 1, 13, NULL, 9, 'B', 1),
(242, 'SE0913', 'Specialized', 1, 1, NULL, 9, '\0', 13),
(243, 'SE1013', 'Specialized', 1, 1, NULL, 10, '\0', 13),
(244, 'SE1014', 'Specialized', 1, 9, NULL, 10, '\0', 14);

-- --------------------------------------------------------

--
-- Table structure for table `class_course_semester`
--

DROP TABLE IF EXISTS `class_course_semester`;
CREATE TABLE IF NOT EXISTS `class_course_semester` (
`class_course_semester_id` int(11) NOT NULL,
  `class_semester_id` int(11) NOT NULL,
  `course_semester_id` int(11) NOT NULL,
  `block_condition` int(11) DEFAULT NULL,
  `is_semester_long` tinyint(1) NOT NULL
) ENGINE=InnoDB AUTO_INCREMENT=1601 DEFAULT CHARSET=latin1;

--
-- Dumping data for table `class_course_semester`
--

INSERT INTO `class_course_semester` (`class_course_semester_id`, `class_semester_id`, `course_semester_id`, `block_condition`, `is_semester_long`) VALUES
(1466, 343, 131, 0, 0),
(1467, 343, 115, 0, 0),
(1468, 343, 221, 0, 0),
(1469, 343, 137, 0, 0),
(1470, 343, 182, 0, 1),
(1471, 344, 131, 0, 0),
(1472, 344, 115, 0, 0),
(1473, 344, 221, 0, 0),
(1474, 344, 137, 0, 0),
(1475, 344, 182, 0, 1),
(1476, 345, 131, 0, 0),
(1477, 345, 115, 0, 0),
(1478, 345, 221, 0, 0),
(1479, 345, 137, 0, 0),
(1480, 345, 182, 0, 1),
(1481, 346, 131, 0, 0),
(1482, 346, 115, 0, 0),
(1483, 346, 221, 0, 0),
(1484, 346, 137, 0, 0),
(1485, 346, 182, 0, 1),
(1486, 347, 131, 0, 0),
(1487, 347, 115, 0, 0),
(1488, 347, 221, 0, 0),
(1489, 347, 137, 0, 0),
(1490, 347, 182, 0, 1),
(1491, 348, 131, 0, 0),
(1492, 348, 115, 0, 0),
(1493, 348, 221, 0, 0),
(1494, 348, 137, 0, 0),
(1495, 348, 182, 0, 1),
(1496, 349, 221, 0, 0),
(1497, 349, 131, 0, 0),
(1498, 349, 182, 0, 0),
(1499, 349, 137, 0, 0),
(1500, 349, 217, 0, 1),
(1501, 350, 131, 0, 0),
(1502, 350, 115, 0, 0),
(1503, 350, 221, 0, 0),
(1504, 350, 137, 0, 0),
(1505, 350, 182, 0, 1),
(1506, 351, 138, 0, 0),
(1507, 351, 139, 0, 0),
(1508, 351, 133, 0, 0),
(1509, 351, 222, 0, 0),
(1510, 351, 155, 0, 1),
(1511, 352, 138, 0, 0),
(1512, 352, 139, 0, 0),
(1513, 352, 133, 0, 0),
(1514, 352, 222, 0, 0),
(1515, 352, 155, 0, 1),
(1516, 353, 138, 0, 0),
(1517, 353, 139, 0, 0),
(1518, 353, 133, 0, 0),
(1519, 353, 222, 0, 0),
(1520, 353, 155, 0, 1),
(1521, 354, 138, 0, 0),
(1522, 354, 139, 0, 0),
(1523, 354, 133, 0, 0),
(1524, 354, 222, 0, 0),
(1525, 354, 155, 0, 1),
(1526, 355, 214, 0, 0),
(1527, 355, 136, 0, 0),
(1528, 355, 127, 0, 0),
(1529, 355, 141, 0, 0),
(1530, 355, 156, 0, 1),
(1531, 356, 214, 0, 0),
(1532, 356, 136, 0, 0),
(1533, 356, 127, 0, 0),
(1534, 356, 141, 0, 0),
(1535, 356, 156, 0, 1),
(1536, 357, 214, 0, 0),
(1537, 357, 136, 0, 0),
(1538, 357, 127, 0, 0),
(1539, 357, 141, 0, 0),
(1540, 357, 156, 0, 1),
(1541, 358, 197, 0, 0),
(1542, 358, 136, 0, 0),
(1543, 358, 127, 0, 0),
(1544, 358, 141, 0, 0),
(1545, 358, 156, 0, 1),
(1546, 359, 133, 0, 0),
(1547, 359, 124, 0, 0),
(1548, 359, 127, 0, 0),
(1549, 359, 125, 0, 0),
(1550, 359, 211, 0, 1),
(1551, 360, 133, 0, 0),
(1552, 360, 124, 0, 0),
(1553, 360, 127, 0, 0),
(1554, 360, 125, 0, 0),
(1555, 360, 211, 0, 1),
(1556, 361, 133, 0, 0),
(1557, 361, 124, 0, 0),
(1558, 361, 127, 0, 0),
(1559, 361, 125, 0, 0),
(1560, 361, 211, 0, 1),
(1561, 362, 133, 0, 0),
(1562, 362, 124, 0, 0),
(1563, 362, 127, 0, 0),
(1564, 362, 125, 0, 0),
(1565, 362, 211, 0, 1),
(1566, 363, 133, 0, 0),
(1567, 363, 124, 0, 0),
(1568, 363, 127, 0, 0),
(1569, 363, 125, 0, 0),
(1570, 363, 211, 0, 1),
(1571, 364, 128, 0, 0),
(1572, 364, 133, 0, 0),
(1573, 364, 238, 0, 0),
(1574, 364, 125, 0, 0),
(1575, 364, 231, 0, 1),
(1576, 365, 128, 0, 0),
(1577, 365, 133, 0, 0),
(1578, 365, 238, 0, 0),
(1579, 365, 125, 0, 0),
(1580, 365, 231, 0, 1),
(1581, 366, 230, 0, 0),
(1582, 366, 229, 0, 0),
(1583, 366, 201, 0, 0),
(1584, 366, 219, 0, 0),
(1585, 366, 140, 0, 1),
(1586, 367, 230, 0, 0),
(1587, 367, 229, 0, 0),
(1588, 367, 201, 0, 0),
(1589, 367, 219, 0, 0),
(1590, 367, 140, 0, 1),
(1591, 368, 230, 0, 0),
(1592, 368, 229, 0, 0),
(1593, 368, 201, 0, 0),
(1594, 368, 219, 0, 0),
(1595, 368, 140, 0, 1),
(1596, 369, 232, 0, 0),
(1597, 369, 233, 0, 0),
(1598, 369, 234, 0, 0),
(1599, 369, 235, 0, 0),
(1600, 369, 236, 0, 1);

-- --------------------------------------------------------

--
-- Table structure for table `class_course_semester_merge`
--

DROP TABLE IF EXISTS `class_course_semester_merge`;
CREATE TABLE IF NOT EXISTS `class_course_semester_merge` (
`class_course_semester_merge_id` int(11) NOT NULL,
  `class_course_semester_id_1` int(11) NOT NULL,
  `class_course_semester_id_2` int(11) NOT NULL
) ENGINE=InnoDB DEFAULT CHARSET=utf8 COLLATE=utf8_vietnamese_ci;

-- --------------------------------------------------------

--
-- Table structure for table `class_course_student_semester`
--

DROP TABLE IF EXISTS `class_course_student_semester`;
CREATE TABLE IF NOT EXISTS `class_course_student_semester` (
`class_course_student_semester_id` int(11) NOT NULL,
  `class_course_semester_id` int(11) NOT NULL,
  `student_id` int(11) NOT NULL
) ENGINE=InnoDB AUTO_INCREMENT=24156 DEFAULT CHARSET=latin1;

--
-- Dumping data for table `class_course_student_semester`
--

INSERT INTO `class_course_student_semester` (`class_course_student_semester_id`, `class_course_semester_id`, `student_id`) VALUES
(22966, 1466, 3402),
(22981, 1466, 3405),
(22986, 1466, 3406),
(23016, 1466, 3412),
(23131, 1466, 3435),
(23341, 1466, 3477),
(23346, 1466, 3478),
(23351, 1466, 3479),
(23356, 1466, 3480),
(23361, 1466, 3481),
(23366, 1466, 3482),
(23371, 1466, 3483),
(23376, 1466, 3484),
(23381, 1466, 3485),
(23386, 1466, 3486),
(23391, 1466, 3487),
(23396, 1466, 3488),
(23401, 1466, 3489),
(23406, 1466, 3490),
(23411, 1466, 3491),
(23416, 1466, 3492),
(23421, 1466, 3493),
(23426, 1466, 3494),
(23431, 1466, 3495),
(23436, 1466, 3496),
(23441, 1466, 3497),
(23446, 1466, 3498),
(23451, 1466, 3499),
(23456, 1466, 3500),
(23461, 1466, 3501),
(22967, 1467, 3402),
(22982, 1467, 3405),
(22987, 1467, 3406),
(23017, 1467, 3412),
(23132, 1467, 3435),
(23342, 1467, 3477),
(23347, 1467, 3478),
(23352, 1467, 3479),
(23357, 1467, 3480),
(23362, 1467, 3481),
(23367, 1467, 3482),
(23372, 1467, 3483),
(23377, 1467, 3484),
(23382, 1467, 3485),
(23387, 1467, 3486),
(23392, 1467, 3487),
(23397, 1467, 3488),
(23402, 1467, 3489),
(23407, 1467, 3490),
(23412, 1467, 3491),
(23417, 1467, 3492),
(23422, 1467, 3493),
(23427, 1467, 3494),
(23432, 1467, 3495),
(23437, 1467, 3496),
(23442, 1467, 3497),
(23447, 1467, 3498),
(23452, 1467, 3499),
(23457, 1467, 3500),
(23462, 1467, 3501),
(22968, 1468, 3402),
(22983, 1468, 3405),
(22988, 1468, 3406),
(23018, 1468, 3412),
(23133, 1468, 3435),
(23343, 1468, 3477),
(23348, 1468, 3478),
(23353, 1468, 3479),
(23358, 1468, 3480),
(23363, 1468, 3481),
(23368, 1468, 3482),
(23373, 1468, 3483),
(23378, 1468, 3484),
(23383, 1468, 3485),
(23388, 1468, 3486),
(23393, 1468, 3487),
(23398, 1468, 3488),
(23403, 1468, 3489),
(23408, 1468, 3490),
(23413, 1468, 3491),
(23418, 1468, 3492),
(23423, 1468, 3493),
(23428, 1468, 3494),
(23433, 1468, 3495),
(23438, 1468, 3496),
(23443, 1468, 3497),
(23448, 1468, 3498),
(23453, 1468, 3499),
(23458, 1468, 3500),
(23463, 1468, 3501),
(22969, 1469, 3402),
(22984, 1469, 3405),
(22989, 1469, 3406),
(23019, 1469, 3412),
(23134, 1469, 3435),
(23344, 1469, 3477),
(23349, 1469, 3478),
(23354, 1469, 3479),
(23359, 1469, 3480),
(23364, 1469, 3481),
(23369, 1469, 3482),
(23374, 1469, 3483),
(23379, 1469, 3484),
(23384, 1469, 3485),
(23389, 1469, 3486),
(23394, 1469, 3487),
(23399, 1469, 3488),
(23404, 1469, 3489),
(23409, 1469, 3490),
(23414, 1469, 3491),
(23419, 1469, 3492),
(23424, 1469, 3493),
(23429, 1469, 3494),
(23434, 1469, 3495),
(23439, 1469, 3496),
(23444, 1469, 3497),
(23449, 1469, 3498),
(23454, 1469, 3499),
(23459, 1469, 3500),
(23464, 1469, 3501),
(22970, 1470, 3402),
(22985, 1470, 3405),
(22990, 1470, 3406),
(23020, 1470, 3412),
(23135, 1470, 3435),
(23345, 1470, 3477),
(23350, 1470, 3478),
(23355, 1470, 3479),
(23360, 1470, 3480),
(23365, 1470, 3481),
(23370, 1470, 3482),
(23375, 1470, 3483),
(23380, 1470, 3484),
(23385, 1470, 3485),
(23390, 1470, 3486),
(23395, 1470, 3487),
(23400, 1470, 3488),
(23405, 1470, 3489),
(23410, 1470, 3490),
(23415, 1470, 3491),
(23420, 1470, 3492),
(23425, 1470, 3493),
(23430, 1470, 3494),
(23435, 1470, 3495),
(23440, 1470, 3496),
(23445, 1470, 3497),
(23450, 1470, 3498),
(23455, 1470, 3499),
(23460, 1470, 3500),
(23465, 1470, 3501),
(23466, 1471, 3502),
(23471, 1471, 3503),
(23476, 1471, 3504),
(23481, 1471, 3505),
(23486, 1471, 3506),
(23491, 1471, 3507),
(23496, 1471, 3508),
(23501, 1471, 3509),
(23506, 1471, 3510),
(23511, 1471, 3511),
(23516, 1471, 3512),
(23521, 1471, 3513),
(23526, 1471, 3514),
(23531, 1471, 3515),
(23536, 1471, 3516),
(23541, 1471, 3517),
(23546, 1471, 3518),
(23551, 1471, 3519),
(23556, 1471, 3520),
(23561, 1471, 3521),
(23566, 1471, 3522),
(23571, 1471, 3523),
(23576, 1471, 3524),
(23581, 1471, 3525),
(23467, 1472, 3502),
(23472, 1472, 3503),
(23477, 1472, 3504),
(23482, 1472, 3505),
(23487, 1472, 3506),
(23492, 1472, 3507),
(23497, 1472, 3508),
(23502, 1472, 3509),
(23507, 1472, 3510),
(23512, 1472, 3511),
(23517, 1472, 3512),
(23522, 1472, 3513),
(23527, 1472, 3514),
(23532, 1472, 3515),
(23537, 1472, 3516),
(23542, 1472, 3517),
(23547, 1472, 3518),
(23552, 1472, 3519),
(23557, 1472, 3520),
(23562, 1472, 3521),
(23567, 1472, 3522),
(23572, 1472, 3523),
(23577, 1472, 3524),
(23582, 1472, 3525),
(23468, 1473, 3502),
(23473, 1473, 3503),
(23478, 1473, 3504),
(23483, 1473, 3505),
(23488, 1473, 3506),
(23493, 1473, 3507),
(23498, 1473, 3508),
(23503, 1473, 3509),
(23508, 1473, 3510),
(23513, 1473, 3511),
(23518, 1473, 3512),
(23523, 1473, 3513),
(23528, 1473, 3514),
(23533, 1473, 3515),
(23538, 1473, 3516),
(23543, 1473, 3517),
(23548, 1473, 3518),
(23553, 1473, 3519),
(23558, 1473, 3520),
(23563, 1473, 3521),
(23568, 1473, 3522),
(23573, 1473, 3523),
(23578, 1473, 3524),
(23583, 1473, 3525),
(23469, 1474, 3502),
(23474, 1474, 3503),
(23479, 1474, 3504),
(23484, 1474, 3505),
(23489, 1474, 3506),
(23494, 1474, 3507),
(23499, 1474, 3508),
(23504, 1474, 3509),
(23509, 1474, 3510),
(23514, 1474, 3511),
(23519, 1474, 3512),
(23524, 1474, 3513),
(23529, 1474, 3514),
(23534, 1474, 3515),
(23539, 1474, 3516),
(23544, 1474, 3517),
(23549, 1474, 3518),
(23554, 1474, 3519),
(23559, 1474, 3520),
(23564, 1474, 3521),
(23569, 1474, 3522),
(23574, 1474, 3523),
(23579, 1474, 3524),
(23584, 1474, 3525),
(23470, 1475, 3502),
(23475, 1475, 3503),
(23480, 1475, 3504),
(23485, 1475, 3505),
(23490, 1475, 3506),
(23495, 1475, 3507),
(23500, 1475, 3508),
(23505, 1475, 3509),
(23510, 1475, 3510),
(23515, 1475, 3511),
(23520, 1475, 3512),
(23525, 1475, 3513),
(23530, 1475, 3514),
(23535, 1475, 3515),
(23540, 1475, 3516),
(23545, 1475, 3517),
(23550, 1475, 3518),
(23555, 1475, 3519),
(23560, 1475, 3520),
(23565, 1475, 3521),
(23570, 1475, 3522),
(23575, 1475, 3523),
(23580, 1475, 3524),
(23585, 1475, 3525),
(23286, 1496, 3466),
(23291, 1496, 3467),
(23296, 1496, 3468),
(23301, 1496, 3469),
(23306, 1496, 3470),
(23311, 1496, 3471),
(23316, 1496, 3472),
(23321, 1496, 3473),
(23326, 1496, 3474),
(23331, 1496, 3475),
(23336, 1496, 3476),
(23666, 1496, 3542),
(23671, 1496, 3543),
(23676, 1496, 3544),
(23681, 1496, 3545),
(23686, 1496, 3546),
(23691, 1496, 3547),
(23696, 1496, 3548),
(23701, 1496, 3549),
(23706, 1496, 3550),
(23711, 1496, 3551),
(23716, 1496, 3552),
(23721, 1496, 3553),
(23726, 1496, 3554),
(23731, 1496, 3555),
(23736, 1496, 3556),
(23741, 1496, 3557),
(23287, 1497, 3466),
(23292, 1497, 3467),
(23297, 1497, 3468),
(23302, 1497, 3469),
(23307, 1497, 3470),
(23312, 1497, 3471),
(23317, 1497, 3472),
(23322, 1497, 3473),
(23327, 1497, 3474),
(23332, 1497, 3475),
(23337, 1497, 3476),
(23667, 1497, 3542),
(23672, 1497, 3543),
(23677, 1497, 3544),
(23682, 1497, 3545),
(23687, 1497, 3546),
(23692, 1497, 3547),
(23697, 1497, 3548),
(23702, 1497, 3549),
(23707, 1497, 3550),
(23712, 1497, 3551),
(23717, 1497, 3552),
(23722, 1497, 3553),
(23727, 1497, 3554),
(23732, 1497, 3555),
(23737, 1497, 3556),
(23742, 1497, 3557),
(23288, 1498, 3466),
(23293, 1498, 3467),
(23298, 1498, 3468),
(23303, 1498, 3469),
(23308, 1498, 3470),
(23313, 1498, 3471),
(23318, 1498, 3472),
(23323, 1498, 3473),
(23328, 1498, 3474),
(23333, 1498, 3475),
(23338, 1498, 3476),
(23668, 1498, 3542),
(23673, 1498, 3543),
(23678, 1498, 3544),
(23683, 1498, 3545),
(23688, 1498, 3546),
(23693, 1498, 3547),
(23698, 1498, 3548),
(23703, 1498, 3549),
(23708, 1498, 3550),
(23713, 1498, 3551),
(23718, 1498, 3552),
(23723, 1498, 3553),
(23728, 1498, 3554),
(23733, 1498, 3555),
(23738, 1498, 3556),
(23743, 1498, 3557),
(23289, 1499, 3466),
(23294, 1499, 3467),
(23299, 1499, 3468),
(23304, 1499, 3469),
(23309, 1499, 3470),
(23314, 1499, 3471),
(23319, 1499, 3472),
(23324, 1499, 3473),
(23329, 1499, 3474),
(23334, 1499, 3475),
(23339, 1499, 3476),
(23669, 1499, 3542),
(23674, 1499, 3543),
(23679, 1499, 3544),
(23684, 1499, 3545),
(23689, 1499, 3546),
(23694, 1499, 3547),
(23699, 1499, 3548),
(23704, 1499, 3549),
(23709, 1499, 3550),
(23714, 1499, 3551),
(23719, 1499, 3552),
(23724, 1499, 3553),
(23729, 1499, 3554),
(23734, 1499, 3555),
(23739, 1499, 3556),
(23744, 1499, 3557),
(23290, 1500, 3466),
(23295, 1500, 3467),
(23300, 1500, 3468),
(23305, 1500, 3469),
(23310, 1500, 3470),
(23315, 1500, 3471),
(23320, 1500, 3472),
(23325, 1500, 3473),
(23330, 1500, 3474),
(23335, 1500, 3475),
(23340, 1500, 3476),
(23670, 1500, 3542),
(23675, 1500, 3543),
(23680, 1500, 3544),
(23685, 1500, 3545),
(23690, 1500, 3546),
(23695, 1500, 3547),
(23700, 1500, 3548),
(23705, 1500, 3549),
(23710, 1500, 3550),
(23715, 1500, 3551),
(23720, 1500, 3552),
(23725, 1500, 3553),
(23730, 1500, 3554),
(23735, 1500, 3555),
(23740, 1500, 3556),
(23745, 1500, 3557),
(23586, 1501, 3526),
(23591, 1501, 3527),
(23596, 1501, 3528),
(23601, 1501, 3529),
(23606, 1501, 3530),
(23611, 1501, 3531),
(23616, 1501, 3532),
(23621, 1501, 3533),
(23626, 1501, 3534),
(23631, 1501, 3535),
(23636, 1501, 3536),
(23641, 1501, 3537),
(23646, 1501, 3538),
(23651, 1501, 3539),
(23656, 1501, 3540),
(23661, 1501, 3541),
(23587, 1502, 3526),
(23592, 1502, 3527),
(23597, 1502, 3528),
(23602, 1502, 3529),
(23607, 1502, 3530),
(23612, 1502, 3531),
(23617, 1502, 3532),
(23622, 1502, 3533),
(23627, 1502, 3534),
(23632, 1502, 3535),
(23637, 1502, 3536),
(23642, 1502, 3537),
(23647, 1502, 3538),
(23652, 1502, 3539),
(23657, 1502, 3540),
(23662, 1502, 3541),
(23588, 1503, 3526),
(23593, 1503, 3527),
(23598, 1503, 3528),
(23603, 1503, 3529),
(23608, 1503, 3530),
(23613, 1503, 3531),
(23618, 1503, 3532),
(23623, 1503, 3533),
(23628, 1503, 3534),
(23633, 1503, 3535),
(23638, 1503, 3536),
(23643, 1503, 3537),
(23648, 1503, 3538),
(23653, 1503, 3539),
(23658, 1503, 3540),
(23663, 1503, 3541),
(23589, 1504, 3526),
(23594, 1504, 3527),
(23599, 1504, 3528),
(23604, 1504, 3529),
(23609, 1504, 3530),
(23614, 1504, 3531),
(23619, 1504, 3532),
(23624, 1504, 3533),
(23629, 1504, 3534),
(23634, 1504, 3535),
(23639, 1504, 3536),
(23644, 1504, 3537),
(23649, 1504, 3538),
(23654, 1504, 3539),
(23659, 1504, 3540),
(23664, 1504, 3541),
(23590, 1505, 3526),
(23595, 1505, 3527),
(23600, 1505, 3528),
(23605, 1505, 3529),
(23610, 1505, 3530),
(23615, 1505, 3531),
(23620, 1505, 3532),
(23625, 1505, 3533),
(23630, 1505, 3534),
(23635, 1505, 3535),
(23640, 1505, 3536),
(23645, 1505, 3537),
(23650, 1505, 3538),
(23655, 1505, 3539),
(23660, 1505, 3540),
(23665, 1505, 3541),
(21601, 1506, 3129),
(21606, 1506, 3130),
(21631, 1506, 3135),
(21636, 1506, 3136),
(21646, 1506, 3138),
(21661, 1506, 3141),
(21676, 1506, 3144),
(21681, 1506, 3145),
(21696, 1506, 3148),
(21806, 1506, 3170),
(21821, 1506, 3173),
(21871, 1506, 3183),
(21881, 1506, 3185),
(21931, 1506, 3195),
(22011, 1506, 3211),
(22166, 1506, 3242),
(22266, 1506, 3262),
(22971, 1506, 3403),
(22976, 1506, 3404),
(22991, 1506, 3407),
(22996, 1506, 3408),
(23001, 1506, 3409),
(23006, 1506, 3410),
(23011, 1506, 3411),
(23021, 1506, 3413),
(23026, 1506, 3414),
(23031, 1506, 3415),
(23036, 1506, 3416),
(23041, 1506, 3417),
(23046, 1506, 3418),
(21602, 1507, 3129),
(21607, 1507, 3130),
(21632, 1507, 3135),
(21637, 1507, 3136),
(21647, 1507, 3138),
(21662, 1507, 3141),
(21677, 1507, 3144),
(21682, 1507, 3145),
(21697, 1507, 3148),
(21807, 1507, 3170),
(21822, 1507, 3173),
(21872, 1507, 3183),
(21882, 1507, 3185),
(21932, 1507, 3195),
(22012, 1507, 3211),
(22167, 1507, 3242),
(22267, 1507, 3262),
(22972, 1507, 3403),
(22977, 1507, 3404),
(22992, 1507, 3407),
(22997, 1507, 3408),
(23002, 1507, 3409),
(23007, 1507, 3410),
(23012, 1507, 3411),
(23022, 1507, 3413),
(23027, 1507, 3414),
(23032, 1507, 3415),
(23037, 1507, 3416),
(23042, 1507, 3417),
(23047, 1507, 3418),
(21603, 1508, 3129),
(21608, 1508, 3130),
(21633, 1508, 3135),
(21638, 1508, 3136),
(21648, 1508, 3138),
(21663, 1508, 3141),
(21678, 1508, 3144),
(21683, 1508, 3145),
(21698, 1508, 3148),
(21808, 1508, 3170),
(21823, 1508, 3173),
(21873, 1508, 3183),
(21883, 1508, 3185),
(21933, 1508, 3195),
(22013, 1508, 3211),
(22168, 1508, 3242),
(22268, 1508, 3262),
(22973, 1508, 3403),
(22978, 1508, 3404),
(22993, 1508, 3407),
(22998, 1508, 3408),
(23003, 1508, 3409),
(23008, 1508, 3410),
(23013, 1508, 3411),
(23023, 1508, 3413),
(23028, 1508, 3414),
(23033, 1508, 3415),
(23038, 1508, 3416),
(23043, 1508, 3417),
(23048, 1508, 3418),
(21604, 1509, 3129),
(21609, 1509, 3130),
(21634, 1509, 3135),
(21639, 1509, 3136),
(21649, 1509, 3138),
(21664, 1509, 3141),
(21679, 1509, 3144),
(21684, 1509, 3145),
(21699, 1509, 3148),
(21809, 1509, 3170),
(21824, 1509, 3173),
(21874, 1509, 3183),
(21884, 1509, 3185),
(21934, 1509, 3195),
(22014, 1509, 3211),
(22169, 1509, 3242),
(22269, 1509, 3262),
(22974, 1509, 3403),
(22979, 1509, 3404),
(22994, 1509, 3407),
(22999, 1509, 3408),
(23004, 1509, 3409),
(23009, 1509, 3410),
(23014, 1509, 3411),
(23024, 1509, 3413),
(23029, 1509, 3414),
(23034, 1509, 3415),
(23039, 1509, 3416),
(23044, 1509, 3417),
(23049, 1509, 3418),
(21605, 1510, 3129),
(21610, 1510, 3130),
(21635, 1510, 3135),
(21640, 1510, 3136),
(21650, 1510, 3138),
(21665, 1510, 3141),
(21680, 1510, 3144),
(21685, 1510, 3145),
(21700, 1510, 3148),
(21810, 1510, 3170),
(21825, 1510, 3173),
(21875, 1510, 3183),
(21885, 1510, 3185),
(21935, 1510, 3195),
(22015, 1510, 3211),
(22170, 1510, 3242),
(22270, 1510, 3262),
(22975, 1510, 3403),
(22980, 1510, 3404),
(22995, 1510, 3407),
(23000, 1510, 3408),
(23005, 1510, 3409),
(23010, 1510, 3410),
(23015, 1510, 3411),
(23025, 1510, 3413),
(23030, 1510, 3414),
(23035, 1510, 3415),
(23040, 1510, 3416),
(23045, 1510, 3417),
(23050, 1510, 3418),
(23051, 1511, 3419),
(23056, 1511, 3420),
(23061, 1511, 3421),
(23066, 1511, 3422),
(23071, 1511, 3423),
(23076, 1511, 3424),
(23081, 1511, 3425),
(23086, 1511, 3426),
(23091, 1511, 3427),
(23096, 1511, 3428),
(23101, 1511, 3429),
(23106, 1511, 3430),
(23111, 1511, 3431),
(23116, 1511, 3432),
(23121, 1511, 3433),
(23126, 1511, 3434),
(23136, 1511, 3436),
(23141, 1511, 3437),
(23146, 1511, 3438),
(23151, 1511, 3439),
(23156, 1511, 3440),
(23161, 1511, 3441),
(23166, 1511, 3442),
(23171, 1511, 3443),
(23176, 1511, 3444),
(23181, 1511, 3445),
(23186, 1511, 3446),
(23191, 1511, 3447),
(23196, 1511, 3448),
(23201, 1511, 3449),
(23052, 1512, 3419),
(23057, 1512, 3420),
(23062, 1512, 3421),
(23067, 1512, 3422),
(23072, 1512, 3423),
(23077, 1512, 3424),
(23082, 1512, 3425),
(23087, 1512, 3426),
(23092, 1512, 3427),
(23097, 1512, 3428),
(23102, 1512, 3429),
(23107, 1512, 3430),
(23112, 1512, 3431),
(23117, 1512, 3432),
(23122, 1512, 3433),
(23127, 1512, 3434),
(23137, 1512, 3436),
(23142, 1512, 3437),
(23147, 1512, 3438),
(23152, 1512, 3439),
(23157, 1512, 3440),
(23162, 1512, 3441),
(23167, 1512, 3442),
(23172, 1512, 3443),
(23177, 1512, 3444),
(23182, 1512, 3445),
(23187, 1512, 3446),
(23192, 1512, 3447),
(23197, 1512, 3448),
(23202, 1512, 3449),
(23053, 1513, 3419),
(23058, 1513, 3420),
(23063, 1513, 3421),
(23068, 1513, 3422),
(23073, 1513, 3423),
(23078, 1513, 3424),
(23083, 1513, 3425),
(23088, 1513, 3426),
(23093, 1513, 3427),
(23098, 1513, 3428),
(23103, 1513, 3429),
(23108, 1513, 3430),
(23113, 1513, 3431),
(23118, 1513, 3432),
(23123, 1513, 3433),
(23128, 1513, 3434),
(23138, 1513, 3436),
(23143, 1513, 3437),
(23148, 1513, 3438),
(23153, 1513, 3439),
(23158, 1513, 3440),
(23163, 1513, 3441),
(23168, 1513, 3442),
(23173, 1513, 3443),
(23178, 1513, 3444),
(23183, 1513, 3445),
(23188, 1513, 3446),
(23193, 1513, 3447),
(23198, 1513, 3448),
(23203, 1513, 3449),
(23054, 1514, 3419),
(23059, 1514, 3420),
(23064, 1514, 3421),
(23069, 1514, 3422),
(23074, 1514, 3423),
(23079, 1514, 3424),
(23084, 1514, 3425),
(23089, 1514, 3426),
(23094, 1514, 3427),
(23099, 1514, 3428),
(23104, 1514, 3429),
(23109, 1514, 3430),
(23114, 1514, 3431),
(23119, 1514, 3432),
(23124, 1514, 3433),
(23129, 1514, 3434),
(23139, 1514, 3436),
(23144, 1514, 3437),
(23149, 1514, 3438),
(23154, 1514, 3439),
(23159, 1514, 3440),
(23164, 1514, 3441),
(23169, 1514, 3442),
(23174, 1514, 3443),
(23179, 1514, 3444),
(23184, 1514, 3445),
(23189, 1514, 3446),
(23194, 1514, 3447),
(23199, 1514, 3448),
(23204, 1514, 3449),
(23055, 1515, 3419),
(23060, 1515, 3420),
(23065, 1515, 3421),
(23070, 1515, 3422),
(23075, 1515, 3423),
(23080, 1515, 3424),
(23085, 1515, 3425),
(23090, 1515, 3426),
(23095, 1515, 3427),
(23100, 1515, 3428),
(23105, 1515, 3429),
(23110, 1515, 3430),
(23115, 1515, 3431),
(23120, 1515, 3432),
(23125, 1515, 3433),
(23130, 1515, 3434),
(23140, 1515, 3436),
(23145, 1515, 3437),
(23150, 1515, 3438),
(23155, 1515, 3439),
(23160, 1515, 3440),
(23165, 1515, 3441),
(23170, 1515, 3442),
(23175, 1515, 3443),
(23180, 1515, 3444),
(23185, 1515, 3445),
(23190, 1515, 3446),
(23195, 1515, 3447),
(23200, 1515, 3448),
(23205, 1515, 3449),
(23206, 1516, 3450),
(23211, 1516, 3451),
(23216, 1516, 3452),
(23221, 1516, 3453),
(23226, 1516, 3454),
(23236, 1516, 3456),
(23207, 1517, 3450),
(23212, 1517, 3451),
(23217, 1517, 3452),
(23222, 1517, 3453),
(23227, 1517, 3454),
(23237, 1517, 3456),
(23208, 1518, 3450),
(23213, 1518, 3451),
(23218, 1518, 3452),
(23223, 1518, 3453),
(23228, 1518, 3454),
(23238, 1518, 3456),
(23209, 1519, 3450),
(23214, 1519, 3451),
(23219, 1519, 3452),
(23224, 1519, 3453),
(23229, 1519, 3454),
(23239, 1519, 3456),
(23210, 1520, 3450),
(23215, 1520, 3451),
(23220, 1520, 3452),
(23225, 1520, 3453),
(23230, 1520, 3454),
(23240, 1520, 3456),
(23746, 1521, 3558),
(23751, 1521, 3559),
(23756, 1521, 3560),
(23761, 1521, 3561),
(23766, 1521, 3562),
(23771, 1521, 3563),
(23776, 1521, 3564),
(23781, 1521, 3565),
(23786, 1521, 3566),
(23791, 1521, 3567),
(23796, 1521, 3568),
(23801, 1521, 3569),
(23806, 1521, 3570),
(23811, 1521, 3571),
(23747, 1522, 3558),
(23752, 1522, 3559),
(23757, 1522, 3560),
(23762, 1522, 3561),
(23767, 1522, 3562),
(23772, 1522, 3563),
(23777, 1522, 3564),
(23782, 1522, 3565),
(23787, 1522, 3566),
(23792, 1522, 3567),
(23797, 1522, 3568),
(23802, 1522, 3569),
(23807, 1522, 3570),
(23812, 1522, 3571),
(23748, 1523, 3558),
(23753, 1523, 3559),
(23758, 1523, 3560),
(23763, 1523, 3561),
(23768, 1523, 3562),
(23773, 1523, 3563),
(23778, 1523, 3564),
(23783, 1523, 3565),
(23788, 1523, 3566),
(23793, 1523, 3567),
(23798, 1523, 3568),
(23803, 1523, 3569),
(23808, 1523, 3570),
(23813, 1523, 3571),
(23749, 1524, 3558),
(23754, 1524, 3559),
(23759, 1524, 3560),
(23764, 1524, 3561),
(23769, 1524, 3562),
(23774, 1524, 3563),
(23779, 1524, 3564),
(23784, 1524, 3565),
(23789, 1524, 3566),
(23794, 1524, 3567),
(23799, 1524, 3568),
(23804, 1524, 3569),
(23809, 1524, 3570),
(23814, 1524, 3571),
(23750, 1525, 3558),
(23755, 1525, 3559),
(23760, 1525, 3560),
(23765, 1525, 3561),
(23770, 1525, 3562),
(23775, 1525, 3563),
(23780, 1525, 3564),
(23785, 1525, 3565),
(23790, 1525, 3566),
(23795, 1525, 3567),
(23800, 1525, 3568),
(23805, 1525, 3569),
(23810, 1525, 3570),
(23815, 1525, 3571),
(21561, 1526, 3121),
(21581, 1526, 3125),
(21611, 1526, 3131),
(21626, 1526, 3134),
(21641, 1526, 3137),
(21651, 1526, 3139),
(21656, 1526, 3140),
(21666, 1526, 3142),
(21671, 1526, 3143),
(21686, 1526, 3146),
(21691, 1526, 3147),
(21701, 1526, 3149),
(21706, 1526, 3150),
(21711, 1526, 3151),
(21716, 1526, 3152),
(21721, 1526, 3153),
(21726, 1526, 3154),
(21731, 1526, 3155),
(21736, 1526, 3156),
(21741, 1526, 3157),
(21746, 1526, 3158),
(21751, 1526, 3159),
(21756, 1526, 3160),
(21761, 1526, 3161),
(21766, 1526, 3162),
(21771, 1526, 3163),
(21776, 1526, 3164),
(21781, 1526, 3165),
(21786, 1526, 3166),
(21791, 1526, 3167),
(21562, 1527, 3121),
(21582, 1527, 3125),
(21612, 1527, 3131),
(21627, 1527, 3134),
(21642, 1527, 3137),
(21652, 1527, 3139),
(21657, 1527, 3140),
(21667, 1527, 3142),
(21672, 1527, 3143),
(21687, 1527, 3146),
(21692, 1527, 3147),
(21702, 1527, 3149),
(21707, 1527, 3150),
(21712, 1527, 3151),
(21717, 1527, 3152),
(21722, 1527, 3153),
(21727, 1527, 3154),
(21732, 1527, 3155),
(21737, 1527, 3156),
(21742, 1527, 3157),
(21747, 1527, 3158),
(21752, 1527, 3159),
(21757, 1527, 3160),
(21762, 1527, 3161),
(21767, 1527, 3162),
(21772, 1527, 3163),
(21777, 1527, 3164),
(21782, 1527, 3165),
(21787, 1527, 3166),
(21792, 1527, 3167),
(21563, 1528, 3121),
(21583, 1528, 3125),
(21613, 1528, 3131),
(21628, 1528, 3134),
(21643, 1528, 3137),
(21653, 1528, 3139),
(21658, 1528, 3140),
(21668, 1528, 3142),
(21673, 1528, 3143),
(21688, 1528, 3146),
(21693, 1528, 3147),
(21703, 1528, 3149),
(21708, 1528, 3150),
(21713, 1528, 3151),
(21718, 1528, 3152),
(21723, 1528, 3153),
(21728, 1528, 3154),
(21733, 1528, 3155),
(21738, 1528, 3156),
(21743, 1528, 3157),
(21748, 1528, 3158),
(21753, 1528, 3159),
(21758, 1528, 3160),
(21763, 1528, 3161),
(21768, 1528, 3162),
(21773, 1528, 3163),
(21778, 1528, 3164),
(21783, 1528, 3165),
(21788, 1528, 3166),
(21793, 1528, 3167),
(21564, 1529, 3121),
(21584, 1529, 3125),
(21614, 1529, 3131),
(21629, 1529, 3134),
(21644, 1529, 3137),
(21654, 1529, 3139),
(21659, 1529, 3140),
(21669, 1529, 3142),
(21674, 1529, 3143),
(21689, 1529, 3146),
(21694, 1529, 3147),
(21704, 1529, 3149),
(21709, 1529, 3150),
(21714, 1529, 3151),
(21719, 1529, 3152),
(21724, 1529, 3153),
(21729, 1529, 3154),
(21734, 1529, 3155),
(21739, 1529, 3156),
(21744, 1529, 3157),
(21749, 1529, 3158),
(21754, 1529, 3159),
(21759, 1529, 3160),
(21764, 1529, 3161),
(21769, 1529, 3162),
(21774, 1529, 3163),
(21779, 1529, 3164),
(21784, 1529, 3165),
(21789, 1529, 3166),
(21794, 1529, 3167),
(21565, 1530, 3121),
(21585, 1530, 3125),
(21615, 1530, 3131),
(21630, 1530, 3134),
(21645, 1530, 3137),
(21655, 1530, 3139),
(21660, 1530, 3140),
(21670, 1530, 3142),
(21675, 1530, 3143),
(21690, 1530, 3146),
(21695, 1530, 3147),
(21705, 1530, 3149),
(21710, 1530, 3150),
(21715, 1530, 3151),
(21720, 1530, 3152),
(21725, 1530, 3153),
(21730, 1530, 3154),
(21735, 1530, 3155),
(21740, 1530, 3156),
(21745, 1530, 3157),
(21750, 1530, 3158),
(21755, 1530, 3159),
(21760, 1530, 3160),
(21765, 1530, 3161),
(21770, 1530, 3162),
(21775, 1530, 3163),
(21780, 1530, 3164),
(21785, 1530, 3165),
(21790, 1530, 3166),
(21795, 1530, 3167),
(21796, 1531, 3168),
(21801, 1531, 3169),
(21811, 1531, 3171),
(21816, 1531, 3172),
(21826, 1531, 3174),
(21831, 1531, 3175),
(21836, 1531, 3176),
(21841, 1531, 3177),
(21846, 1531, 3178),
(21851, 1531, 3179),
(21856, 1531, 3180),
(21861, 1531, 3181),
(21866, 1531, 3182),
(21876, 1531, 3184),
(21886, 1531, 3186),
(21891, 1531, 3187),
(21896, 1531, 3188),
(21901, 1531, 3189),
(21906, 1531, 3190),
(21911, 1531, 3191),
(21916, 1531, 3192),
(21921, 1531, 3193),
(21926, 1531, 3194),
(21936, 1531, 3196),
(21941, 1531, 3197),
(21946, 1531, 3198),
(21951, 1531, 3199),
(21956, 1531, 3200),
(21961, 1531, 3201),
(21966, 1531, 3202),
(21797, 1532, 3168),
(21802, 1532, 3169),
(21812, 1532, 3171),
(21817, 1532, 3172),
(21827, 1532, 3174),
(21832, 1532, 3175),
(21837, 1532, 3176),
(21842, 1532, 3177),
(21847, 1532, 3178),
(21852, 1532, 3179),
(21857, 1532, 3180),
(21862, 1532, 3181),
(21867, 1532, 3182),
(21877, 1532, 3184),
(21887, 1532, 3186),
(21892, 1532, 3187),
(21897, 1532, 3188),
(21902, 1532, 3189),
(21907, 1532, 3190),
(21912, 1532, 3191),
(21917, 1532, 3192),
(21922, 1532, 3193),
(21927, 1532, 3194),
(21937, 1532, 3196),
(21942, 1532, 3197),
(21947, 1532, 3198),
(21952, 1532, 3199),
(21957, 1532, 3200),
(21962, 1532, 3201),
(21967, 1532, 3202),
(21798, 1533, 3168),
(21803, 1533, 3169),
(21813, 1533, 3171),
(21818, 1533, 3172),
(21828, 1533, 3174),
(21833, 1533, 3175),
(21838, 1533, 3176),
(21843, 1533, 3177),
(21848, 1533, 3178),
(21853, 1533, 3179),
(21858, 1533, 3180),
(21863, 1533, 3181),
(21868, 1533, 3182),
(21878, 1533, 3184),
(21888, 1533, 3186),
(21893, 1533, 3187),
(21898, 1533, 3188),
(21903, 1533, 3189),
(21908, 1533, 3190),
(21913, 1533, 3191),
(21918, 1533, 3192),
(21923, 1533, 3193),
(21928, 1533, 3194),
(21938, 1533, 3196),
(21943, 1533, 3197),
(21948, 1533, 3198),
(21953, 1533, 3199),
(21958, 1533, 3200),
(21963, 1533, 3201),
(21968, 1533, 3202),
(21799, 1534, 3168),
(21804, 1534, 3169),
(21814, 1534, 3171),
(21819, 1534, 3172),
(21829, 1534, 3174),
(21834, 1534, 3175),
(21839, 1534, 3176),
(21844, 1534, 3177),
(21849, 1534, 3178),
(21854, 1534, 3179),
(21859, 1534, 3180),
(21864, 1534, 3181),
(21869, 1534, 3182),
(21879, 1534, 3184),
(21889, 1534, 3186),
(21894, 1534, 3187),
(21899, 1534, 3188),
(21904, 1534, 3189),
(21909, 1534, 3190),
(21914, 1534, 3191),
(21919, 1534, 3192),
(21924, 1534, 3193),
(21929, 1534, 3194),
(21939, 1534, 3196),
(21944, 1534, 3197),
(21949, 1534, 3198),
(21954, 1534, 3199),
(21959, 1534, 3200),
(21964, 1534, 3201),
(21969, 1534, 3202),
(21800, 1535, 3168),
(21805, 1535, 3169),
(21815, 1535, 3171),
(21820, 1535, 3172),
(21830, 1535, 3174),
(21835, 1535, 3175),
(21840, 1535, 3176),
(21845, 1535, 3177),
(21850, 1535, 3178),
(21855, 1535, 3179),
(21860, 1535, 3180),
(21865, 1535, 3181),
(21870, 1535, 3182),
(21880, 1535, 3184),
(21890, 1535, 3186),
(21895, 1535, 3187),
(21900, 1535, 3188),
(21905, 1535, 3189),
(21910, 1535, 3190),
(21915, 1535, 3191),
(21920, 1535, 3192),
(21925, 1535, 3193),
(21930, 1535, 3194),
(21940, 1535, 3196),
(21945, 1535, 3197),
(21950, 1535, 3198),
(21955, 1535, 3199),
(21960, 1535, 3200),
(21965, 1535, 3201),
(21970, 1535, 3202),
(21971, 1536, 3203),
(21976, 1536, 3204),
(21981, 1536, 3205),
(21986, 1536, 3206),
(22001, 1536, 3209),
(22121, 1536, 3233),
(22221, 1536, 3253),
(22311, 1536, 3271),
(22376, 1536, 3284),
(22411, 1536, 3291),
(22496, 1536, 3308),
(23231, 1536, 3455),
(23246, 1536, 3458),
(23266, 1536, 3462),
(23271, 1536, 3463),
(23276, 1536, 3464),
(21972, 1537, 3203),
(21977, 1537, 3204),
(21982, 1537, 3205),
(21987, 1537, 3206),
(22002, 1537, 3209),
(22122, 1537, 3233),
(22222, 1537, 3253),
(22312, 1537, 3271),
(22377, 1537, 3284),
(22412, 1537, 3291),
(22497, 1537, 3308),
(23232, 1537, 3455),
(23247, 1537, 3458),
(23267, 1537, 3462),
(23272, 1537, 3463),
(23277, 1537, 3464),
(21973, 1538, 3203),
(21978, 1538, 3204),
(21983, 1538, 3205),
(21988, 1538, 3206),
(22003, 1538, 3209),
(22123, 1538, 3233),
(22223, 1538, 3253),
(22313, 1538, 3271),
(22378, 1538, 3284),
(22413, 1538, 3291),
(22498, 1538, 3308),
(23233, 1538, 3455),
(23248, 1538, 3458),
(23268, 1538, 3462),
(23273, 1538, 3463),
(23278, 1538, 3464),
(21974, 1539, 3203),
(21979, 1539, 3204),
(21984, 1539, 3205),
(21989, 1539, 3206),
(22004, 1539, 3209),
(22124, 1539, 3233),
(22224, 1539, 3253),
(22314, 1539, 3271),
(22379, 1539, 3284),
(22414, 1539, 3291),
(22499, 1539, 3308),
(23234, 1539, 3455),
(23249, 1539, 3458),
(23269, 1539, 3462),
(23274, 1539, 3463),
(23279, 1539, 3464),
(21975, 1540, 3203),
(21980, 1540, 3204),
(21985, 1540, 3205),
(21990, 1540, 3206),
(22005, 1540, 3209),
(22125, 1540, 3233),
(22225, 1540, 3253),
(22315, 1540, 3271),
(22380, 1540, 3284),
(22415, 1540, 3291),
(22500, 1540, 3308),
(23235, 1540, 3455),
(23250, 1540, 3458),
(23270, 1540, 3462),
(23275, 1540, 3463),
(23280, 1540, 3464),
(23816, 1541, 3572),
(23821, 1541, 3573),
(23826, 1541, 3574),
(23831, 1541, 3575),
(23817, 1542, 3572),
(23822, 1542, 3573),
(23827, 1542, 3574),
(23832, 1542, 3575),
(23818, 1543, 3572),
(23823, 1543, 3573),
(23828, 1543, 3574),
(23833, 1543, 3575),
(23819, 1544, 3572),
(23824, 1544, 3573),
(23829, 1544, 3574),
(23834, 1544, 3575),
(23820, 1545, 3572),
(23825, 1545, 3573),
(23830, 1545, 3574),
(23835, 1545, 3575),
(21566, 1546, 3122),
(21571, 1546, 3123),
(21576, 1546, 3124),
(21586, 1546, 3126),
(21591, 1546, 3127),
(21596, 1546, 3128),
(21616, 1546, 3132),
(21621, 1546, 3133),
(21991, 1546, 3207),
(21996, 1546, 3208),
(22006, 1546, 3210),
(22016, 1546, 3212),
(22021, 1546, 3213),
(22026, 1546, 3214),
(22031, 1546, 3215),
(22036, 1546, 3216),
(22041, 1546, 3217),
(22046, 1546, 3218),
(22051, 1546, 3219),
(22056, 1546, 3220),
(22061, 1546, 3221),
(22066, 1546, 3222),
(22071, 1546, 3223),
(22076, 1546, 3224),
(22081, 1546, 3225),
(22086, 1546, 3226),
(22091, 1546, 3227),
(22096, 1546, 3228),
(22101, 1546, 3229),
(22106, 1546, 3230),
(21567, 1547, 3122),
(21572, 1547, 3123),
(21577, 1547, 3124),
(21587, 1547, 3126),
(21592, 1547, 3127),
(21597, 1547, 3128),
(21617, 1547, 3132),
(21622, 1547, 3133),
(21992, 1547, 3207),
(21997, 1547, 3208),
(22007, 1547, 3210),
(22017, 1547, 3212),
(22022, 1547, 3213),
(22027, 1547, 3214),
(22032, 1547, 3215),
(22037, 1547, 3216),
(22042, 1547, 3217),
(22047, 1547, 3218),
(22052, 1547, 3219),
(22057, 1547, 3220),
(22062, 1547, 3221),
(22067, 1547, 3222),
(22072, 1547, 3223),
(22077, 1547, 3224),
(22082, 1547, 3225),
(22087, 1547, 3226),
(22092, 1547, 3227),
(22097, 1547, 3228),
(22102, 1547, 3229),
(22107, 1547, 3230),
(21568, 1548, 3122),
(21573, 1548, 3123),
(21578, 1548, 3124),
(21588, 1548, 3126),
(21593, 1548, 3127),
(21598, 1548, 3128),
(21618, 1548, 3132),
(21623, 1548, 3133),
(21993, 1548, 3207),
(21998, 1548, 3208),
(22008, 1548, 3210),
(22018, 1548, 3212),
(22023, 1548, 3213),
(22028, 1548, 3214),
(22033, 1548, 3215),
(22038, 1548, 3216),
(22043, 1548, 3217),
(22048, 1548, 3218),
(22053, 1548, 3219),
(22058, 1548, 3220),
(22063, 1548, 3221),
(22068, 1548, 3222),
(22073, 1548, 3223),
(22078, 1548, 3224),
(22083, 1548, 3225),
(22088, 1548, 3226),
(22093, 1548, 3227),
(22098, 1548, 3228),
(22103, 1548, 3229),
(22108, 1548, 3230),
(21569, 1549, 3122),
(21574, 1549, 3123),
(21579, 1549, 3124),
(21589, 1549, 3126),
(21594, 1549, 3127),
(21599, 1549, 3128),
(21619, 1549, 3132),
(21624, 1549, 3133),
(21994, 1549, 3207),
(21999, 1549, 3208),
(22009, 1549, 3210),
(22019, 1549, 3212),
(22024, 1549, 3213),
(22029, 1549, 3214),
(22034, 1549, 3215),
(22039, 1549, 3216),
(22044, 1549, 3217),
(22049, 1549, 3218),
(22054, 1549, 3219),
(22059, 1549, 3220),
(22064, 1549, 3221),
(22069, 1549, 3222),
(22074, 1549, 3223),
(22079, 1549, 3224),
(22084, 1549, 3225),
(22089, 1549, 3226),
(22094, 1549, 3227),
(22099, 1549, 3228),
(22104, 1549, 3229),
(22109, 1549, 3230),
(21570, 1550, 3122),
(21575, 1550, 3123),
(21580, 1550, 3124),
(21590, 1550, 3126),
(21595, 1550, 3127),
(21600, 1550, 3128),
(21620, 1550, 3132),
(21625, 1550, 3133),
(21995, 1550, 3207),
(22000, 1550, 3208),
(22010, 1550, 3210),
(22020, 1550, 3212),
(22025, 1550, 3213),
(22030, 1550, 3214),
(22035, 1550, 3215),
(22040, 1550, 3216),
(22045, 1550, 3217),
(22050, 1550, 3218),
(22055, 1550, 3219),
(22060, 1550, 3220),
(22065, 1550, 3221),
(22070, 1550, 3222),
(22075, 1550, 3223),
(22080, 1550, 3224),
(22085, 1550, 3225),
(22090, 1550, 3226),
(22095, 1550, 3227),
(22100, 1550, 3228),
(22105, 1550, 3229),
(22110, 1550, 3230),
(22111, 1551, 3231),
(22116, 1551, 3232),
(22126, 1551, 3234),
(22131, 1551, 3235),
(22136, 1551, 3236),
(22141, 1551, 3237),
(22146, 1551, 3238),
(22151, 1551, 3239),
(22156, 1551, 3240),
(22161, 1551, 3241),
(22171, 1551, 3243),
(22176, 1551, 3244),
(22181, 1551, 3245),
(22186, 1551, 3246),
(22191, 1551, 3247),
(22196, 1551, 3248),
(22201, 1551, 3249),
(22206, 1551, 3250),
(22211, 1551, 3251),
(22216, 1551, 3252),
(22226, 1551, 3254),
(22231, 1551, 3255),
(22236, 1551, 3256),
(22241, 1551, 3257),
(22246, 1551, 3258),
(22251, 1551, 3259),
(22256, 1551, 3260),
(22261, 1551, 3261),
(22271, 1551, 3263),
(22276, 1551, 3264),
(22112, 1552, 3231),
(22117, 1552, 3232),
(22127, 1552, 3234),
(22132, 1552, 3235),
(22137, 1552, 3236),
(22142, 1552, 3237),
(22147, 1552, 3238),
(22152, 1552, 3239),
(22157, 1552, 3240),
(22162, 1552, 3241),
(22172, 1552, 3243),
(22177, 1552, 3244),
(22182, 1552, 3245),
(22187, 1552, 3246),
(22192, 1552, 3247),
(22197, 1552, 3248),
(22202, 1552, 3249),
(22207, 1552, 3250),
(22212, 1552, 3251),
(22217, 1552, 3252),
(22227, 1552, 3254),
(22232, 1552, 3255),
(22237, 1552, 3256),
(22242, 1552, 3257),
(22247, 1552, 3258),
(22252, 1552, 3259),
(22257, 1552, 3260),
(22262, 1552, 3261),
(22272, 1552, 3263),
(22277, 1552, 3264),
(22113, 1553, 3231),
(22118, 1553, 3232),
(22128, 1553, 3234),
(22133, 1553, 3235),
(22138, 1553, 3236),
(22143, 1553, 3237),
(22148, 1553, 3238),
(22153, 1553, 3239),
(22158, 1553, 3240),
(22163, 1553, 3241),
(22173, 1553, 3243),
(22178, 1553, 3244),
(22183, 1553, 3245),
(22188, 1553, 3246),
(22193, 1553, 3247),
(22198, 1553, 3248),
(22203, 1553, 3249),
(22208, 1553, 3250),
(22213, 1553, 3251),
(22218, 1553, 3252),
(22228, 1553, 3254),
(22233, 1553, 3255),
(22238, 1553, 3256),
(22243, 1553, 3257),
(22248, 1553, 3258),
(22253, 1553, 3259),
(22258, 1553, 3260),
(22263, 1553, 3261),
(22273, 1553, 3263),
(22278, 1553, 3264),
(22114, 1554, 3231),
(22119, 1554, 3232),
(22129, 1554, 3234),
(22134, 1554, 3235),
(22139, 1554, 3236),
(22144, 1554, 3237),
(22149, 1554, 3238),
(22154, 1554, 3239),
(22159, 1554, 3240),
(22164, 1554, 3241),
(22174, 1554, 3243),
(22179, 1554, 3244),
(22184, 1554, 3245),
(22189, 1554, 3246),
(22194, 1554, 3247),
(22199, 1554, 3248),
(22204, 1554, 3249),
(22209, 1554, 3250),
(22214, 1554, 3251),
(22219, 1554, 3252),
(22229, 1554, 3254),
(22234, 1554, 3255),
(22239, 1554, 3256),
(22244, 1554, 3257),
(22249, 1554, 3258),
(22254, 1554, 3259),
(22259, 1554, 3260),
(22264, 1554, 3261),
(22274, 1554, 3263),
(22279, 1554, 3264),
(22115, 1555, 3231),
(22120, 1555, 3232),
(22130, 1555, 3234),
(22135, 1555, 3235),
(22140, 1555, 3236),
(22145, 1555, 3237),
(22150, 1555, 3238),
(22155, 1555, 3239),
(22160, 1555, 3240),
(22165, 1555, 3241),
(22175, 1555, 3243),
(22180, 1555, 3244),
(22185, 1555, 3245),
(22190, 1555, 3246),
(22195, 1555, 3247),
(22200, 1555, 3248),
(22205, 1555, 3249),
(22210, 1555, 3250),
(22215, 1555, 3251),
(22220, 1555, 3252),
(22230, 1555, 3254),
(22235, 1555, 3255),
(22240, 1555, 3256),
(22245, 1555, 3257),
(22250, 1555, 3258),
(22255, 1555, 3259),
(22260, 1555, 3260),
(22265, 1555, 3261),
(22275, 1555, 3263),
(22280, 1555, 3264),
(22281, 1556, 3265),
(22286, 1556, 3266),
(22291, 1556, 3267),
(22296, 1556, 3268),
(22301, 1556, 3269),
(22306, 1556, 3270),
(22316, 1556, 3272),
(22321, 1556, 3273),
(22326, 1556, 3274),
(22331, 1556, 3275),
(22336, 1556, 3276),
(22341, 1556, 3277),
(22346, 1556, 3278),
(22351, 1556, 3279),
(22356, 1556, 3280),
(22361, 1556, 3281),
(22366, 1556, 3282),
(22371, 1556, 3283),
(22381, 1556, 3285),
(22386, 1556, 3286),
(22391, 1556, 3287),
(22396, 1556, 3288),
(22401, 1556, 3289),
(22406, 1556, 3290),
(22416, 1556, 3292),
(22421, 1556, 3293),
(22426, 1556, 3294),
(22431, 1556, 3295),
(22436, 1556, 3296),
(22441, 1556, 3297),
(22282, 1557, 3265),
(22287, 1557, 3266),
(22292, 1557, 3267),
(22297, 1557, 3268),
(22302, 1557, 3269),
(22307, 1557, 3270),
(22317, 1557, 3272),
(22322, 1557, 3273),
(22327, 1557, 3274),
(22332, 1557, 3275),
(22337, 1557, 3276),
(22342, 1557, 3277),
(22347, 1557, 3278),
(22352, 1557, 3279),
(22357, 1557, 3280),
(22362, 1557, 3281),
(22367, 1557, 3282),
(22372, 1557, 3283),
(22382, 1557, 3285),
(22387, 1557, 3286),
(22392, 1557, 3287),
(22397, 1557, 3288),
(22402, 1557, 3289),
(22407, 1557, 3290),
(22417, 1557, 3292),
(22422, 1557, 3293),
(22427, 1557, 3294),
(22432, 1557, 3295),
(22437, 1557, 3296),
(22442, 1557, 3297),
(22283, 1558, 3265),
(22288, 1558, 3266),
(22293, 1558, 3267),
(22298, 1558, 3268),
(22303, 1558, 3269),
(22308, 1558, 3270),
(22318, 1558, 3272),
(22323, 1558, 3273),
(22328, 1558, 3274),
(22333, 1558, 3275),
(22338, 1558, 3276),
(22343, 1558, 3277),
(22348, 1558, 3278),
(22353, 1558, 3279),
(22358, 1558, 3280),
(22363, 1558, 3281),
(22368, 1558, 3282),
(22373, 1558, 3283),
(22383, 1558, 3285),
(22388, 1558, 3286),
(22393, 1558, 3287),
(22398, 1558, 3288),
(22403, 1558, 3289),
(22408, 1558, 3290),
(22418, 1558, 3292),
(22423, 1558, 3293),
(22428, 1558, 3294),
(22433, 1558, 3295),
(22438, 1558, 3296),
(22443, 1558, 3297),
(22284, 1559, 3265),
(22289, 1559, 3266),
(22294, 1559, 3267),
(22299, 1559, 3268),
(22304, 1559, 3269),
(22309, 1559, 3270),
(22319, 1559, 3272),
(22324, 1559, 3273),
(22329, 1559, 3274),
(22334, 1559, 3275),
(22339, 1559, 3276),
(22344, 1559, 3277),
(22349, 1559, 3278),
(22354, 1559, 3279),
(22359, 1559, 3280),
(22364, 1559, 3281),
(22369, 1559, 3282),
(22374, 1559, 3283),
(22384, 1559, 3285),
(22389, 1559, 3286),
(22394, 1559, 3287),
(22399, 1559, 3288),
(22404, 1559, 3289),
(22409, 1559, 3290),
(22419, 1559, 3292),
(22424, 1559, 3293),
(22429, 1559, 3294),
(22434, 1559, 3295),
(22439, 1559, 3296),
(22444, 1559, 3297),
(22285, 1560, 3265),
(22290, 1560, 3266),
(22295, 1560, 3267),
(22300, 1560, 3268),
(22305, 1560, 3269),
(22310, 1560, 3270),
(22320, 1560, 3272),
(22325, 1560, 3273),
(22330, 1560, 3274),
(22335, 1560, 3275),
(22340, 1560, 3276),
(22345, 1560, 3277),
(22350, 1560, 3278),
(22355, 1560, 3279),
(22360, 1560, 3280),
(22365, 1560, 3281),
(22370, 1560, 3282),
(22375, 1560, 3283),
(22385, 1560, 3285),
(22390, 1560, 3286),
(22395, 1560, 3287),
(22400, 1560, 3288),
(22405, 1560, 3289),
(22410, 1560, 3290),
(22420, 1560, 3292),
(22425, 1560, 3293),
(22430, 1560, 3294),
(22435, 1560, 3295),
(22440, 1560, 3296),
(22445, 1560, 3297),
(22446, 1561, 3298),
(22451, 1561, 3299),
(22456, 1561, 3300),
(22461, 1561, 3301),
(22466, 1561, 3302),
(22471, 1561, 3303),
(22476, 1561, 3304),
(22481, 1561, 3305),
(22486, 1561, 3306),
(22491, 1561, 3307),
(22501, 1561, 3309),
(22506, 1561, 3310),
(22511, 1561, 3311),
(22516, 1561, 3312),
(22521, 1561, 3313),
(22526, 1561, 3314),
(22531, 1561, 3315),
(22536, 1561, 3316),
(22541, 1561, 3317),
(22546, 1561, 3318),
(22551, 1561, 3319),
(22556, 1561, 3320),
(22561, 1561, 3321),
(22566, 1561, 3322),
(22571, 1561, 3323),
(22576, 1561, 3324),
(22581, 1561, 3325),
(22586, 1561, 3326),
(22591, 1561, 3327),
(22596, 1561, 3328),
(22447, 1562, 3298),
(22452, 1562, 3299),
(22457, 1562, 3300),
(22462, 1562, 3301),
(22467, 1562, 3302),
(22472, 1562, 3303),
(22477, 1562, 3304),
(22482, 1562, 3305),
(22487, 1562, 3306),
(22492, 1562, 3307),
(22502, 1562, 3309),
(22507, 1562, 3310),
(22512, 1562, 3311),
(22517, 1562, 3312),
(22522, 1562, 3313),
(22527, 1562, 3314),
(22532, 1562, 3315),
(22537, 1562, 3316),
(22542, 1562, 3317),
(22547, 1562, 3318),
(22552, 1562, 3319),
(22557, 1562, 3320),
(22562, 1562, 3321),
(22567, 1562, 3322),
(22572, 1562, 3323),
(22577, 1562, 3324),
(22582, 1562, 3325),
(22587, 1562, 3326),
(22592, 1562, 3327),
(22597, 1562, 3328),
(22448, 1563, 3298),
(22453, 1563, 3299),
(22458, 1563, 3300),
(22463, 1563, 3301),
(22468, 1563, 3302),
(22473, 1563, 3303),
(22478, 1563, 3304),
(22483, 1563, 3305),
(22488, 1563, 3306),
(22493, 1563, 3307),
(22503, 1563, 3309),
(22508, 1563, 3310),
(22513, 1563, 3311),
(22518, 1563, 3312),
(22523, 1563, 3313),
(22528, 1563, 3314),
(22533, 1563, 3315),
(22538, 1563, 3316),
(22543, 1563, 3317),
(22548, 1563, 3318),
(22553, 1563, 3319),
(22558, 1563, 3320),
(22563, 1563, 3321),
(22568, 1563, 3322),
(22573, 1563, 3323),
(22578, 1563, 3324),
(22583, 1563, 3325),
(22588, 1563, 3326),
(22593, 1563, 3327),
(22598, 1563, 3328),
(22449, 1564, 3298),
(22454, 1564, 3299),
(22459, 1564, 3300),
(22464, 1564, 3301),
(22469, 1564, 3302),
(22474, 1564, 3303),
(22479, 1564, 3304),
(22484, 1564, 3305),
(22489, 1564, 3306),
(22494, 1564, 3307),
(22504, 1564, 3309),
(22509, 1564, 3310),
(22514, 1564, 3311),
(22519, 1564, 3312),
(22524, 1564, 3313),
(22529, 1564, 3314),
(22534, 1564, 3315),
(22539, 1564, 3316),
(22544, 1564, 3317),
(22549, 1564, 3318),
(22554, 1564, 3319),
(22559, 1564, 3320),
(22564, 1564, 3321),
(22569, 1564, 3322),
(22574, 1564, 3323),
(22579, 1564, 3324),
(22584, 1564, 3325),
(22589, 1564, 3326),
(22594, 1564, 3327),
(22599, 1564, 3328),
(22450, 1565, 3298),
(22455, 1565, 3299),
(22460, 1565, 3300),
(22465, 1565, 3301),
(22470, 1565, 3302),
(22475, 1565, 3303),
(22480, 1565, 3304),
(22485, 1565, 3305),
(22490, 1565, 3306),
(22495, 1565, 3307),
(22505, 1565, 3309),
(22510, 1565, 3310),
(22515, 1565, 3311),
(22520, 1565, 3312),
(22525, 1565, 3313),
(22530, 1565, 3314),
(22535, 1565, 3315),
(22540, 1565, 3316),
(22545, 1565, 3317),
(22550, 1565, 3318),
(22555, 1565, 3319),
(22560, 1565, 3320),
(22565, 1565, 3321),
(22570, 1565, 3322),
(22575, 1565, 3323),
(22580, 1565, 3324),
(22585, 1565, 3325),
(22590, 1565, 3326),
(22595, 1565, 3327),
(22600, 1565, 3328),
(22601, 1566, 3329),
(22606, 1566, 3330),
(22611, 1566, 3331),
(22616, 1566, 3332),
(22626, 1566, 3334),
(22706, 1566, 3350),
(22741, 1566, 3357),
(22801, 1566, 3369),
(22821, 1566, 3373),
(22826, 1566, 3374),
(22836, 1566, 3376),
(22876, 1566, 3384),
(22906, 1566, 3390),
(22911, 1566, 3391),
(22931, 1566, 3395),
(23241, 1566, 3457),
(23256, 1566, 3460),
(23261, 1566, 3461),
(22602, 1567, 3329),
(22607, 1567, 3330),
(22612, 1567, 3331),
(22617, 1567, 3332),
(22627, 1567, 3334),
(22707, 1567, 3350),
(22742, 1567, 3357),
(22802, 1567, 3369),
(22822, 1567, 3373),
(22827, 1567, 3374),
(22837, 1567, 3376),
(22877, 1567, 3384),
(22907, 1567, 3390),
(22912, 1567, 3391),
(22932, 1567, 3395),
(23242, 1567, 3457),
(23257, 1567, 3460),
(23262, 1567, 3461),
(22603, 1568, 3329),
(22608, 1568, 3330),
(22613, 1568, 3331),
(22618, 1568, 3332),
(22628, 1568, 3334),
(22708, 1568, 3350),
(22743, 1568, 3357),
(22803, 1568, 3369),
(22823, 1568, 3373),
(22828, 1568, 3374),
(22838, 1568, 3376),
(22878, 1568, 3384),
(22908, 1568, 3390),
(22913, 1568, 3391),
(22933, 1568, 3395),
(23243, 1568, 3457),
(23258, 1568, 3460),
(23263, 1568, 3461),
(22604, 1569, 3329),
(22609, 1569, 3330),
(22614, 1569, 3331),
(22619, 1569, 3332),
(22629, 1569, 3334),
(22709, 1569, 3350),
(22744, 1569, 3357),
(22804, 1569, 3369),
(22824, 1569, 3373),
(22829, 1569, 3374),
(22839, 1569, 3376),
(22879, 1569, 3384),
(22909, 1569, 3390),
(22914, 1569, 3391),
(22934, 1569, 3395),
(23244, 1569, 3457),
(23259, 1569, 3460),
(23264, 1569, 3461),
(22605, 1570, 3329),
(22610, 1570, 3330),
(22615, 1570, 3331),
(22620, 1570, 3332),
(22630, 1570, 3334),
(22710, 1570, 3350),
(22745, 1570, 3357),
(22805, 1570, 3369),
(22825, 1570, 3373),
(22830, 1570, 3374),
(22840, 1570, 3376),
(22880, 1570, 3384),
(22910, 1570, 3390),
(22915, 1570, 3391),
(22935, 1570, 3395),
(23245, 1570, 3457),
(23260, 1570, 3460),
(23265, 1570, 3461),
(23836, 1571, 3576),
(23841, 1571, 3577),
(23846, 1571, 3578),
(23851, 1571, 3579),
(23856, 1571, 3580),
(23861, 1571, 3581),
(23866, 1571, 3582),
(23871, 1571, 3583),
(23876, 1571, 3584),
(23881, 1571, 3585),
(23886, 1571, 3586),
(23891, 1571, 3587),
(23896, 1571, 3588),
(23901, 1571, 3589),
(23906, 1571, 3590),
(23911, 1571, 3591),
(23916, 1571, 3592),
(23921, 1571, 3593),
(23926, 1571, 3594),
(23931, 1571, 3595),
(23936, 1571, 3596),
(23941, 1571, 3597),
(23946, 1571, 3598),
(23951, 1571, 3599),
(23956, 1571, 3600),
(23961, 1571, 3601),
(23966, 1571, 3602),
(23971, 1571, 3603),
(23976, 1571, 3604),
(23981, 1571, 3605),
(23837, 1572, 3576),
(23842, 1572, 3577),
(23847, 1572, 3578),
(23852, 1572, 3579),
(23857, 1572, 3580),
(23862, 1572, 3581),
(23867, 1572, 3582),
(23872, 1572, 3583),
(23877, 1572, 3584),
(23882, 1572, 3585),
(23887, 1572, 3586),
(23892, 1572, 3587),
(23897, 1572, 3588),
(23902, 1572, 3589),
(23907, 1572, 3590),
(23912, 1572, 3591),
(23917, 1572, 3592),
(23922, 1572, 3593),
(23927, 1572, 3594),
(23932, 1572, 3595),
(23937, 1572, 3596),
(23942, 1572, 3597),
(23947, 1572, 3598),
(23952, 1572, 3599),
(23957, 1572, 3600),
(23962, 1572, 3601),
(23967, 1572, 3602),
(23972, 1572, 3603),
(23977, 1572, 3604),
(23982, 1572, 3605),
(23838, 1573, 3576),
(23843, 1573, 3577),
(23848, 1573, 3578),
(23853, 1573, 3579),
(23858, 1573, 3580),
(23863, 1573, 3581),
(23868, 1573, 3582),
(23873, 1573, 3583),
(23878, 1573, 3584),
(23883, 1573, 3585),
(23888, 1573, 3586),
(23893, 1573, 3587),
(23898, 1573, 3588),
(23903, 1573, 3589),
(23908, 1573, 3590),
(23913, 1573, 3591),
(23918, 1573, 3592),
(23923, 1573, 3593),
(23928, 1573, 3594),
(23933, 1573, 3595),
(23938, 1573, 3596),
(23943, 1573, 3597),
(23948, 1573, 3598),
(23953, 1573, 3599),
(23958, 1573, 3600),
(23963, 1573, 3601),
(23968, 1573, 3602),
(23973, 1573, 3603),
(23978, 1573, 3604),
(23983, 1573, 3605),
(23839, 1574, 3576),
(23844, 1574, 3577),
(23849, 1574, 3578),
(23854, 1574, 3579),
(23859, 1574, 3580),
(23864, 1574, 3581),
(23869, 1574, 3582),
(23874, 1574, 3583),
(23879, 1574, 3584),
(23884, 1574, 3585),
(23889, 1574, 3586),
(23894, 1574, 3587),
(23899, 1574, 3588),
(23904, 1574, 3589),
(23909, 1574, 3590),
(23914, 1574, 3591),
(23919, 1574, 3592),
(23924, 1574, 3593),
(23929, 1574, 3594),
(23934, 1574, 3595),
(23939, 1574, 3596),
(23944, 1574, 3597),
(23949, 1574, 3598),
(23954, 1574, 3599),
(23959, 1574, 3600),
(23964, 1574, 3601),
(23969, 1574, 3602),
(23974, 1574, 3603),
(23979, 1574, 3604),
(23984, 1574, 3605),
(23840, 1575, 3576),
(23845, 1575, 3577),
(23850, 1575, 3578),
(23855, 1575, 3579),
(23860, 1575, 3580),
(23865, 1575, 3581),
(23870, 1575, 3582),
(23875, 1575, 3583),
(23880, 1575, 3584),
(23885, 1575, 3585),
(23890, 1575, 3586),
(23895, 1575, 3587),
(23900, 1575, 3588),
(23905, 1575, 3589),
(23910, 1575, 3590),
(23915, 1575, 3591),
(23920, 1575, 3592),
(23925, 1575, 3593),
(23930, 1575, 3594),
(23935, 1575, 3595),
(23940, 1575, 3596),
(23945, 1575, 3597),
(23950, 1575, 3598),
(23955, 1575, 3599),
(23960, 1575, 3600),
(23965, 1575, 3601),
(23970, 1575, 3602),
(23975, 1575, 3603),
(23980, 1575, 3604),
(23985, 1575, 3605),
(23986, 1576, 3606),
(23991, 1576, 3607),
(23996, 1576, 3608),
(24001, 1576, 3609),
(24006, 1576, 3610),
(24011, 1576, 3611),
(24016, 1576, 3612),
(24021, 1576, 3613),
(24026, 1576, 3614),
(24031, 1576, 3615),
(24036, 1576, 3616),
(23987, 1577, 3606),
(23992, 1577, 3607),
(23997, 1577, 3608),
(24002, 1577, 3609),
(24007, 1577, 3610),
(24012, 1577, 3611),
(24017, 1577, 3612),
(24022, 1577, 3613),
(24027, 1577, 3614),
(24032, 1577, 3615),
(24037, 1577, 3616),
(23988, 1578, 3606),
(23993, 1578, 3607),
(23998, 1578, 3608),
(24003, 1578, 3609),
(24008, 1578, 3610),
(24013, 1578, 3611),
(24018, 1578, 3612),
(24023, 1578, 3613),
(24028, 1578, 3614),
(24033, 1578, 3615),
(24038, 1578, 3616),
(23989, 1579, 3606),
(23994, 1579, 3607),
(23999, 1579, 3608),
(24004, 1579, 3609),
(24009, 1579, 3610),
(24014, 1579, 3611),
(24019, 1579, 3612),
(24024, 1579, 3613),
(24029, 1579, 3614),
(24034, 1579, 3615),
(24039, 1579, 3616),
(23990, 1580, 3606),
(23995, 1580, 3607),
(24000, 1580, 3608),
(24005, 1580, 3609),
(24010, 1580, 3610),
(24015, 1580, 3611),
(24020, 1580, 3612),
(24025, 1580, 3613),
(24030, 1580, 3614),
(24035, 1580, 3615),
(24040, 1580, 3616),
(22621, 1581, 3333),
(22631, 1581, 3335),
(22636, 1581, 3336),
(22641, 1581, 3337),
(22646, 1581, 3338),
(22651, 1581, 3339),
(22656, 1581, 3340),
(22661, 1581, 3341),
(22666, 1581, 3342),
(22671, 1581, 3343),
(22676, 1581, 3344),
(22681, 1581, 3345),
(22686, 1581, 3346),
(22691, 1581, 3347),
(22696, 1581, 3348),
(22701, 1581, 3349),
(22711, 1581, 3351),
(22716, 1581, 3352),
(22721, 1581, 3353),
(22726, 1581, 3354),
(22731, 1581, 3355),
(22736, 1581, 3356),
(22746, 1581, 3358),
(22751, 1581, 3359),
(22756, 1581, 3360),
(22761, 1581, 3361),
(22766, 1581, 3362),
(22771, 1581, 3363),
(22776, 1581, 3364),
(22781, 1581, 3365),
(22622, 1582, 3333),
(22632, 1582, 3335),
(22637, 1582, 3336),
(22642, 1582, 3337),
(22647, 1582, 3338),
(22652, 1582, 3339),
(22657, 1582, 3340),
(22662, 1582, 3341),
(22667, 1582, 3342),
(22672, 1582, 3343),
(22677, 1582, 3344),
(22682, 1582, 3345),
(22687, 1582, 3346),
(22692, 1582, 3347),
(22697, 1582, 3348),
(22702, 1582, 3349),
(22712, 1582, 3351),
(22717, 1582, 3352),
(22722, 1582, 3353),
(22727, 1582, 3354),
(22732, 1582, 3355),
(22737, 1582, 3356),
(22747, 1582, 3358),
(22752, 1582, 3359),
(22757, 1582, 3360),
(22762, 1582, 3361),
(22767, 1582, 3362),
(22772, 1582, 3363),
(22777, 1582, 3364),
(22782, 1582, 3365),
(22623, 1583, 3333),
(22633, 1583, 3335),
(22638, 1583, 3336),
(22643, 1583, 3337),
(22648, 1583, 3338),
(22653, 1583, 3339),
(22658, 1583, 3340),
(22663, 1583, 3341),
(22668, 1583, 3342),
(22673, 1583, 3343),
(22678, 1583, 3344),
(22683, 1583, 3345),
(22688, 1583, 3346),
(22693, 1583, 3347),
(22698, 1583, 3348),
(22703, 1583, 3349),
(22713, 1583, 3351),
(22718, 1583, 3352),
(22723, 1583, 3353),
(22728, 1583, 3354),
(22733, 1583, 3355),
(22738, 1583, 3356),
(22748, 1583, 3358),
(22753, 1583, 3359),
(22758, 1583, 3360),
(22763, 1583, 3361),
(22768, 1583, 3362),
(22773, 1583, 3363),
(22778, 1583, 3364),
(22783, 1583, 3365),
(22624, 1584, 3333),
(22634, 1584, 3335),
(22639, 1584, 3336),
(22644, 1584, 3337),
(22649, 1584, 3338),
(22654, 1584, 3339),
(22659, 1584, 3340),
(22664, 1584, 3341),
(22669, 1584, 3342),
(22674, 1584, 3343),
(22679, 1584, 3344),
(22684, 1584, 3345),
(22689, 1584, 3346),
(22694, 1584, 3347),
(22699, 1584, 3348),
(22704, 1584, 3349),
(22714, 1584, 3351),
(22719, 1584, 3352),
(22724, 1584, 3353),
(22729, 1584, 3354),
(22734, 1584, 3355),
(22739, 1584, 3356),
(22749, 1584, 3358),
(22754, 1584, 3359),
(22759, 1584, 3360),
(22764, 1584, 3361),
(22769, 1584, 3362),
(22774, 1584, 3363),
(22779, 1584, 3364),
(22784, 1584, 3365),
(22625, 1585, 3333),
(22635, 1585, 3335),
(22640, 1585, 3336),
(22645, 1585, 3337),
(22650, 1585, 3338),
(22655, 1585, 3339),
(22660, 1585, 3340),
(22665, 1585, 3341),
(22670, 1585, 3342),
(22675, 1585, 3343),
(22680, 1585, 3344),
(22685, 1585, 3345),
(22690, 1585, 3346),
(22695, 1585, 3347),
(22700, 1585, 3348),
(22705, 1585, 3349),
(22715, 1585, 3351),
(22720, 1585, 3352),
(22725, 1585, 3353),
(22730, 1585, 3354),
(22735, 1585, 3355),
(22740, 1585, 3356),
(22750, 1585, 3358),
(22755, 1585, 3359),
(22760, 1585, 3360),
(22765, 1585, 3361),
(22770, 1585, 3362),
(22775, 1585, 3363),
(22780, 1585, 3364),
(22785, 1585, 3365),
(22786, 1586, 3366),
(22791, 1586, 3367),
(22796, 1586, 3368),
(22806, 1586, 3370),
(22811, 1586, 3371),
(22816, 1586, 3372),
(22831, 1586, 3375),
(22841, 1586, 3377),
(22846, 1586, 3378),
(22851, 1586, 3379),
(22856, 1586, 3380),
(22861, 1586, 3381),
(22866, 1586, 3382),
(22871, 1586, 3383),
(22881, 1586, 3385),
(22886, 1586, 3386),
(22891, 1586, 3387),
(22896, 1586, 3388),
(22901, 1586, 3389),
(22916, 1586, 3392),
(22921, 1586, 3393),
(22926, 1586, 3394),
(22936, 1586, 3396),
(22941, 1586, 3397),
(22946, 1586, 3398),
(22951, 1586, 3399),
(22956, 1586, 3400),
(22961, 1586, 3401),
(23251, 1586, 3459),
(23281, 1586, 3465),
(22787, 1587, 3366),
(22792, 1587, 3367),
(22797, 1587, 3368),
(22807, 1587, 3370),
(22812, 1587, 3371),
(22817, 1587, 3372),
(22832, 1587, 3375),
(22842, 1587, 3377),
(22847, 1587, 3378),
(22852, 1587, 3379),
(22857, 1587, 3380),
(22862, 1587, 3381),
(22867, 1587, 3382),
(22872, 1587, 3383),
(22882, 1587, 3385),
(22887, 1587, 3386),
(22892, 1587, 3387),
(22897, 1587, 3388),
(22902, 1587, 3389),
(22917, 1587, 3392),
(22922, 1587, 3393),
(22927, 1587, 3394),
(22937, 1587, 3396),
(22942, 1587, 3397),
(22947, 1587, 3398),
(22952, 1587, 3399),
(22957, 1587, 3400),
(22962, 1587, 3401),
(23252, 1587, 3459),
(23282, 1587, 3465),
(22788, 1588, 3366),
(22793, 1588, 3367),
(22798, 1588, 3368),
(22808, 1588, 3370),
(22813, 1588, 3371),
(22818, 1588, 3372),
(22833, 1588, 3375),
(22843, 1588, 3377),
(22848, 1588, 3378),
(22853, 1588, 3379),
(22858, 1588, 3380),
(22863, 1588, 3381),
(22868, 1588, 3382),
(22873, 1588, 3383),
(22883, 1588, 3385),
(22888, 1588, 3386),
(22893, 1588, 3387),
(22898, 1588, 3388),
(22903, 1588, 3389),
(22918, 1588, 3392),
(22923, 1588, 3393),
(22928, 1588, 3394),
(22938, 1588, 3396),
(22943, 1588, 3397),
(22948, 1588, 3398),
(22953, 1588, 3399),
(22958, 1588, 3400),
(22963, 1588, 3401),
(23253, 1588, 3459),
(23283, 1588, 3465),
(22789, 1589, 3366),
(22794, 1589, 3367),
(22799, 1589, 3368),
(22809, 1589, 3370),
(22814, 1589, 3371),
(22819, 1589, 3372),
(22834, 1589, 3375),
(22844, 1589, 3377),
(22849, 1589, 3378),
(22854, 1589, 3379),
(22859, 1589, 3380),
(22864, 1589, 3381),
(22869, 1589, 3382),
(22874, 1589, 3383),
(22884, 1589, 3385),
(22889, 1589, 3386),
(22894, 1589, 3387),
(22899, 1589, 3388),
(22904, 1589, 3389),
(22919, 1589, 3392),
(22924, 1589, 3393),
(22929, 1589, 3394),
(22939, 1589, 3396),
(22944, 1589, 3397),
(22949, 1589, 3398),
(22954, 1589, 3399),
(22959, 1589, 3400),
(22964, 1589, 3401),
(23254, 1589, 3459),
(23284, 1589, 3465),
(22790, 1590, 3366),
(22795, 1590, 3367),
(22800, 1590, 3368),
(22810, 1590, 3370),
(22815, 1590, 3371),
(22820, 1590, 3372),
(22835, 1590, 3375),
(22845, 1590, 3377),
(22850, 1590, 3378),
(22855, 1590, 3379),
(22860, 1590, 3380),
(22865, 1590, 3381),
(22870, 1590, 3382),
(22875, 1590, 3383),
(22885, 1590, 3385),
(22890, 1590, 3386),
(22895, 1590, 3387),
(22900, 1590, 3388),
(22905, 1590, 3389),
(22920, 1590, 3392),
(22925, 1590, 3393),
(22930, 1590, 3394),
(22940, 1590, 3396),
(22945, 1590, 3397),
(22950, 1590, 3398),
(22955, 1590, 3399),
(22960, 1590, 3400),
(22965, 1590, 3401),
(23255, 1590, 3459),
(23285, 1590, 3465),
(24041, 1596, 3617),
(24046, 1596, 3618),
(24051, 1596, 3619),
(24056, 1596, 3620),
(24061, 1596, 3621),
(24066, 1596, 3622),
(24071, 1596, 3623),
(24076, 1596, 3624),
(24081, 1596, 3625),
(24086, 1596, 3626),
(24091, 1596, 3627),
(24096, 1596, 3628),
(24101, 1596, 3629),
(24106, 1596, 3630),
(24111, 1596, 3631),
(24116, 1596, 3632),
(24121, 1596, 3633),
(24126, 1596, 3634),
(24131, 1596, 3635),
(24136, 1596, 3636),
(24141, 1596, 3637),
(24146, 1596, 3638),
(24151, 1596, 3639),
(24042, 1597, 3617),
(24047, 1597, 3618),
(24052, 1597, 3619),
(24057, 1597, 3620),
(24062, 1597, 3621),
(24067, 1597, 3622),
(24072, 1597, 3623),
(24077, 1597, 3624),
(24082, 1597, 3625),
(24087, 1597, 3626),
(24092, 1597, 3627),
(24097, 1597, 3628),
(24102, 1597, 3629),
(24107, 1597, 3630),
(24112, 1597, 3631),
(24117, 1597, 3632),
(24122, 1597, 3633),
(24127, 1597, 3634),
(24132, 1597, 3635),
(24137, 1597, 3636),
(24142, 1597, 3637),
(24147, 1597, 3638),
(24152, 1597, 3639),
(24043, 1598, 3617),
(24048, 1598, 3618),
(24053, 1598, 3619),
(24058, 1598, 3620),
(24063, 1598, 3621),
(24068, 1598, 3622),
(24073, 1598, 3623),
(24078, 1598, 3624),
(24083, 1598, 3625),
(24088, 1598, 3626),
(24093, 1598, 3627),
(24098, 1598, 3628),
(24103, 1598, 3629),
(24108, 1598, 3630),
(24113, 1598, 3631),
(24118, 1598, 3632),
(24123, 1598, 3633),
(24128, 1598, 3634),
(24133, 1598, 3635),
(24138, 1598, 3636),
(24143, 1598, 3637),
(24148, 1598, 3638),
(24153, 1598, 3639),
(24044, 1599, 3617),
(24049, 1599, 3618),
(24054, 1599, 3619),
(24059, 1599, 3620),
(24064, 1599, 3621),
(24069, 1599, 3622),
(24074, 1599, 3623),
(24079, 1599, 3624),
(24084, 1599, 3625),
(24089, 1599, 3626),
(24094, 1599, 3627),
(24099, 1599, 3628),
(24104, 1599, 3629),
(24109, 1599, 3630),
(24114, 1599, 3631),
(24119, 1599, 3632),
(24124, 1599, 3633),
(24129, 1599, 3634),
(24134, 1599, 3635),
(24139, 1599, 3636),
(24144, 1599, 3637),
(24149, 1599, 3638),
(24154, 1599, 3639),
(24045, 1600, 3617),
(24050, 1600, 3618),
(24055, 1600, 3619),
(24060, 1600, 3620),
(24065, 1600, 3621),
(24070, 1600, 3622),
(24075, 1600, 3623),
(24080, 1600, 3624),
(24085, 1600, 3625),
(24090, 1600, 3626),
(24095, 1600, 3627),
(24100, 1600, 3628),
(24105, 1600, 3629),
(24110, 1600, 3630),
(24115, 1600, 3631),
(24120, 1600, 3632),
(24125, 1600, 3633),
(24130, 1600, 3634),
(24135, 1600, 3635),
(24140, 1600, 3636),
(24145, 1600, 3637),
(24150, 1600, 3638),
(24155, 1600, 3639);

-- --------------------------------------------------------

--
-- Table structure for table `class_course_teacher_semester`
--

DROP TABLE IF EXISTS `class_course_teacher_semester`;
CREATE TABLE IF NOT EXISTS `class_course_teacher_semester` (
`class_course_teacher_semester_id` int(11) NOT NULL,
  `class_semester_id` int(11) NOT NULL,
  `course_semester_id` int(11) NOT NULL,
  `teacher_semester_id` int(11) NOT NULL
) ENGINE=InnoDB DEFAULT CHARSET=latin1;

-- --------------------------------------------------------

--
-- Table structure for table `class_semester`
--

DROP TABLE IF EXISTS `class_semester`;
CREATE TABLE IF NOT EXISTS `class_semester` (
`class_semester_id` int(11) NOT NULL,
  `class_id` int(11) NOT NULL,
  `semester_id` int(11) NOT NULL,
  `semester` int(11) NOT NULL
) ENGINE=InnoDB AUTO_INCREMENT=370 DEFAULT CHARSET=latin1;

--
-- Dumping data for table `class_semester`
--

INSERT INTO `class_semester` (`class_semester_id`, `class_id`, `semester_id`, `semester`) VALUES
(343, 208, 1, 1),
(344, 209, 1, 1),
(345, 210, 1, 1),
(346, 211, 1, 1),
(347, 212, 1, 1),
(348, 213, 1, 1),
(349, 228, 1, 1),
(350, 229, 1, 1),
(351, 214, 1, 2),
(352, 215, 1, 2),
(353, 216, 1, 2),
(354, 230, 1, 2),
(355, 217, 1, 3),
(356, 218, 1, 3),
(357, 219, 1, 3),
(358, 231, 1, 3),
(359, 220, 1, 4),
(360, 221, 1, 4),
(361, 222, 1, 4),
(362, 223, 1, 4),
(363, 224, 1, 4),
(364, 232, 1, 4),
(365, 233, 1, 4),
(366, 225, 1, 5),
(367, 226, 1, 5),
(368, 227, 1, 5),
(369, 235, 1, 5);

-- --------------------------------------------------------

--
-- Table structure for table `courses`
--

DROP TABLE IF EXISTS `courses`;
CREATE TABLE IF NOT EXISTS `courses` (
`course_id` int(11) NOT NULL,
  `code` varchar(20) NOT NULL,
  `name` varchar(500) CHARACTER SET utf8 COLLATE utf8_vietnamese_ci NOT NULL,
  `department_id` int(11) DEFAULT NULL
) ENGINE=InnoDB AUTO_INCREMENT=248 DEFAULT CHARSET=latin1;

--
-- Dumping data for table `courses`
--

INSERT INTO `courses` (`course_id`, `code`, `name`, `department_id`) VALUES
(89, 'ACC101', 'Accounting Principles', 1),
(90, 'ECO121', 'Basic Macro Economics', 1),
(91, 'ECO111', 'Basic Micro Economics', 1),
(92, 'SSC101', 'Business Communication for BA', 1),
(93, 'LAW101', 'Business Law Fundamentals', 1),
(94, 'CHN111', 'Chinese 1', 1),
(95, 'CHN122', 'Chinese 2', 1),
(96, 'CHN132', 'Chinese Elementary 3', 1),
(97, 'FIN402', 'Derivatives', 1),
(98, 'ETR401', 'Entrepreneurship', 1),
(99, 'FIN301', 'Financial Market & Institutions', 1),
(100, 'ACC305', 'Financial Statement Analysis', 1),
(101, 'MKT304', 'Integrated Marketing Communications', 1),
(102, 'MGT101', 'Introduction to Management', 1),
(103, 'MG101', 'Introduction to Management', 1),
(104, 'ITA202', 'MANAGEMENT INFORMATION SYSTEMS', 1),
(105, 'SSM201', 'Management Skills', 1),
(106, 'ACC302', 'Managerial Accouting', 1),
(107, 'MKT101', 'Marketing Principles', 1),
(108, 'MKT301', 'Marketing Research', 1),
(109, 'FIN201', 'Monetary Economics and Global Economy', 1),
(110, 'SSN301', 'NEGOTIATION', 1),
(111, 'OBE101', 'Organization Behavior', 1),
(112, 'FIN202', 'Principles of Corporate Finance', 1),
(113, 'MKT202', 'Services Marketing Management', 1),
(114, 'FIM301', 'Valuation and financial modeling', 1),
(115, 'SSG101', 'Working in Group', 1),
(116, 'BUE201', 'Business ethics', 1),
(117, 'ISC302', 'E-Commerce', 1),
(118, 'RMB301', 'Business Research Methods', 1),
(119, 'BKG302', 'Investment Project Appraisal', 1),
(120, 'MKT305', 'Marketing Strategy', 1),
(121, 'GDP101', 'Applied Graphic Design', 1),
(122, 'SSG101-BA', 'SSG101-BA', 1),
(123, 'DBD301', 'Advanced Database', 2),
(124, 'PRN292', 'C# and .Net Technology', 2),
(125, 'NWC202', 'Computer Networking', 2),
(126, 'PRJ101', 'Core Java', 2),
(127, 'CSD201', 'Data Structures and Algorithms', 2),
(128, 'CSD202', 'Data structures and algorithms (In C++)', 2),
(129, 'DBW301', 'Data Warehouse', 2),
(130, 'PRE201', 'ICT elective', 2),
(131, 'CSI101', 'Introduction to Computing', 2),
(132, 'CSI102', 'Introduction to Computing for Business', 2),
(133, 'DBI202', 'Introduction to Databases', 2),
(134, 'DBI201', 'Introduction to Databases', 2),
(135, 'PRO001', 'Learning to Program with Alice', 2),
(136, 'OSG202', 'Operating Systems', 2),
(137, 'PRF192', 'Programming fundamentals using C', 2),
(138, 'PRO201', 'Front-end Web Development', 2),
(139, 'PRO192', 'Object-Oriented Programming with Java', 2),
(140, 'PRJ321', 'Web-based Java Applications', 2),
(141, 'PRJ311', 'Desktop Java Applications', 2),
(142, 'MAO301', 'Combinatorial Optimizations', 3),
(143, 'AIL301', 'Machine Learning', 3),
(144, 'CSL201', 'Programming languages', 3),
(145, 'SCI201', 'Information Security', 3),
(146, 'CGG201', 'Computer Graphics', 3),
(147, 'ENL111', 'Academic English 1', 4),
(148, 'ENL112', 'Academic English 2', 4),
(149, 'ENI401', 'Business English - Upper-Intermediate', 4),
(150, 'ENM201', 'Business English 2 - MKLPre-Intermediate', 4),
(151, 'ENM301', 'Business English 3- MKL Intermediate', 4),
(152, 'ENM401', 'Business English 4 - MKL upper-intermediate', 4),
(153, 'VNL121', 'Vietnamese 2', 4),
(154, 'VNL111', 'Vietnamese Fundamentals 1', 4),
(155, 'LAB101', 'Lab 1', 5),
(156, 'LAB211', 'Pre-intermediate Practicing', 5),
(157, 'AIG201', 'Artificial Intelligence', 6),
(158, 'HOD101', 'Design History', 6),
(159, 'DRF201', 'Drawing - Figure drawing', 6),
(160, 'DRS101', 'Drawing - Form, Still-life', 6),
(161, 'DRP101', 'Drawing - Plaster Statue, Portrait', 6),
(162, 'GDF201', 'Fundamental of Graphic Design', 6),
(163, 'GDF101', 'Fundamental of Graphic Design', 6),
(164, 'AFA201', 'Human Anatory for Artis', 6),
(165, 'DTG101', 'Digital Tool - 2D', 6),
(166, 'TPG201', 'Typography 1', 6),
(167, 'CAD201', 'Color and Design', 6),
(168, 'DRD201', 'Drawing - Speed drawing', 6),
(169, 'CAA201', 'Communications and advertising', 6),
(170, 'PST201', 'Perspective', 6),
(171, 'DRA301', 'Draw Animation', 6),
(172, 'GDS301', 'Scenario Design & Animation', 6),
(173, 'GDG401', 'Design 2: Game Design', 6),
(174, 'DTG201', 'Digital Tool - 3D', 6),
(175, 'WMT201', 'Web and Mobility Technology', 6),
(176, 'VCP201', 'Visual Computing', 6),
(177, 'VNC101', 'C s vn ha Vit Nam\nVietnamese Cultural', 6),
(178, 'HCM201', 'Ho Chi Minh Ideology', 7),
(179, 'MLN101', 'Principles of Marxism - Leninism', 7),
(180, 'VNR201/HCM201', 'Revolutionary Lines of CPV', 7),
(181, 'PRX301', 'Advanced XML', 8),
(182, 'CEA201', 'Computer Organization and Architecture', 8),
(183, 'DGT202', 'Digital Design', 8),
(184, 'DGT201', 'Digital Fundamentals', 8),
(185, 'DGT301', 'Digital Signal Processing', 8),
(186, 'ISC301', 'E-Commerce', 8),
(187, 'EEA211', 'Electronics 1', 8),
(188, 'EEA221', 'Electronics 2', 8),
(189, 'ESS301', 'Embedded Software Development', 8),
(190, 'ESH201', 'Embedded System Hardware', 8),
(191, 'ISM301', 'ERP Fundamentals', 8),
(192, 'ITA201', 'IT Application in Enterprise', 8),
(193, 'JFE301', 'Japanese IT Fundamentals', 8),
(194, 'PRM391', 'Mobile Programming', 8),
(195, 'PHY201', 'Modern physics', 8),
(196, 'PRC391', 'PRC391', 8),
(197, 'IAO101', 'Information Assurance Overview', 8),
(198, 'ECM391', 'Wireless Mobile Communications', 8),
(199, 'OFC311', 'Optical Communications', 8),
(200, 'JIT301', 'Information Technology Japanese', 9),
(201, 'JPS132', 'Japanese 3', 9),
(202, 'JPS142', 'Japanese 4', 9),
(203, 'JPS152', 'Japanese 5', 9),
(204, 'JPS122', 'Japanese Elementary 2', 9),
(205, 'JPS212', 'Japanese Intermediate 1', 9),
(206, 'JPS222', 'Japanese Intermediate 2', 9),
(207, 'JPS221', 'Japanese Intermediate 2', 9),
(208, 'JPD222', 'Elementary Japanese 2.1', 9),
(209, 'JPD121', 'Elementary Japanese 2.1', 9),
(210, 'JPD223', 'JPD223', 9),
(211, 'JPD131', 'Industry driven course (Japanese 3)', 9),
(212, 'JPD322', 'Elementary Japanese 3.1', 9),
(213, 'JPD323', 'Elementary Japanese 3.2', 9),
(214, 'JPD111', 'Japanese 1', 9),
(215, 'MAC102', 'Advanced Mathematics for Business', 10),
(216, 'MAD111', 'Discrete Mathematics 1', 10),
(217, 'PHY101', 'Physics', 10),
(218, 'MAC001', 'Precalculus', 10),
(219, 'MAS291', 'Probability and Applied Statistics', 10),
(220, 'MAS201', 'Statistics and data processing', 10),
(221, 'MAE101', 'Mathematics for Engineering', 10),
(222, 'MAD101', 'Discrete mathematics', 10),
(223, 'ITE301', 'Ethics in Information Technology', 11),
(224, 'ITE302', 'Ethics in Information Technology', 11),
(225, 'HCI201', 'Human Computer Interface', 11),
(226, 'SWE102', 'Introduction to Software Engineering', 11),
(227, 'SWM301', 'IT Project Management', 11),
(228, 'SWD391', 'Software Architecture and Design', 11),
(229, 'SWQ391', 'Software Quality Assurance and Testing', 11),
(230, 'SWR301', 'Software Requirements', 11),
(231, 'CES201', 'System support and Trouble shooting for Windows Server 2008', 11),
(232, 'IAA301', 'Phn tch thng tin\nIntelligence Analysics', 11),
(233, 'IAA201', 'Phn tch l hng v ri ro\nRisk-Vulnerability Analysis', 11),
(234, 'IAP301', 'Pht trin chnh sch ATTT\nPolicy Development in Information Assurance', 11),
(235, 'SRE301', 'Ky thut dich ngc \nSoftware Revert Engineering', 11),
(236, 'OSP201', 'H thng ngun m v qun tr mng\nOpen Source Platform and Network Administration', 11),
(237, 'IAO201', 'Information Assurance Overview', 11),
(238, 'IAP201', 'Privacy and IT Ethics', 11),
(239, 'SSC102', 'Business Communication', 12),
(240, 'SSG101-SE', 'SSG101-SE', 12),
(241, 'SA101', 'So Trc', 13),
(243, 'SWP490', 'SW Capstone Project', 11),
(244, 'SWP493', 'SW Capstone Project', 11),
(245, 'HOA101', 'HOA101', 6),
(246, 'VCM201', 'VCM201', 6),
(247, 'DGT101', 'DGT101', 6);

-- --------------------------------------------------------

--
-- Table structure for table `course_semester`
--

DROP TABLE IF EXISTS `course_semester`;
CREATE TABLE IF NOT EXISTS `course_semester` (
`course_semester_id` int(11) NOT NULL,
  `course_id` int(11) NOT NULL,
  `semester_id` int(11) NOT NULL,
  `slots` int(11) NOT NULL,
  `course_condition_id` int(11) DEFAULT NULL
) ENGINE=InnoDB AUTO_INCREMENT=247 DEFAULT CHARSET=latin1;

--
-- Dumping data for table `course_semester`
--

INSERT INTO `course_semester` (`course_semester_id`, `course_id`, `semester_id`, `slots`, `course_condition_id`) VALUES
(89, 89, 1, 30, NULL),
(90, 90, 1, 30, NULL),
(91, 91, 1, 30, NULL),
(92, 92, 1, 30, NULL),
(93, 93, 1, 30, NULL),
(94, 94, 1, 30, NULL),
(95, 95, 1, 30, NULL),
(96, 96, 1, 30, NULL),
(97, 97, 1, 30, NULL),
(98, 98, 1, 30, NULL),
(99, 99, 1, 30, NULL),
(100, 100, 1, 30, NULL),
(101, 101, 1, 30, NULL),
(102, 102, 1, 30, NULL),
(103, 103, 1, 30, NULL),
(104, 104, 1, 30, NULL),
(105, 105, 1, 30, NULL),
(106, 106, 1, 30, NULL),
(107, 107, 1, 30, NULL),
(108, 108, 1, 30, NULL),
(109, 109, 1, 30, NULL),
(110, 110, 1, 30, NULL),
(111, 111, 1, 30, NULL),
(112, 112, 1, 30, NULL),
(113, 113, 1, 30, NULL),
(114, 114, 1, 30, NULL),
(115, 115, 1, 30, NULL),
(116, 116, 1, 30, NULL),
(117, 117, 1, 30, NULL),
(118, 118, 1, 30, NULL),
(119, 119, 1, 30, NULL),
(120, 120, 1, 30, NULL),
(121, 121, 1, 30, NULL),
(122, 122, 1, 30, NULL),
(123, 123, 1, 30, NULL),
(124, 124, 1, 30, NULL),
(125, 125, 1, 30, NULL),
(126, 126, 1, 60, NULL),
(127, 127, 1, 60, NULL),
(128, 128, 1, 60, NULL),
(129, 129, 1, 60, NULL),
(130, 130, 1, 60, NULL),
(131, 131, 1, 60, NULL),
(132, 132, 1, 30, NULL),
(133, 133, 1, 30, NULL),
(134, 134, 1, 30, NULL),
(135, 135, 1, 30, NULL),
(136, 136, 1, 30, NULL),
(137, 137, 1, 30, NULL),
(138, 138, 1, 30, NULL),
(139, 139, 1, 30, NULL),
(140, 140, 1, 30, NULL),
(141, 141, 1, 30, NULL),
(142, 142, 1, 30, NULL),
(143, 143, 1, 30, NULL),
(144, 144, 1, 30, NULL),
(145, 145, 1, 30, NULL),
(146, 146, 1, 30, NULL),
(147, 147, 1, 30, NULL),
(148, 148, 1, 30, NULL),
(149, 149, 1, 30, NULL),
(150, 150, 1, 30, NULL),
(151, 151, 1, 30, NULL),
(152, 152, 1, 30, NULL),
(153, 153, 1, 30, NULL),
(154, 154, 1, 30, NULL),
(155, 155, 1, 30, NULL),
(156, 156, 1, 30, NULL),
(157, 157, 1, 30, NULL),
(158, 158, 1, 30, NULL),
(159, 159, 1, 30, NULL),
(160, 160, 1, 30, NULL),
(161, 161, 1, 30, NULL),
(162, 162, 1, 30, NULL),
(163, 163, 1, 30, NULL),
(164, 164, 1, 30, NULL),
(165, 165, 1, 30, NULL),
(166, 166, 1, 30, NULL),
(167, 167, 1, 30, NULL),
(168, 168, 1, 30, NULL),
(169, 169, 1, 30, NULL),
(170, 170, 1, 30, NULL),
(171, 171, 1, 30, NULL),
(172, 172, 1, 30, NULL),
(173, 173, 1, 30, NULL),
(174, 174, 1, 30, NULL),
(175, 175, 1, 30, NULL),
(176, 176, 1, 30, NULL),
(177, 177, 1, 30, NULL),
(178, 178, 1, 30, NULL),
(179, 179, 1, 30, NULL),
(180, 180, 1, 30, NULL),
(181, 181, 1, 30, NULL),
(182, 182, 1, 30, NULL),
(183, 183, 1, 30, NULL),
(184, 184, 1, 30, NULL),
(185, 185, 1, 30, NULL),
(186, 186, 1, 30, NULL),
(187, 187, 1, 30, NULL),
(188, 188, 1, 30, NULL),
(189, 189, 1, 30, NULL),
(190, 190, 1, 30, NULL),
(191, 191, 1, 30, NULL),
(192, 192, 1, 30, NULL),
(193, 193, 1, 30, NULL),
(194, 194, 1, 30, NULL),
(195, 195, 1, 30, NULL),
(196, 196, 1, 30, NULL),
(197, 197, 1, 30, NULL),
(198, 198, 1, 30, NULL),
(199, 199, 1, 30, NULL),
(200, 200, 1, 30, NULL),
(201, 201, 1, 30, NULL),
(202, 202, 1, 30, NULL),
(203, 203, 1, 30, NULL),
(204, 204, 1, 30, NULL),
(205, 205, 1, 30, NULL),
(206, 206, 1, 30, NULL),
(207, 207, 1, 30, NULL),
(208, 208, 1, 30, NULL),
(209, 209, 1, 30, NULL),
(210, 210, 1, 30, NULL),
(211, 211, 1, 30, NULL),
(212, 212, 1, 30, NULL),
(213, 213, 1, 30, NULL),
(214, 214, 1, 30, NULL),
(215, 215, 1, 30, NULL),
(216, 216, 1, 30, NULL),
(217, 217, 1, 30, NULL),
(218, 218, 1, 30, NULL),
(219, 219, 1, 30, NULL),
(220, 220, 1, 30, NULL),
(221, 221, 1, 30, NULL),
(222, 222, 1, 30, NULL),
(223, 223, 1, 30, NULL),
(224, 224, 1, 30, NULL),
(225, 225, 1, 30, NULL),
(226, 226, 1, 30, NULL),
(227, 227, 1, 30, NULL),
(228, 228, 1, 30, NULL),
(229, 229, 1, 30, NULL),
(230, 230, 1, 30, NULL),
(231, 231, 1, 30, NULL),
(232, 232, 1, 30, NULL),
(233, 233, 1, 30, NULL),
(234, 234, 1, 30, NULL),
(235, 235, 1, 30, NULL),
(236, 236, 1, 30, NULL),
(237, 237, 1, 30, NULL),
(238, 238, 1, 30, NULL),
(239, 239, 1, 30, NULL),
(240, 240, 1, 30, NULL),
(241, 241, 1, 30, NULL),
(242, 243, 1, 15, NULL),
(243, 244, 1, 15, NULL),
(244, 245, 1, 30, NULL),
(245, 246, 1, 30, NULL),
(246, 247, 1, 30, NULL);

-- --------------------------------------------------------

--
-- Table structure for table `department`
--

DROP TABLE IF EXISTS `department`;
CREATE TABLE IF NOT EXISTS `department` (
`department_id` int(11) NOT NULL,
  `code` varchar(10) NOT NULL,
  `name` varchar(50) NOT NULL
) ENGINE=InnoDB AUTO_INCREMENT=14 DEFAULT CHARSET=latin1;

--
-- Dumping data for table `department`
--

INSERT INTO `department` (`department_id`, `code`, `name`) VALUES
(1, 'BA', 'BA'),
(2, 'CF', 'CF'),
(3, 'CS', 'CS'),
(4, 'ENG', 'ENG'),
(5, 'FSOFT', 'FSOFT'),
(6, 'GD', 'GD'),
(7, 'HS', 'HS'),
(8, 'ITS', 'ITS'),
(9, 'JPN', 'JPN'),
(10, 'Math', 'Math'),
(11, 'SE', 'SE'),
(12, 'SS', 'SS'),
(13, 'TI', 'TI');

-- --------------------------------------------------------

--
-- Table structure for table `program_semester`
--

DROP TABLE IF EXISTS `program_semester`;
CREATE TABLE IF NOT EXISTS `program_semester` (
`program_semester_id` int(11) NOT NULL,
  `semester_id` int(11) NOT NULL,
  `current_semester` int(11) NOT NULL,
  `specialized_id` int(11) NOT NULL,
  `detail_specialized_id` int(11) DEFAULT NULL,
  `batch` int(11) NOT NULL
) ENGINE=InnoDB AUTO_INCREMENT=597 DEFAULT CHARSET=latin1;

--
-- Dumping data for table `program_semester`
--

INSERT INTO `program_semester` (`program_semester_id`, `semester_id`, `current_semester`, `specialized_id`, `detail_specialized_id`, `batch`) VALUES
(571, 1, 1, 1, 1, 10),
(572, 1, 2, 1, 1, 10),
(573, 1, 3, 1, 1, 10),
(574, 1, 4, 1, 1, 9),
(575, 1, 5, 1, 1, 9),
(576, 1, 7, 1, 4, 8),
(577, 1, 7, 1, 5, 8),
(578, 1, 7, 1, 2, 8),
(579, 1, 7, 1, 3, 8),
(580, 1, 7, 1, 6, 8),
(581, 1, 8, 1, 4, 8),
(582, 1, 8, 1, 5, 8),
(583, 1, 8, 1, 2, 8),
(584, 1, 8, 1, 3, 8),
(585, 1, 8, 1, 6, 8),
(586, 1, 9, 1, 4, 8),
(587, 1, 9, 1, 5, 8),
(588, 1, 9, 1, 2, 8),
(589, 1, 9, 1, 3, 8),
(590, 1, 9, 1, 6, 8),
(591, 1, 1, 1, 13, 10),
(592, 1, 2, 1, 13, 10),
(593, 1, 3, 1, 9, 10),
(594, 1, 4, 1, 13, 9),
(595, 1, 5, 1, 13, 9),
(596, 1, 1, 1, 9, 10);

-- --------------------------------------------------------

--
-- Table structure for table `program_semester_detail`
--

DROP TABLE IF EXISTS `program_semester_detail`;
CREATE TABLE IF NOT EXISTS `program_semester_detail` (
`program_semester_detail_id` int(11) NOT NULL,
  `program_semester_id` int(11) NOT NULL,
  `course_semester_id` int(11) NOT NULL,
  `is_semester_long` tinyint(1) NOT NULL
) ENGINE=InnoDB AUTO_INCREMENT=2579 DEFAULT CHARSET=latin1;

--
-- Dumping data for table `program_semester_detail`
--

INSERT INTO `program_semester_detail` (`program_semester_detail_id`, `program_semester_id`, `course_semester_id`, `is_semester_long`) VALUES
(2465, 571, 131, 0),
(2466, 571, 115, 0),
(2467, 571, 221, 0),
(2468, 571, 137, 0),
(2469, 571, 182, 1),
(2470, 572, 138, 0),
(2471, 572, 139, 0),
(2472, 572, 133, 0),
(2473, 572, 222, 0),
(2474, 572, 155, 1),
(2475, 573, 214, 0),
(2476, 573, 136, 0),
(2477, 573, 127, 0),
(2478, 573, 141, 0),
(2479, 573, 156, 1),
(2480, 574, 133, 0),
(2481, 574, 124, 0),
(2482, 574, 127, 0),
(2483, 574, 125, 0),
(2484, 574, 211, 1),
(2485, 575, 230, 0),
(2486, 575, 229, 0),
(2487, 575, 201, 0),
(2488, 575, 219, 0),
(2489, 575, 140, 1),
(2490, 576, 228, 0),
(2491, 576, 179, 0),
(2492, 576, 225, 0),
(2493, 576, 89, 0),
(2494, 576, 186, 1),
(2495, 577, 228, 0),
(2496, 577, 179, 0),
(2497, 577, 225, 0),
(2498, 577, 89, 0),
(2499, 577, 191, 1),
(2500, 578, 228, 0),
(2501, 578, 179, 0),
(2502, 578, 225, 0),
(2503, 578, 184, 0),
(2504, 578, 190, 1),
(2505, 579, 228, 0),
(2506, 579, 179, 0),
(2507, 579, 225, 0),
(2508, 579, 184, 0),
(2509, 579, 190, 1),
(2510, 580, 228, 0),
(2511, 580, 179, 0),
(2512, 580, 202, 0),
(2513, 580, 203, 0),
(2514, 580, 239, 1),
(2515, 581, 227, 0),
(2516, 581, 180, 0),
(2517, 581, 239, 0),
(2518, 581, 181, 0),
(2519, 581, 123, 1),
(2520, 582, 227, 0),
(2521, 582, 180, 0),
(2522, 582, 239, 0),
(2523, 582, 181, 0),
(2524, 582, 123, 1),
(2525, 583, 227, 0),
(2526, 583, 180, 0),
(2527, 583, 239, 0),
(2528, 583, 189, 0),
(2529, 583, 185, 1),
(2530, 584, 227, 0),
(2531, 584, 180, 0),
(2532, 584, 239, 0),
(2533, 584, 189, 0),
(2534, 584, 194, 1),
(2535, 585, 227, 0),
(2536, 585, 180, 0),
(2537, 585, 205, 0),
(2538, 585, 200, 0),
(2539, 586, 129, 0),
(2540, 586, 194, 0),
(2541, 587, 129, 0),
(2542, 587, 196, 0),
(2543, 588, 186, 0),
(2544, 588, 194, 0),
(2545, 589, 186, 0),
(2546, 589, 181, 0),
(2547, 590, 193, 0),
(2548, 590, 206, 0),
(2549, 591, 131, 0),
(2550, 591, 115, 0),
(2551, 591, 221, 0),
(2552, 591, 137, 0),
(2553, 591, 182, 1),
(2554, 592, 138, 0),
(2555, 592, 139, 0),
(2556, 592, 133, 0),
(2557, 592, 222, 0),
(2558, 592, 155, 1),
(2559, 593, 197, 0),
(2560, 593, 136, 0),
(2561, 593, 127, 0),
(2562, 593, 141, 0),
(2563, 593, 156, 1),
(2564, 594, 128, 0),
(2565, 594, 133, 0),
(2566, 594, 238, 0),
(2567, 594, 125, 0),
(2568, 594, 231, 1),
(2569, 595, 232, 0),
(2570, 595, 233, 0),
(2571, 595, 234, 0),
(2572, 595, 235, 0),
(2573, 595, 236, 1),
(2574, 596, 221, 0),
(2575, 596, 131, 0),
(2576, 596, 182, 0),
(2577, 596, 137, 0),
(2578, 596, 217, 1);

-- --------------------------------------------------------

--
-- Table structure for table `rooms`
--

DROP TABLE IF EXISTS `rooms`;
CREATE TABLE IF NOT EXISTS `rooms` (
`room_id` int(11) NOT NULL,
  `code` varchar(20) NOT NULL,
  `courses` varchar(100) DEFAULT NULL,
  `capacity` int(11) NOT NULL,
  `building_id` int(11) DEFAULT NULL
) ENGINE=InnoDB AUTO_INCREMENT=50 DEFAULT CHARSET=latin1;

--
-- Dumping data for table `rooms`
--

INSERT INTO `rooms` (`room_id`, `code`, `courses`, `capacity`, `building_id`) VALUES
(1, 'P201', 'SSG101, SSC102, SSC101', 30, 1),
(2, 'P202', 'SSG101, SSC102, SSC101', 30, 1),
(3, 'P203', 'SSG101, SSC102, SSC101', 30, 1),
(4, 'P204', NULL, 30, 1),
(5, 'P205', NULL, 30, 1),
(6, 'P209', NULL, 30, 1),
(7, 'P211', NULL, 30, 1),
(8, 'P212', NULL, 30, 1),
(9, 'P215', NULL, 30, 1),
(10, 'P216', NULL, 30, 1),
(11, 'P217', NULL, 30, 1),
(12, 'P218', NULL, 30, 1),
(13, 'P219', NULL, 30, 1),
(14, 'P220', NULL, 30, 1),
(15, 'P221', NULL, 30, 1),
(16, 'P301', NULL, 30, 1),
(17, 'P302', NULL, 30, 1),
(18, 'P303', NULL, 30, 1),
(19, 'P304', NULL, 30, 1),
(20, 'P305', NULL, 30, 1),
(21, 'P306', NULL, 30, 1),
(22, 'P307', NULL, 30, 1),
(23, 'P308', NULL, 30, 1),
(24, 'P309', NULL, 30, 1),
(25, 'P310', NULL, 30, 1),
(26, 'P311', NULL, 31, 1),
(27, 'P312', NULL, 32, 1),
(28, 'P313', NULL, 30, 1),
(29, 'P314', NULL, 30, 1),
(30, 'P315', NULL, 30, 1),
(31, 'P316', NULL, 30, 1),
(32, 'P317', NULL, 30, 1),
(33, 'P318', NULL, 30, 1),
(34, 'P319', NULL, 30, 1),
(35, 'P320', NULL, 31, 1),
(36, 'P321', NULL, 0, 1),
(37, 'P411', NULL, 32, 1),
(38, 'HB/201L', NULL, 33, 1),
(39, 'HB/203L', NULL, 30, 1),
(40, 'HB/204L', NULL, 30, 1),
(41, 'HB/205L', NULL, 30, 1),
(42, 'HB/206L', NULL, 30, 1),
(43, 'HB/207L', NULL, 30, 1),
(44, 'HB/301R', NULL, 30, 1),
(45, 'HB/302R', NULL, 30, 1),
(46, 'HB/303R-305R', NULL, 70, 1),
(47, 'HB/304R', NULL, 30, 1),
(48, 'HB/307R', NULL, 30, 1),
(49, 'HB/309R', NULL, 30, 1);

-- --------------------------------------------------------

--
-- Table structure for table `semesters`
--

DROP TABLE IF EXISTS `semesters`;
CREATE TABLE IF NOT EXISTS `semesters` (
`semester_id` int(11) NOT NULL,
  `code` varchar(10) NOT NULL,
  `name` varchar(100) NOT NULL,
  `semester_year` int(11) NOT NULL,
  `start_date` date NOT NULL,
  `end_date` date NOT NULL
) ENGINE=InnoDB AUTO_INCREMENT=2 DEFAULT CHARSET=latin1;

--
-- Dumping data for table `semesters`
--

INSERT INTO `semesters` (`semester_id`, `code`, `name`, `semester_year`, `start_date`, `end_date`) VALUES
(1, 'FA15', 'FALL 2015', 2015, '2015-09-07', '2016-01-02');

-- --------------------------------------------------------

--
-- Table structure for table `specialized`
--

DROP TABLE IF EXISTS `specialized`;
CREATE TABLE IF NOT EXISTS `specialized` (
`specialized_id` int(11) NOT NULL,
  `code` varchar(10) NOT NULL,
  `name` varchar(20) NOT NULL,
  `is_detail_specialized` tinyint(1) NOT NULL
) ENGINE=InnoDB AUTO_INCREMENT=14 DEFAULT CHARSET=latin1;

--
-- Dumping data for table `specialized`
--

INSERT INTO `specialized` (`specialized_id`, `code`, `name`, `is_detail_specialized`) VALUES
(1, 'SE', 'SE', 0),
(2, 'ES1', 'ES1', 1),
(3, 'ES2', 'ES2', 1),
(4, 'IS1', 'IS1', 1),
(5, 'IS2', 'IS2', 1),
(6, 'JS', 'JS', 1),
(7, 'ISE', 'ISE', 1),
(8, 'CS', 'CS', 1),
(9, 'EC', 'EC', 1),
(10, 'IA1', 'IA1', 1),
(11, 'IA2', 'IA2', 1),
(12, 'GD', 'GD', 1),
(13, 'IA', 'IA', 1);

-- --------------------------------------------------------

--
-- Table structure for table `staff`
--

DROP TABLE IF EXISTS `staff`;
CREATE TABLE IF NOT EXISTS `staff` (
`staff_id` int(11) NOT NULL,
  `account` varchar(20) NOT NULL,
  `name` varchar(100) CHARACTER SET utf8 COLLATE utf8_vietnamese_ci NOT NULL,
  `email` varchar(50) NOT NULL,
  `account_type` varchar(20) NOT NULL
) ENGINE=InnoDB AUTO_INCREMENT=3 DEFAULT CHARSET=latin1;

--
-- Dumping data for table `staff`
--

INSERT INTO `staff` (`staff_id`, `account`, `name`, `email`, `account_type`) VALUES
(1, 'hansse02618', 'HaNS', 'hansse02618@fpt.edu.vn', 'staff'),
(2, 'duchmse02551', 'Hong Minh c', 'duchmse02551@fpt.edu.vn', 'staff');

-- --------------------------------------------------------

--
-- Table structure for table `students`
--

DROP TABLE IF EXISTS `students`;
CREATE TABLE IF NOT EXISTS `students` (
`student_id` int(11) NOT NULL,
  `account` varchar(20) CHARACTER SET latin1 NOT NULL,
  `name` varchar(100) COLLATE utf8_vietnamese_ci NOT NULL,
  `email` varchar(50) CHARACTER SET latin1 NOT NULL,
  `student_code` varchar(10) CHARACTER SET latin1 NOT NULL,
  `specialized_id` int(11) NOT NULL,
  `detail_specialized_id` int(11) DEFAULT NULL,
  `batch` varchar(10) CHARACTER SET latin1 NOT NULL,
  `semester` int(11) NOT NULL,
  `class_semester_id` int(11) DEFAULT NULL
) ENGINE=InnoDB AUTO_INCREMENT=3640 DEFAULT CHARSET=utf8 COLLATE=utf8_vietnamese_ci;

--
-- Dumping data for table `students`
--

INSERT INTO `students` (`student_id`, `account`, `name`, `email`, `student_code`, `specialized_id`, `detail_specialized_id`, `batch`, `semester`, `class_semester_id`) VALUES
(3121, 'DinhNTSE04486', 'Nguyn Th Dinh', 'DinhNTSE04486@fpt.edu.vn', 'SE04486', 1, 1, 'NotSet', 3, 355),
(3122, 'HuynhDTSE03573', ' Thin Hunh', 'HuynhDTSE03573@fpt.edu.vn', 'SE03573', 1, 1, 'NotSet', 4, 359),
(3123, 'QuyNHSE03631', 'Nguyn Hng Qu', 'QuyNHSE03631@fpt.edu.vn', 'SE03631', 1, 1, 'NotSet', 4, 359),
(3124, 'TuanDASE03644', 'o Anh Tun', 'TuanDASE03644@fpt.edu.vn', 'SE03644', 1, 1, 'NotSet', 4, 359),
(3125, 'LuongNVSE03673', 'Nguyn Vn Lng', 'LuongNVSE03673@fpt.edu.vn', 'SE03673', 1, 1, 'NotSet', 3, 355),
(3126, 'DongNPSE03794', 'Nguyn Phng ng', 'DongNPSE03794@fpt.edu.vn', 'SE03794', 1, 1, 'NotSet', 4, 359),
(3127, 'TrungNDSE03802', 'Nguyn c Trung', 'TrungNDSE03802@fpt.edu.vn', 'SE03802', 1, 1, 'NotSet', 4, 359),
(3128, 'NamNPSE03883', 'Nguyn Phng Nam', 'NamNPSE03883@fpt.edu.vn', 'SE03883', 1, 1, 'NotSet', 4, 359),
(3129, 'AnhPBSE04073', 'Phm Bo Anh', 'AnhPBSE04073@fpt.edu.vn', 'SE04073', 1, 1, 'NotSet', 2, 351),
(3130, 'DangVHSE04121', 'V Hi ng', 'DangVHSE04121@fpt.edu.vn', 'SE04121', 1, 1, 'NotSet', 2, 351),
(3131, 'MungDVSE03914', 'on Vn Mng', 'MungDVSE03914@fpt.edu.vn', 'SE03914', 1, 1, 'NotSet', 3, 355),
(3132, 'DatLHSE03841', 'L Huy t', 'DatLHSE03841@fpt.edu.vn', 'SE03841', 1, 1, 'NotSet', 4, 359),
(3133, 'AnhCVTSE03893', 'Chu V Tng Anh', 'AnhCVTSE03893@fpt.edu.vn', 'SE03893', 1, 1, 'NotSet', 4, 359),
(3134, 'AnhNTSE03679', 'Ng Tun Anh', 'AnhNTSE03679@fpt.edu.vn', 'SE03679', 1, 1, 'NotSet', 3, 355),
(3135, 'SonHHSE03835', 'H Hng Sn', 'SonHHSE03835@fpt.edu.vn', 'SE03835', 1, 1, 'NotSet', 2, 351),
(3136, 'BaoNVSE03858', 'Nguyn Vn Bo', 'BaoNVSE03858@fpt.edu.vn', 'SE03858', 1, 1, 'NotSet', 2, 351),
(3137, 'HungTVSE03537', 'Trn Vn Hng', 'HungTVSE03537@fpt.edu.vn', 'SE03537', 1, 1, 'NotSet', 3, 355),
(3138, 'TungNDSE03588', 'Nguyn c Tng', 'TungNDSE03588@fpt.edu.vn', 'SE03588', 1, 1, 'NotSet', 2, 351),
(3139, 'CuongTVSE03663', 'Thn Vn Cng', 'CuongTVSE03663@fpt.edu.vn', 'SE03663', 1, 1, 'NotSet', 3, 355),
(3140, 'TuanLMSE03688', 'L Minh Tun', 'TuanLMSE03688@fpt.edu.vn', 'SE03688', 1, 1, 'NotSet', 3, 355),
(3141, 'HaiPVSE03698', 'Phm Vit Hi', 'HaiPVSE03698@fpt.edu.vn', 'SE03698', 1, 1, 'NotSet', 2, 351),
(3142, 'TuanHDSE03730', 'Hong ng Tun', 'TuanHDSE03730@fpt.edu.vn', 'SE03730', 1, 1, 'NotSet', 3, 355),
(3143, 'TrungVHSE03751', 'V Huy Trung', 'TrungVHSE03751@fpt.edu.vn', 'SE03751', 1, 1, 'NotSet', 3, 355),
(3144, 'TrongDTSE03761', 'ng Tun Trng', 'TrongDTSE03761@fpt.edu.vn', 'SE03761', 1, 1, 'NotSet', 2, 351),
(3145, 'DungNDSE03796', 'Nguyn nh Dng', 'DungNDSE03796@fpt.edu.vn', 'SE03796', 1, 1, 'NotSet', 2, 351),
(3146, 'ThanhPTSE03828', 'Phm Trng Thnh', 'ThanhPTSE03828@fpt.edu.vn', 'SE03828', 1, 1, 'NotSet', 3, 355),
(3147, 'AnhLVSE03908', 'L Vit Anh', 'AnhLVSE03908@fpt.edu.vn', 'SE03908', 1, 1, 'NotSet', 3, 355),
(3148, 'HungNTSE03913', 'Nguyn Th Hng', 'HungNTSE03913@fpt.edu.vn', 'SE03913', 1, 1, 'NotSet', 2, 351),
(3149, 'TungNTSE03924', 'Nguyn Thanh Tng', 'TungNTSE03924@fpt.edu.vn', 'SE03924', 1, 1, 'NotSet', 3, 355),
(3150, 'TuyenPKSE03937', 'Phm Kim Tuyn', 'TuyenPKSE03937@fpt.edu.vn', 'SE03937', 1, 1, 'NotSet', 3, 355),
(3151, 'KhoaTDSE03372', 'Trn ng Khoa', 'KhoaTDSE03372@fpt.edu.vn', 'SE03372', 1, 1, 'NotSet', 3, 355),
(3152, 'HieuTTSE03468', 'Trn Trung Hiu', 'HieuTTSE03468@fpt.edu.vn', 'SE03468', 1, 1, 'NotSet', 3, 355),
(3153, 'AnhNCSE03485', 'Nguyn Cng Anh', 'AnhNCSE03485@fpt.edu.vn', 'SE03485', 1, 1, 'NotSet', 3, 355),
(3154, 'TuanTASE03554', 'Trn Anh Tun', 'TuanTASE03554@fpt.edu.vn', 'SE03554', 1, 1, 'NotSet', 3, 355),
(3155, 'HiepNHSE03561', 'Nguyn Hu Hip', 'HiepNHSE03561@fpt.edu.vn', 'SE03561', 1, 1, 'NotSet', 3, 355),
(3156, 'TrungNHSE03608', 'Nguyn Hong Trung', 'TrungNHSE03608@fpt.edu.vn', 'SE03608', 1, 1, 'NotSet', 3, 355),
(3157, 'HoaNKSE03609', 'Nguyn Khnh Ha', 'HoaNKSE03609@fpt.edu.vn', 'SE03609', 1, 1, 'NotSet', 3, 355),
(3158, 'TruongNXSE03627', 'Nguyn Xun Trng', 'TruongNXSE03627@fpt.edu.vn', 'SE03627', 1, 1, 'NotSet', 3, 355),
(3159, 'KhanhCVSE03642', 'Chu Vn Khnh', 'KhanhCVSE03642@fpt.edu.vn', 'SE03642', 1, 1, 'NotSet', 3, 355),
(3160, 'DungPTSE03655', 'Phm Tun Dng', 'DungPTSE03655@fpt.edu.vn', 'SE03655', 1, 1, 'NotSet', 3, 355),
(3161, 'HoangTVSE03656', 'Trn Vit Hong', 'HoangTVSE03656@fpt.edu.vn', 'SE03656', 1, 1, 'NotSet', 3, 355),
(3162, 'AnhVNSE03674', 'Vn Ngc nh', 'AnhVNSE03674@fpt.edu.vn', 'SE03674', 1, 1, 'NotSet', 3, 355),
(3163, 'BangNVSE03684', 'Nguyn Vn Bng', 'BangNVSE03684@fpt.edu.vn', 'SE03684', 1, 1, 'NotSet', 3, 355),
(3164, 'DuongHTNSE03716', 'Hong Trn Nht Dng', 'DuongHTNSE03716@fpt.edu.vn', 'SE03716', 1, 1, 'NotSet', 3, 355),
(3165, 'DucHASE03729', 'H Anh c', 'DucHASE03729@fpt.edu.vn', 'SE03729', 1, 1, 'NotSet', 3, 355),
(3166, 'HiepDHSE03731', 'ng Hong Hip', 'HiepDHSE03731@fpt.edu.vn', 'SE03731', 1, 1, 'NotSet', 3, 355),
(3167, 'AnhVMSE03758', 'V Minh nh', 'AnhVMSE03758@fpt.edu.vn', 'SE03758', 1, 1, 'NotSet', 3, 355),
(3168, 'AnhNVSE03759', 'Nguyn Vit Anh', 'AnhNVSE03759@fpt.edu.vn', 'SE03759', 1, 1, 'NotSet', 3, 356),
(3169, 'HaiNNSE03772', 'Nguyn Ngc Hi', 'HaiNNSE03772@fpt.edu.vn', 'SE03772', 1, 1, 'NotSet', 3, 356),
(3170, 'QuangNHSE03792', 'Nguyn Huy Quang', 'QuangNHSE03792@fpt.edu.vn', 'SE03792', 1, 1, 'NotSet', 2, 351),
(3171, 'HoanLTSE03813', 'L Trn Hon', 'HoanLTSE03813@fpt.edu.vn', 'SE03813', 1, 1, 'NotSet', 3, 356),
(3172, 'TruongTVSE03815', 'Trn Vn Trng', 'TruongTVSE03815@fpt.edu.vn', 'SE03815', 1, 1, 'NotSet', 3, 356),
(3173, 'AnhNNTSE03823', 'Nguyn Ngc Tun Anh', 'AnhNNTSE03823@fpt.edu.vn', 'SE03823', 1, 1, 'NotSet', 2, 351),
(3174, 'TuanLASE03831', 'L Anh Tun', 'TuanLASE03831@fpt.edu.vn', 'SE03831', 1, 1, 'NotSet', 3, 356),
(3175, 'NamLASE03836', 'L Anh Nam', 'NamLASE03836@fpt.edu.vn', 'SE03836', 1, 1, 'NotSet', 3, 356),
(3176, 'SonPBSE03907', 'Phan Bo Sn', 'SonPBSE03907@fpt.edu.vn', 'SE03907', 1, 1, 'NotSet', 3, 356),
(3177, 'ThaiHTSE03926', 'Hong Tun Thi', 'ThaiHTSE03926@fpt.edu.vn', 'SE03926', 1, 1, 'NotSet', 3, 356),
(3178, 'VinhNVSE03927', 'Nguyn Vn Vinh', 'VinhNVSE03927@fpt.edu.vn', 'SE03927', 1, 1, 'NotSet', 3, 356),
(3179, 'CongLDSE03929', 'L Duy Cng', 'CongLDSE03929@fpt.edu.vn', 'SE03929', 1, 1, 'NotSet', 3, 356),
(3180, 'HanhNTSE03934', 'Nguyn Th Hnh', 'HanhNTSE03934@fpt.edu.vn', 'SE03934', 1, 1, 'NotSet', 3, 356),
(3181, 'TinhNXSE03935', 'Nguyn Xun Tnh', 'TinhNXSE03935@fpt.edu.vn', 'SE03935', 1, 1, 'NotSet', 3, 356),
(3182, 'AnhDTSE03942', ' Tun Anh', 'AnhDTSE03942@fpt.edu.vn', 'SE03942', 1, 1, 'NotSet', 3, 356),
(3183, 'TungVKSE02372', 'V Khnh Tng', 'TungVKSE02372@fpt.edu.vn', 'SE02372', 1, 1, 'NotSet', 2, 351),
(3184, 'TinNVSE03660', 'Nguyn Vn Tn', 'TinNVSE03660@fpt.edu.vn', 'SE03660', 1, 1, 'NotSet', 3, 356),
(3185, 'QuanTDSE03667', 'Trn ng Qun', 'QuanTDSE03667@fpt.edu.vn', 'SE03667', 1, 1, 'NotSet', 2, 351),
(3186, 'NgocNVSE03390', 'Nguyn Vn Ngc', 'NgocNVSE03390@fpt.edu.vn', 'SE03390', 1, 1, 'NotSet', 3, 356),
(3187, 'TungNDSE03526', 'Nguyn c Tng', 'TungNDSE03526@fpt.edu.vn', 'SE03526', 1, 1, 'NotSet', 3, 356),
(3188, 'LucDVSE03546', 'inh Vn Lc', 'LucDVSE03546@fpt.edu.vn', 'SE03546', 1, 1, 'NotSet', 3, 356),
(3189, 'ThinhNTSE03548', 'Nguyn Tin Thnh', 'ThinhNTSE03548@fpt.edu.vn', 'SE03548', 1, 1, 'NotSet', 3, 356),
(3190, 'LinhNTSE03586', 'Nguyn Th Linh', 'LinhNTSE03586@fpt.edu.vn', 'SE03586', 1, 1, 'NotSet', 3, 356),
(3191, 'ManhDKSE03686', 'o Khc Mnh', 'ManhDKSE03686@fpt.edu.vn', 'SE03686', 1, 1, 'NotSet', 3, 356),
(3192, 'HinhNXSE03687', 'Nguyn Xun Hinh', 'HinhNXSE03687@fpt.edu.vn', 'SE03687', 1, 1, 'NotSet', 3, 356),
(3193, 'GiangNTSE03695', 'Nguyn Trng Giang', 'GiangNTSE03695@fpt.edu.vn', 'SE03695', 1, 1, 'NotSet', 3, 356),
(3194, 'QuanTHSE03733', 'Trn Hng Qun', 'QuanTHSE03733@fpt.edu.vn', 'SE03733', 1, 1, 'NotSet', 3, 356),
(3195, 'NamPTSE04116', 'Phan Thnh Nam', 'NamPTSE04116@fpt.edu.vn', 'SE04116', 1, 1, 'NotSet', 2, 351),
(3196, 'PhuongNMSE04196', 'Nguyn Minh Phng', 'PhuongNMSE04196@fpt.edu.vn', 'SE04196', 1, 1, 'NotSet', 3, 356),
(3197, 'HaDNSE04048', 'ng Nht H', 'HaDNSE04048@fpt.edu.vn', 'SE04048', 1, 1, 'NotSet', 3, 356),
(3198, 'MinhNTSE04083', 'Ng Th Minh', 'MinhNTSE04083@fpt.edu.vn', 'SE04083', 1, 1, 'NotSet', 3, 356),
(3199, 'TuanTASE04118', 'Trn Anh Tun', 'TuanTASE04118@fpt.edu.vn', 'SE04118', 1, 1, 'NotSet', 3, 356),
(3200, 'DungLHSE04230', 'L Hong Dng', 'DungLHSE04230@fpt.edu.vn', 'SE04230', 1, 1, 'NotSet', 3, 356),
(3201, 'TungVDSE04074', 'V c Tng', 'TungVDSE04074@fpt.edu.vn', 'SE04074', 1, 1, 'NotSet', 3, 356),
(3202, 'TrungBDSE04114', 'Bi c Trung', 'TrungBDSE04114@fpt.edu.vn', 'SE04114', 1, 1, 'NotSet', 3, 356),
(3203, 'ManhNTSE04004', 'Nguyn Tin Mnh', 'ManhNTSE04004@fpt.edu.vn', 'SE04004', 1, 1, 'NotSet', 3, 357),
(3204, 'TuTHSE04063', 'Trn Hu T', 'TuTHSE04063@fpt.edu.vn', 'SE04063', 1, 1, 'NotSet', 3, 357),
(3205, 'ManhHDSE04394', 'Hong c Mnh', 'ManhHDSE04394@fpt.edu.vn', 'SE04394', 1, 1, 'NotSet', 3, 357),
(3206, 'HoangVVSE04088', 'Vng Vit Hong', 'HoangVVSE04088@fpt.edu.vn', 'SE04088', 1, 1, 'NotSet', 3, 357),
(3207, 'CuongNTSE03238', 'Nguyn Thnh Cng', 'CuongNTSE03238@fpt.edu.vn', 'SE03238', 1, 1, 'NotSet', 4, 359),
(3208, 'NguyenTCSE03248', 'Trn Cng Nguyn', 'NguyenTCSE03248@fpt.edu.vn', 'SE03248', 1, 1, 'NotSet', 4, 359),
(3209, 'DungPASE03281', 'Phng Anh Dng', 'DungPASE03281@fpt.edu.vn', 'SE03281', 1, 1, 'NotSet', 3, 357),
(3210, 'LongNHSE03299', 'Nguyn Hong Long', 'LongNHSE03299@fpt.edu.vn', 'SE03299', 1, 1, 'NotSet', 4, 359),
(3211, 'LamNTSE03307', 'Nguyn Tng Lm', 'LamNTSE03307@fpt.edu.vn', 'SE03307', 1, 1, 'NotSet', 2, 351),
(3212, 'HoangLNSE03385', 'L Nht Hong', 'HoangLNSE03385@fpt.edu.vn', 'SE03385', 1, 1, 'NotSet', 4, 359),
(3213, 'LinhNTLSE04216', 'Nguyn Th L Linh', 'LinhNTLSE04216@fpt.edu.vn', 'SE04216', 1, 1, 'NotSet', 4, 359),
(3214, 'AnhLTSE03448', 'L Tun Anh', 'AnhLTSE03448@fpt.edu.vn', 'SE03448', 1, 1, 'NotSet', 4, 359),
(3215, 'HoangNMSE03455', 'Nguyn Minh Hong', 'HoangNMSE03455@fpt.edu.vn', 'SE03455', 1, 1, 'NotSet', 4, 359),
(3216, 'VietDXSE03456', ' Xun Vit', 'VietDXSE03456@fpt.edu.vn', 'SE03456', 1, 1, 'NotSet', 4, 359),
(3217, 'QuangHDSE03459', 'Hong nh Quang', 'QuangHDSE03459@fpt.edu.vn', 'SE03459', 1, 1, 'NotSet', 4, 359),
(3218, 'PhuongNTMSE03461', 'Nguyn Th Mai Phng', 'PhuongNTMSE03461@fpt.edu.vn', 'SE03461', 1, 1, 'NotSet', 4, 359),
(3219, 'HiepBHSE03463', 'Bi Hong Hip', 'HiepBHSE03463@fpt.edu.vn', 'SE03463', 1, 1, 'NotSet', 4, 359),
(3220, 'BachVNSE03480', 'V Ngc Bch', 'BachVNSE03480@fpt.edu.vn', 'SE03480', 1, 1, 'NotSet', 4, 359),
(3221, 'AnhPTSE03482', 'Phm Tun Anh', 'AnhPTSE03482@fpt.edu.vn', 'SE03482', 1, 1, 'NotSet', 4, 359),
(3222, 'ChinhNDSE03483', 'Nguyn c Chnh', 'ChinhNDSE03483@fpt.edu.vn', 'SE03483', 1, 1, 'NotSet', 4, 359),
(3223, 'HaNXSE03484', 'Nguyn Xun H', 'HaNXSE03484@fpt.edu.vn', 'SE03484', 1, 1, 'NotSet', 4, 359),
(3224, 'ThanhNVSE03492', 'Nguyn Vn Thnh', 'ThanhNVSE03492@fpt.edu.vn', 'SE03492', 1, 1, 'NotSet', 4, 359),
(3225, 'DongNASE03494', 'Nguyn  ng', 'DongNASE03494@fpt.edu.vn', 'SE03494', 1, 1, 'NotSet', 4, 359),
(3226, 'TungNHHSE03498', 'Nguyn Hu Hong Tng', 'TungNHHSE03498@fpt.edu.vn', 'SE03498', 1, 1, 'NotSet', 4, 359),
(3227, 'DatNTSE03522', 'Ng Tin t', 'DatNTSE03522@fpt.edu.vn', 'SE03522', 1, 1, 'NotSet', 4, 359),
(3228, 'ThangLDSE03529', 'Lm c Thng', 'ThangLDSE03529@fpt.edu.vn', 'SE03529', 1, 1, 'NotSet', 4, 359),
(3229, 'ManhDDSE03539', 'ng c Mnh', 'ManhDDSE03539@fpt.edu.vn', 'SE03539', 1, 1, 'NotSet', 4, 359),
(3230, 'HoangVSE03540', 'V Hong', 'HoangVSE03540@fpt.edu.vn', 'SE03540', 1, 1, 'NotSet', 4, 359),
(3231, 'ThuongNTHSE03542', 'Nng Th Hoi Thng', 'ThuongNTHSE03542@fpt.edu.vn', 'SE03542', 1, 1, 'NotSet', 4, 360),
(3232, 'TruongDBSE03543', 'Dng B Trng', 'TruongDBSE03543@fpt.edu.vn', 'SE03543', 1, 1, 'NotSet', 4, 360),
(3233, 'TuNTSE03545', 'Nguyn Tun T', 'TuNTSE03545@fpt.edu.vn', 'SE03545', 1, 1, 'NotSet', 3, 357),
(3234, 'PhatNHSE03551', 'Nguyn Huy Pht', 'PhatNHSE03551@fpt.edu.vn', 'SE03551', 1, 1, 'NotSet', 4, 360),
(3235, 'LongPTSE03552', 'Phm Tin Long', 'LongPTSE03552@fpt.edu.vn', 'SE03552', 1, 1, 'NotSet', 4, 360),
(3236, 'SonLASE03553', 'L Anh Sn', 'SonLASE03553@fpt.edu.vn', 'SE03553', 1, 1, 'NotSet', 4, 360),
(3237, 'DaiTQSE03557', 'Trnh Quang i', 'DaiTQSE03557@fpt.edu.vn', 'SE03557', 1, 1, 'NotSet', 4, 360),
(3238, 'AnhTTSE03560', 'Trng Tun Anh', 'AnhTTSE03560@fpt.edu.vn', 'SE03560', 1, 1, 'NotSet', 4, 360),
(3239, 'SonDCSE03564', 'ng Cng Sn', 'SonDCSE03564@fpt.edu.vn', 'SE03564', 1, 1, 'NotSet', 4, 360),
(3240, 'DucNTSE03565', 'Nguyn Trung c', 'DucNTSE03565@fpt.edu.vn', 'SE03565', 1, 1, 'NotSet', 4, 360),
(3241, 'TuanNASE03567', 'Nguyn Anh Tun', 'TuanNASE03567@fpt.edu.vn', 'SE03567', 1, 1, 'NotSet', 4, 360),
(3242, 'ThuongTXSE03568', 'Trn Xun Thng', 'ThuongTXSE03568@fpt.edu.vn', 'SE03568', 1, 1, 'NotSet', 2, 351),
(3243, 'LinhDQSE03570', 'o Quang Linh', 'LinhDQSE03570@fpt.edu.vn', 'SE03570', 1, 1, 'NotSet', 4, 360),
(3244, 'HoangNASE03574', 'Nguyn Anh Hong', 'HoangNASE03574@fpt.edu.vn', 'SE03574', 1, 1, 'NotSet', 4, 360),
(3245, 'QuanTMSE03575', 'Trn Mnh Qun', 'QuanTMSE03575@fpt.edu.vn', 'SE03575', 1, 1, 'NotSet', 4, 360),
(3246, 'VinhKMSE03576', 'Khut Mnh Vinh', 'VinhKMSE03576@fpt.edu.vn', 'SE03576', 1, 1, 'NotSet', 4, 360),
(3247, 'HungNVSE03577', 'Nguyn Vit Hng', 'HungNVSE03577@fpt.edu.vn', 'SE03577', 1, 1, 'NotSet', 4, 360),
(3248, 'AnhNPSE03583', 'Nguyn Phan Anh', 'AnhNPSE03583@fpt.edu.vn', 'SE03583', 1, 1, 'NotSet', 4, 360),
(3249, 'QuanTMSE03585', 'T Minh Qun', 'QuanTMSE03585@fpt.edu.vn', 'SE03585', 1, 1, 'NotSet', 4, 360),
(3250, 'TriBMSE03590', 'Bi Mnh Tr', 'TriBMSE03590@fpt.edu.vn', 'SE03590', 1, 1, 'NotSet', 4, 360),
(3251, 'TamNASE03594', 'Nguyn Anh Tm', 'TamNASE03594@fpt.edu.vn', 'SE03594', 1, 1, 'NotSet', 4, 360),
(3252, 'NamNVSE03599', 'Nguyn Vit Nam', 'NamNVSE03599@fpt.edu.vn', 'SE03599', 1, 1, 'NotSet', 4, 360),
(3253, 'ThangTCSE03602', 'Trn Cng Thng', 'ThangTCSE03602@fpt.edu.vn', 'SE03602', 1, 1, 'NotSet', 3, 357),
(3254, 'AnhGTSE03603', 'Giang Tun Anh', 'AnhGTSE03603@fpt.edu.vn', 'SE03603', 1, 1, 'NotSet', 4, 360),
(3255, 'AnhPTSE03615', 'Phm Tun Anh', 'AnhPTSE03615@fpt.edu.vn', 'SE03615', 1, 1, 'NotSet', 4, 360),
(3256, 'KhangPQSE03624', 'Phm Quang Khang', 'KhangPQSE03624@fpt.edu.vn', 'SE03624', 1, 1, 'NotSet', 4, 360),
(3257, 'HungDXSE03628', 'o Xun Hng', 'HungDXSE03628@fpt.edu.vn', 'SE03628', 1, 1, 'NotSet', 4, 360),
(3258, 'VietPQSE03630', 'Phm Quc Vit', 'VietPQSE03630@fpt.edu.vn', 'SE03630', 1, 1, 'NotSet', 4, 360),
(3259, 'DucNTSE03632', 'Nguyn Trung c', 'DucNTSE03632@fpt.edu.vn', 'SE03632', 1, 1, 'NotSet', 4, 360),
(3260, 'TuanNSSE03635', 'Nguyn S Tun', 'TuanNSSE03635@fpt.edu.vn', 'SE03635', 1, 1, 'NotSet', 4, 360),
(3261, 'TungNTSE03636', 'Nguyn Thanh Tng', 'TungNTSE03636@fpt.edu.vn', 'SE03636', 1, 1, 'NotSet', 4, 360),
(3262, 'HocNNSE03646', 'Nguyn Nh Hc', 'HocNNSE03646@fpt.edu.vn', 'SE03646', 1, 1, 'NotSet', 2, 351),
(3263, 'KienHTSE03661', 'Hong Trung Kin', 'KienHTSE03661@fpt.edu.vn', 'SE03661', 1, 1, 'NotSet', 4, 360),
(3264, 'CuongNMSE03666', 'Nguyn Mnh Cng', 'CuongNMSE03666@fpt.edu.vn', 'SE03666', 1, 1, 'NotSet', 4, 360),
(3265, 'VuNSSE03669', 'Nguyn Sn V', 'VuNSSE03669@fpt.edu.vn', 'SE03669', 1, 1, 'NotSet', 4, 361),
(3266, 'ThaiNGDSE03670', 'Nguyn Gia Duy Thi', 'ThaiNGDSE03670@fpt.edu.vn', 'SE03670', 1, 1, 'NotSet', 4, 361),
(3267, 'HungTNSE03671', 'Trn Ngc Hng', 'HungTNSE03671@fpt.edu.vn', 'SE03671', 1, 1, 'NotSet', 4, 361),
(3268, 'ToanCVSE03675', 'Chu Vn Ton', 'ToanCVSE03675@fpt.edu.vn', 'SE03675', 1, 1, 'NotSet', 4, 361),
(3269, 'QuangTMSE03677', 'Trn Minh Quang', 'QuangTMSE03677@fpt.edu.vn', 'SE03677', 1, 1, 'NotSet', 4, 361),
(3270, 'GiangNDSE03680', 'Nguyn c Giang', 'GiangNDSE03680@fpt.edu.vn', 'SE03680', 1, 1, 'NotSet', 4, 361),
(3271, 'CongNCSE03681', 'Nguyn Ch Cng', 'CongNCSE03681@fpt.edu.vn', 'SE03681', 1, 1, 'NotSet', 3, 357),
(3272, 'DatBTSE03683', 'Bi Tt t', 'DatBTSE03683@fpt.edu.vn', 'SE03683', 1, 1, 'NotSet', 4, 361),
(3273, 'LongNHSE03685', 'Nguyn Hong Long', 'LongNHSE03685@fpt.edu.vn', 'SE03685', 1, 1, 'NotSet', 4, 361),
(3274, 'PhongNHSE03697', 'Nguyn Huy Phong', 'PhongNHSE03697@fpt.edu.vn', 'SE03697', 1, 1, 'NotSet', 4, 361),
(3275, 'BachNKXSE03699', 'Nguyn Khc Xun Bch', 'BachNKXSE03699@fpt.edu.vn', 'SE03699', 1, 1, 'NotSet', 4, 361),
(3276, 'DucLTSE03700', 'Lu Trung c', 'DucLTSE03700@fpt.edu.vn', 'SE03700', 1, 1, 'NotSet', 4, 361),
(3277, 'AnhNNTSE03702', 'Nguyn Nghim Tun Anh', 'AnhNNTSE03702@fpt.edu.vn', 'SE03702', 1, 1, 'NotSet', 4, 361),
(3278, 'LongMHSE03705', 'Mai Hong Long', 'LongMHSE03705@fpt.edu.vn', 'SE03705', 1, 1, 'NotSet', 4, 361),
(3279, 'HuyTQSE03706', 'T Quang Huy', 'HuyTQSE03706@fpt.edu.vn', 'SE03706', 1, 1, 'NotSet', 4, 361),
(3280, 'HaVKSE03708', 'Vng Khi H', 'HaVKSE03708@fpt.edu.vn', 'SE03708', 1, 1, 'NotSet', 4, 361),
(3281, 'PhuongHASE03715', 'Hong Anh Phng', 'PhuongHASE03715@fpt.edu.vn', 'SE03715', 1, 1, 'NotSet', 4, 361),
(3282, 'TuanHMSE03722', 'H Minh Tun', 'TuanHMSE03722@fpt.edu.vn', 'SE03722', 1, 1, 'NotSet', 4, 361),
(3283, 'QuanLHSE03726', 'L Hng Qun', 'QuanLHSE03726@fpt.edu.vn', 'SE03726', 1, 1, 'NotSet', 4, 361),
(3284, 'QuanNHSE03727', 'Nguyn Hu Qun', 'QuanNHSE03727@fpt.edu.vn', 'SE03727', 1, 1, 'NotSet', 3, 357),
(3285, 'DatNTSE03734', 'Nguyn Thnh t', 'DatNTSE03734@fpt.edu.vn', 'SE03734', 1, 1, 'NotSet', 4, 361),
(3286, 'KienNTSE03736', 'Ng Trung Kin', 'KienNTSE03736@fpt.edu.vn', 'SE03736', 1, 1, 'NotSet', 4, 361),
(3287, 'TuanCASE03737', 'Cao Anh Tun', 'TuanCASE03737@fpt.edu.vn', 'SE03737', 1, 1, 'NotSet', 4, 361),
(3288, 'HieuDVSE03739', 'on Vn Hiu', 'HieuDVSE03739@fpt.edu.vn', 'SE03739', 1, 1, 'NotSet', 4, 361),
(3289, 'MinhVHSE03742', 'V Hong Minh', 'MinhVHSE03742@fpt.edu.vn', 'SE03742', 1, 1, 'NotSet', 4, 361),
(3290, 'TungNTSE03745', 'Nguyn Tun Tng', 'TungNTSE03745@fpt.edu.vn', 'SE03745', 1, 1, 'NotSet', 4, 361),
(3291, 'ThanhNNSE03750', 'Nguyn Ngc Thanh', 'ThanhNNSE03750@fpt.edu.vn', 'SE03750', 1, 1, 'NotSet', 3, 357),
(3292, 'KhoaPDSE03752', 'Phm c Khoa', 'KhoaPDSE03752@fpt.edu.vn', 'SE03752', 1, 1, 'NotSet', 4, 361),
(3293, 'AnhLTSE03760', 'L Tun Anh', 'AnhLTSE03760@fpt.edu.vn', 'SE03760', 1, 1, 'NotSet', 4, 361),
(3294, 'PhuongPTMSE03773', 'Phm Th Minh Phng', 'PhuongPTMSE03773@fpt.edu.vn', 'SE03773', 1, 1, 'NotSet', 4, 361),
(3295, 'SonDHSE03775', ' Hng Sn', 'SonDHSE03775@fpt.edu.vn', 'SE03775', 1, 1, 'NotSet', 4, 361),
(3296, 'QuangNDSE03776', 'Nguyn ng Quang', 'QuangNDSE03776@fpt.edu.vn', 'SE03776', 1, 1, 'NotSet', 4, 361),
(3297, 'DatDHSE03781', 'o Huy t', 'DatDHSE03781@fpt.edu.vn', 'SE03781', 1, 1, 'NotSet', 4, 361),
(3298, 'ThanhNCSE03786', 'Nguyn Cng Thnh', 'ThanhNCSE03786@fpt.edu.vn', 'SE03786', 1, 1, 'NotSet', 4, 362),
(3299, 'PhucLASE03793', 'L Anh Phc', 'PhucLASE03793@fpt.edu.vn', 'SE03793', 1, 1, 'NotSet', 4, 362),
(3300, 'LinhTNSE03795', 'Trn Nht Linh', 'LinhTNSE03795@fpt.edu.vn', 'SE03795', 1, 1, 'NotSet', 4, 362),
(3301, 'LongNBSE03804', 'Nguyn Bo Long', 'LongNBSE03804@fpt.edu.vn', 'SE03804', 1, 1, 'NotSet', 4, 362),
(3302, 'CongHPASE03806', 'H Phan Anh Cng', 'CongHPASE03806@fpt.edu.vn', 'SE03806', 1, 1, 'NotSet', 4, 362),
(3303, 'HieuNMSE03810', 'Nguyn Minh Hiu', 'HieuNMSE03810@fpt.edu.vn', 'SE03810', 1, 1, 'NotSet', 4, 362),
(3304, 'TrinhDNSE03817', ' Ngc Trnh', 'TrinhDNSE03817@fpt.edu.vn', 'SE03817', 1, 1, 'NotSet', 4, 362),
(3305, 'LoiTDSE03822', 'Trn ng Li', 'LoiTDSE03822@fpt.edu.vn', 'SE03822', 1, 1, 'NotSet', 4, 362),
(3306, 'DoPKSE03824', 'Phm Khc ', 'DoPKSE03824@fpt.edu.vn', 'SE03824', 1, 1, 'NotSet', 4, 362),
(3307, 'CuongNCSE03825', 'Nguyn Ch Cng', 'CuongNCSE03825@fpt.edu.vn', 'SE03825', 1, 1, 'NotSet', 4, 362),
(3308, 'AnhNDSE03826', 'Nguyn Duy Anh', 'AnhNDSE03826@fpt.edu.vn', 'SE03826', 1, 1, 'NotSet', 3, 357),
(3309, 'QuanNHSE03830', 'Ng Hu Qun', 'QuanNHSE03830@fpt.edu.vn', 'SE03830', 1, 1, 'NotSet', 4, 362),
(3310, 'PhuocVVSE03837', 'V Vn Phc', 'PhuocVVSE03837@fpt.edu.vn', 'SE03837', 1, 1, 'NotSet', 4, 362),
(3311, 'ManhHTSE03844', 'Hong Th Mnh', 'ManhHTSE03844@fpt.edu.vn', 'SE03844', 1, 1, 'NotSet', 4, 362),
(3312, 'LamVTSE03846', 'V Th Lm', 'LamVTSE03846@fpt.edu.vn', 'SE03846', 1, 1, 'NotSet', 4, 362),
(3313, 'VuongTVSE03854', 'Trn Vit Vng', 'VuongTVSE03854@fpt.edu.vn', 'SE03854', 1, 1, 'NotSet', 4, 362),
(3314, 'HieuPVDSE03855', 'Phan V nh Hiu', 'HieuPVDSE03855@fpt.edu.vn', 'SE03855', 1, 1, 'NotSet', 4, 362),
(3315, 'HaoHQSE03856', 'H Quang Ho', 'HaoHQSE03856@fpt.edu.vn', 'SE03856', 1, 1, 'NotSet', 4, 362),
(3316, 'HungPPSE03862', 'Phm Phi Hng', 'HungPPSE03862@fpt.edu.vn', 'SE03862', 1, 1, 'NotSet', 4, 362),
(3317, 'TuyenLASE03863', 'L Anh Tuyn', 'TuyenLASE03863@fpt.edu.vn', 'SE03863', 1, 1, 'NotSet', 4, 362),
(3318, 'HieuNMSE03870', 'Nguyn Mnh Hiu', 'HieuNMSE03870@fpt.edu.vn', 'SE03870', 1, 1, 'NotSet', 4, 362),
(3319, 'TuanTQSE03873', 'Trn Quc Tun', 'TuanTQSE03873@fpt.edu.vn', 'SE03873', 1, 1, 'NotSet', 4, 362),
(3320, 'DatBVSE03875', 'Bi Vinh t', 'DatBVSE03875@fpt.edu.vn', 'SE03875', 1, 1, 'NotSet', 4, 362),
(3321, 'TrungVTSE03880', 'V Tr Trung', 'TrungVTSE03880@fpt.edu.vn', 'SE03880', 1, 1, 'NotSet', 4, 362),
(3322, 'HaNTTSE03882', 'Nguyn Th Thu H', 'HaNTTSE03882@fpt.edu.vn', 'SE03882', 1, 1, 'NotSet', 4, 362),
(3323, 'QuangVNSE03887', 'V Ngc Quang', 'QuangVNSE03887@fpt.edu.vn', 'SE03887', 1, 1, 'NotSet', 4, 362),
(3324, 'ChuongHVSE03891', 'Hong Vn Chng', 'ChuongHVSE03891@fpt.edu.vn', 'SE03891', 1, 1, 'NotSet', 4, 362),
(3325, 'TrungNQSE03897', 'Nguyn Quang Trung', 'TrungNQSE03897@fpt.edu.vn', 'SE03897', 1, 1, 'NotSet', 4, 362),
(3326, 'LinhVVSE03899', 'V Vn Linh', 'LinhVVSE03899@fpt.edu.vn', 'SE03899', 1, 1, 'NotSet', 4, 362),
(3327, 'LucNVSE03901', 'Nguyn Vn Lc', 'LucNVSE03901@fpt.edu.vn', 'SE03901', 1, 1, 'NotSet', 4, 362),
(3328, 'TungTTSE03909', 'Trn Thanh Tng', 'TungTTSE03909@fpt.edu.vn', 'SE03909', 1, 1, 'NotSet', 4, 362),
(3329, 'HoangVTSE03931', 'V Trn Hong', 'HoangVTSE03931@fpt.edu.vn', 'SE03931', 1, 1, 'NotSet', 4, 363),
(3330, 'KhoiDHSE03944', ' Hng Khi', 'KhoiDHSE03944@fpt.edu.vn', 'SE03944', 1, 1, 'NotSet', 4, 363),
(3331, 'SangTMSE03273', 'Trn Minh Sng', 'SangTMSE03273@fpt.edu.vn', 'SE03273', 1, 1, 'NotSet', 4, 363),
(3332, 'ThanhNHSE03110', 'Ng Hu Thnh', 'ThanhNHSE03110@fpt.edu.vn', 'SE03110', 1, 1, 'NotSet', 4, 363),
(3333, 'DuyLNSE03114', 'L Ngc Duy', 'DuyLNSE03114@fpt.edu.vn', 'SE03114', 1, 1, 'NotSet', 5, 366),
(3334, 'NhatLTSE03124', 'Li Th Nht', 'NhatLTSE03124@fpt.edu.vn', 'SE03124', 1, 1, 'NotSet', 4, 363),
(3335, 'TruongVNSE03130', 'V Ngc Trng', 'TruongVNSE03130@fpt.edu.vn', 'SE03130', 1, 1, 'NotSet', 5, 366),
(3336, 'TuanNTSE03136', 'Nguyn Ti Tun', 'TuanNTSE03136@fpt.edu.vn', 'SE03136', 1, 1, 'NotSet', 5, 366),
(3337, 'ThaiNHSE03151', 'Nguyn Hu Thi', 'ThaiNHSE03151@fpt.edu.vn', 'SE03151', 1, 1, 'NotSet', 5, 366),
(3338, 'TienNVSE03185', 'Nguyn Vn Tin', 'TienNVSE03185@fpt.edu.vn', 'SE03185', 1, 1, 'NotSet', 5, 366),
(3339, 'PhongDCSE03196', ' Cao Phong', 'PhongDCSE03196@fpt.edu.vn', 'SE03196', 1, 1, 'NotSet', 5, 366),
(3340, 'HoangLGSE03200', 'L Gia Hong', 'HoangLGSE03200@fpt.edu.vn', 'SE03200', 1, 1, 'NotSet', 5, 366),
(3341, 'MinhTDSE03276', 'Trn c Minh', 'MinhTDSE03276@fpt.edu.vn', 'SE03276', 1, 1, 'NotSet', 5, 366),
(3342, 'DuongLVSE03290', 'L Vn Dng', 'DuongLVSE03290@fpt.edu.vn', 'SE03290', 1, 1, 'NotSet', 5, 366),
(3343, 'BachLVSE03304', 'La Vn Bch', 'BachLVSE03304@fpt.edu.vn', 'SE03304', 1, 1, 'NotSet', 5, 366),
(3344, 'TruongTHSE03310', 'Trn Hn Trng', 'TruongTHSE03310@fpt.edu.vn', 'SE03310', 1, 1, 'NotSet', 5, 366),
(3345, 'AnhLQDSE03347', 'L Qu c Anh', 'AnhLQDSE03347@fpt.edu.vn', 'SE03347', 1, 1, 'NotSet', 5, 366),
(3346, 'HuongLXSE03388', 'L Xun Hng', 'HuongLXSE03388@fpt.edu.vn', 'SE03388', 1, 1, 'NotSet', 5, 366),
(3347, 'SiDQSE03425', 'ng Quang S', 'SiDQSE03425@fpt.edu.vn', 'SE03425', 1, 1, 'NotSet', 5, 366),
(3348, 'ThanhPSSE03430', 'Phm S Thanh', 'ThanhPSSE03430@fpt.edu.vn', 'SE03430', 1, 1, 'NotSet', 5, 366),
(3349, 'AnhDTSE03435', 'inh Tun Anh', 'AnhDTSE03435@fpt.edu.vn', 'SE03435', 1, 1, 'NotSet', 5, 366),
(3350, 'HaiPTSE02802', 'Phm Thanh Hi', 'HaiPTSE02802@fpt.edu.vn', 'SE02802', 1, 1, 'NotSet', 4, 363),
(3351, 'TrinhNVSE02680', 'Nguyn Vn Trinh', 'TrinhNVSE02680@fpt.edu.vn', 'SE02680', 1, 1, 'NotSet', 5, 366),
(3352, 'DucDVSE03458', ' Vn c', 'DucDVSE03458@fpt.edu.vn', 'SE03458', 1, 1, 'NotSet', 5, 366),
(3353, 'HuyVKSE03478', 'V Kim Huy', 'HuyVKSE03478@fpt.edu.vn', 'SE03478', 1, 1, 'NotSet', 5, 366),
(3354, 'AnhNQSE03490', 'Nguyn Quang Anh', 'AnhNQSE03490@fpt.edu.vn', 'SE03490', 1, 1, 'NotSet', 5, 366),
(3355, 'NguyenVBASE03496', 'V B Anh Nguyn', 'NguyenVBASE03496@fpt.edu.vn', 'SE03496', 1, 1, 'NotSet', 5, 366),
(3356, 'TruongTNSE03527', 'Trn Nht Trng', 'TruongTNSE03527@fpt.edu.vn', 'SE03527', 1, 1, 'NotSet', 5, 366),
(3357, 'YenNHSE03536', 'Nguyn Hi Yn', 'YenNHSE03536@fpt.edu.vn', 'SE03536', 1, 1, 'NotSet', 4, 363),
(3358, 'TuDTSE03559', 'inh Tun T', 'TuDTSE03559@fpt.edu.vn', 'SE03559', 1, 1, 'NotSet', 5, 366),
(3359, 'ChauBHHSE03571', 'Bi Hong H Chu', 'ChauBHHSE03571@fpt.edu.vn', 'SE03571', 1, 1, 'NotSet', 5, 366),
(3360, 'MinhNLSE03580', 'Nguyn L Minh', 'MinhNLSE03580@fpt.edu.vn', 'SE03580', 1, 1, 'NotSet', 5, 366),
(3361, 'AnhNHSE03584', 'Nguyn Hong Anh', 'AnhNHSE03584@fpt.edu.vn', 'SE03584', 1, 1, 'NotSet', 5, 366),
(3362, 'TuDNSE03591', 'ng Ngc T', 'TuDNSE03591@fpt.edu.vn', 'SE03591', 1, 1, 'NotSet', 5, 366),
(3363, 'MinhNHSE03596', 'Nguyn Hu Minh', 'MinhNHSE03596@fpt.edu.vn', 'SE03596', 1, 1, 'NotSet', 5, 366),
(3364, 'BaoPQSE03606', 'Phan Quc Bo', 'BaoPQSE03606@fpt.edu.vn', 'SE03606', 1, 1, 'NotSet', 5, 366),
(3365, 'ManhNDSE03610', 'Nguyn c Mnh', 'ManhNDSE03610@fpt.edu.vn', 'SE03610', 1, 1, 'NotSet', 5, 366),
(3366, 'AnhPDSE03611', 'Phm c Anh', 'AnhPDSE03611@fpt.edu.vn', 'SE03611', 1, 1, 'NotSet', 5, 367),
(3367, 'ToanNVSE03619', 'Ng Vn Ton', 'ToanNVSE03619@fpt.edu.vn', 'SE03619', 1, 1, 'NotSet', 5, 367),
(3368, 'TungNTSE03621', 'Nguyn Thanh Tng', 'TungNTSE03621@fpt.edu.vn', 'SE03621', 1, 1, 'NotSet', 5, 367),
(3369, 'HungNDSE03647', 'Nguyn c Hng', 'HungNDSE03647@fpt.edu.vn', 'SE03647', 1, 1, 'NotSet', 4, 363),
(3370, 'AnhNQSE03650', 'Nguyn Quc Anh', 'AnhNQSE03650@fpt.edu.vn', 'SE03650', 1, 1, 'NotSet', 5, 367),
(3371, 'SonDNSE03703', 'on Ngc Sn', 'SonDNSE03703@fpt.edu.vn', 'SE03703', 1, 1, 'NotSet', 5, 367),
(3372, 'BachNSSE03704', 'Nguyn S Bch', 'BachNSSE03704@fpt.edu.vn', 'SE03704', 1, 1, 'NotSet', 5, 367),
(3373, 'HuyDNQSE03714', 'on Nguyn Quang Huy', 'HuyDNQSE03714@fpt.edu.vn', 'SE03714', 1, 1, 'NotSet', 4, 363),
(3374, 'HieuLTSE03719', 'Lm Trung Hiu', 'HieuLTSE03719@fpt.edu.vn', 'SE03719', 1, 1, 'NotSet', 4, 363),
(3375, 'AnhLBSE03747', 'Luyn Bo Anh', 'AnhLBSE03747@fpt.edu.vn', 'SE03747', 1, 1, 'NotSet', 5, 367),
(3376, 'CuongVMSE03763', 'V Mnh Cng', 'CuongVMSE03763@fpt.edu.vn', 'SE03763', 1, 1, 'NotSet', 4, 363),
(3377, 'HoangPMSE03769', 'Phm Minh Hong', 'HoangPMSE03769@fpt.edu.vn', 'SE03769', 1, 1, 'NotSet', 5, 367),
(3378, 'HueNTSE03789', 'Nguyn Th Hu', 'HueNTSE03789@fpt.edu.vn', 'SE03789', 1, 1, 'NotSet', 5, 367),
(3379, 'VuCLSE03800', 'Cao Lm V', 'VuCLSE03800@fpt.edu.vn', 'SE03800', 1, 1, 'NotSet', 5, 367),
(3380, 'TuanDLSE03807', 'ng L Tun', 'TuanDLSE03807@fpt.edu.vn', 'SE03807', 1, 1, 'NotSet', 5, 367),
(3381, 'CuongTDSE03827', 'Trn c Cng', 'CuongTDSE03827@fpt.edu.vn', 'SE03827', 1, 1, 'NotSet', 5, 367),
(3382, 'HaiNMSE03832', 'Nguyn Minh Hi', 'HaiNMSE03832@fpt.edu.vn', 'SE03832', 1, 1, 'NotSet', 5, 367),
(3383, 'AnhLHSE03838', 'L Hong Anh', 'AnhLHSE03838@fpt.edu.vn', 'SE03838', 1, 1, 'NotSet', 5, 367),
(3384, 'HaiTPTSE03859', 'Trn Phm Triu Hi', 'HaiTPTSE03859@fpt.edu.vn', 'SE03859', 1, 1, 'NotSet', 4, 363),
(3385, 'CanhNHTSE03860', 'Nguyn Hu Thanh Cnh', 'CanhNHTSE03860@fpt.edu.vn', 'SE03860', 1, 1, 'NotSet', 5, 367),
(3386, 'LongNBSE03877', 'Nguyn Bo Long', 'LongNBSE03877@fpt.edu.vn', 'SE03877', 1, 1, 'NotSet', 5, 367),
(3387, 'DatDMSE03884', 'on Mnh t', 'DatDMSE03884@fpt.edu.vn', 'SE03884', 1, 1, 'NotSet', 5, 367),
(3388, 'NamNVSE03888', 'Nguyn Vn Nam', 'NamNVSE03888@fpt.edu.vn', 'SE03888', 1, 1, 'NotSet', 5, 367),
(3389, 'LamLTSE03936', 'L Thanh Lm', 'LamLTSE03936@fpt.edu.vn', 'SE03936', 1, 1, 'NotSet', 5, 367),
(3390, 'GiangTDSE03127', 'Trn i Giang', 'GiangTDSE03127@fpt.edu.vn', 'SE03127', 1, 1, 'NotSet', 4, 363),
(3391, 'SonPMSE03298', 'Phm Minh Sn', 'SonPMSE03298@fpt.edu.vn', 'SE03298', 1, 1, 'NotSet', 4, 363),
(3392, 'ThanhNTSE03301', 'Nguyn Trung Thnh', 'ThanhNTSE03301@fpt.edu.vn', 'SE03301', 1, 1, 'NotSet', 5, 367),
(3393, 'HaTTSE03361', 'Trn Th H', 'HaTTSE03361@fpt.edu.vn', 'SE03361', 1, 1, 'NotSet', 5, 367),
(3394, 'LongNVSE03428', 'Nguyn Vn Long', 'LongNVSE03428@fpt.edu.vn', 'SE03428', 1, 1, 'NotSet', 5, 367),
(3395, 'TrongHDSE02889', 'Hong c Trng', 'TrongHDSE02889@fpt.edu.vn', 'SE02889', 1, 1, 'NotSet', 4, 363),
(3396, 'TrungTCSE02306', 'Ta Cao Trung', 'TrungTCSE02306@fpt.edu.vn', 'SE02306', 1, 1, 'NotSet', 5, 367),
(3397, 'CuongDVHSE02662', 'on Vn Hng Cng', 'CuongDVHSE02662@fpt.edu.vn', 'SE02662', 1, 1, 'NotSet', 5, 367),
(3398, 'TuanLTSE02697', 'L Thanh Tun', 'TuanLTSE02697@fpt.edu.vn', 'SE02697', 1, 1, 'NotSet', 5, 367),
(3399, 'TuTHSE02922', 'Trn Hong T', 'TuTHSE02922@fpt.edu.vn', 'SE02922', 1, 1, 'NotSet', 5, 367),
(3400, 'ThangLTSE03240', 'L Tt Thng', 'ThangLTSE03240@fpt.edu.vn', 'SE03240', 1, 1, 'NotSet', 5, 367),
(3401, 'GiangNHSE60950', 'Nguyn H Giang', 'GiangNHSE60950@fpt.edu.vn', 'SE60950', 1, 1, 'NotSet', 5, 367),
(3402, 'SonTNSE04223', 'Trn Nguyn Sn', 'SonTNSE04223@fpt.edu.vn', 'SE04223', 1, 1, 'NotSet', 1, 343),
(3403, 'CuongNMSE04273', 'Nguyn Mnh Cng', 'CuongNMSE04273@fpt.edu.vn', 'SE04273', 1, 1, 'NotSet', 2, 351),
(3404, 'BinhNNSE04190', 'Nguyn Ngc Bnh', 'BinhNNSE04190@fpt.edu.vn', 'SE04190', 1, 1, 'NotSet', 2, 351),
(3405, 'DatPTSE04332', 'Phm Tin t', 'DatPTSE04332@fpt.edu.vn', 'SE04332', 1, 1, 'NotSet', 1, 343),
(3406, 'HuyNGSE03985', 'Nguyn Gia Huy', 'HuyNGSE03985@fpt.edu.vn', 'SE03985', 1, 1, 'NotSet', 1, 343),
(3407, 'HungLTSE04132', 'Li Thnh Hng', 'HungLTSE04132@fpt.edu.vn', 'SE04132', 1, 1, 'NotSet', 2, 351),
(3408, 'HiepNVSE04146', 'Nguyn V Hip', 'HiepNVSE04146@fpt.edu.vn', 'SE04146', 1, 1, 'NotSet', 2, 351),
(3409, 'TuyenDDSE04046', 'Dng nh Tuyn', 'TuyenDDSE04046@fpt.edu.vn', 'SE04046', 1, 1, 'NotSet', 2, 351),
(3410, 'HieuTXSE04374', 'Trnh Xun Hiu', 'HieuTXSE04374@fpt.edu.vn', 'SE04374', 1, 1, 'NotSet', 2, 351),
(3411, 'HauPHSE04126', 'Phm Hu Hu', 'HauPHSE04126@fpt.edu.vn', 'SE04126', 1, 1, 'NotSet', 2, 351),
(3412, 'MinhHVCSE04183', 'H Vit Cng Minh', 'MinhHVCSE04183@fpt.edu.vn', 'SE04183', 1, 1, 'NotSet', 1, 343),
(3413, 'NgocBTMSE04052', 'Bi Th Minh Ngc', 'NgocBTMSE04052@fpt.edu.vn', 'SE04052', 1, 1, 'NotSet', 2, 351),
(3414, 'SonHSE04107', 'Hong Sn', 'SonHSE04107@fpt.edu.vn', 'SE04107', 1, 1, 'NotSet', 2, 351),
(3415, 'HieuDCSE04338', 'inh Cng Hiu', 'HieuDCSE04338@fpt.edu.vn', 'SE04338', 1, 1, 'NotSet', 2, 351),
(3416, 'HungTMSE04400', 'Trnh Minh Hng', 'HungTMSE04400@fpt.edu.vn', 'SE04400', 1, 1, 'NotSet', 2, 351),
(3417, 'QuanDLSE04215', ' Long Qun', 'QuanDLSE04215@fpt.edu.vn', 'SE04215', 1, 1, 'NotSet', 2, 351),
(3418, 'HungNDSE04035', 'Nguyn ng Hng', 'HungNDSE04035@fpt.edu.vn', 'SE04035', 1, 1, 'NotSet', 2, 351),
(3419, 'SonVHSE04276', 'V Hong Sn', 'SonVHSE04276@fpt.edu.vn', 'SE04276', 1, 1, 'NotSet', 2, 352),
(3420, 'NhungGTHSE04110', 'Gip Th Hng Nhung', 'NhungGTHSE04110@fpt.edu.vn', 'SE04110', 1, 1, 'NotSet', 2, 352),
(3421, 'HienNVSE04388', 'Nguyn Vn Hin', 'HienNVSE04388@fpt.edu.vn', 'SE04388', 1, 1, 'NotSet', 2, 352),
(3422, 'KhanhLXSE03999', 'L Xun Khnh', 'KhanhLXSE03999@fpt.edu.vn', 'SE03999', 1, 1, 'NotSet', 2, 352),
(3423, 'CuongNVSE04047', 'Nguyn Vn Cng', 'CuongNVSE04047@fpt.edu.vn', 'SE04047', 1, 1, 'NotSet', 2, 352),
(3424, 'BaoPNSE04414', 'Phan Nguyn Bo', 'BaoPNSE04414@fpt.edu.vn', 'SE04414', 1, 1, 'NotSet', 2, 352),
(3425, 'LongNCSE03983', 'Nguyn Cng Long', 'LongNCSE03983@fpt.edu.vn', 'SE03983', 1, 1, 'NotSet', 2, 352),
(3426, 'GiangTHSE04148', 'Trn Hong Giang', 'GiangTHSE04148@fpt.edu.vn', 'SE04148', 1, 1, 'NotSet', 2, 352),
(3427, 'TrangDNPSE04416', 'ng Nguyn Phng Trang', 'TrangDNPSE04416@fpt.edu.vn', 'SE04416', 1, 1, 'NotSet', 2, 352),
(3428, 'ChauDNTSE04187', 'Dng Nguyn Tho Chu', 'ChauDNTSE04187@fpt.edu.vn', 'SE04187', 1, 1, 'NotSet', 2, 352),
(3429, 'DungNTKSE03989', 'Nguyn Th Kim Dung', 'DungNTKSE03989@fpt.edu.vn', 'SE03989', 1, 1, 'NotSet', 2, 352),
(3430, 'HoangNLSE04303', 'Nguyn L Hong', 'HoangNLSE04303@fpt.edu.vn', 'SE04303', 1, 1, 'NotSet', 2, 352),
(3431, 'TungLDSE04071', 'L ng Tng', 'TungLDSE04071@fpt.edu.vn', 'SE04071', 1, 1, 'NotSet', 2, 352),
(3432, 'LanNHSE04186', 'Ng Hong Lan', 'LanNHSE04186@fpt.edu.vn', 'SE04186', 1, 1, 'NotSet', 2, 352),
(3433, 'DungDCSE03691', 'o Cng Dng', 'DungDCSE03691@fpt.edu.vn', 'SE03691', 1, 1, 'NotSet', 2, 352),
(3434, 'KhueNDSE03287', 'Nguyn on Khu', 'KhueNDSE03287@fpt.edu.vn', 'SE03287', 1, 1, 'NotSet', 2, 352),
(3435, 'QuanNHSE04103', 'Nguyn H Qun', 'QuanNHSE04103@fpt.edu.vn', 'SE04103', 1, 1, 'NotSet', 1, 343),
(3436, 'SonNVSE04038', 'Nguyn Vn Sn', 'SonNVSE04038@fpt.edu.vn', 'SE04038', 1, 1, 'NotSet', 2, 352),
(3437, 'DucDHVSE04075', 'o Hong Vit c', 'DucDHVSE04075@fpt.edu.vn', 'SE04075', 1, 1, 'NotSet', 2, 352),
(3438, 'ThachVNSE04094', 'V Ngc Thch', 'ThachVNSE04094@fpt.edu.vn', 'SE04094', 1, 1, 'NotSet', 2, 352),
(3439, 'DatNTSE04096', 'Nguyn Trng t', 'DatNTSE04096@fpt.edu.vn', 'SE04096', 1, 1, 'NotSet', 2, 352),
(3440, 'TrungNTSE04160', 'Nguyn Tin Trung', 'TrungNTSE04160@fpt.edu.vn', 'SE04160', 1, 1, 'NotSet', 2, 352),
(3441, 'NghiaTTSE04301', 'Trn Tun Ngha', 'NghiaTTSE04301@fpt.edu.vn', 'SE04301', 1, 1, 'NotSet', 2, 352),
(3442, 'ThinhDNSE04178', ' Ngc Thnh', 'ThinhDNSE04178@fpt.edu.vn', 'SE04178', 1, 1, 'NotSet', 2, 352),
(3443, 'LongPTSE04304', 'Phm Thanh Long', 'LongPTSE04304@fpt.edu.vn', 'SE04304', 1, 1, 'NotSet', 2, 352),
(3444, 'HanhLMSE04255', 'L Minh Hnh', 'HanhLMSE04255@fpt.edu.vn', 'SE04255', 1, 1, 'NotSet', 2, 352),
(3445, 'ThuyPMSE03992', 'Phm Minh Thy', 'ThuyPMSE03992@fpt.edu.vn', 'SE03992', 1, 1, 'NotSet', 2, 352),
(3446, 'HoangNSE03997', 'Nguyn Hong', 'HoangNSE03997@fpt.edu.vn', 'SE03997', 1, 1, 'NotSet', 2, 352),
(3447, 'DuongNVSE04356', 'Nguyn Vn Dng', 'DuongNVSE04356@fpt.edu.vn', 'SE04356', 1, 1, 'NotSet', 2, 352),
(3448, 'QuanNMSE04141', 'Nguyn Minh Qun', 'QuanNMSE04141@fpt.edu.vn', 'SE04141', 1, 1, 'NotSet', 2, 352),
(3449, 'AnhNNSE04387', 'Nguyn Nam Anh', 'AnhNNSE04387@fpt.edu.vn', 'SE04387', 1, 1, 'NotSet', 2, 352),
(3450, 'TruongNXSE04362', 'Nguyn Xun Trng', 'TruongNXSE04362@fpt.edu.vn', 'SE04362', 1, 1, 'NotSet', 2, 353),
(3451, 'LinhLNSE04405', 'L Nguyn Linh', 'LinhLNSE04405@fpt.edu.vn', 'SE04405', 1, 1, 'NotSet', 2, 353),
(3452, 'TungNTSE04084', 'Nguyn Tun Tng', 'TungNTSE04084@fpt.edu.vn', 'SE04084', 1, 1, 'NotSet', 2, 353),
(3453, 'HungBNSE04268', 'Bi Nguyn Hng', 'HungBNSE04268@fpt.edu.vn', 'SE04268', 1, 1, 'NotSet', 2, 353),
(3454, 'DungNTTSE03851', 'Nguyn Th Thy Dung', 'DungNTTSE03851@fpt.edu.vn', 'SE03851', 1, 1, 'NotSet', 2, 353),
(3455, 'BachNGSE04422', 'Nguyn Gia Bch', 'BachNGSE04422@fpt.edu.vn', 'SE04422', 1, 1, 'NotSet', 3, 357),
(3456, 'NghiaDPSE04444', 'ng Phc Ngha', 'NghiaDPSE04444@fpt.edu.vn', 'SE04444', 1, 1, 'NotSet', 2, 353),
(3457, 'KhanhTVSE02814', 'Trn Vn Khnh', 'KhanhTVSE02814@fpt.edu.vn', 'SE02814', 1, 1, 'NotSet', 4, 363),
(3458, 'ThangMPSE61502', 'Mai Phi Thng', 'ThangMPSE61502@fpt.edu.vn', 'SE61502', 1, 1, 'NotSet', 3, 357),
(3459, 'LongHDSE61702', 'Hong c Long', 'LongHDSE61702@fpt.edu.vn', 'SE61702', 1, 1, 'NotSet', 5, 367),
(3460, 'NhatHuyenTNSE61693', 'Trn Ngc NhtHuyn', 'NhatHuyenTNSE61693@fpt.edu.vn', 'SE61693', 1, 1, 'NotSet', 4, 363),
(3461, 'NamLHSE61565', 'L Hong Nam', 'NamLHSE61565@fpt.edu.vn', 'SE61565', 1, 1, 'NotSet', 4, 363),
(3462, 'QuangLVSE03783', 'Lm Vit Quang', 'QuangLVSE03783@fpt.edu.vn', 'SE03783', 1, 1, 'NotSet', 3, 357),
(3463, 'BinhNTSE03718', 'Nguyn Thanh Bnh', 'BinhNTSE03718@fpt.edu.vn', 'SE03718', 1, 1, 'NotSet', 3, 357),
(3464, 'LamPSE03555', 'Phan Lm', 'LamPSE03555@fpt.edu.vn', 'SE03555', 1, 1, 'NotSet', 3, 357),
(3465, 'TaiNH01795', 'Nguyn Hu Ti', 'TaiNH01795@fpt.edu.vn', '01795', 1, 1, 'NotSet', 5, 367),
(3466, 'KhanhPDSE03812', 'Phm Duy Khnh', 'KhanhPDSE03812@fpt.edu.vn', 'SE03812', 1, 9, 'NotSet', 1, 349),
(3467, 'HoangVMSE04349', 'V Minh Hong', 'HoangVMSE04349@fpt.edu.vn', 'SE04349', 1, 9, 'NotSet', 1, 349),
(3468, 'TungDVSE04367', 'ng Vn Tng', 'TungDVSE04367@fpt.edu.vn', 'SE04367', 1, 9, 'NotSet', 1, 349),
(3469, 'MinhDNNSE04062', ' Nguyn Nht Minh', 'MinhDNNSE04062@fpt.edu.vn', 'SE04062', 1, 9, 'NotSet', 1, 349),
(3470, 'NghiaNCSE04270', 'Nguyn Ch Ngha', 'NghiaNCSE04270@fpt.edu.vn', 'SE04270', 1, 9, 'NotSet', 1, 349),
(3471, 'LucTTSE04138', 'T Tin Lc', 'LucTTSE04138@fpt.edu.vn', 'SE04138', 1, 9, 'NotSet', 1, 349),
(3472, 'HieuLTSE04326', 'L Trung Hiu', 'HieuLTSE04326@fpt.edu.vn', 'SE04326', 1, 9, 'NotSet', 1, 349),
(3473, 'ChiNNSE62028', 'Nguyn Ngc Ch', 'ChiNNSE62028@fpt.edu.vn', 'SE62028', 1, 9, 'NotSet', 1, 349),
(3474, 'DucNTSE04072', 'Nguyn Trng c', 'DucNTSE04072@fpt.edu.vn', 'SE04072', 1, 9, 'NotSet', 1, 349),
(3475, 'LamHASE04171', 'Hong Anh Lm', 'LamHASE04171@fpt.edu.vn', 'SE04171', 1, 9, 'NotSet', 1, 349),
(3476, 'AnhNDPSE04235', 'Ninh i Phc Anh', 'AnhNDPSE04235@fpt.edu.vn', 'SE04235', 1, 9, 'NotSet', 1, 349),
(3477, 'HuyNLQSE04182', 'Nguyn L Quang Huy', 'HuyNLQSE04182@fpt.edu.vn', 'SE04182', 1, 1, 'NotSet', 1, 343),
(3478, 'TanNVSE03778', 'Nguyn Vn Tn', 'TanNVSE03778@fpt.edu.vn', 'SE03778', 1, 1, 'NotSet', 1, 343),
(3479, 'TungVSSE04113', 'V S Tng', 'TungVSSE04113@fpt.edu.vn', 'SE04113', 1, 1, 'NotSet', 1, 343),
(3480, 'MinhNNSE04119', 'Nguyn Ngc Minh', 'MinhNNSE04119@fpt.edu.vn', 'SE04119', 1, 1, 'NotSet', 1, 343),
(3481, 'SonNKSE04290', 'Nguyn Khnh Sn', 'SonNKSE04290@fpt.edu.vn', 'SE04290', 1, 1, 'NotSet', 1, 343),
(3482, 'CuongDVSE03978', 'ng Vn Cng', 'CuongDVSE03978@fpt.edu.vn', 'SE03978', 1, 1, 'NotSet', 1, 343),
(3483, 'NhatDTSE03990', 'Dng Tun Nht', 'NhatDTSE03990@fpt.edu.vn', 'SE03990', 1, 1, 'NotSet', 1, 343),
(3484, 'ThuanDBSE04389', ' Bnh Thun', 'ThuanDBSE04389@fpt.edu.vn', 'SE04389', 1, 1, 'NotSet', 1, 343),
(3485, 'TuNVSE04009', 'Nguyn Vn T', 'TuNVSE04009@fpt.edu.vn', 'SE04009', 1, 1, 'NotSet', 1, 343),
(3486, 'HuyLVSE03982', 'L Vn Huy', 'HuyLVSE03982@fpt.edu.vn', 'SE03982', 1, 1, 'NotSet', 1, 343),
(3487, 'DoanCVSE04054', 'Cn Vit on', 'DoanCVSE04054@fpt.edu.vn', 'SE04054', 1, 1, 'NotSet', 1, 343),
(3488, 'HungHPSE04137', 'Hong Phi Hng', 'HungHPSE04137@fpt.edu.vn', 'SE04137', 1, 1, 'NotSet', 1, 343),
(3489, 'TungNTSE04120', 'Nguyn Thanh Tng', 'TungNTSE04120@fpt.edu.vn', 'SE04120', 1, 1, 'NotSet', 1, 343),
(3490, 'HieuVDSE04025', 'V c Hiu', 'HieuVDSE04025@fpt.edu.vn', 'SE04025', 1, 1, 'NotSet', 1, 343),
(3491, 'AnhDVSE04154', 'Dng Vit Anh', 'AnhDVSE04154@fpt.edu.vn', 'SE04154', 1, 1, 'NotSet', 1, 343),
(3492, 'DatPTSE04037', 'Phm Tin t', 'DatPTSE04037@fpt.edu.vn', 'SE04037', 1, 1, 'NotSet', 1, 343),
(3493, 'NamLTSE04085', 'L Trung Nam', 'NamLTSE04085@fpt.edu.vn', 'SE04085', 1, 1, 'NotSet', 1, 343),
(3494, 'DatLTSE04086', 'L Tun t', 'DatLTSE04086@fpt.edu.vn', 'SE04086', 1, 1, 'NotSet', 1, 343),
(3495, 'ThanhPKSE04131', 'Phng Khc Thnh', 'ThanhPKSE04131@fpt.edu.vn', 'SE04131', 1, 1, 'NotSet', 1, 343),
(3496, 'LongNHSE04143', 'Nguyn Hong Long', 'LongNHSE04143@fpt.edu.vn', 'SE04143', 1, 1, 'NotSet', 1, 343),
(3497, 'KyBHSE04210', 'Bi Hong K', 'KyBHSE04210@fpt.edu.vn', 'SE04210', 1, 1, 'NotSet', 1, 343),
(3498, 'HaiTNSE04386', 'Triu Nam Hi', 'HaiTNSE04386@fpt.edu.vn', 'SE04386', 1, 1, 'NotSet', 1, 343),
(3499, 'KhoiNDSE04028', 'Nguyn ng Khi', 'KhoiNDSE04028@fpt.edu.vn', 'SE04028', 1, 1, 'NotSet', 1, 343),
(3500, 'BachNVSE04221', 'Nguyn Vit Bch', 'BachNVSE04221@fpt.edu.vn', 'SE04221', 1, 1, 'NotSet', 1, 343),
(3501, 'BinhPTSE04222', 'Phng Thanh Bnh', 'BinhPTSE04222@fpt.edu.vn', 'SE04222', 1, 1, 'NotSet', 1, 343),
(3502, 'QuangTMSE04402', 'Trn Minh Quang', 'QuangTMSE04402@fpt.edu.vn', 'SE04402', 1, 1, 'NotSet', 1, 344),
(3503, 'HaoDHSE04064', 'ng Ha Ho', 'HaoDHSE04064@fpt.edu.vn', 'SE04064', 1, 1, 'NotSet', 1, 344),
(3504, 'TuongDVSE04317', ' Vnh Tng', 'TuongDVSE04317@fpt.edu.vn', 'SE04317', 1, 1, 'NotSet', 1, 344),
(3505, 'QuynhDTTSE04133', ' Th Thu Qunh', 'QuynhDTTSE04133@fpt.edu.vn', 'SE04133', 1, 1, 'NotSet', 1, 344),
(3506, 'KhoaTNSE04180', 'Trn Nguyn Khoa', 'KhoaTNSE04180@fpt.edu.vn', 'SE04180', 1, 1, 'NotSet', 1, 344),
(3507, 'LamNPTSE04049', 'Nghim Ph Tng Lm', 'LamNPTSE04049@fpt.edu.vn', 'SE04049', 1, 1, 'NotSet', 1, 344),
(3508, 'DatNQSE04108', 'Nguyn Quc t', 'DatNQSE04108@fpt.edu.vn', 'SE04108', 1, 1, 'NotSet', 1, 344),
(3509, 'BinhNVSE04381', 'Nguyn V Bnh', 'BinhNVSE04381@fpt.edu.vn', 'SE04381', 1, 1, 'NotSet', 1, 344),
(3510, 'HaHPSE04181', 'Hunh Phng H', 'HaHPSE04181@fpt.edu.vn', 'SE04181', 1, 1, 'NotSet', 1, 344),
(3511, 'DungNQSE04355', 'Nguyn Quc Dng', 'DungNQSE04355@fpt.edu.vn', 'SE04355', 1, 1, 'NotSet', 1, 344),
(3512, 'TrungNSSE04051', 'Nguyn S Trung', 'TrungNSSE04051@fpt.edu.vn', 'SE04051', 1, 1, 'NotSet', 1, 344),
(3513, 'HieuNTSE04238', 'Nguyn Trung Hiu', 'HieuNTSE04238@fpt.edu.vn', 'SE04238', 1, 1, 'NotSet', 1, 344),
(3514, 'KienNDSE04193', 'Nguyn c Kin', 'KienNDSE04193@fpt.edu.vn', 'SE04193', 1, 1, 'NotSet', 1, 344),
(3515, 'DuyLCSE04194', 'Lu Cao Duy', 'DuyLCSE04194@fpt.edu.vn', 'SE04194', 1, 1, 'NotSet', 1, 344),
(3516, 'TuanLVSE04092', 'L Vn Tun', 'TuanLVSE04092@fpt.edu.vn', 'SE04092', 1, 1, 'NotSet', 1, 344),
(3517, 'LanNTMSE04069', 'Nguyn Th Mai Lan', 'LanNTMSE04069@fpt.edu.vn', 'SE04069', 1, 1, 'NotSet', 1, 344),
(3518, 'VuNHSE04013', 'Nguyn Hi V', 'VuNHSE04013@fpt.edu.vn', 'SE04013', 1, 1, 'NotSet', 1, 344),
(3519, 'KienNKSE04150', 'Nguyn Khc Kin', 'KienNKSE04150@fpt.edu.vn', 'SE04150', 1, 1, 'NotSet', 1, 344),
(3520, 'DucPMSE04093', 'Phan Minh c', 'DucPMSE04093@fpt.edu.vn', 'SE04093', 1, 1, 'NotSet', 1, 344),
(3521, 'TienPMSE03947', 'Phm Minh Tin', 'TienPMSE03947@fpt.edu.vn', 'SE03947', 1, 1, 'NotSet', 1, 344),
(3522, 'LamNNSE04185', 'Ng Ngc Lm', 'LamNNSE04185@fpt.edu.vn', 'SE04185', 1, 1, 'NotSet', 1, 344),
(3523, 'HungVHSE04429', 'V Hong Hng', 'HungVHSE04429@fpt.edu.vn', 'SE04429', 1, 1, 'NotSet', 1, 344),
(3524, 'ThangNDSE04441', 'Nguyn i Thng', 'ThangNDSE04441@fpt.edu.vn', 'SE04441', 1, 1, 'NotSet', 1, 344),
(3525, 'TungNDSE03988', 'Nguyn ng Tng', 'TungNDSE03988@fpt.edu.vn', 'SE03988', 1, 1, 'NotSet', 1, 344),
(3526, 'AnhHNSE61724', 'Hunh Nht Anh', 'AnhHNSE61724@fpt.edu.vn', 'SE61724', 1, 13, 'NotSet', 1, 350),
(3527, 'AnhVQSE04377', 'V Quc Anh', 'AnhVQSE04377@fpt.edu.vn', 'SE04377', 1, 13, 'NotSet', 1, 350),
(3528, 'LinhNXSE04363', 'Nguyn Xun Linh', 'LinhNXSE04363@fpt.edu.vn', 'SE04363', 1, 13, 'NotSet', 1, 350),
(3529, 'AnhDDSE04067', ' c Anh', 'AnhDDSE04067@fpt.edu.vn', 'SE04067', 1, 13, 'NotSet', 1, 350),
(3530, 'DatNTSE04286', 'Nguyn Tin t', 'DatNTSE04286@fpt.edu.vn', 'SE04286', 1, 13, 'NotSet', 1, 350),
(3531, 'VinhNTSE04274', 'Nguyn Thnh Vinh', 'VinhNTSE04274@fpt.edu.vn', 'SE04274', 1, 13, 'NotSet', 1, 350),
(3532, 'HoangNMSE03998', 'Nguyn Minh Hong', 'HoangNMSE03998@fpt.edu.vn', 'SE03998', 1, 13, 'NotSet', 1, 350),
(3533, 'AnhNTSE04003', 'Nguyn Tun Anh', 'AnhNTSE04003@fpt.edu.vn', 'SE04003', 1, 13, 'NotSet', 1, 350),
(3534, 'PhuNVSE04123', 'Ng Vn Ph', 'PhuNVSE04123@fpt.edu.vn', 'SE04123', 1, 13, 'NotSet', 1, 350),
(3535, 'CongNTSE04104', 'Nguyn Thnh Cng', 'CongNTSE04104@fpt.edu.vn', 'SE04104', 1, 13, 'NotSet', 1, 350),
(3536, 'AnhHKSE04034', 'H Kim Anh', 'AnhHKSE04034@fpt.edu.vn', 'SE04034', 1, 13, 'NotSet', 1, 350),
(3537, 'QuyNCSE03957', 'Nguyn Ch Qu', 'QuyNCSE03957@fpt.edu.vn', 'SE03957', 1, 13, 'NotSet', 1, 350),
(3538, 'ThangNDSE04090', 'Nguyn c Thng', 'ThangNDSE04090@fpt.edu.vn', 'SE04090', 1, 13, 'NotSet', 1, 350),
(3539, 'ThanhPDSE04309', 'Phan Duy Thnh', 'ThanhPDSE04309@fpt.edu.vn', 'SE04309', 1, 13, 'NotSet', 1, 350),
(3540, 'AnhVVSE04447', 'V Vit Anh', 'AnhVVSE04447@fpt.edu.vn', 'SE04447', 1, 13, 'NotSet', 1, 350),
(3541, 'HoangNTSE03960', 'Nguyn Trng Hong', 'HoangNTSE03960@fpt.edu.vn', 'SE03960', 1, 13, 'NotSet', 1, 350),
(3542, 'HaVMSE03868', 'V Mnh H', 'HaVMSE03868@fpt.edu.vn', 'SE03868', 1, 9, 'NotSet', 1, 349),
(3543, 'TungNXSE04275', 'Nguyn Xun Tng', 'TungNXSE04275@fpt.edu.vn', 'SE04275', 1, 9, 'NotSet', 1, 349),
(3544, 'ThangNVSE04385', 'Ngy Vn Thng', 'ThangNVSE04385@fpt.edu.vn', 'SE04385', 1, 9, 'NotSet', 1, 349),
(3545, 'ThangTQSE04101', 'Tiu Quang Thng', 'ThangTQSE04101@fpt.edu.vn', 'SE04101', 1, 9, 'NotSet', 1, 349),
(3546, 'SonNHSE03996', 'Nguyn Hng Sn', 'SonNHSE03996@fpt.edu.vn', 'SE03996', 1, 9, 'NotSet', 1, 349),
(3547, 'QuangCXSE04220', 'Cn Xun Quang', 'QuangCXSE04220@fpt.edu.vn', 'SE04220', 1, 9, 'NotSet', 1, 349),
(3548, 'LongNDSE04039', 'Nguyn nh Long', 'LongNDSE04039@fpt.edu.vn', 'SE04039', 1, 9, 'NotSet', 1, 349),
(3549, 'DuyNDSE04192', 'Nguyn c Duy', 'DuyNDSE04192@fpt.edu.vn', 'SE04192', 1, 9, 'NotSet', 1, 349),
(3550, 'ThanhPTSE04200', 'Phng Tun Thanh', 'ThanhPTSE04200@fpt.edu.vn', 'SE04200', 1, 9, 'NotSet', 1, 349),
(3551, 'QuanNASE04316', 'Nguyn Anh Qun', 'QuanNASE04316@fpt.edu.vn', 'SE04316', 1, 9, 'NotSet', 1, 349),
(3552, 'QuangTLSE04109', 'Trn Long Quang', 'QuangTLSE04109@fpt.edu.vn', 'SE04109', 1, 9, 'NotSet', 1, 349),
(3553, 'CuongLVSE04314', 'L Vn Cng', 'CuongLVSE04314@fpt.edu.vn', 'SE04314', 1, 9, 'NotSet', 1, 349),
(3554, 'LongNCSE04205', 'Nguyn Cao Long', 'LongNCSE04205@fpt.edu.vn', 'SE04205', 1, 9, 'NotSet', 1, 349),
(3555, 'CanhNDSE04042', 'Nguyn c Cnh', 'CanhNDSE04042@fpt.edu.vn', 'SE04042', 1, 9, 'NotSet', 1, 349),
(3556, 'HieuTMSE04225', 'Tng Minh Hiu', 'HieuTMSE04225@fpt.edu.vn', 'SE04225', 1, 9, 'NotSet', 1, 349),
(3557, 'HaHTSE04467', 'Hong Trng H', 'HaHTSE04467@fpt.edu.vn', 'SE04467', 1, 9, 'NotSet', 1, 349),
(3558, 'VinhBDSE04008', 'Bi c Vinh', 'VinhBDSE04008@fpt.edu.vn', 'SE04008', 1, 13, 'NotSet', 2, 354),
(3559, 'HuongLTSE03949', 'Lu Th Hng', 'HuongLTSE03949@fpt.edu.vn', 'SE03949', 1, 13, 'NotSet', 2, 354),
(3560, 'PhuLHDSE61898', 'Lu Hunh c Ph', 'PhuLHDSE61898@fpt.edu.vn', 'SE61898', 1, 13, 'NotSet', 2, 354),
(3561, 'SonNVSE03984', 'Ng Vit Sn', 'SonNVSE03984@fpt.edu.vn', 'SE03984', 1, 13, 'NotSet', 2, 354),
(3562, 'DucLHSE04203', 'L Hng c', 'DucLHSE04203@fpt.edu.vn', 'SE04203', 1, 13, 'NotSet', 2, 354),
(3563, 'BinhVQSE03979', 'V Quang Bnh', 'BinhVQSE03979@fpt.edu.vn', 'SE03979', 1, 13, 'NotSet', 2, 354),
(3564, 'AnhNTLSE04122', 'Nguyn Th Lan Anh', 'AnhNTLSE04122@fpt.edu.vn', 'SE04122', 1, 13, 'NotSet', 2, 354),
(3565, 'PhuNDSE04284', 'Nguyn Danh Ph', 'PhuNDSE04284@fpt.edu.vn', 'SE04284', 1, 13, 'NotSet', 2, 354),
(3566, 'HungTXSE04334', 'Trnh Xun Hng', 'HungTXSE04334@fpt.edu.vn', 'SE04334', 1, 13, 'NotSet', 2, 354),
(3567, 'NamNHSE04050', 'Nguyn Hu Nam', 'NamNHSE04050@fpt.edu.vn', 'SE04050', 1, 13, 'NotSet', 2, 354),
(3568, 'DatVVSE61792', 'Vng Vnh t', 'DatVVSE61792@fpt.edu.vn', 'SE61792', 1, 13, 'NotSet', 2, 354),
(3569, 'QuyTCSE04022', 'T Chu Qu', 'QuyTCSE04022@fpt.edu.vn', 'SE04022', 1, 13, 'NotSet', 2, 354),
(3570, 'HungNHSE04359', 'Nguyn Hong Hng', 'HungNHSE04359@fpt.edu.vn', 'SE04359', 1, 13, 'NotSet', 2, 354),
(3571, 'DucNTSE04128', 'Nguyn Ti c', 'DucNTSE04128@fpt.edu.vn', 'SE04128', 1, 13, 'NotSet', 2, 354),
(3572, 'AnhCHSE03808', 'Cao Hong Anh', 'AnhCHSE03808@fpt.edu.vn', 'SE03808', 1, 9, 'NotSet', 3, 358),
(3573, 'SonPNSE03916', 'Phm Ngc Sn', 'SonPNSE03916@fpt.edu.vn', 'SE03916', 1, 9, 'NotSet', 3, 358),
(3574, 'AnhNVVSE04271', 'Ng Vi Vit Anh', 'AnhNVVSE04271@fpt.edu.vn', 'SE04271', 1, 9, 'NotSet', 3, 358),
(3575, 'HanhNNSE03797', 'Nguyn Ngc Hnh', 'HanhNNSE03797@fpt.edu.vn', 'SE03797', 1, 9, 'NotSet', 3, 358),
(3576, 'CongNTSE03805', 'Nguyn Thnh Cng', 'CongNTSE03805@fpt.edu.vn', 'SE03805', 1, 13, 'NotSet', 4, 364),
(3577, 'ToanCGKSE03814', 'Chu Gia Khnh Ton', 'ToanCGKSE03814@fpt.edu.vn', 'SE03814', 1, 13, 'NotSet', 4, 364),
(3578, 'QuangTHSE03486', 'Trn Hng Quang', 'QuangTHSE03486@fpt.edu.vn', 'SE03486', 1, 13, 'NotSet', 4, 364);
INSERT INTO `students` (`student_id`, `account`, `name`, `email`, `student_code`, `specialized_id`, `detail_specialized_id`, `batch`, `semester`, `class_semester_id`) VALUES
(3579, 'HuyPQSE03487', 'Phm Quang Huy', 'HuyPQSE03487@fpt.edu.vn', 'SE03487', 1, 13, 'NotSet', 4, 364),
(3580, 'DucLASE03549', 'L Anh c', 'DucLASE03549@fpt.edu.vn', 'SE03549', 1, 13, 'NotSet', 4, 364),
(3581, 'MinhNNSE03550', 'Nguyn Nht Minh', 'MinhNNSE03550@fpt.edu.vn', 'SE03550', 1, 13, 'NotSet', 4, 364),
(3582, 'LeNHSE03612', 'Nguyn Hu L', 'LeNHSE03612@fpt.edu.vn', 'SE03612', 1, 13, 'NotSet', 4, 364),
(3583, 'PhucNVSE03616', 'Nguyn Vn Phc', 'PhucNVSE03616@fpt.edu.vn', 'SE03616', 1, 13, 'NotSet', 4, 364),
(3584, 'LinhNQSE03645', 'Nguyn Quang Linh', 'LinhNQSE03645@fpt.edu.vn', 'SE03645', 1, 13, 'NotSet', 4, 364),
(3585, 'HoanNTSE03654', 'Nguyn Trng Hon', 'HoanNTSE03654@fpt.edu.vn', 'SE03654', 1, 13, 'NotSet', 4, 364),
(3586, 'TuanTMSE03657', 'Trn Mnh Tun', 'TuanTMSE03657@fpt.edu.vn', 'SE03657', 1, 13, 'NotSet', 4, 364),
(3587, 'HuyVDSE03665', 'V c Huy', 'HuyVDSE03665@fpt.edu.vn', 'SE03665', 1, 13, 'NotSet', 4, 364),
(3588, 'DuyTTSE03672', 'Trn Trung Duy', 'DuyTTSE03672@fpt.edu.vn', 'SE03672', 1, 13, 'NotSet', 4, 364),
(3589, 'HangVKSE03676', 'V Khnh Hng', 'HangVKSE03676@fpt.edu.vn', 'SE03676', 1, 13, 'NotSet', 4, 364),
(3590, 'TungDXSE03682', 'inh Xun Tng', 'TungDXSE03682@fpt.edu.vn', 'SE03682', 1, 13, 'NotSet', 4, 364),
(3591, 'ThaoNDSE03717', 'Ng c Tho', 'ThaoNDSE03717@fpt.edu.vn', 'SE03717', 1, 13, 'NotSet', 4, 364),
(3592, 'AnhNTSE03748', 'Nguyn Th Anh', 'AnhNTSE03748@fpt.edu.vn', 'SE03748', 1, 13, 'NotSet', 4, 364),
(3593, 'PhuHMSE03757', 'H Minh Ph', 'PhuHMSE03757@fpt.edu.vn', 'SE03757', 1, 13, 'NotSet', 4, 364),
(3594, 'HieuNTSE03782', 'Nguyn Trung Hiu', 'HieuNTSE03782@fpt.edu.vn', 'SE03782', 1, 13, 'NotSet', 4, 364),
(3595, 'CuongCHSE03788', 'Chu Hong Cng', 'CuongCHSE03788@fpt.edu.vn', 'SE03788', 1, 13, 'NotSet', 4, 364),
(3596, 'ToanTVSE03872', 'Trn Vn Ton', 'ToanTVSE03872@fpt.edu.vn', 'SE03872', 1, 13, 'NotSet', 4, 364),
(3597, 'MyVTSE03878', 'V Th My', 'MyVTSE03878@fpt.edu.vn', 'SE03878', 1, 13, 'NotSet', 4, 364),
(3598, 'DuyDDSE03881', 'o c Duy', 'DuyDDSE03881@fpt.edu.vn', 'SE03881', 1, 13, 'NotSet', 4, 364),
(3599, 'NghiaNDSE03915', 'Nguyn c Ngha', 'NghiaNDSE03915@fpt.edu.vn', 'SE03915', 1, 13, 'NotSet', 4, 364),
(3600, 'LuanNTSE03925', 'Nguyn Thnh Lun', 'LuanNTSE03925@fpt.edu.vn', 'SE03925', 1, 13, 'NotSet', 4, 364),
(3601, 'TruongNMSE03938', 'Nguyn Mnh Trng', 'TruongNMSE03938@fpt.edu.vn', 'SE03938', 1, 13, 'NotSet', 4, 364),
(3602, 'DucNASE03952', 'Ng Anh c', 'DucNASE03952@fpt.edu.vn', 'SE03952', 1, 13, 'NotSet', 4, 364),
(3603, 'AnhLDSE03953', 'L Duy Anh', 'AnhLDSE03953@fpt.edu.vn', 'SE03953', 1, 13, 'NotSet', 4, 364),
(3604, 'AnhDTSE03956', 'inh Tun Anh', 'AnhDTSE03956@fpt.edu.vn', 'SE03956', 1, 13, 'NotSet', 4, 364),
(3605, 'ThanhPTSE61729', 'Phm Tin Thnh', 'ThanhPTSE61729@fpt.edu.vn', 'SE61729', 1, 13, 'NotSet', 4, 364),
(3606, 'HuyVTSE61529', 'V Thanh Huy', 'HuyVTSE61529@fpt.edu.vn', 'SE61529', 1, 13, 'NotSet', 4, 365),
(3607, 'TrungNMQSE61433', 'Nguyn Minh Quc Trung', 'TrungNMQSE61433@fpt.edu.vn', 'SE61433', 1, 13, 'NotSet', 4, 365),
(3608, 'KhoaPASE61403', 'Pham Anh Khoa', 'KhoaPASE61403@fpt.edu.vn', 'SE61403', 1, 13, 'NotSet', 4, 365),
(3609, 'TrungHTSE61581', 'Huynh Thanh Trung', 'TrungHTSE61581@fpt.edu.vn', 'SE61581', 1, 13, 'NotSet', 4, 365),
(3610, 'QuanNHSE61560', 'Nguyn Hoang Qun', 'QuanNHSE61560@fpt.edu.vn', 'SE61560', 1, 13, 'NotSet', 4, 365),
(3611, 'SinhDBTSE61674', 'inh Ba Thi Sinh', 'SinhDBTSE61674@fpt.edu.vn', 'SE61674', 1, 13, 'NotSet', 4, 365),
(3612, 'ThaoPTSE03601', 'Phm Thu Tho', 'ThaoPTSE03601@fpt.edu.vn', 'SE03601', 1, 13, 'NotSet', 4, 365),
(3613, 'HieuKNSE03605', 'Kiu Ngc Hiu', 'HieuKNSE03605@fpt.edu.vn', 'SE03605', 1, 13, 'NotSet', 4, 365),
(3614, 'NhatBVSE03740', 'Bi Vn Nht', 'NhatBVSE03740@fpt.edu.vn', 'SE03740', 1, 13, 'NotSet', 4, 365),
(3615, 'NguyenLSE03803', 'L Nguyn', 'NguyenLSE03803@fpt.edu.vn', 'SE03803', 1, 13, 'NotSet', 4, 365),
(3616, 'PhongDDSE03906', 'inh Duy Phong', 'PhongDDSE03906@fpt.edu.vn', 'SE03906', 1, 13, 'NotSet', 4, 365),
(3617, 'HungVNSE03969', 'V Ngc Hng', 'HungVNSE03969@fpt.edu.vn', 'SE03969', 1, 13, 'NotSet', 5, 369),
(3618, 'KhanhPBSE03453', 'Phm Bo Khnh', 'KhanhPBSE03453@fpt.edu.vn', 'SE03453', 1, 13, 'NotSet', 5, 369),
(3619, 'TungTTSE03495', 'Trn Thanh Tng', 'TungTTSE03495@fpt.edu.vn', 'SE03495', 1, 13, 'NotSet', 5, 369),
(3620, 'ThanhNMSE03534', 'Nguyn Minh Thnh', 'ThanhNMSE03534@fpt.edu.vn', 'SE03534', 1, 13, 'NotSet', 5, 369),
(3621, 'HieuTTSE03538', 'Trn Trung Hiu', 'HieuTTSE03538@fpt.edu.vn', 'SE03538', 1, 13, 'NotSet', 5, 369),
(3622, 'TriLMSE03613', 'Lu Minh Tr', 'TriLMSE03613@fpt.edu.vn', 'SE03613', 1, 13, 'NotSet', 5, 369),
(3623, 'LinhDBSE03640', 'on B Linh', 'LinhDBSE03640@fpt.edu.vn', 'SE03640', 1, 13, 'NotSet', 5, 369),
(3624, 'MinhHHSE03643', 'Hong Hi Minh', 'MinhHHSE03643@fpt.edu.vn', 'SE03643', 1, 13, 'NotSet', 5, 369),
(3625, 'AnhLDSE03662', 'L c Anh', 'AnhLDSE03662@fpt.edu.vn', 'SE03662', 1, 13, 'NotSet', 5, 369),
(3626, 'DuyDNSE03721', 'ng Ngc Duy', 'DuyDNSE03721@fpt.edu.vn', 'SE03721', 1, 13, 'NotSet', 5, 369),
(3627, 'AnhHTSE03756', 'Hong Tun Anh', 'AnhHTSE03756@fpt.edu.vn', 'SE03756', 1, 13, 'NotSet', 5, 369),
(3628, 'AnhHDSE03777', 'Hong c Anh', 'AnhHDSE03777@fpt.edu.vn', 'SE03777', 1, 13, 'NotSet', 5, 369),
(3629, 'DungLTSE03784', 'L Trung Dng', 'DungLTSE03784@fpt.edu.vn', 'SE03784', 1, 13, 'NotSet', 5, 369),
(3630, 'DucTQSE03819', 'T Quang c', 'DucTQSE03819@fpt.edu.vn', 'SE03819', 1, 13, 'NotSet', 5, 369),
(3631, 'ToanPVNSE03821', 'Phm V Nht Ton', 'ToanPVNSE03821@fpt.edu.vn', 'SE03821', 1, 13, 'NotSet', 5, 369),
(3632, 'HoangVMSE03833', 'V Minh  Hong', 'HoangVMSE03833@fpt.edu.vn', 'SE03833', 1, 13, 'NotSet', 5, 369),
(3633, 'VinhNQSE03886', 'Nguyn Quang Vinh', 'VinhNQSE03886@fpt.edu.vn', 'SE03886', 1, 13, 'NotSet', 5, 369),
(3634, 'HaVHSE03912', 'V Hng H', 'HaVHSE03912@fpt.edu.vn', 'SE03912', 1, 13, 'NotSet', 5, 369),
(3635, 'HongNTSE03940', 'Ng Thu Hng', 'HongNTSE03940@fpt.edu.vn', 'SE03940', 1, 13, 'NotSet', 5, 369),
(3636, 'SuongPTSSE61497', 'Phm Th Sng Sng', 'SuongPTSSE61497@fpt.edu.vn', 'SE61497', 1, 13, 'NotSet', 5, 369),
(3637, 'MinhPASE61477', 'Phm Anh Minh', 'MinhPASE61477@fpt.edu.vn', 'SE61477', 1, 13, 'NotSet', 5, 369),
(3638, 'DuyDTTSE61484', 'o Trn Tun Duy', 'DuyDTTSE61484@fpt.edu.vn', 'SE61484', 1, 13, 'NotSet', 5, 369),
(3639, 'TruongPMSE02605', 'Phan Mnh Trng', 'TruongPMSE02605@fpt.edu.vn', 'SE02605', 1, 13, 'NotSet', 5, 369);

-- --------------------------------------------------------

--
-- Table structure for table `teachers`
--

DROP TABLE IF EXISTS `teachers`;
CREATE TABLE IF NOT EXISTS `teachers` (
`teacher_id` int(11) NOT NULL,
  `account` varchar(20) NOT NULL,
  `name` varchar(100) CHARACTER SET utf8 COLLATE utf8_vietnamese_ci NOT NULL,
  `email` varchar(50) NOT NULL,
  `account_type` varchar(20) NOT NULL
) ENGINE=InnoDB AUTO_INCREMENT=40 DEFAULT CHARSET=latin1;

--
-- Dumping data for table `teachers`
--

INSERT INTO `teachers` (`teacher_id`, `account`, `name`, `email`, `account_type`) VALUES
(1, 'LoanNTP', 'LoanNTP', 'LoanNTP@fpt.edu.vn', 'teacher'),
(2, 'TamNT', 'TamNT', 'TamNT@fpt.edu.vn', 'teacher'),
(3, 'DungDV', 'DungDV', 'DungDV@fpt.edu.vn', 'teacher'),
(4, 'NguyenLTT', 'NguyenLTT', 'NguyenLTT@fpt.edu.vn', 'teacher'),
(5, 'HaiNM', 'HaiNM', 'HaiNM@fpt.edu.vn', 'teacher'),
(6, 'DungNT3', 'DungNT3', 'DungNT3@fpt.edu.vn', 'teacher'),
(7, 'ChiLP', 'ChiLP', 'ChiLP@fpt.edu.vn', 'teacher'),
(8, 'DuyDT', 'DuyDT', 'DuyDT@fpt.edu.vn', 'teacher'),
(9, 'CauPD', 'CauPD', 'CauPD@fpt.edu.vn', 'teacher'),
(10, 'VuNH', 'VuNH', 'VuNH@fpt.edu.vn', 'teacher'),
(11, 'TrungNT', 'TrungNT', 'TrungNT@fpt.edu.vn', 'teacher'),
(12, 'TrungTT', 'TrungTT', 'TrungTT@fpt.edu.vn', 'teacher'),
(13, 'NgaNTT', 'NgaNTT', 'NgaNTT@fpt.edu.vn', 'teacher'),
(14, 'LinhLHM', 'LinhLHM', 'LinhLHM@fpt.edu.vn', 'teacher'),
(15, 'ChinhVV', 'ChinhVV', 'ChinhVV@fpt.edu.vn', 'teacher'),
(16, 'HaNS2', 'HaNS2', 'HaNS2@fpt.edu.vn', 'teacher'),
(17, 'DucHM2', 'DucHM2', 'DucHM2@fpt.edu.vn', 'teacher'),
(18, 'NamVX', 'NamVX', 'NamVX@fpt.edu.vn', 'teacher'),
(19, 'QuyenTTL', 'QuyenTTL', 'QuyenTTL@fpt.edu.vn', 'teacher'),
(20, 'NamPT', 'NamPT', 'NamPT@fpt.edu.vn', 'teacher'),
(21, 'HoaiNV', 'HoaiNV', 'HoaiNV@fpt.edu.vn', 'teacher'),
(22, 'LucPT', 'LucPT', 'LucPT@fpt.edu.vn', 'teacher'),
(23, 'LanTV', 'LanTV', 'LanTV@fpt.edu.vn', 'teacher'),
(24, 'SonHX', 'SonHX', 'SonHX@fpt.edu.vn', 'teacher'),
(25, 'HungPD', 'HungPD', 'HungPD@fpt.edu.vn', 'teacher'),
(26, 'HieuLD2', 'HieuLD2', 'HieuLD2@fpt.edu.vn', 'teacher'),
(27, 'CuongN', 'CuongN', 'CuongN@fpt.edu.vn', 'teacher'),
(28, 'CuongN1', 'CuongN1', 'CuongN1@fpt.edu.vn', 'teacher'),
(29, 'CuongN2', 'CuongN2', 'CuongN2@fpt.edu.vn', 'teacher'),
(30, 'TrungDT', 'TrungDT', 'TrungDT@fpt.edu.vn', 'teacher'),
(31, 'MaiVTT', 'MaiVTT', 'MaiVTT@fpt.edu.vn', 'teacher'),
(32, 'VietTK', 'VietTK', 'VietTK@fpt.edu.vn', 'teacher'),
(33, 'HaiDT', 'HaiDT', 'HaiDT@fpt.edu.vn', 'teacher'),
(34, 'CongLT', 'CongLT', 'CongLT@fpt.edu.vn', 'teacher'),
(35, 'ThanhVC', 'ThanhVC', 'ThanhVC@fpt.edu.vn', 'teacher'),
(36, 'HieuTM', 'HieuTM', 'HieuTM@fpt.edu.vn', 'teacher'),
(37, 'HoangNM', 'HoangNM', 'HoangNM@fpt.edu.vn', 'teacher'),
(38, 'MaiTT', 'MaiTT', 'MaiTT@fpt.edu.vn', 'teacher'),
(39, 'CuongDM', 'CuongDM', 'CuongDM@fpt.edu.vn', 'teacher');

-- --------------------------------------------------------

--
-- Table structure for table `teacher_course_semester`
--

DROP TABLE IF EXISTS `teacher_course_semester`;
CREATE TABLE IF NOT EXISTS `teacher_course_semester` (
`teacher_course_semester_id` int(11) NOT NULL,
  `teacher_semester_id` int(11) NOT NULL,
  `course_semester_id` int(11) NOT NULL
) ENGINE=InnoDB AUTO_INCREMENT=618 DEFAULT CHARSET=latin1;

--
-- Dumping data for table `teacher_course_semester`
--

INSERT INTO `teacher_course_semester` (`teacher_course_semester_id`, `teacher_semester_id`, `course_semester_id`) VALUES
(1, 6, 89),
(2, 1, 89),
(3, 2, 89),
(4, 3, 89),
(5, 4, 89),
(6, 5, 89),
(7, 6, 90),
(8, 1, 90),
(9, 2, 90),
(10, 3, 90),
(11, 4, 90),
(12, 5, 90),
(13, 6, 91),
(14, 1, 91),
(15, 2, 91),
(16, 3, 91),
(17, 4, 91),
(18, 5, 91),
(19, 6, 92),
(20, 1, 92),
(21, 2, 92),
(22, 3, 92),
(23, 4, 92),
(24, 5, 92),
(25, 6, 93),
(26, 1, 93),
(27, 2, 93),
(28, 3, 93),
(29, 4, 93),
(30, 5, 93),
(31, 6, 94),
(32, 1, 94),
(33, 2, 94),
(34, 3, 94),
(35, 4, 94),
(36, 5, 94),
(37, 6, 95),
(38, 1, 95),
(39, 2, 95),
(40, 3, 95),
(41, 4, 95),
(42, 5, 95),
(43, 6, 96),
(44, 1, 96),
(45, 2, 96),
(46, 3, 96),
(47, 4, 96),
(48, 5, 96),
(49, 6, 97),
(50, 1, 97),
(51, 2, 97),
(52, 3, 97),
(53, 4, 97),
(54, 5, 97),
(55, 6, 98),
(56, 1, 98),
(57, 2, 98),
(58, 3, 98),
(59, 4, 98),
(60, 5, 98),
(61, 6, 99),
(62, 1, 99),
(63, 2, 99),
(64, 3, 99),
(65, 4, 99),
(66, 5, 99),
(67, 6, 100),
(68, 1, 100),
(69, 2, 100),
(70, 3, 100),
(71, 4, 100),
(72, 5, 100),
(73, 6, 101),
(74, 1, 101),
(75, 2, 101),
(76, 3, 101),
(77, 4, 101),
(78, 5, 101),
(79, 6, 102),
(80, 1, 102),
(81, 2, 102),
(82, 3, 102),
(83, 4, 102),
(84, 5, 102),
(85, 6, 103),
(86, 1, 103),
(87, 2, 103),
(88, 3, 103),
(89, 4, 103),
(90, 5, 103),
(91, 6, 104),
(92, 1, 104),
(93, 2, 104),
(94, 3, 104),
(95, 4, 104),
(96, 5, 104),
(97, 6, 105),
(98, 1, 105),
(99, 2, 105),
(100, 3, 105),
(101, 4, 105),
(102, 5, 105),
(103, 6, 106),
(104, 1, 106),
(105, 2, 106),
(106, 3, 106),
(107, 4, 106),
(108, 5, 106),
(109, 6, 107),
(110, 1, 107),
(111, 2, 107),
(112, 3, 107),
(113, 4, 107),
(114, 5, 107),
(115, 6, 108),
(116, 1, 108),
(117, 2, 108),
(118, 3, 108),
(119, 4, 108),
(120, 5, 108),
(121, 6, 109),
(122, 1, 109),
(123, 2, 109),
(124, 3, 109),
(125, 4, 109),
(126, 5, 109),
(127, 6, 110),
(128, 1, 110),
(129, 2, 110),
(130, 3, 110),
(131, 4, 110),
(132, 5, 110),
(133, 6, 111),
(134, 1, 111),
(135, 2, 111),
(136, 3, 111),
(137, 4, 111),
(138, 5, 111),
(139, 6, 112),
(140, 1, 112),
(141, 2, 112),
(142, 3, 112),
(143, 4, 112),
(144, 5, 112),
(145, 6, 113),
(146, 1, 113),
(147, 2, 113),
(148, 3, 113),
(149, 4, 113),
(150, 5, 113),
(151, 6, 114),
(152, 1, 114),
(153, 2, 114),
(154, 3, 114),
(155, 4, 114),
(156, 5, 114),
(157, 6, 115),
(158, 1, 115),
(159, 2, 115),
(160, 3, 115),
(161, 4, 115),
(162, 5, 115),
(163, 6, 116),
(164, 1, 116),
(165, 2, 116),
(166, 3, 116),
(167, 4, 116),
(168, 5, 116),
(169, 6, 117),
(170, 1, 117),
(171, 2, 117),
(172, 3, 117),
(173, 4, 117),
(174, 5, 117),
(175, 6, 118),
(176, 1, 118),
(177, 2, 118),
(178, 3, 118),
(179, 4, 118),
(180, 5, 118),
(181, 6, 119),
(182, 1, 119),
(183, 2, 119),
(184, 3, 119),
(185, 4, 119),
(186, 5, 119),
(187, 6, 120),
(188, 1, 120),
(189, 2, 120),
(190, 3, 120),
(191, 4, 120),
(192, 5, 120),
(193, 6, 121),
(194, 1, 121),
(195, 2, 121),
(196, 3, 121),
(197, 4, 121),
(198, 5, 121),
(199, 6, 122),
(200, 1, 122),
(201, 2, 122),
(202, 3, 122),
(203, 4, 122),
(204, 5, 122),
(205, 7, 123),
(206, 8, 123),
(207, 9, 123),
(208, 10, 123),
(209, 7, 124),
(210, 8, 124),
(211, 9, 124),
(212, 10, 124),
(213, 7, 125),
(214, 8, 125),
(215, 9, 125),
(216, 10, 125),
(217, 7, 126),
(218, 8, 126),
(219, 9, 126),
(220, 10, 126),
(221, 7, 127),
(222, 8, 127),
(223, 9, 127),
(224, 10, 127),
(225, 7, 128),
(226, 8, 128),
(227, 9, 128),
(228, 10, 128),
(229, 7, 129),
(230, 8, 129),
(231, 9, 129),
(232, 10, 129),
(233, 7, 130),
(234, 8, 130),
(235, 9, 130),
(236, 10, 130),
(237, 7, 131),
(238, 8, 131),
(239, 9, 131),
(240, 10, 131),
(241, 7, 132),
(242, 8, 132),
(243, 9, 132),
(244, 10, 132),
(245, 7, 133),
(246, 8, 133),
(247, 9, 133),
(248, 10, 133),
(249, 7, 134),
(250, 8, 134),
(251, 9, 134),
(252, 10, 134),
(253, 7, 135),
(254, 8, 135),
(255, 9, 135),
(256, 10, 135),
(257, 7, 136),
(258, 8, 136),
(259, 9, 136),
(260, 10, 136),
(261, 7, 137),
(262, 8, 137),
(263, 9, 137),
(264, 10, 137),
(265, 7, 138),
(266, 8, 138),
(267, 9, 138),
(268, 10, 138),
(269, 7, 139),
(270, 8, 139),
(271, 9, 139),
(272, 10, 139),
(273, 7, 140),
(274, 8, 140),
(275, 9, 140),
(276, 10, 140),
(277, 7, 141),
(278, 8, 141),
(279, 9, 141),
(280, 10, 141),
(281, 11, 142),
(282, 12, 142),
(283, 11, 143),
(284, 12, 143),
(285, 11, 144),
(286, 12, 144),
(287, 11, 145),
(288, 12, 145),
(289, 11, 146),
(290, 12, 146),
(291, 13, 147),
(292, 14, 147),
(293, 15, 147),
(294, 13, 148),
(295, 14, 148),
(296, 15, 148),
(297, 13, 149),
(298, 14, 149),
(299, 15, 149),
(300, 13, 150),
(301, 14, 150),
(302, 15, 150),
(303, 13, 151),
(304, 14, 151),
(305, 15, 151),
(306, 13, 152),
(307, 14, 152),
(308, 15, 152),
(309, 13, 153),
(310, 14, 153),
(311, 15, 153),
(312, 13, 154),
(313, 14, 154),
(314, 15, 154),
(315, 16, 155),
(316, 17, 155),
(317, 16, 156),
(318, 17, 156),
(319, 18, 157),
(320, 19, 157),
(321, 20, 157),
(322, 18, 158),
(323, 19, 158),
(324, 20, 158),
(325, 18, 159),
(326, 19, 159),
(327, 20, 159),
(328, 18, 160),
(329, 19, 160),
(330, 20, 160),
(331, 18, 161),
(332, 19, 161),
(333, 20, 161),
(334, 18, 162),
(335, 19, 162),
(336, 20, 162),
(337, 18, 163),
(338, 19, 163),
(339, 20, 163),
(340, 18, 164),
(341, 19, 164),
(342, 20, 164),
(343, 18, 165),
(344, 19, 165),
(345, 20, 165),
(346, 18, 166),
(347, 19, 166),
(348, 20, 166),
(349, 18, 167),
(350, 19, 167),
(351, 20, 167),
(352, 18, 168),
(353, 19, 168),
(354, 20, 168),
(355, 18, 169),
(356, 19, 169),
(357, 20, 169),
(358, 18, 170),
(359, 19, 170),
(360, 20, 170),
(361, 18, 171),
(362, 19, 171),
(363, 20, 171),
(364, 18, 172),
(365, 19, 172),
(366, 20, 172),
(367, 18, 173),
(368, 19, 173),
(369, 20, 173),
(370, 18, 174),
(371, 19, 174),
(372, 20, 174),
(373, 18, 175),
(374, 19, 175),
(375, 20, 175),
(376, 18, 176),
(377, 19, 176),
(378, 20, 176),
(379, 18, 177),
(380, 19, 177),
(381, 20, 177),
(382, 21, 178),
(383, 22, 178),
(384, 21, 179),
(385, 22, 179),
(386, 21, 180),
(387, 22, 180),
(388, 23, 181),
(389, 24, 181),
(390, 25, 181),
(391, 26, 181),
(392, 23, 182),
(393, 24, 182),
(394, 25, 182),
(395, 26, 182),
(396, 23, 183),
(397, 24, 183),
(398, 25, 183),
(399, 26, 183),
(400, 23, 184),
(401, 24, 184),
(402, 25, 184),
(403, 26, 184),
(404, 23, 185),
(405, 24, 185),
(406, 25, 185),
(407, 26, 185),
(408, 23, 186),
(409, 24, 186),
(410, 25, 186),
(411, 26, 186),
(412, 23, 187),
(413, 24, 187),
(414, 25, 187),
(415, 26, 187),
(416, 23, 188),
(417, 24, 188),
(418, 25, 188),
(419, 26, 188),
(420, 23, 189),
(421, 24, 189),
(422, 25, 189),
(423, 26, 189),
(424, 23, 190),
(425, 24, 190),
(426, 25, 190),
(427, 26, 190),
(428, 23, 191),
(429, 24, 191),
(430, 25, 191),
(431, 26, 191),
(432, 23, 192),
(433, 24, 192),
(434, 25, 192),
(435, 26, 192),
(436, 23, 193),
(437, 24, 193),
(438, 25, 193),
(439, 26, 193),
(440, 23, 194),
(441, 24, 194),
(442, 25, 194),
(443, 26, 194),
(444, 23, 195),
(445, 24, 195),
(446, 25, 195),
(447, 26, 195),
(448, 23, 196),
(449, 24, 196),
(450, 25, 196),
(451, 26, 196),
(452, 23, 197),
(453, 24, 197),
(454, 25, 197),
(455, 26, 197),
(456, 23, 198),
(457, 24, 198),
(458, 25, 198),
(459, 26, 198),
(460, 23, 199),
(461, 24, 199),
(462, 25, 199),
(463, 26, 199),
(464, 27, 200),
(465, 28, 200),
(466, 29, 200),
(467, 27, 201),
(468, 28, 201),
(469, 29, 201),
(470, 27, 202),
(471, 28, 202),
(472, 29, 202),
(473, 27, 203),
(474, 28, 203),
(475, 29, 203),
(476, 27, 204),
(477, 28, 204),
(478, 29, 204),
(479, 27, 205),
(480, 28, 205),
(481, 29, 205),
(482, 27, 206),
(483, 28, 206),
(484, 29, 206),
(485, 27, 207),
(486, 28, 207),
(487, 29, 207),
(488, 27, 208),
(489, 28, 208),
(490, 29, 208),
(491, 27, 209),
(492, 28, 209),
(493, 29, 209),
(494, 27, 210),
(495, 28, 210),
(496, 29, 210),
(497, 27, 211),
(498, 28, 211),
(499, 29, 211),
(500, 27, 212),
(501, 28, 212),
(502, 29, 212),
(503, 27, 213),
(504, 28, 213),
(505, 29, 213),
(506, 27, 214),
(507, 28, 214),
(508, 29, 214),
(509, 30, 215),
(510, 31, 215),
(511, 32, 215),
(512, 30, 216),
(513, 31, 216),
(514, 32, 216),
(515, 30, 217),
(516, 31, 217),
(517, 32, 217),
(518, 30, 218),
(519, 31, 218),
(520, 32, 218),
(521, 30, 219),
(522, 31, 219),
(523, 32, 219),
(524, 30, 220),
(525, 31, 220),
(526, 32, 220),
(527, 30, 221),
(528, 31, 221),
(529, 32, 221),
(530, 30, 222),
(531, 31, 222),
(532, 32, 222),
(533, 33, 223),
(534, 34, 223),
(535, 35, 223),
(536, 36, 223),
(537, 37, 223),
(538, 33, 224),
(539, 34, 224),
(540, 35, 224),
(541, 36, 224),
(542, 37, 224),
(543, 33, 225),
(544, 34, 225),
(545, 35, 225),
(546, 36, 225),
(547, 37, 225),
(548, 33, 226),
(549, 34, 226),
(550, 35, 226),
(551, 36, 226),
(552, 37, 226),
(553, 33, 227),
(554, 34, 227),
(555, 35, 227),
(556, 36, 227),
(557, 37, 227),
(558, 33, 228),
(559, 34, 228),
(560, 35, 228),
(561, 36, 228),
(562, 37, 228),
(563, 33, 229),
(564, 34, 229),
(565, 35, 229),
(566, 36, 229),
(567, 37, 229),
(568, 33, 230),
(569, 34, 230),
(570, 35, 230),
(571, 36, 230),
(572, 37, 230),
(573, 33, 231),
(574, 34, 231),
(575, 35, 231),
(576, 36, 231),
(577, 37, 231),
(578, 33, 232),
(579, 34, 232),
(580, 35, 232),
(581, 36, 232),
(582, 37, 232),
(583, 33, 233),
(584, 34, 233),
(585, 35, 233),
(586, 36, 233),
(587, 37, 233),
(588, 33, 234),
(589, 34, 234),
(590, 35, 234),
(591, 36, 234),
(592, 37, 234),
(593, 33, 235),
(594, 34, 235),
(595, 35, 235),
(596, 36, 235),
(597, 37, 235),
(598, 33, 236),
(599, 34, 236),
(600, 35, 236),
(601, 36, 236),
(602, 37, 236),
(603, 33, 237),
(604, 34, 237),
(605, 35, 237),
(606, 36, 237),
(607, 37, 237),
(608, 33, 238),
(609, 34, 238),
(610, 35, 238),
(611, 36, 238),
(612, 37, 238),
(613, 5, 239),
(614, 38, 239),
(615, 5, 240),
(616, 38, 240),
(617, 39, 241);

-- --------------------------------------------------------

--
-- Table structure for table `teacher_semester`
--

DROP TABLE IF EXISTS `teacher_semester`;
CREATE TABLE IF NOT EXISTS `teacher_semester` (
`teacher_semester_id` int(11) NOT NULL,
  `teacher_id` int(11) NOT NULL,
  `semester_id` int(11) NOT NULL
) ENGINE=InnoDB AUTO_INCREMENT=40 DEFAULT CHARSET=latin1;

--
-- Dumping data for table `teacher_semester`
--

INSERT INTO `teacher_semester` (`teacher_semester_id`, `teacher_id`, `semester_id`) VALUES
(1, 1, 1),
(2, 2, 1),
(3, 3, 1),
(4, 4, 1),
(5, 5, 1),
(6, 6, 1),
(7, 7, 1),
(8, 8, 1),
(9, 9, 1),
(10, 10, 1),
(11, 11, 1),
(12, 12, 1),
(13, 13, 1),
(14, 14, 1),
(15, 15, 1),
(16, 16, 1),
(17, 17, 1),
(18, 18, 1),
(19, 19, 1),
(20, 20, 1),
(21, 21, 1),
(22, 22, 1),
(23, 23, 1),
(24, 24, 1),
(25, 25, 1),
(26, 26, 1),
(27, 27, 1),
(28, 28, 1),
(29, 29, 1),
(30, 30, 1),
(31, 31, 1),
(32, 32, 1),
(33, 33, 1),
(34, 34, 1),
(35, 35, 1),
(36, 36, 1),
(37, 37, 1),
(38, 38, 1),
(39, 39, 1);

-- --------------------------------------------------------

--
-- Table structure for table `time_table`
--

DROP TABLE IF EXISTS `time_table`;
CREATE TABLE IF NOT EXISTS `time_table` (
`time_table_id` int(11) NOT NULL,
  `class_course_semester_id` int(11) NOT NULL,
  `date` date NOT NULL,
  `slot` int(11) NOT NULL,
  `room_id` int(11) DEFAULT NULL,
  `teacher_semester_id` int(11) DEFAULT NULL
) ENGINE=InnoDB DEFAULT CHARSET=latin1;

--
-- Indexes for dumped tables
--

--
-- Indexes for table `buildings`
--
ALTER TABLE `buildings`
 ADD PRIMARY KEY (`building_id`);

--
-- Indexes for table `classes`
--
ALTER TABLE `classes`
 ADD PRIMARY KEY (`class_id`), ADD UNIQUE KEY `code` (`code`), ADD KEY `specialized_id` (`specialized_id`), ADD KEY `course_id` (`course_id`), ADD KEY `detail_specialized_id` (`detail_specialized_id`);

--
-- Indexes for table `class_course_semester`
--
ALTER TABLE `class_course_semester`
 ADD PRIMARY KEY (`class_course_semester_id`), ADD UNIQUE KEY `class_course_semester_idx` (`class_semester_id`,`course_semester_id`), ADD KEY `class_semester_id` (`class_semester_id`), ADD KEY `course_semester_id` (`course_semester_id`);

--
-- Indexes for table `class_course_semester_merge`
--
ALTER TABLE `class_course_semester_merge`
 ADD PRIMARY KEY (`class_course_semester_merge_id`), ADD KEY `class_course_semester_id_1` (`class_course_semester_id_1`), ADD KEY `class_course_semester_id_2` (`class_course_semester_id_2`);

--
-- Indexes for table `class_course_student_semester`
--
ALTER TABLE `class_course_student_semester`
 ADD PRIMARY KEY (`class_course_student_semester_id`), ADD UNIQUE KEY `class_course_student_semester_idx` (`class_course_semester_id`,`student_id`), ADD KEY `class_course_semester_id` (`class_course_semester_id`), ADD KEY `student_id` (`student_id`);

--
-- Indexes for table `class_course_teacher_semester`
--
ALTER TABLE `class_course_teacher_semester`
 ADD PRIMARY KEY (`class_course_teacher_semester_id`), ADD KEY `class_semester_id` (`class_semester_id`), ADD KEY `course_semester_id` (`course_semester_id`), ADD KEY `teacher_semester_id` (`teacher_semester_id`);

--
-- Indexes for table `class_semester`
--
ALTER TABLE `class_semester`
 ADD PRIMARY KEY (`class_semester_id`), ADD UNIQUE KEY `class_id` (`class_id`,`semester_id`), ADD KEY `semester_id` (`semester_id`);

--
-- Indexes for table `courses`
--
ALTER TABLE `courses`
 ADD PRIMARY KEY (`course_id`), ADD UNIQUE KEY `code` (`code`), ADD KEY `department_id` (`department_id`);

--
-- Indexes for table `course_semester`
--
ALTER TABLE `course_semester`
 ADD PRIMARY KEY (`course_semester_id`), ADD UNIQUE KEY `my_idx` (`course_id`,`semester_id`), ADD KEY `course_condition_id` (`course_condition_id`), ADD KEY `course_id` (`course_id`), ADD KEY `semester_id` (`semester_id`);

--
-- Indexes for table `department`
--
ALTER TABLE `department`
 ADD PRIMARY KEY (`department_id`), ADD UNIQUE KEY `code` (`code`);

--
-- Indexes for table `program_semester`
--
ALTER TABLE `program_semester`
 ADD PRIMARY KEY (`program_semester_id`), ADD UNIQUE KEY `semester_id_2` (`semester_id`,`current_semester`,`specialized_id`,`detail_specialized_id`), ADD KEY `semester_id` (`semester_id`), ADD KEY `specialized_id` (`specialized_id`), ADD KEY `detail_specialized_id` (`detail_specialized_id`);

--
-- Indexes for table `program_semester_detail`
--
ALTER TABLE `program_semester_detail`
 ADD PRIMARY KEY (`program_semester_detail_id`), ADD UNIQUE KEY `program_semester_id_2` (`program_semester_id`,`course_semester_id`), ADD KEY `program_semester_id` (`program_semester_id`), ADD KEY `course_semester_id` (`course_semester_id`);

--
-- Indexes for table `rooms`
--
ALTER TABLE `rooms`
 ADD PRIMARY KEY (`room_id`), ADD UNIQUE KEY `code` (`code`), ADD KEY `building_id` (`building_id`);

--
-- Indexes for table `semesters`
--
ALTER TABLE `semesters`
 ADD PRIMARY KEY (`semester_id`), ADD UNIQUE KEY `code` (`code`);

--
-- Indexes for table `specialized`
--
ALTER TABLE `specialized`
 ADD PRIMARY KEY (`specialized_id`), ADD UNIQUE KEY `code` (`code`);

--
-- Indexes for table `staff`
--
ALTER TABLE `staff`
 ADD PRIMARY KEY (`staff_id`), ADD UNIQUE KEY `account` (`account`,`email`);

--
-- Indexes for table `students`
--
ALTER TABLE `students`
 ADD PRIMARY KEY (`student_id`), ADD UNIQUE KEY `account` (`account`,`email`,`student_code`), ADD KEY `class_semester_id` (`class_semester_id`), ADD KEY `specialized_id` (`specialized_id`), ADD KEY `detail_specialized_id` (`detail_specialized_id`);

--
-- Indexes for table `teachers`
--
ALTER TABLE `teachers`
 ADD PRIMARY KEY (`teacher_id`), ADD UNIQUE KEY `account` (`account`), ADD UNIQUE KEY `email` (`email`);

--
-- Indexes for table `teacher_course_semester`
--
ALTER TABLE `teacher_course_semester`
 ADD PRIMARY KEY (`teacher_course_semester_id`), ADD KEY `course_semester_id` (`course_semester_id`), ADD KEY `teacher_semester_id` (`teacher_semester_id`);

--
-- Indexes for table `teacher_semester`
--
ALTER TABLE `teacher_semester`
 ADD PRIMARY KEY (`teacher_semester_id`), ADD UNIQUE KEY `teacher_id` (`teacher_id`,`semester_id`), ADD KEY `semester_id` (`semester_id`);

--
-- Indexes for table `time_table`
--
ALTER TABLE `time_table`
 ADD PRIMARY KEY (`time_table_id`), ADD UNIQUE KEY `date` (`date`,`slot`,`class_course_semester_id`), ADD KEY `class_course_semester_id` (`class_course_semester_id`), ADD KEY `room_id` (`room_id`), ADD KEY `teacher_id` (`teacher_semester_id`);

--
-- AUTO_INCREMENT for dumped tables
--

--
-- AUTO_INCREMENT for table `buildings`
--
ALTER TABLE `buildings`
MODIFY `building_id` int(11) NOT NULL AUTO_INCREMENT,AUTO_INCREMENT=3;
--
-- AUTO_INCREMENT for table `classes`
--
ALTER TABLE `classes`
MODIFY `class_id` int(11) NOT NULL AUTO_INCREMENT,AUTO_INCREMENT=245;
--
-- AUTO_INCREMENT for table `class_course_semester`
--
ALTER TABLE `class_course_semester`
MODIFY `class_course_semester_id` int(11) NOT NULL AUTO_INCREMENT,AUTO_INCREMENT=1601;
--
-- AUTO_INCREMENT for table `class_course_semester_merge`
--
ALTER TABLE `class_course_semester_merge`
MODIFY `class_course_semester_merge_id` int(11) NOT NULL AUTO_INCREMENT;
--
-- AUTO_INCREMENT for table `class_course_student_semester`
--
ALTER TABLE `class_course_student_semester`
MODIFY `class_course_student_semester_id` int(11) NOT NULL AUTO_INCREMENT,AUTO_INCREMENT=24156;
--
-- AUTO_INCREMENT for table `class_course_teacher_semester`
--
ALTER TABLE `class_course_teacher_semester`
MODIFY `class_course_teacher_semester_id` int(11) NOT NULL AUTO_INCREMENT;
--
-- AUTO_INCREMENT for table `class_semester`
--
ALTER TABLE `class_semester`
MODIFY `class_semester_id` int(11) NOT NULL AUTO_INCREMENT,AUTO_INCREMENT=370;
--
-- AUTO_INCREMENT for table `courses`
--
ALTER TABLE `courses`
MODIFY `course_id` int(11) NOT NULL AUTO_INCREMENT,AUTO_INCREMENT=248;
--
-- AUTO_INCREMENT for table `course_semester`
--
ALTER TABLE `course_semester`
MODIFY `course_semester_id` int(11) NOT NULL AUTO_INCREMENT,AUTO_INCREMENT=247;
--
-- AUTO_INCREMENT for table `department`
--
ALTER TABLE `department`
MODIFY `department_id` int(11) NOT NULL AUTO_INCREMENT,AUTO_INCREMENT=14;
--
-- AUTO_INCREMENT for table `program_semester`
--
ALTER TABLE `program_semester`
MODIFY `program_semester_id` int(11) NOT NULL AUTO_INCREMENT,AUTO_INCREMENT=597;
--
-- AUTO_INCREMENT for table `program_semester_detail`
--
ALTER TABLE `program_semester_detail`
MODIFY `program_semester_detail_id` int(11) NOT NULL AUTO_INCREMENT,AUTO_INCREMENT=2579;
--
-- AUTO_INCREMENT for table `rooms`
--
ALTER TABLE `rooms`
MODIFY `room_id` int(11) NOT NULL AUTO_INCREMENT,AUTO_INCREMENT=50;
--
-- AUTO_INCREMENT for table `semesters`
--
ALTER TABLE `semesters`
MODIFY `semester_id` int(11) NOT NULL AUTO_INCREMENT,AUTO_INCREMENT=2;
--
-- AUTO_INCREMENT for table `specialized`
--
ALTER TABLE `specialized`
MODIFY `specialized_id` int(11) NOT NULL AUTO_INCREMENT,AUTO_INCREMENT=14;
--
-- AUTO_INCREMENT for table `staff`
--
ALTER TABLE `staff`
MODIFY `staff_id` int(11) NOT NULL AUTO_INCREMENT,AUTO_INCREMENT=3;
--
-- AUTO_INCREMENT for table `students`
--
ALTER TABLE `students`
MODIFY `student_id` int(11) NOT NULL AUTO_INCREMENT,AUTO_INCREMENT=3640;
--
-- AUTO_INCREMENT for table `teachers`
--
ALTER TABLE `teachers`
MODIFY `teacher_id` int(11) NOT NULL AUTO_INCREMENT,AUTO_INCREMENT=40;
--
-- AUTO_INCREMENT for table `teacher_course_semester`
--
ALTER TABLE `teacher_course_semester`
MODIFY `teacher_course_semester_id` int(11) NOT NULL AUTO_INCREMENT,AUTO_INCREMENT=618;
--
-- AUTO_INCREMENT for table `teacher_semester`
--
ALTER TABLE `teacher_semester`
MODIFY `teacher_semester_id` int(11) NOT NULL AUTO_INCREMENT,AUTO_INCREMENT=40;
--
-- AUTO_INCREMENT for table `time_table`
--
ALTER TABLE `time_table`
MODIFY `time_table_id` int(11) NOT NULL AUTO_INCREMENT;
--
-- Constraints for dumped tables
--

--
-- Constraints for table `classes`
--
ALTER TABLE `classes`
ADD CONSTRAINT `classes_ibfk_1` FOREIGN KEY (`specialized_id`) REFERENCES `specialized` (`specialized_id`),
ADD CONSTRAINT `classes_ibfk_2` FOREIGN KEY (`course_id`) REFERENCES `courses` (`course_id`),
ADD CONSTRAINT `classes_ibfk_3` FOREIGN KEY (`detail_specialized_id`) REFERENCES `specialized` (`specialized_id`);

--
-- Constraints for table `class_course_semester`
--
ALTER TABLE `class_course_semester`
ADD CONSTRAINT `class_course_semester_ibfk_1` FOREIGN KEY (`class_semester_id`) REFERENCES `class_semester` (`class_semester_id`),
ADD CONSTRAINT `class_course_semester_ibfk_2` FOREIGN KEY (`course_semester_id`) REFERENCES `course_semester` (`course_semester_id`);

--
-- Constraints for table `class_course_semester_merge`
--
ALTER TABLE `class_course_semester_merge`
ADD CONSTRAINT `class_course_semester_merge_ibfk_1` FOREIGN KEY (`class_course_semester_id_1`) REFERENCES `class_course_semester` (`class_course_semester_id`),
ADD CONSTRAINT `class_course_semester_merge_ibfk_2` FOREIGN KEY (`class_course_semester_id_2`) REFERENCES `class_course_semester` (`class_course_semester_id`);

--
-- Constraints for table `class_course_student_semester`
--
ALTER TABLE `class_course_student_semester`
ADD CONSTRAINT `class_course_student_semester_ibfk_1` FOREIGN KEY (`class_course_semester_id`) REFERENCES `class_course_semester` (`class_course_semester_id`),
ADD CONSTRAINT `class_course_student_semester_ibfk_2` FOREIGN KEY (`student_id`) REFERENCES `students` (`student_id`);

--
-- Constraints for table `class_course_teacher_semester`
--
ALTER TABLE `class_course_teacher_semester`
ADD CONSTRAINT `class_course_teacher_semester_ibfk_1` FOREIGN KEY (`class_semester_id`) REFERENCES `class_semester` (`class_semester_id`),
ADD CONSTRAINT `class_course_teacher_semester_ibfk_2` FOREIGN KEY (`course_semester_id`) REFERENCES `course_semester` (`course_semester_id`),
ADD CONSTRAINT `class_course_teacher_semester_ibfk_3` FOREIGN KEY (`teacher_semester_id`) REFERENCES `teacher_semester` (`teacher_semester_id`);

--
-- Constraints for table `class_semester`
--
ALTER TABLE `class_semester`
ADD CONSTRAINT `class_semester_ibfk_1` FOREIGN KEY (`class_id`) REFERENCES `classes` (`class_id`),
ADD CONSTRAINT `class_semester_ibfk_2` FOREIGN KEY (`semester_id`) REFERENCES `semesters` (`semester_id`);

--
-- Constraints for table `courses`
--
ALTER TABLE `courses`
ADD CONSTRAINT `courses_ibfk_2` FOREIGN KEY (`department_id`) REFERENCES `department` (`department_id`);

--
-- Constraints for table `course_semester`
--
ALTER TABLE `course_semester`
ADD CONSTRAINT `course_semester_ibfk_3` FOREIGN KEY (`course_condition_id`) REFERENCES `courses` (`course_id`),
ADD CONSTRAINT `course_semester_ibfk_4` FOREIGN KEY (`course_id`) REFERENCES `courses` (`course_id`),
ADD CONSTRAINT `course_semester_ibfk_5` FOREIGN KEY (`semester_id`) REFERENCES `semesters` (`semester_id`);

--
-- Constraints for table `program_semester`
--
ALTER TABLE `program_semester`
ADD CONSTRAINT `program_semester_ibfk_1` FOREIGN KEY (`semester_id`) REFERENCES `semesters` (`semester_id`),
ADD CONSTRAINT `program_semester_ibfk_2` FOREIGN KEY (`specialized_id`) REFERENCES `specialized` (`specialized_id`),
ADD CONSTRAINT `program_semester_ibfk_3` FOREIGN KEY (`detail_specialized_id`) REFERENCES `specialized` (`specialized_id`);

--
-- Constraints for table `program_semester_detail`
--
ALTER TABLE `program_semester_detail`
ADD CONSTRAINT `program_semester_detail_ibfk_1` FOREIGN KEY (`program_semester_id`) REFERENCES `program_semester` (`program_semester_id`),
ADD CONSTRAINT `program_semester_detail_ibfk_2` FOREIGN KEY (`course_semester_id`) REFERENCES `course_semester` (`course_semester_id`);

--
-- Constraints for table `rooms`
--
ALTER TABLE `rooms`
ADD CONSTRAINT `rooms_ibfk_1` FOREIGN KEY (`building_id`) REFERENCES `buildings` (`building_id`);

--
-- Constraints for table `students`
--
ALTER TABLE `students`
ADD CONSTRAINT `students_ibfk_1` FOREIGN KEY (`class_semester_id`) REFERENCES `class_semester` (`class_semester_id`),
ADD CONSTRAINT `students_ibfk_2` FOREIGN KEY (`specialized_id`) REFERENCES `specialized` (`specialized_id`),
ADD CONSTRAINT `students_ibfk_3` FOREIGN KEY (`detail_specialized_id`) REFERENCES `specialized` (`specialized_id`);

--
-- Constraints for table `teacher_course_semester`
--
ALTER TABLE `teacher_course_semester`
ADD CONSTRAINT `teacher_course_semester_ibfk_1` FOREIGN KEY (`course_semester_id`) REFERENCES `course_semester` (`course_semester_id`),
ADD CONSTRAINT `teacher_course_semester_ibfk_2` FOREIGN KEY (`teacher_semester_id`) REFERENCES `teacher_semester` (`teacher_semester_id`);

--
-- Constraints for table `teacher_semester`
--
ALTER TABLE `teacher_semester`
ADD CONSTRAINT `teacher_semester_ibfk_1` FOREIGN KEY (`teacher_id`) REFERENCES `teachers` (`teacher_id`),
ADD CONSTRAINT `teacher_semester_ibfk_2` FOREIGN KEY (`semester_id`) REFERENCES `semesters` (`semester_id`);

--
-- Constraints for table `time_table`
--
ALTER TABLE `time_table`
ADD CONSTRAINT `time_table_ibfk_1` FOREIGN KEY (`class_course_semester_id`) REFERENCES `class_course_semester` (`class_course_semester_id`),
ADD CONSTRAINT `time_table_ibfk_2` FOREIGN KEY (`room_id`) REFERENCES `rooms` (`room_id`),
ADD CONSTRAINT `time_table_ibfk_3` FOREIGN KEY (`teacher_semester_id`) REFERENCES `teacher_semester` (`teacher_semester_id`);

/*!40101 SET CHARACTER_SET_CLIENT=@OLD_CHARACTER_SET_CLIENT */;
/*!40101 SET CHARACTER_SET_RESULTS=@OLD_CHARACTER_SET_RESULTS */;
/*!40101 SET COLLATION_CONNECTION=@OLD_COLLATION_CONNECTION */;
