-- phpMyAdmin SQL Dump
-- version 4.2.11
-- http://www.phpmyadmin.net
--
-- Host: 127.0.0.1
-- Generation Time: Aug 24, 2015 at 07:57 PM
-- Server version: 5.6.21
-- PHP Version: 5.6.3

SET SQL_MODE = "NO_AUTO_VALUE_ON_ZERO";
SET time_zone = "+00:00";


/*!40101 SET @OLD_CHARACTER_SET_CLIENT=@@CHARACTER_SET_CLIENT */;
/*!40101 SET @OLD_CHARACTER_SET_RESULTS=@@CHARACTER_SET_RESULTS */;
/*!40101 SET @OLD_COLLATION_CONNECTION=@@COLLATION_CONNECTION */;
/*!40101 SET NAMES utf8 */;

--
-- Database: `academic_portal`
--
CREATE DATABASE IF NOT EXISTS `academic_portal` DEFAULT CHARACTER SET utf8 COLLATE utf8_vietnamese_ci;
USE `academic_portal`;

-- --------------------------------------------------------

--
-- Table structure for table `buildings`
--

DROP TABLE IF EXISTS `buildings`;
CREATE TABLE IF NOT EXISTS `buildings` (
`building_id` int(11) NOT NULL,
  `building_code` varchar(11) COLLATE utf8_vietnamese_ci NOT NULL
) ENGINE=InnoDB AUTO_INCREMENT=5 DEFAULT CHARSET=utf8 COLLATE=utf8_vietnamese_ci;

--
-- Dumping data for table `buildings`
--

INSERT INTO `buildings` (`building_id`, `building_code`) VALUES
(3, 'HB'),
(4, 'GD');

-- --------------------------------------------------------

--
-- Table structure for table `classes`
--

DROP TABLE IF EXISTS `classes`;
CREATE TABLE IF NOT EXISTS `classes` (
`class_id` int(11) NOT NULL,
  `code` varchar(30) NOT NULL,
  `type` varchar(11) NOT NULL,
  `specialized_id` int(11) DEFAULT NULL,
  `detail_specialized_id` int(11) DEFAULT NULL,
  `course_id` int(11) DEFAULT NULL,
  `batch` int(11) DEFAULT NULL,
  `batch_char` varchar(1) DEFAULT NULL,
  `number` int(11) DEFAULT NULL
) ENGINE=InnoDB AUTO_INCREMENT=111 DEFAULT CHARSET=latin1;

--
-- Dumping data for table `classes`
--

INSERT INTO `classes` (`class_id`, `code`, `type`, `specialized_id`, `detail_specialized_id`, `course_id`, `batch`, `batch_char`, `number`) VALUES
(84, 'SE1007', 'Specialized', 1, 1, NULL, 10, 'C', 7),
(85, 'SE1008', 'Specialized', 1, 1, NULL, 10, 'C', 8),
(86, 'SE1009', 'Specialized', 1, 1, NULL, 10, 'C', 9),
(87, 'SE1010', 'Specialized', 1, 1, NULL, 10, 'C', 10),
(88, 'SE1011', 'Specialized', 1, 1, NULL, 10, 'C', 11),
(89, 'SE1012', 'Specialized', 1, 1, NULL, 10, 'C', 12),
(90, 'EC1003', 'Specialized', 1, 8, NULL, 10, 'C', 3),
(91, 'IA1003', 'Specialized', 1, 7, NULL, 10, 'C', 3),
(92, 'SE1004', 'Specialized', 1, 1, NULL, 10, 'B', 4),
(93, 'SE1005', 'Specialized', 1, 1, NULL, 10, 'B', 5),
(94, 'SE1006', 'Specialized', 1, 1, NULL, 10, 'B', 6),
(95, 'IA1002', 'Specialized', 1, 7, NULL, 10, 'B', 2),
(96, 'SE1001', 'Specialized', 1, 1, NULL, 9, 'A', 1),
(97, 'SE1002', 'Specialized', 1, 1, NULL, 9, 'A', 2),
(98, 'SE1003', 'Specialized', 1, 1, NULL, 9, 'A', 3),
(99, 'EC1001', 'Specialized', 1, 8, NULL, 9, 'A', 1),
(100, 'SE0907', 'Specialized', 1, 1, NULL, 9, 'C', 7),
(101, 'SE0908', 'Specialized', 1, 1, NULL, 9, 'C', 8),
(102, 'SE0909', 'Specialized', 1, 1, NULL, 9, 'C', 9),
(103, 'SE0910', 'Specialized', 1, 1, NULL, 9, 'C', 10),
(104, 'SE0911', 'Specialized', 1, 1, NULL, 9, 'C', 11),
(105, 'IA0902', 'Specialized', 1, 7, NULL, 9, 'C', 2),
(106, 'IA0903', 'Specialized', 1, 7, NULL, 9, 'C', 3),
(107, 'SE0904', 'Specialized', 1, 1, NULL, 9, 'B', 4),
(108, 'SE0905', 'Specialized', 1, 1, NULL, 9, 'B', 5),
(109, 'SE0906', 'Specialized', 1, 1, NULL, 9, 'B', 6),
(110, 'IA10901', 'Specialized', 1, 7, NULL, 9, 'B', 1);

-- --------------------------------------------------------

--
-- Table structure for table `class_course_semester`
--

DROP TABLE IF EXISTS `class_course_semester`;
CREATE TABLE IF NOT EXISTS `class_course_semester` (
`class_course_semester_id` int(11) NOT NULL,
  `class_semester_id` int(11) NOT NULL,
  `course_semester_id` int(11) NOT NULL,
  `block_condition` int(11) DEFAULT NULL,
  `is_semester_long` tinyint(1) NOT NULL
) ENGINE=InnoDB AUTO_INCREMENT=726 DEFAULT CHARSET=latin1;

--
-- Dumping data for table `class_course_semester`
--

INSERT INTO `class_course_semester` (`class_course_semester_id`, `class_semester_id`, `course_semester_id`, `block_condition`, `is_semester_long`) VALUES
(321, 81, 243, 0, 0),
(322, 81, 242, 0, 0),
(323, 81, 263, 0, 0),
(324, 81, 251, 0, 0),
(325, 81, 257, 0, 1),
(326, 82, 243, 0, 0),
(327, 82, 242, 0, 0),
(328, 82, 263, 0, 0),
(329, 82, 251, 0, 0),
(330, 82, 257, 0, 1),
(331, 83, 243, 0, 0),
(332, 83, 242, 0, 0),
(333, 83, 263, 0, 0),
(334, 83, 251, 0, 0),
(335, 83, 257, 0, 1),
(336, 84, 243, 0, 0),
(337, 84, 242, 0, 0),
(338, 84, 263, 0, 0),
(339, 84, 251, 0, 0),
(340, 84, 257, 0, 1),
(341, 85, 243, 0, 0),
(342, 85, 242, 0, 0),
(343, 85, 263, 0, 0),
(344, 85, 251, 0, 0),
(345, 85, 257, 0, 1),
(346, 86, 243, 0, 0),
(347, 86, 242, 0, 0),
(348, 86, 263, 0, 0),
(349, 86, 251, 0, 0),
(350, 86, 257, 0, 1),
(351, 87, 263, 0, 0),
(352, 87, 243, 0, 0),
(353, 87, 257, 0, 0),
(354, 87, 251, 0, 0),
(355, 87, 266, 0, 1),
(356, 88, 243, 0, 0),
(357, 88, 242, 0, 0),
(358, 88, 263, 0, 0),
(359, 88, 251, 0, 0),
(360, 88, 257, 0, 1),
(361, 89, 244, 0, 0),
(362, 89, 247, 0, 0),
(363, 89, 275, 0, 0),
(364, 89, 264, 0, 0),
(365, 89, 255, 0, 1),
(366, 90, 244, 0, 0),
(367, 90, 247, 0, 0),
(368, 90, 275, 0, 0),
(369, 90, 264, 0, 0),
(370, 90, 255, 0, 1),
(371, 91, 244, 0, 0),
(372, 91, 247, 0, 0),
(373, 91, 275, 0, 0),
(374, 91, 264, 0, 0),
(375, 91, 255, 0, 1),
(376, 92, 244, 0, 0),
(377, 92, 247, 0, 0),
(378, 92, 275, 0, 0),
(379, 92, 264, 0, 0),
(380, 92, 255, 0, 1),
(381, 93, 260, 0, 0),
(382, 93, 248, 0, 0),
(383, 93, 250, 1, 0),
(384, 93, 252, 1, 0),
(385, 93, 258, 0, 1),
(386, 94, 260, 0, 0),
(387, 94, 248, 0, 0),
(388, 94, 250, 1, 0),
(389, 94, 252, 1, 0),
(390, 94, 258, 0, 1),
(391, 95, 260, 0, 0),
(392, 95, 248, 0, 0),
(393, 95, 250, 1, 0),
(394, 95, 252, 1, 0),
(395, 95, 258, 0, 1),
(396, 96, 256, 0, 0),
(397, 96, 248, 0, 0),
(398, 96, 250, 1, 0),
(399, 96, 252, 1, 0),
(400, 96, 258, 0, 1),
(401, 97, 275, 0, 0),
(402, 97, 249, 0, 0),
(403, 97, 250, 1, 0),
(404, 97, 253, 1, 0),
(405, 97, 262, 0, 1),
(406, 98, 275, 0, 0),
(407, 98, 249, 0, 0),
(408, 98, 250, 1, 0),
(409, 98, 253, 1, 0),
(410, 98, 262, 0, 1),
(411, 99, 275, 0, 0),
(412, 99, 249, 0, 0),
(413, 99, 250, 1, 0),
(414, 99, 253, 1, 0),
(415, 99, 262, 0, 1),
(416, 100, 275, 0, 0),
(417, 100, 249, 0, 0),
(418, 100, 250, 1, 0),
(419, 100, 253, 1, 0),
(420, 100, 262, 0, 1),
(421, 101, 275, 0, 0),
(422, 101, 249, 0, 0),
(423, 101, 250, 1, 0),
(424, 101, 253, 1, 0),
(425, 101, 262, 0, 1),
(426, 102, 246, 0, 0),
(427, 102, 275, 0, 0),
(428, 102, 271, 0, 0),
(429, 102, 253, 1, 0),
(430, 102, 259, 0, 1),
(431, 103, 246, 0, 0),
(432, 103, 275, 0, 0),
(433, 103, 271, 0, 0),
(434, 103, 253, 1, 0),
(435, 103, 259, 0, 1),
(436, 104, 267, 0, 0),
(437, 104, 269, 0, 0),
(438, 104, 261, 0, 0),
(439, 104, 265, 0, 0),
(440, 104, 254, 0, 1),
(441, 105, 267, 0, 0),
(442, 105, 269, 0, 0),
(443, 105, 261, 0, 0),
(444, 105, 265, 0, 0),
(445, 105, 254, 0, 1),
(446, 106, 267, 0, 0),
(447, 106, 269, 0, 0),
(448, 106, 261, 0, 0),
(449, 106, 265, 0, 0),
(450, 106, 254, 0, 1),
(451, 107, 268, 0, 0),
(452, 107, 270, 0, 0),
(453, 107, 272, 0, 0),
(454, 107, 273, 0, 0),
(455, 107, 274, 0, 1),
(591, 135, 312, 0, 0),
(592, 135, 311, 0, 0),
(593, 135, 332, 0, 0),
(594, 135, 320, 0, 0),
(595, 135, 326, 0, 1),
(596, 136, 312, 0, 0),
(597, 136, 311, 0, 0),
(598, 136, 332, 0, 0),
(599, 136, 320, 0, 0),
(600, 136, 326, 0, 1),
(601, 137, 312, 0, 0),
(602, 137, 311, 0, 0),
(603, 137, 332, 0, 0),
(604, 137, 320, 0, 0),
(605, 137, 326, 0, 1),
(606, 138, 312, 0, 0),
(607, 138, 311, 0, 0),
(608, 138, 332, 0, 0),
(609, 138, 320, 0, 0),
(610, 138, 326, 0, 1),
(611, 139, 312, 0, 0),
(612, 139, 311, 0, 0),
(613, 139, 332, 0, 0),
(614, 139, 320, 0, 0),
(615, 139, 326, 0, 1),
(616, 140, 312, 0, 0),
(617, 140, 311, 0, 0),
(618, 140, 332, 0, 0),
(619, 140, 320, 0, 0),
(620, 140, 326, 0, 1),
(621, 141, 332, 0, 0),
(622, 141, 312, 0, 0),
(623, 141, 326, 0, 0),
(624, 141, 320, 0, 0),
(625, 141, 335, 0, 1),
(626, 142, 312, 0, 0),
(627, 142, 311, 0, 0),
(628, 142, 332, 0, 0),
(629, 142, 320, 0, 0),
(630, 142, 326, 0, 1),
(631, 143, 313, 0, 0),
(632, 143, 316, 0, 0),
(633, 143, 314, 0, 0),
(634, 143, 333, 0, 0),
(635, 143, 324, 0, 1),
(636, 144, 313, 0, 0),
(637, 144, 316, 0, 0),
(638, 144, 314, 0, 0),
(639, 144, 333, 0, 0),
(640, 144, 324, 0, 1),
(641, 145, 313, 0, 0),
(642, 145, 316, 0, 0),
(643, 145, 314, 0, 0),
(644, 145, 333, 0, 0),
(645, 145, 324, 0, 1),
(646, 146, 313, 0, 0),
(647, 146, 316, 0, 0),
(648, 146, 344, 0, 0),
(649, 146, 333, 0, 0),
(650, 146, 324, 0, 1),
(651, 147, 329, 0, 0),
(652, 147, 317, 0, 0),
(653, 147, 319, 1, 0),
(654, 147, 321, 1, 0),
(655, 147, 327, 0, 1),
(656, 148, 329, 0, 0),
(657, 148, 317, 0, 0),
(658, 148, 319, 1, 0),
(659, 148, 321, 1, 0),
(660, 148, 327, 0, 1),
(661, 149, 329, 0, 0),
(662, 149, 317, 0, 0),
(663, 149, 319, 1, 0),
(664, 149, 321, 1, 0),
(665, 149, 327, 0, 1),
(666, 150, 325, 0, 0),
(667, 150, 317, 0, 0),
(668, 150, 319, 1, 0),
(669, 150, 321, 1, 0),
(670, 150, 327, 0, 1),
(671, 151, 344, 0, 0),
(672, 151, 318, 0, 0),
(673, 151, 319, 1, 0),
(674, 151, 322, 1, 0),
(675, 151, 331, 0, 1),
(676, 152, 344, 0, 0),
(677, 152, 318, 0, 0),
(678, 152, 319, 1, 0),
(679, 152, 322, 1, 0),
(680, 152, 331, 0, 1),
(681, 153, 344, 0, 0),
(682, 153, 318, 0, 0),
(683, 153, 319, 1, 0),
(684, 153, 322, 1, 0),
(685, 153, 331, 0, 1),
(686, 154, 344, 0, 0),
(687, 154, 318, 0, 0),
(688, 154, 319, 1, 0),
(689, 154, 322, 1, 0),
(690, 154, 331, 0, 1),
(691, 155, 344, 0, 0),
(692, 155, 318, 0, 0),
(693, 155, 319, 1, 0),
(694, 155, 322, 1, 0),
(695, 155, 331, 0, 1),
(696, 156, 315, 0, 0),
(697, 156, 344, 0, 0),
(698, 156, 340, 0, 0),
(699, 156, 322, 1, 0),
(700, 156, 328, 0, 1),
(701, 157, 315, 0, 0),
(702, 157, 344, 0, 0),
(703, 157, 340, 0, 0),
(704, 157, 322, 1, 0),
(705, 157, 328, 0, 1),
(706, 158, 336, 0, 0),
(707, 158, 338, 0, 0),
(708, 158, 330, 1, 0),
(709, 158, 334, 0, 0),
(710, 158, 323, 0, 1),
(711, 159, 336, 0, 0),
(712, 159, 338, 0, 0),
(713, 159, 330, 1, 0),
(714, 159, 334, 0, 0),
(715, 159, 323, 0, 1),
(716, 160, 336, 0, 0),
(717, 160, 338, 0, 0),
(718, 160, 330, 1, 0),
(719, 160, 334, 0, 0),
(720, 160, 323, 0, 1),
(721, 161, 337, 0, 0),
(722, 161, 339, 0, 0),
(723, 161, 341, 0, 0),
(724, 161, 342, 0, 0),
(725, 161, 343, 0, 1);

-- --------------------------------------------------------

--
-- Table structure for table `class_course_semester_merge`
--

DROP TABLE IF EXISTS `class_course_semester_merge`;
CREATE TABLE IF NOT EXISTS `class_course_semester_merge` (
`class_course_semester_merge_id` int(11) NOT NULL,
  `class_course_semester_id_1` int(11) NOT NULL,
  `class_course_semester_id_2` int(11) NOT NULL
) ENGINE=InnoDB AUTO_INCREMENT=243 DEFAULT CHARSET=utf8 COLLATE=utf8_vietnamese_ci;

--
-- Dumping data for table `class_course_semester_merge`
--

INSERT INTO `class_course_semester_merge` (`class_course_semester_merge_id`, `class_course_semester_id_1`, `class_course_semester_id_2`) VALUES
(216, 366, 376),
(217, 367, 377),
(218, 392, 397),
(219, 393, 398),
(220, 394, 399),
(221, 370, 380),
(222, 395, 400),
(223, 369, 379),
(224, 368, 378),
(234, 636, 646),
(235, 637, 647),
(236, 662, 667),
(237, 663, 668),
(238, 664, 669),
(239, 640, 650),
(240, 665, 670),
(241, 639, 649),
(242, 697, 648);

-- --------------------------------------------------------

--
-- Table structure for table `class_course_student_semester`
--

DROP TABLE IF EXISTS `class_course_student_semester`;
CREATE TABLE IF NOT EXISTS `class_course_student_semester` (
`class_course_student_semester_id` int(11) NOT NULL,
  `class_course_semester_id` int(11) NOT NULL,
  `student_id` int(11) NOT NULL
) ENGINE=InnoDB AUTO_INCREMENT=34921 DEFAULT CHARSET=latin1;

--
-- Dumping data for table `class_course_student_semester`
--

INSERT INTO `class_course_student_semester` (`class_course_student_semester_id`, `class_course_semester_id`, `student_id`) VALUES
(28461, 321, 1112),
(28466, 321, 1113),
(28471, 321, 1114),
(28476, 321, 1115),
(28481, 321, 1116),
(28486, 321, 1117),
(28491, 321, 1118),
(28496, 321, 1119),
(28501, 321, 1120),
(28506, 321, 1121),
(28511, 321, 1122),
(28516, 321, 1123),
(28521, 321, 1124),
(28526, 321, 1125),
(28531, 321, 1126),
(28536, 321, 1127),
(28541, 321, 1128),
(28546, 321, 1129),
(28551, 321, 1130),
(28556, 321, 1131),
(28561, 321, 1132),
(28566, 321, 1133),
(28571, 321, 1134),
(28576, 321, 1135),
(28581, 321, 1136),
(28586, 321, 1137),
(28591, 321, 1138),
(28596, 321, 1139),
(28601, 321, 1140),
(28606, 321, 1141),
(28462, 322, 1112),
(28467, 322, 1113),
(28472, 322, 1114),
(28477, 322, 1115),
(28482, 322, 1116),
(28487, 322, 1117),
(28492, 322, 1118),
(28497, 322, 1119),
(28502, 322, 1120),
(28507, 322, 1121),
(28512, 322, 1122),
(28517, 322, 1123),
(28522, 322, 1124),
(28527, 322, 1125),
(28532, 322, 1126),
(28537, 322, 1127),
(28542, 322, 1128),
(28547, 322, 1129),
(28552, 322, 1130),
(28557, 322, 1131),
(28562, 322, 1132),
(28567, 322, 1133),
(28572, 322, 1134),
(28577, 322, 1135),
(28582, 322, 1136),
(28587, 322, 1137),
(28592, 322, 1138),
(28597, 322, 1139),
(28602, 322, 1140),
(28607, 322, 1141),
(28463, 323, 1112),
(28468, 323, 1113),
(28473, 323, 1114),
(28478, 323, 1115),
(28483, 323, 1116),
(28488, 323, 1117),
(28493, 323, 1118),
(28498, 323, 1119),
(28503, 323, 1120),
(28508, 323, 1121),
(28513, 323, 1122),
(28518, 323, 1123),
(28523, 323, 1124),
(28528, 323, 1125),
(28533, 323, 1126),
(28538, 323, 1127),
(28543, 323, 1128),
(28548, 323, 1129),
(28553, 323, 1130),
(28558, 323, 1131),
(28563, 323, 1132),
(28568, 323, 1133),
(28573, 323, 1134),
(28578, 323, 1135),
(28583, 323, 1136),
(28588, 323, 1137),
(28593, 323, 1138),
(28598, 323, 1139),
(28603, 323, 1140),
(28608, 323, 1141),
(28464, 324, 1112),
(28469, 324, 1113),
(28474, 324, 1114),
(28479, 324, 1115),
(28484, 324, 1116),
(28489, 324, 1117),
(28494, 324, 1118),
(28499, 324, 1119),
(28504, 324, 1120),
(28509, 324, 1121),
(28514, 324, 1122),
(28519, 324, 1123),
(28524, 324, 1124),
(28529, 324, 1125),
(28534, 324, 1126),
(28539, 324, 1127),
(28544, 324, 1128),
(28549, 324, 1129),
(28554, 324, 1130),
(28559, 324, 1131),
(28564, 324, 1132),
(28569, 324, 1133),
(28574, 324, 1134),
(28579, 324, 1135),
(28584, 324, 1136),
(28589, 324, 1137),
(28594, 324, 1138),
(28599, 324, 1139),
(28604, 324, 1140),
(28609, 324, 1141),
(28465, 325, 1112),
(28470, 325, 1113),
(28475, 325, 1114),
(28480, 325, 1115),
(28485, 325, 1116),
(28490, 325, 1117),
(28495, 325, 1118),
(28500, 325, 1119),
(28505, 325, 1120),
(28510, 325, 1121),
(28515, 325, 1122),
(28520, 325, 1123),
(28525, 325, 1124),
(28530, 325, 1125),
(28535, 325, 1126),
(28540, 325, 1127),
(28545, 325, 1128),
(28550, 325, 1129),
(28555, 325, 1130),
(28560, 325, 1131),
(28565, 325, 1132),
(28570, 325, 1133),
(28575, 325, 1134),
(28580, 325, 1135),
(28585, 325, 1136),
(28590, 325, 1137),
(28595, 325, 1138),
(28600, 325, 1139),
(28605, 325, 1140),
(28610, 325, 1141),
(28611, 326, 1142),
(28616, 326, 1143),
(28621, 326, 1144),
(28626, 326, 1145),
(28631, 326, 1146),
(28636, 326, 1147),
(28641, 326, 1148),
(28646, 326, 1149),
(28651, 326, 1150),
(28656, 326, 1151),
(28661, 326, 1152),
(28666, 326, 1153),
(28671, 326, 1154),
(28676, 326, 1155),
(28681, 326, 1156),
(28686, 326, 1157),
(28691, 326, 1158),
(28696, 326, 1159),
(28701, 326, 1160),
(28706, 326, 1161),
(28711, 326, 1162),
(28716, 326, 1163),
(28721, 326, 1164),
(28726, 326, 1165),
(28731, 326, 1166),
(28736, 326, 1167),
(28741, 326, 1168),
(28746, 326, 1169),
(28751, 326, 1170),
(28756, 326, 1171),
(28612, 327, 1142),
(28617, 327, 1143),
(28622, 327, 1144),
(28627, 327, 1145),
(28632, 327, 1146),
(28637, 327, 1147),
(28642, 327, 1148),
(28647, 327, 1149),
(28652, 327, 1150),
(28657, 327, 1151),
(28662, 327, 1152),
(28667, 327, 1153),
(28672, 327, 1154),
(28677, 327, 1155),
(28682, 327, 1156),
(28687, 327, 1157),
(28692, 327, 1158),
(28697, 327, 1159),
(28702, 327, 1160),
(28707, 327, 1161),
(28712, 327, 1162),
(28717, 327, 1163),
(28722, 327, 1164),
(28727, 327, 1165),
(28732, 327, 1166),
(28737, 327, 1167),
(28742, 327, 1168),
(28747, 327, 1169),
(28752, 327, 1170),
(28757, 327, 1171),
(28613, 328, 1142),
(28618, 328, 1143),
(28623, 328, 1144),
(28628, 328, 1145),
(28633, 328, 1146),
(28638, 328, 1147),
(28643, 328, 1148),
(28648, 328, 1149),
(28653, 328, 1150),
(28658, 328, 1151),
(28663, 328, 1152),
(28668, 328, 1153),
(28673, 328, 1154),
(28678, 328, 1155),
(28683, 328, 1156),
(28688, 328, 1157),
(28693, 328, 1158),
(28698, 328, 1159),
(28703, 328, 1160),
(28708, 328, 1161),
(28713, 328, 1162),
(28718, 328, 1163),
(28723, 328, 1164),
(28728, 328, 1165),
(28733, 328, 1166),
(28738, 328, 1167),
(28743, 328, 1168),
(28748, 328, 1169),
(28753, 328, 1170),
(28758, 328, 1171),
(28614, 329, 1142),
(28619, 329, 1143),
(28624, 329, 1144),
(28629, 329, 1145),
(28634, 329, 1146),
(28639, 329, 1147),
(28644, 329, 1148),
(28649, 329, 1149),
(28654, 329, 1150),
(28659, 329, 1151),
(28664, 329, 1152),
(28669, 329, 1153),
(28674, 329, 1154),
(28679, 329, 1155),
(28684, 329, 1156),
(28689, 329, 1157),
(28694, 329, 1158),
(28699, 329, 1159),
(28704, 329, 1160),
(28709, 329, 1161),
(28714, 329, 1162),
(28719, 329, 1163),
(28724, 329, 1164),
(28729, 329, 1165),
(28734, 329, 1166),
(28739, 329, 1167),
(28744, 329, 1168),
(28749, 329, 1169),
(28754, 329, 1170),
(28759, 329, 1171),
(28615, 330, 1142),
(28620, 330, 1143),
(28625, 330, 1144),
(28630, 330, 1145),
(28635, 330, 1146),
(28640, 330, 1147),
(28645, 330, 1148),
(28650, 330, 1149),
(28655, 330, 1150),
(28660, 330, 1151),
(28665, 330, 1152),
(28670, 330, 1153),
(28675, 330, 1154),
(28680, 330, 1155),
(28685, 330, 1156),
(28690, 330, 1157),
(28695, 330, 1158),
(28700, 330, 1159),
(28705, 330, 1160),
(28710, 330, 1161),
(28715, 330, 1162),
(28720, 330, 1163),
(28725, 330, 1164),
(28730, 330, 1165),
(28735, 330, 1166),
(28740, 330, 1167),
(28745, 330, 1168),
(28750, 330, 1169),
(28755, 330, 1170),
(28760, 330, 1171),
(28761, 331, 1172),
(28766, 331, 1173),
(28771, 331, 1174),
(28776, 331, 1175),
(28781, 331, 1176),
(28786, 331, 1177),
(28791, 331, 1178),
(28796, 331, 1179),
(28801, 331, 1180),
(28806, 331, 1181),
(28811, 331, 1182),
(28816, 331, 1183),
(28821, 331, 1184),
(28826, 331, 1185),
(28831, 331, 1186),
(28836, 331, 1187),
(28841, 331, 1188),
(28846, 331, 1189),
(28851, 331, 1190),
(28856, 331, 1191),
(28861, 331, 1192),
(28866, 331, 1193),
(28871, 331, 1194),
(28876, 331, 1195),
(28881, 331, 1196),
(28886, 331, 1197),
(28891, 331, 1198),
(28896, 331, 1199),
(28901, 331, 1200),
(28906, 331, 1201),
(28762, 332, 1172),
(28767, 332, 1173),
(28772, 332, 1174),
(28777, 332, 1175),
(28782, 332, 1176),
(28787, 332, 1177),
(28792, 332, 1178),
(28797, 332, 1179),
(28802, 332, 1180),
(28807, 332, 1181),
(28812, 332, 1182),
(28817, 332, 1183),
(28822, 332, 1184),
(28827, 332, 1185),
(28832, 332, 1186),
(28837, 332, 1187),
(28842, 332, 1188),
(28847, 332, 1189),
(28852, 332, 1190),
(28857, 332, 1191),
(28862, 332, 1192),
(28867, 332, 1193),
(28872, 332, 1194),
(28877, 332, 1195),
(28882, 332, 1196),
(28887, 332, 1197),
(28892, 332, 1198),
(28897, 332, 1199),
(28902, 332, 1200),
(28907, 332, 1201),
(28763, 333, 1172),
(28768, 333, 1173),
(28773, 333, 1174),
(28778, 333, 1175),
(28783, 333, 1176),
(28788, 333, 1177),
(28793, 333, 1178),
(28798, 333, 1179),
(28803, 333, 1180),
(28808, 333, 1181),
(28813, 333, 1182),
(28818, 333, 1183),
(28823, 333, 1184),
(28828, 333, 1185),
(28833, 333, 1186),
(28838, 333, 1187),
(28843, 333, 1188),
(28848, 333, 1189),
(28853, 333, 1190),
(28858, 333, 1191),
(28863, 333, 1192),
(28868, 333, 1193),
(28873, 333, 1194),
(28878, 333, 1195),
(28883, 333, 1196),
(28888, 333, 1197),
(28893, 333, 1198),
(28898, 333, 1199),
(28903, 333, 1200),
(28908, 333, 1201),
(28764, 334, 1172),
(28769, 334, 1173),
(28774, 334, 1174),
(28779, 334, 1175),
(28784, 334, 1176),
(28789, 334, 1177),
(28794, 334, 1178),
(28799, 334, 1179),
(28804, 334, 1180),
(28809, 334, 1181),
(28814, 334, 1182),
(28819, 334, 1183),
(28824, 334, 1184),
(28829, 334, 1185),
(28834, 334, 1186),
(28839, 334, 1187),
(28844, 334, 1188),
(28849, 334, 1189),
(28854, 334, 1190),
(28859, 334, 1191),
(28864, 334, 1192),
(28869, 334, 1193),
(28874, 334, 1194),
(28879, 334, 1195),
(28884, 334, 1196),
(28889, 334, 1197),
(28894, 334, 1198),
(28899, 334, 1199),
(28904, 334, 1200),
(28909, 334, 1201),
(28765, 335, 1172),
(28770, 335, 1173),
(28775, 335, 1174),
(28780, 335, 1175),
(28785, 335, 1176),
(28790, 335, 1177),
(28795, 335, 1178),
(28800, 335, 1179),
(28805, 335, 1180),
(28810, 335, 1181),
(28815, 335, 1182),
(28820, 335, 1183),
(28825, 335, 1184),
(28830, 335, 1185),
(28835, 335, 1186),
(28840, 335, 1187),
(28845, 335, 1188),
(28850, 335, 1189),
(28855, 335, 1190),
(28860, 335, 1191),
(28865, 335, 1192),
(28870, 335, 1193),
(28875, 335, 1194),
(28880, 335, 1195),
(28885, 335, 1196),
(28890, 335, 1197),
(28895, 335, 1198),
(28900, 335, 1199),
(28905, 335, 1200),
(28910, 335, 1201),
(28911, 336, 1202),
(28916, 336, 1203),
(28921, 336, 1204),
(28926, 336, 1205),
(28931, 336, 1206),
(28936, 336, 1207),
(28941, 336, 1208),
(28946, 336, 1209),
(28951, 336, 1210),
(28956, 336, 1211),
(28961, 336, 1212),
(28966, 336, 1213),
(28971, 336, 1214),
(28976, 336, 1215),
(28981, 336, 1216),
(28986, 336, 1217),
(28991, 336, 1218),
(28996, 336, 1219),
(29001, 336, 1220),
(29006, 336, 1221),
(29011, 336, 1222),
(29016, 336, 1223),
(29021, 336, 1224),
(29026, 336, 1225),
(29031, 336, 1226),
(29036, 336, 1227),
(29041, 336, 1228),
(29046, 336, 1229),
(29051, 336, 1230),
(29056, 336, 1231),
(28912, 337, 1202),
(28917, 337, 1203),
(28922, 337, 1204),
(28927, 337, 1205),
(28932, 337, 1206),
(28937, 337, 1207),
(28942, 337, 1208),
(28947, 337, 1209),
(28952, 337, 1210),
(28957, 337, 1211),
(28962, 337, 1212),
(28967, 337, 1213),
(28972, 337, 1214),
(28977, 337, 1215),
(28982, 337, 1216),
(28987, 337, 1217),
(28992, 337, 1218),
(28997, 337, 1219),
(29002, 337, 1220),
(29007, 337, 1221),
(29012, 337, 1222),
(29017, 337, 1223),
(29022, 337, 1224),
(29027, 337, 1225),
(29032, 337, 1226),
(29037, 337, 1227),
(29042, 337, 1228),
(29047, 337, 1229),
(29052, 337, 1230),
(29057, 337, 1231),
(28913, 338, 1202),
(28918, 338, 1203),
(28923, 338, 1204),
(28928, 338, 1205),
(28933, 338, 1206),
(28938, 338, 1207),
(28943, 338, 1208),
(28948, 338, 1209),
(28953, 338, 1210),
(28958, 338, 1211),
(28963, 338, 1212),
(28968, 338, 1213),
(28973, 338, 1214),
(28978, 338, 1215),
(28983, 338, 1216),
(28988, 338, 1217),
(28993, 338, 1218),
(28998, 338, 1219),
(29003, 338, 1220),
(29008, 338, 1221),
(29013, 338, 1222),
(29018, 338, 1223),
(29023, 338, 1224),
(29028, 338, 1225),
(29033, 338, 1226),
(29038, 338, 1227),
(29043, 338, 1228),
(29048, 338, 1229),
(29053, 338, 1230),
(29058, 338, 1231),
(28914, 339, 1202),
(28919, 339, 1203),
(28924, 339, 1204),
(28929, 339, 1205),
(28934, 339, 1206),
(28939, 339, 1207),
(28944, 339, 1208),
(28949, 339, 1209),
(28954, 339, 1210),
(28959, 339, 1211),
(28964, 339, 1212),
(28969, 339, 1213),
(28974, 339, 1214),
(28979, 339, 1215),
(28984, 339, 1216),
(28989, 339, 1217),
(28994, 339, 1218),
(28999, 339, 1219),
(29004, 339, 1220),
(29009, 339, 1221),
(29014, 339, 1222),
(29019, 339, 1223),
(29024, 339, 1224),
(29029, 339, 1225),
(29034, 339, 1226),
(29039, 339, 1227),
(29044, 339, 1228),
(29049, 339, 1229),
(29054, 339, 1230),
(29059, 339, 1231),
(28915, 340, 1202),
(28920, 340, 1203),
(28925, 340, 1204),
(28930, 340, 1205),
(28935, 340, 1206),
(28940, 340, 1207),
(28945, 340, 1208),
(28950, 340, 1209),
(28955, 340, 1210),
(28960, 340, 1211),
(28965, 340, 1212),
(28970, 340, 1213),
(28975, 340, 1214),
(28980, 340, 1215),
(28985, 340, 1216),
(28990, 340, 1217),
(28995, 340, 1218),
(29000, 340, 1219),
(29005, 340, 1220),
(29010, 340, 1221),
(29015, 340, 1222),
(29020, 340, 1223),
(29025, 340, 1224),
(29030, 340, 1225),
(29035, 340, 1226),
(29040, 340, 1227),
(29045, 340, 1228),
(29050, 340, 1229),
(29055, 340, 1230),
(29060, 340, 1231),
(29061, 341, 1232),
(29066, 341, 1233),
(29071, 341, 1234),
(29076, 341, 1235),
(29081, 341, 1236),
(29086, 341, 1237),
(29091, 341, 1238),
(29096, 341, 1239),
(29101, 341, 1240),
(29106, 341, 1241),
(29111, 341, 1242),
(29116, 341, 1243),
(29121, 341, 1244),
(29126, 341, 1245),
(29131, 341, 1246),
(29136, 341, 1247),
(29141, 341, 1248),
(29146, 341, 1249),
(29151, 341, 1250),
(29156, 341, 1251),
(29161, 341, 1252),
(29166, 341, 1253),
(29171, 341, 1254),
(29176, 341, 1255),
(29181, 341, 1256),
(29186, 341, 1257),
(29191, 341, 1258),
(29196, 341, 1259),
(29201, 341, 1260),
(29206, 341, 1261),
(29062, 342, 1232),
(29067, 342, 1233),
(29072, 342, 1234),
(29077, 342, 1235),
(29082, 342, 1236),
(29087, 342, 1237),
(29092, 342, 1238),
(29097, 342, 1239),
(29102, 342, 1240),
(29107, 342, 1241),
(29112, 342, 1242),
(29117, 342, 1243),
(29122, 342, 1244),
(29127, 342, 1245),
(29132, 342, 1246),
(29137, 342, 1247),
(29142, 342, 1248),
(29147, 342, 1249),
(29152, 342, 1250),
(29157, 342, 1251),
(29162, 342, 1252),
(29167, 342, 1253),
(29172, 342, 1254),
(29177, 342, 1255),
(29182, 342, 1256),
(29187, 342, 1257),
(29192, 342, 1258),
(29197, 342, 1259),
(29202, 342, 1260),
(29207, 342, 1261),
(29063, 343, 1232),
(29068, 343, 1233),
(29073, 343, 1234),
(29078, 343, 1235),
(29083, 343, 1236),
(29088, 343, 1237),
(29093, 343, 1238),
(29098, 343, 1239),
(29103, 343, 1240),
(29108, 343, 1241),
(29113, 343, 1242),
(29118, 343, 1243),
(29123, 343, 1244),
(29128, 343, 1245),
(29133, 343, 1246),
(29138, 343, 1247),
(29143, 343, 1248),
(29148, 343, 1249),
(29153, 343, 1250),
(29158, 343, 1251),
(29163, 343, 1252),
(29168, 343, 1253),
(29173, 343, 1254),
(29178, 343, 1255),
(29183, 343, 1256),
(29188, 343, 1257),
(29193, 343, 1258),
(29198, 343, 1259),
(29203, 343, 1260),
(29208, 343, 1261),
(29064, 344, 1232),
(29069, 344, 1233),
(29074, 344, 1234),
(29079, 344, 1235),
(29084, 344, 1236),
(29089, 344, 1237),
(29094, 344, 1238),
(29099, 344, 1239),
(29104, 344, 1240),
(29109, 344, 1241),
(29114, 344, 1242),
(29119, 344, 1243),
(29124, 344, 1244),
(29129, 344, 1245),
(29134, 344, 1246),
(29139, 344, 1247),
(29144, 344, 1248),
(29149, 344, 1249),
(29154, 344, 1250),
(29159, 344, 1251),
(29164, 344, 1252),
(29169, 344, 1253),
(29174, 344, 1254),
(29179, 344, 1255),
(29184, 344, 1256),
(29189, 344, 1257),
(29194, 344, 1258),
(29199, 344, 1259),
(29204, 344, 1260),
(29209, 344, 1261),
(29065, 345, 1232),
(29070, 345, 1233),
(29075, 345, 1234),
(29080, 345, 1235),
(29085, 345, 1236),
(29090, 345, 1237),
(29095, 345, 1238),
(29100, 345, 1239),
(29105, 345, 1240),
(29110, 345, 1241),
(29115, 345, 1242),
(29120, 345, 1243),
(29125, 345, 1244),
(29130, 345, 1245),
(29135, 345, 1246),
(29140, 345, 1247),
(29145, 345, 1248),
(29150, 345, 1249),
(29155, 345, 1250),
(29160, 345, 1251),
(29165, 345, 1252),
(29170, 345, 1253),
(29175, 345, 1254),
(29180, 345, 1255),
(29185, 345, 1256),
(29190, 345, 1257),
(29195, 345, 1258),
(29200, 345, 1259),
(29205, 345, 1260),
(29210, 345, 1261),
(29211, 346, 1262),
(29216, 346, 1263),
(29221, 346, 1264),
(29226, 346, 1265),
(29231, 346, 1266),
(29236, 346, 1267),
(29241, 346, 1268),
(29246, 346, 1269),
(29251, 346, 1270),
(29256, 346, 1271),
(29261, 346, 1272),
(29266, 346, 1273),
(29271, 346, 1274),
(29276, 346, 1275),
(29281, 346, 1276),
(29286, 346, 1277),
(29291, 346, 1278),
(29296, 346, 1279),
(29301, 346, 1280),
(29306, 346, 1281),
(29311, 346, 1282),
(29316, 346, 1283),
(29321, 346, 1284),
(29326, 346, 1285),
(29331, 346, 1286),
(29336, 346, 1287),
(29341, 346, 1288),
(29346, 346, 1289),
(29351, 346, 1290),
(29212, 347, 1262),
(29217, 347, 1263),
(29222, 347, 1264),
(29227, 347, 1265),
(29232, 347, 1266),
(29237, 347, 1267),
(29242, 347, 1268),
(29247, 347, 1269),
(29252, 347, 1270),
(29257, 347, 1271),
(29262, 347, 1272),
(29267, 347, 1273),
(29272, 347, 1274),
(29277, 347, 1275),
(29282, 347, 1276),
(29287, 347, 1277),
(29292, 347, 1278),
(29297, 347, 1279),
(29302, 347, 1280),
(29307, 347, 1281),
(29312, 347, 1282),
(29317, 347, 1283),
(29322, 347, 1284),
(29327, 347, 1285),
(29332, 347, 1286),
(29337, 347, 1287),
(29342, 347, 1288),
(29347, 347, 1289),
(29352, 347, 1290),
(29213, 348, 1262),
(29218, 348, 1263),
(29223, 348, 1264),
(29228, 348, 1265),
(29233, 348, 1266),
(29238, 348, 1267),
(29243, 348, 1268),
(29248, 348, 1269),
(29253, 348, 1270),
(29258, 348, 1271),
(29263, 348, 1272),
(29268, 348, 1273),
(29273, 348, 1274),
(29278, 348, 1275),
(29283, 348, 1276),
(29288, 348, 1277),
(29293, 348, 1278),
(29298, 348, 1279),
(29303, 348, 1280),
(29308, 348, 1281),
(29313, 348, 1282),
(29318, 348, 1283),
(29323, 348, 1284),
(29328, 348, 1285),
(29333, 348, 1286),
(29338, 348, 1287),
(29343, 348, 1288),
(29348, 348, 1289),
(29353, 348, 1290),
(29214, 349, 1262),
(29219, 349, 1263),
(29224, 349, 1264),
(29229, 349, 1265),
(29234, 349, 1266),
(29239, 349, 1267),
(29244, 349, 1268),
(29249, 349, 1269),
(29254, 349, 1270),
(29259, 349, 1271),
(29264, 349, 1272),
(29269, 349, 1273),
(29274, 349, 1274),
(29279, 349, 1275),
(29284, 349, 1276),
(29289, 349, 1277),
(29294, 349, 1278),
(29299, 349, 1279),
(29304, 349, 1280),
(29309, 349, 1281),
(29314, 349, 1282),
(29319, 349, 1283),
(29324, 349, 1284),
(29329, 349, 1285),
(29334, 349, 1286),
(29339, 349, 1287),
(29344, 349, 1288),
(29349, 349, 1289),
(29354, 349, 1290),
(29215, 350, 1262),
(29220, 350, 1263),
(29225, 350, 1264),
(29230, 350, 1265),
(29235, 350, 1266),
(29240, 350, 1267),
(29245, 350, 1268),
(29250, 350, 1269),
(29255, 350, 1270),
(29260, 350, 1271),
(29265, 350, 1272),
(29270, 350, 1273),
(29275, 350, 1274),
(29280, 350, 1275),
(29285, 350, 1276),
(29290, 350, 1277),
(29295, 350, 1278),
(29300, 350, 1279),
(29305, 350, 1280),
(29310, 350, 1281),
(29315, 350, 1282),
(29320, 350, 1283),
(29325, 350, 1284),
(29330, 350, 1285),
(29335, 350, 1286),
(29340, 350, 1287),
(29345, 350, 1288),
(29350, 350, 1289),
(29355, 350, 1290),
(31361, 351, 987),
(31366, 351, 988),
(31371, 351, 989),
(31376, 351, 990),
(31381, 351, 991),
(31386, 351, 992),
(31391, 351, 993),
(31396, 351, 994),
(31401, 351, 995),
(31406, 351, 996),
(31411, 351, 997),
(31416, 351, 1014),
(31421, 351, 1015),
(31426, 351, 1016),
(31431, 351, 1017),
(31436, 351, 1018),
(31441, 351, 1019),
(31446, 351, 1020),
(31451, 351, 1021),
(31456, 351, 1022),
(31461, 351, 1023),
(31466, 351, 1024),
(31471, 351, 1025),
(31476, 351, 1026),
(31481, 351, 1027),
(31486, 351, 1028),
(31491, 351, 1029),
(31362, 352, 987),
(31367, 352, 988),
(31372, 352, 989),
(31377, 352, 990),
(31382, 352, 991),
(31387, 352, 992),
(31392, 352, 993),
(31397, 352, 994),
(31402, 352, 995),
(31407, 352, 996),
(31412, 352, 997),
(31417, 352, 1014),
(31422, 352, 1015),
(31427, 352, 1016),
(31432, 352, 1017),
(31437, 352, 1018),
(31442, 352, 1019),
(31447, 352, 1020),
(31452, 352, 1021),
(31457, 352, 1022),
(31462, 352, 1023),
(31467, 352, 1024),
(31472, 352, 1025),
(31477, 352, 1026),
(31482, 352, 1027),
(31487, 352, 1028),
(31492, 352, 1029),
(31363, 353, 987),
(31368, 353, 988),
(31373, 353, 989),
(31378, 353, 990),
(31383, 353, 991),
(31388, 353, 992),
(31393, 353, 993),
(31398, 353, 994),
(31403, 353, 995),
(31408, 353, 996),
(31413, 353, 997),
(31418, 353, 1014),
(31423, 353, 1015),
(31428, 353, 1016),
(31433, 353, 1017),
(31438, 353, 1018),
(31443, 353, 1019),
(31448, 353, 1020),
(31453, 353, 1021),
(31458, 353, 1022),
(31463, 353, 1023),
(31468, 353, 1024),
(31473, 353, 1025),
(31478, 353, 1026),
(31483, 353, 1027),
(31488, 353, 1028),
(31493, 353, 1029),
(31364, 354, 987),
(31369, 354, 988),
(31374, 354, 989),
(31379, 354, 990),
(31384, 354, 991),
(31389, 354, 992),
(31394, 354, 993),
(31399, 354, 994),
(31404, 354, 995),
(31409, 354, 996),
(31414, 354, 997),
(31419, 354, 1014),
(31424, 354, 1015),
(31429, 354, 1016),
(31434, 354, 1017),
(31439, 354, 1018),
(31444, 354, 1019),
(31449, 354, 1020),
(31454, 354, 1021),
(31459, 354, 1022),
(31464, 354, 1023),
(31469, 354, 1024),
(31474, 354, 1025),
(31479, 354, 1026),
(31484, 354, 1027),
(31489, 354, 1028),
(31494, 354, 1029),
(31365, 355, 987),
(31370, 355, 988),
(31375, 355, 989),
(31380, 355, 990),
(31385, 355, 991),
(31390, 355, 992),
(31395, 355, 993),
(31400, 355, 994),
(31405, 355, 995),
(31410, 355, 996),
(31415, 355, 997),
(31420, 355, 1014),
(31425, 355, 1015),
(31430, 355, 1016),
(31435, 355, 1017),
(31440, 355, 1018),
(31445, 355, 1019),
(31450, 355, 1020),
(31455, 355, 1021),
(31460, 355, 1022),
(31465, 355, 1023),
(31470, 355, 1024),
(31475, 355, 1025),
(31480, 355, 1026),
(31485, 355, 1027),
(31490, 355, 1028),
(31495, 355, 1029),
(31611, 356, 998),
(31616, 356, 999),
(31621, 356, 1000),
(31626, 356, 1001),
(31631, 356, 1002),
(31636, 356, 1003),
(31641, 356, 1004),
(31646, 356, 1005),
(31651, 356, 1006),
(31656, 356, 1007),
(31661, 356, 1008),
(31666, 356, 1009),
(31671, 356, 1010),
(31676, 356, 1011),
(31681, 356, 1012),
(31686, 356, 1013),
(31612, 357, 998),
(31617, 357, 999),
(31622, 357, 1000),
(31627, 357, 1001),
(31632, 357, 1002),
(31637, 357, 1003),
(31642, 357, 1004),
(31647, 357, 1005),
(31652, 357, 1006),
(31657, 357, 1007),
(31662, 357, 1008),
(31667, 357, 1009),
(31672, 357, 1010),
(31677, 357, 1011),
(31682, 357, 1012),
(31687, 357, 1013),
(31613, 358, 998),
(31618, 358, 999),
(31623, 358, 1000),
(31628, 358, 1001),
(31633, 358, 1002),
(31638, 358, 1003),
(31643, 358, 1004),
(31648, 358, 1005),
(31653, 358, 1006),
(31658, 358, 1007),
(31663, 358, 1008),
(31668, 358, 1009),
(31673, 358, 1010),
(31678, 358, 1011),
(31683, 358, 1012),
(31688, 358, 1013),
(31614, 359, 998),
(31619, 359, 999),
(31624, 359, 1000),
(31629, 359, 1001),
(31634, 359, 1002),
(31639, 359, 1003),
(31644, 359, 1004),
(31649, 359, 1005),
(31654, 359, 1006),
(31659, 359, 1007),
(31664, 359, 1008),
(31669, 359, 1009),
(31674, 359, 1010),
(31679, 359, 1011),
(31684, 359, 1012),
(31689, 359, 1013),
(31615, 360, 998),
(31620, 360, 999),
(31625, 360, 1000),
(31630, 360, 1001),
(31635, 360, 1002),
(31640, 360, 1003),
(31645, 360, 1004),
(31650, 360, 1005),
(31655, 360, 1006),
(31660, 360, 1007),
(31665, 360, 1008),
(31670, 360, 1009),
(31675, 360, 1010),
(31680, 360, 1011),
(31685, 360, 1012),
(31690, 360, 1013),
(29356, 361, 655),
(29361, 361, 656),
(29366, 361, 661),
(29371, 361, 662),
(29376, 361, 664),
(29381, 361, 667),
(29386, 361, 670),
(29391, 361, 671),
(29396, 361, 674),
(29401, 361, 696),
(29406, 361, 699),
(29411, 361, 709),
(29416, 361, 711),
(29421, 361, 721),
(29426, 361, 737),
(29431, 361, 768),
(29436, 361, 788),
(29441, 361, 928),
(29446, 361, 929),
(29451, 361, 930),
(29456, 361, 931),
(29461, 361, 932),
(29466, 361, 933),
(29471, 361, 934),
(29476, 361, 935),
(29481, 361, 936),
(29486, 361, 937),
(29491, 361, 938),
(29496, 361, 939),
(29501, 361, 940),
(29357, 362, 655),
(29362, 362, 656),
(29367, 362, 661),
(29372, 362, 662),
(29377, 362, 664),
(29382, 362, 667),
(29387, 362, 670),
(29392, 362, 671),
(29397, 362, 674),
(29402, 362, 696),
(29407, 362, 699),
(29412, 362, 709),
(29417, 362, 711),
(29422, 362, 721),
(29427, 362, 737),
(29432, 362, 768),
(29437, 362, 788),
(29442, 362, 928),
(29447, 362, 929),
(29452, 362, 930),
(29457, 362, 931),
(29462, 362, 932),
(29467, 362, 933),
(29472, 362, 934),
(29477, 362, 935),
(29482, 362, 936),
(29487, 362, 937),
(29492, 362, 938),
(29497, 362, 939),
(29502, 362, 940),
(29358, 363, 655),
(29363, 363, 656),
(29368, 363, 661),
(29373, 363, 662),
(29378, 363, 664),
(29383, 363, 667),
(29388, 363, 670),
(29393, 363, 671),
(29398, 363, 674),
(29403, 363, 696),
(29408, 363, 699),
(29413, 363, 709),
(29418, 363, 711),
(29423, 363, 721),
(29428, 363, 737),
(29433, 363, 768),
(29438, 363, 788),
(29443, 363, 928),
(29448, 363, 929),
(29453, 363, 930),
(29458, 363, 931),
(29463, 363, 932),
(29468, 363, 933),
(29473, 363, 934),
(29478, 363, 935),
(29483, 363, 936),
(29488, 363, 937),
(29493, 363, 938),
(29498, 363, 939),
(29503, 363, 940),
(29359, 364, 655),
(29364, 364, 656),
(29369, 364, 661),
(29374, 364, 662),
(29379, 364, 664),
(29384, 364, 667),
(29389, 364, 670),
(29394, 364, 671),
(29399, 364, 674),
(29404, 364, 696),
(29409, 364, 699),
(29414, 364, 709),
(29419, 364, 711),
(29424, 364, 721),
(29429, 364, 737),
(29434, 364, 768),
(29439, 364, 788),
(29444, 364, 928),
(29449, 364, 929),
(29454, 364, 930),
(29459, 364, 931),
(29464, 364, 932),
(29469, 364, 933),
(29474, 364, 934),
(29479, 364, 935),
(29484, 364, 936),
(29489, 364, 937),
(29494, 364, 938),
(29499, 364, 939),
(29504, 364, 940),
(29360, 365, 655),
(29365, 365, 656),
(29370, 365, 661),
(29375, 365, 662),
(29380, 365, 664),
(29385, 365, 667),
(29390, 365, 670),
(29395, 365, 671),
(29400, 365, 674),
(29405, 365, 696),
(29410, 365, 699),
(29415, 365, 709),
(29420, 365, 711),
(29425, 365, 721),
(29430, 365, 737),
(29435, 365, 768),
(29440, 365, 788),
(29445, 365, 928),
(29450, 365, 929),
(29455, 365, 930),
(29460, 365, 931),
(29465, 365, 932),
(29470, 365, 933),
(29475, 365, 934),
(29480, 365, 935),
(29485, 365, 936),
(29490, 365, 937),
(29495, 365, 938),
(29500, 365, 939),
(29505, 365, 940),
(29506, 366, 941),
(29511, 366, 942),
(29516, 366, 943),
(29521, 366, 944),
(29526, 366, 945),
(29531, 366, 946),
(29536, 366, 947),
(29541, 366, 948),
(29546, 366, 949),
(29551, 366, 950),
(29556, 366, 951),
(29561, 366, 952),
(29566, 366, 953),
(29571, 366, 954),
(29576, 366, 955),
(29507, 367, 941),
(29512, 367, 942),
(29517, 367, 943),
(29522, 367, 944),
(29527, 367, 945),
(29532, 367, 946),
(29537, 367, 947),
(29542, 367, 948),
(29547, 367, 949),
(29552, 367, 950),
(29557, 367, 951),
(29562, 367, 952),
(29567, 367, 953),
(29572, 367, 954),
(29577, 367, 955),
(29508, 368, 941),
(29513, 368, 942),
(29518, 368, 943),
(29523, 368, 944),
(29528, 368, 945),
(29533, 368, 946),
(29538, 368, 947),
(29543, 368, 948),
(29548, 368, 949),
(29553, 368, 950),
(29558, 368, 951),
(29563, 368, 952),
(29568, 368, 953),
(29573, 368, 954),
(29578, 368, 955),
(29509, 369, 941),
(29514, 369, 942),
(29519, 369, 943),
(29524, 369, 944),
(29529, 369, 945),
(29534, 369, 946),
(29539, 369, 947),
(29544, 369, 948),
(29549, 369, 949),
(29554, 369, 950),
(29559, 369, 951),
(29564, 369, 952),
(29569, 369, 953),
(29574, 369, 954),
(29579, 369, 955),
(29510, 370, 941),
(29515, 370, 942),
(29520, 370, 943),
(29525, 370, 944),
(29530, 370, 945),
(29535, 370, 946),
(29540, 370, 947),
(29545, 370, 948),
(29550, 370, 949),
(29555, 370, 950),
(29560, 370, 951),
(29565, 370, 952),
(29570, 370, 953),
(29575, 370, 954),
(29580, 370, 955),
(29581, 371, 956),
(29586, 371, 957),
(29591, 371, 958),
(29596, 371, 959),
(29601, 371, 960),
(29606, 371, 961),
(29611, 371, 962),
(29616, 371, 963),
(29621, 371, 964),
(29626, 371, 965),
(29631, 371, 966),
(29636, 371, 967),
(29641, 371, 968),
(29646, 371, 969),
(29651, 371, 970),
(29656, 371, 971),
(29661, 371, 972),
(29666, 371, 973),
(29671, 371, 974),
(29676, 371, 975),
(29681, 371, 977),
(29582, 372, 956),
(29587, 372, 957),
(29592, 372, 958),
(29597, 372, 959),
(29602, 372, 960),
(29607, 372, 961),
(29612, 372, 962),
(29617, 372, 963),
(29622, 372, 964),
(29627, 372, 965),
(29632, 372, 966),
(29637, 372, 967),
(29642, 372, 968),
(29647, 372, 969),
(29652, 372, 970),
(29657, 372, 971),
(29662, 372, 972),
(29667, 372, 973),
(29672, 372, 974),
(29677, 372, 975),
(29682, 372, 977),
(29583, 373, 956),
(29588, 373, 957),
(29593, 373, 958),
(29598, 373, 959),
(29603, 373, 960),
(29608, 373, 961),
(29613, 373, 962),
(29618, 373, 963),
(29623, 373, 964),
(29628, 373, 965),
(29633, 373, 966),
(29638, 373, 967),
(29643, 373, 968),
(29648, 373, 969),
(29653, 373, 970),
(29658, 373, 971),
(29663, 373, 972),
(29668, 373, 973),
(29673, 373, 974),
(29678, 373, 975),
(29683, 373, 977),
(29584, 374, 956),
(29589, 374, 957),
(29594, 374, 958),
(29599, 374, 959),
(29604, 374, 960),
(29609, 374, 961),
(29614, 374, 962),
(29619, 374, 963),
(29624, 374, 964),
(29629, 374, 965),
(29634, 374, 966),
(29639, 374, 967),
(29644, 374, 968),
(29649, 374, 969),
(29654, 374, 970),
(29659, 374, 971),
(29664, 374, 972),
(29669, 374, 973),
(29674, 374, 974),
(29679, 374, 975),
(29684, 374, 977),
(29585, 375, 956),
(29590, 375, 957),
(29595, 375, 958),
(29600, 375, 959),
(29605, 375, 960),
(29610, 375, 961),
(29615, 375, 962),
(29620, 375, 963),
(29625, 375, 964),
(29630, 375, 965),
(29635, 375, 966),
(29640, 375, 967),
(29645, 375, 968),
(29650, 375, 969),
(29655, 375, 970),
(29660, 375, 971),
(29665, 375, 972),
(29670, 375, 973),
(29675, 375, 974),
(29680, 375, 975),
(29685, 375, 977),
(30756, 376, 1030),
(30761, 376, 1031),
(30766, 376, 1032),
(30771, 376, 1033),
(30776, 376, 1034),
(30781, 376, 1035),
(30786, 376, 1036),
(30791, 376, 1037),
(30796, 376, 1038),
(30801, 376, 1039),
(30806, 376, 1040),
(30811, 376, 1041),
(30816, 376, 1042),
(30821, 376, 1043),
(30757, 377, 1030),
(30762, 377, 1031),
(30767, 377, 1032),
(30772, 377, 1033),
(30777, 377, 1034),
(30782, 377, 1035),
(30787, 377, 1036),
(30792, 377, 1037),
(30797, 377, 1038),
(30802, 377, 1039),
(30807, 377, 1040),
(30812, 377, 1041),
(30817, 377, 1042),
(30822, 377, 1043),
(30758, 378, 1030),
(30763, 378, 1031),
(30768, 378, 1032),
(30773, 378, 1033),
(30778, 378, 1034),
(30783, 378, 1035),
(30788, 378, 1036),
(30793, 378, 1037),
(30798, 378, 1038),
(30803, 378, 1039),
(30808, 378, 1040),
(30813, 378, 1041),
(30818, 378, 1042),
(30823, 378, 1043),
(30759, 379, 1030),
(30764, 379, 1031),
(30769, 379, 1032),
(30774, 379, 1033),
(30779, 379, 1034),
(30784, 379, 1035),
(30789, 379, 1036),
(30794, 379, 1037),
(30799, 379, 1038),
(30804, 379, 1039),
(30809, 379, 1040),
(30814, 379, 1041),
(30819, 379, 1042),
(30824, 379, 1043),
(30760, 380, 1030),
(30765, 380, 1031),
(30770, 380, 1032),
(30775, 380, 1033),
(30780, 380, 1034),
(30785, 380, 1035),
(30790, 380, 1036),
(30795, 380, 1037),
(30800, 380, 1038),
(30805, 380, 1039),
(30810, 380, 1040),
(30815, 380, 1041),
(30820, 380, 1042),
(30825, 380, 1043),
(29686, 381, 647),
(29691, 381, 651),
(29696, 381, 657),
(29701, 381, 660),
(29706, 381, 663),
(29711, 381, 665),
(29716, 381, 666),
(29721, 381, 668),
(29726, 381, 669),
(29731, 381, 672),
(29736, 381, 673),
(29741, 381, 675),
(29746, 381, 676),
(29751, 381, 677),
(29756, 381, 678),
(29761, 381, 679),
(29766, 381, 680),
(29771, 381, 681),
(29776, 381, 682),
(29781, 381, 683),
(29786, 381, 684),
(29791, 381, 685),
(29796, 381, 686),
(29801, 381, 687),
(29806, 381, 688),
(29811, 381, 689),
(29816, 381, 690),
(29821, 381, 691),
(29826, 381, 692),
(29831, 381, 693),
(29687, 382, 647),
(29692, 382, 651),
(29697, 382, 657),
(29702, 382, 660),
(29707, 382, 663),
(29712, 382, 665),
(29717, 382, 666),
(29722, 382, 668),
(29727, 382, 669),
(29732, 382, 672),
(29737, 382, 673),
(29742, 382, 675),
(29747, 382, 676),
(29752, 382, 677),
(29757, 382, 678),
(29762, 382, 679),
(29767, 382, 680),
(29772, 382, 681),
(29777, 382, 682),
(29782, 382, 683),
(29787, 382, 684),
(29792, 382, 685),
(29797, 382, 686),
(29802, 382, 687),
(29807, 382, 688),
(29812, 382, 689),
(29817, 382, 690),
(29822, 382, 691),
(29827, 382, 692),
(29832, 382, 693),
(29688, 383, 647),
(29693, 383, 651),
(29698, 383, 657),
(29703, 383, 660),
(29708, 383, 663),
(29713, 383, 665),
(29718, 383, 666),
(29723, 383, 668),
(29728, 383, 669),
(29733, 383, 672),
(29738, 383, 673),
(29743, 383, 675),
(29748, 383, 676),
(29753, 383, 677),
(29758, 383, 678),
(29763, 383, 679),
(29768, 383, 680),
(29773, 383, 681),
(29778, 383, 682),
(29783, 383, 683),
(29788, 383, 684),
(29793, 383, 685),
(29798, 383, 686),
(29803, 383, 687),
(29808, 383, 688),
(29813, 383, 689),
(29818, 383, 690),
(29823, 383, 691),
(29828, 383, 692),
(29833, 383, 693),
(29689, 384, 647),
(29694, 384, 651),
(29699, 384, 657),
(29704, 384, 660),
(29709, 384, 663),
(29714, 384, 665),
(29719, 384, 666),
(29724, 384, 668),
(29729, 384, 669),
(29734, 384, 672),
(29739, 384, 673),
(29744, 384, 675),
(29749, 384, 676),
(29754, 384, 677),
(29759, 384, 678),
(29764, 384, 679),
(29769, 384, 680),
(29774, 384, 681),
(29779, 384, 682),
(29784, 384, 683),
(29789, 384, 684),
(29794, 384, 685),
(29799, 384, 686),
(29804, 384, 687),
(29809, 384, 688),
(29814, 384, 689),
(29819, 384, 690),
(29824, 384, 691),
(29829, 384, 692),
(29834, 384, 693),
(29690, 385, 647),
(29695, 385, 651),
(29700, 385, 657),
(29705, 385, 660),
(29710, 385, 663),
(29715, 385, 665),
(29720, 385, 666),
(29725, 385, 668),
(29730, 385, 669),
(29735, 385, 672),
(29740, 385, 673),
(29745, 385, 675),
(29750, 385, 676),
(29755, 385, 677),
(29760, 385, 678),
(29765, 385, 679),
(29770, 385, 680),
(29775, 385, 681),
(29780, 385, 682),
(29785, 385, 683),
(29790, 385, 684),
(29795, 385, 685),
(29800, 385, 686),
(29805, 385, 687),
(29810, 385, 688),
(29815, 385, 689),
(29820, 385, 690),
(29825, 385, 691),
(29830, 385, 692),
(29835, 385, 693),
(29836, 386, 694),
(29841, 386, 695),
(29846, 386, 697),
(29851, 386, 698),
(29856, 386, 700),
(29861, 386, 701),
(29866, 386, 702),
(29871, 386, 703),
(29876, 386, 704),
(29881, 386, 705),
(29886, 386, 706),
(29891, 386, 707),
(29896, 386, 708),
(29901, 386, 710),
(29906, 386, 712),
(29911, 386, 713),
(29916, 386, 714),
(29921, 386, 715),
(29926, 386, 716),
(29931, 386, 717),
(29936, 386, 718),
(29941, 386, 719),
(29946, 386, 720),
(29951, 386, 722),
(29956, 386, 723),
(29961, 386, 724),
(29966, 386, 725),
(29971, 386, 726),
(29976, 386, 727),
(29981, 386, 728),
(29837, 387, 694),
(29842, 387, 695),
(29847, 387, 697),
(29852, 387, 698),
(29857, 387, 700),
(29862, 387, 701),
(29867, 387, 702),
(29872, 387, 703),
(29877, 387, 704),
(29882, 387, 705),
(29887, 387, 706),
(29892, 387, 707),
(29897, 387, 708),
(29902, 387, 710),
(29907, 387, 712),
(29912, 387, 713),
(29917, 387, 714),
(29922, 387, 715),
(29927, 387, 716),
(29932, 387, 717),
(29937, 387, 718),
(29942, 387, 719),
(29947, 387, 720),
(29952, 387, 722),
(29957, 387, 723),
(29962, 387, 724),
(29967, 387, 725),
(29972, 387, 726),
(29977, 387, 727),
(29982, 387, 728),
(29838, 388, 694),
(29843, 388, 695),
(29848, 388, 697),
(29853, 388, 698),
(29858, 388, 700),
(29863, 388, 701),
(29868, 388, 702),
(29873, 388, 703),
(29878, 388, 704),
(29883, 388, 705),
(29888, 388, 706),
(29893, 388, 707),
(29898, 388, 708),
(29903, 388, 710),
(29908, 388, 712),
(29913, 388, 713),
(29918, 388, 714),
(29923, 388, 715),
(29928, 388, 716),
(29933, 388, 717),
(29938, 388, 718),
(29943, 388, 719),
(29948, 388, 720),
(29953, 388, 722),
(29958, 388, 723),
(29963, 388, 724),
(29968, 388, 725),
(29973, 388, 726),
(29978, 388, 727),
(29983, 388, 728),
(29839, 389, 694),
(29844, 389, 695),
(29849, 389, 697),
(29854, 389, 698),
(29859, 389, 700),
(29864, 389, 701),
(29869, 389, 702),
(29874, 389, 703),
(29879, 389, 704),
(29884, 389, 705),
(29889, 389, 706),
(29894, 389, 707),
(29899, 389, 708),
(29904, 389, 710),
(29909, 389, 712),
(29914, 389, 713),
(29919, 389, 714),
(29924, 389, 715),
(29929, 389, 716),
(29934, 389, 717),
(29939, 389, 718),
(29944, 389, 719),
(29949, 389, 720),
(29954, 389, 722),
(29959, 389, 723),
(29964, 389, 724),
(29969, 389, 725),
(29974, 389, 726),
(29979, 389, 727),
(29984, 389, 728),
(29840, 390, 694),
(29845, 390, 695),
(29850, 390, 697),
(29855, 390, 698),
(29860, 390, 700),
(29865, 390, 701),
(29870, 390, 702),
(29875, 390, 703),
(29880, 390, 704),
(29885, 390, 705),
(29890, 390, 706),
(29895, 390, 707),
(29900, 390, 708),
(29905, 390, 710),
(29910, 390, 712),
(29915, 390, 713),
(29920, 390, 714),
(29925, 390, 715),
(29930, 390, 716),
(29935, 390, 717),
(29940, 390, 718),
(29945, 390, 719),
(29950, 390, 720),
(29955, 390, 722),
(29960, 390, 723),
(29965, 390, 724),
(29970, 390, 725),
(29975, 390, 726),
(29980, 390, 727),
(29985, 390, 728),
(29986, 391, 729),
(29991, 391, 730),
(29996, 391, 731),
(30001, 391, 732),
(30006, 391, 735),
(30011, 391, 759),
(30016, 391, 779),
(30021, 391, 797),
(30026, 391, 810),
(30031, 391, 817),
(30036, 391, 834),
(30041, 391, 976),
(30046, 391, 979),
(30051, 391, 983),
(30056, 391, 984),
(30061, 391, 985),
(29987, 392, 729),
(29992, 392, 730),
(29997, 392, 731),
(30002, 392, 732),
(30007, 392, 735),
(30012, 392, 759),
(30017, 392, 779),
(30022, 392, 797),
(30027, 392, 810),
(30032, 392, 817),
(30037, 392, 834),
(30042, 392, 976),
(30047, 392, 979),
(30052, 392, 983),
(30057, 392, 984),
(30062, 392, 985),
(29988, 393, 729),
(29993, 393, 730),
(29998, 393, 731),
(30003, 393, 732),
(30008, 393, 735),
(30013, 393, 759),
(30018, 393, 779),
(30023, 393, 797),
(30028, 393, 810),
(30033, 393, 817),
(30038, 393, 834),
(30043, 393, 976),
(30048, 393, 979),
(30053, 393, 983),
(30058, 393, 984),
(30063, 393, 985),
(29989, 394, 729),
(29994, 394, 730),
(29999, 394, 731),
(30004, 394, 732),
(30009, 394, 735),
(30014, 394, 759),
(30019, 394, 779),
(30024, 394, 797),
(30029, 394, 810),
(30034, 394, 817),
(30039, 394, 834),
(30044, 394, 976),
(30049, 394, 979),
(30054, 394, 983),
(30059, 394, 984),
(30064, 394, 985),
(29990, 395, 729),
(29995, 395, 730),
(30000, 395, 731),
(30005, 395, 732),
(30010, 395, 735),
(30015, 395, 759),
(30020, 395, 779),
(30025, 395, 797),
(30030, 395, 810),
(30035, 395, 817),
(30040, 395, 834),
(30045, 395, 976),
(30050, 395, 979),
(30055, 395, 983),
(30060, 395, 984),
(30065, 395, 985),
(31136, 396, 1044),
(31141, 396, 1045),
(31146, 396, 1046),
(31151, 396, 1047),
(31137, 397, 1044),
(31142, 397, 1045),
(31147, 397, 1046),
(31152, 397, 1047),
(31138, 398, 1044),
(31143, 398, 1045),
(31148, 398, 1046),
(31153, 398, 1047),
(31139, 399, 1044),
(31144, 399, 1045),
(31149, 399, 1046),
(31154, 399, 1047),
(31140, 400, 1044),
(31145, 400, 1045),
(31150, 400, 1046),
(31155, 400, 1047),
(30066, 401, 648),
(30071, 401, 649),
(30076, 401, 650),
(30081, 401, 652),
(30086, 401, 653),
(30091, 401, 654),
(30096, 401, 658),
(30101, 401, 659),
(30106, 401, 733),
(30111, 401, 734),
(30116, 401, 736),
(30121, 401, 738),
(30126, 401, 739),
(30131, 401, 740),
(30136, 401, 741),
(30141, 401, 742),
(30146, 401, 743),
(30151, 401, 744),
(30156, 401, 745),
(30161, 401, 746),
(30166, 401, 747),
(30171, 401, 748),
(30176, 401, 749),
(30181, 401, 750),
(30186, 401, 751),
(30191, 401, 752),
(30196, 401, 753),
(30201, 401, 754),
(30206, 401, 755),
(30211, 401, 756),
(30067, 402, 648),
(30072, 402, 649),
(30077, 402, 650),
(30082, 402, 652),
(30087, 402, 653),
(30092, 402, 654),
(30097, 402, 658),
(30102, 402, 659),
(30107, 402, 733),
(30112, 402, 734),
(30117, 402, 736),
(30122, 402, 738),
(30127, 402, 739),
(30132, 402, 740),
(30137, 402, 741),
(30142, 402, 742),
(30147, 402, 743),
(30152, 402, 744),
(30157, 402, 745),
(30162, 402, 746),
(30167, 402, 747),
(30172, 402, 748),
(30177, 402, 749),
(30182, 402, 750),
(30187, 402, 751),
(30192, 402, 752),
(30197, 402, 753),
(30202, 402, 754),
(30207, 402, 755),
(30212, 402, 756),
(30068, 403, 648),
(30073, 403, 649),
(30078, 403, 650),
(30083, 403, 652),
(30088, 403, 653),
(30093, 403, 654),
(30098, 403, 658),
(30103, 403, 659),
(30108, 403, 733),
(30113, 403, 734),
(30118, 403, 736),
(30123, 403, 738),
(30128, 403, 739),
(30133, 403, 740),
(30138, 403, 741),
(30143, 403, 742),
(30148, 403, 743),
(30153, 403, 744),
(30158, 403, 745),
(30163, 403, 746),
(30168, 403, 747),
(30173, 403, 748),
(30178, 403, 749),
(30183, 403, 750),
(30188, 403, 751),
(30193, 403, 752),
(30198, 403, 753),
(30203, 403, 754),
(30208, 403, 755),
(30213, 403, 756),
(30069, 404, 648),
(30074, 404, 649),
(30079, 404, 650),
(30084, 404, 652),
(30089, 404, 653),
(30094, 404, 654),
(30099, 404, 658),
(30104, 404, 659),
(30109, 404, 733),
(30114, 404, 734),
(30119, 404, 736),
(30124, 404, 738),
(30129, 404, 739),
(30134, 404, 740),
(30139, 404, 741),
(30144, 404, 742),
(30149, 404, 743),
(30154, 404, 744),
(30159, 404, 745),
(30164, 404, 746),
(30169, 404, 747),
(30174, 404, 748),
(30179, 404, 749),
(30184, 404, 750),
(30189, 404, 751),
(30194, 404, 752),
(30199, 404, 753),
(30204, 404, 754),
(30209, 404, 755),
(30214, 404, 756),
(30070, 405, 648),
(30075, 405, 649),
(30080, 405, 650),
(30085, 405, 652),
(30090, 405, 653),
(30095, 405, 654),
(30100, 405, 658),
(30105, 405, 659),
(30110, 405, 733),
(30115, 405, 734),
(30120, 405, 736),
(30125, 405, 738),
(30130, 405, 739),
(30135, 405, 740),
(30140, 405, 741),
(30145, 405, 742),
(30150, 405, 743),
(30155, 405, 744),
(30160, 405, 745),
(30165, 405, 746),
(30170, 405, 747),
(30175, 405, 748),
(30180, 405, 749),
(30185, 405, 750),
(30190, 405, 751),
(30195, 405, 752),
(30200, 405, 753),
(30205, 405, 754),
(30210, 405, 755),
(30215, 405, 756),
(30216, 406, 757),
(30221, 406, 758),
(30226, 406, 760),
(30231, 406, 761),
(30236, 406, 762),
(30241, 406, 763),
(30246, 406, 764),
(30251, 406, 765),
(30256, 406, 766),
(30261, 406, 767),
(30266, 406, 769),
(30271, 406, 770),
(30276, 406, 771),
(30281, 406, 772),
(30286, 406, 773),
(30291, 406, 774),
(30296, 406, 775),
(30301, 406, 776),
(30306, 406, 777),
(30311, 406, 778),
(30316, 406, 780),
(30321, 406, 781),
(30326, 406, 782),
(30331, 406, 783),
(30336, 406, 784),
(30341, 406, 785),
(30346, 406, 786),
(30351, 406, 787),
(30356, 406, 789),
(30361, 406, 790),
(30217, 407, 757),
(30222, 407, 758),
(30227, 407, 760),
(30232, 407, 761),
(30237, 407, 762),
(30242, 407, 763),
(30247, 407, 764),
(30252, 407, 765),
(30257, 407, 766),
(30262, 407, 767),
(30267, 407, 769),
(30272, 407, 770),
(30277, 407, 771),
(30282, 407, 772),
(30287, 407, 773),
(30292, 407, 774),
(30297, 407, 775),
(30302, 407, 776),
(30307, 407, 777),
(30312, 407, 778),
(30317, 407, 780),
(30322, 407, 781),
(30327, 407, 782),
(30332, 407, 783),
(30337, 407, 784),
(30342, 407, 785),
(30347, 407, 786),
(30352, 407, 787),
(30357, 407, 789),
(30362, 407, 790),
(30218, 408, 757),
(30223, 408, 758),
(30228, 408, 760),
(30233, 408, 761),
(30238, 408, 762),
(30243, 408, 763),
(30248, 408, 764),
(30253, 408, 765),
(30258, 408, 766),
(30263, 408, 767),
(30268, 408, 769),
(30273, 408, 770),
(30278, 408, 771),
(30283, 408, 772),
(30288, 408, 773),
(30293, 408, 774),
(30298, 408, 775),
(30303, 408, 776),
(30308, 408, 777),
(30313, 408, 778),
(30318, 408, 780),
(30323, 408, 781),
(30328, 408, 782),
(30333, 408, 783),
(30338, 408, 784),
(30343, 408, 785),
(30348, 408, 786),
(30353, 408, 787),
(30358, 408, 789),
(30363, 408, 790),
(30219, 409, 757),
(30224, 409, 758),
(30229, 409, 760),
(30234, 409, 761),
(30239, 409, 762),
(30244, 409, 763),
(30249, 409, 764),
(30254, 409, 765),
(30259, 409, 766),
(30264, 409, 767),
(30269, 409, 769),
(30274, 409, 770),
(30279, 409, 771),
(30284, 409, 772),
(30289, 409, 773),
(30294, 409, 774),
(30299, 409, 775),
(30304, 409, 776),
(30309, 409, 777),
(30314, 409, 778),
(30319, 409, 780),
(30324, 409, 781),
(30329, 409, 782),
(30334, 409, 783),
(30339, 409, 784),
(30344, 409, 785),
(30349, 409, 786),
(30354, 409, 787),
(30359, 409, 789),
(30364, 409, 790),
(30220, 410, 757),
(30225, 410, 758),
(30230, 410, 760),
(30235, 410, 761),
(30240, 410, 762),
(30245, 410, 763),
(30250, 410, 764),
(30255, 410, 765),
(30260, 410, 766),
(30265, 410, 767),
(30270, 410, 769),
(30275, 410, 770),
(30280, 410, 771),
(30285, 410, 772),
(30290, 410, 773),
(30295, 410, 774),
(30300, 410, 775),
(30305, 410, 776),
(30310, 410, 777),
(30315, 410, 778),
(30320, 410, 780),
(30325, 410, 781),
(30330, 410, 782),
(30335, 410, 783),
(30340, 410, 784),
(30345, 410, 785),
(30350, 410, 786),
(30355, 410, 787),
(30360, 410, 789),
(30365, 410, 790),
(30366, 411, 791),
(30371, 411, 792),
(30376, 411, 793),
(30381, 411, 794),
(30386, 411, 795),
(30391, 411, 796),
(30396, 411, 798),
(30401, 411, 799),
(30406, 411, 800),
(30411, 411, 801),
(30416, 411, 802),
(30421, 411, 803),
(30426, 411, 804),
(30431, 411, 805),
(30436, 411, 806),
(30441, 411, 807),
(30446, 411, 808),
(30451, 411, 809),
(30456, 411, 811),
(30461, 411, 812),
(30466, 411, 813),
(30471, 411, 814),
(30476, 411, 815),
(30481, 411, 816),
(30486, 411, 818),
(30491, 411, 819),
(30496, 411, 820),
(30501, 411, 821),
(30506, 411, 822),
(30511, 411, 823),
(30367, 412, 791),
(30372, 412, 792),
(30377, 412, 793),
(30382, 412, 794),
(30387, 412, 795),
(30392, 412, 796),
(30397, 412, 798),
(30402, 412, 799),
(30407, 412, 800),
(30412, 412, 801),
(30417, 412, 802),
(30422, 412, 803),
(30427, 412, 804),
(30432, 412, 805),
(30437, 412, 806),
(30442, 412, 807),
(30447, 412, 808),
(30452, 412, 809),
(30457, 412, 811),
(30462, 412, 812),
(30467, 412, 813),
(30472, 412, 814),
(30477, 412, 815),
(30482, 412, 816),
(30487, 412, 818),
(30492, 412, 819),
(30497, 412, 820),
(30502, 412, 821),
(30507, 412, 822),
(30512, 412, 823),
(30368, 413, 791),
(30373, 413, 792),
(30378, 413, 793),
(30383, 413, 794),
(30388, 413, 795),
(30393, 413, 796),
(30398, 413, 798),
(30403, 413, 799),
(30408, 413, 800),
(30413, 413, 801),
(30418, 413, 802),
(30423, 413, 803),
(30428, 413, 804),
(30433, 413, 805),
(30438, 413, 806),
(30443, 413, 807),
(30448, 413, 808),
(30453, 413, 809),
(30458, 413, 811),
(30463, 413, 812),
(30468, 413, 813),
(30473, 413, 814),
(30478, 413, 815),
(30483, 413, 816),
(30488, 413, 818),
(30493, 413, 819),
(30498, 413, 820),
(30503, 413, 821),
(30508, 413, 822),
(30513, 413, 823),
(30369, 414, 791),
(30374, 414, 792),
(30379, 414, 793),
(30384, 414, 794),
(30389, 414, 795),
(30394, 414, 796),
(30399, 414, 798),
(30404, 414, 799),
(30409, 414, 800),
(30414, 414, 801),
(30419, 414, 802),
(30424, 414, 803),
(30429, 414, 804),
(30434, 414, 805),
(30439, 414, 806),
(30444, 414, 807),
(30449, 414, 808),
(30454, 414, 809),
(30459, 414, 811),
(30464, 414, 812),
(30469, 414, 813),
(30474, 414, 814),
(30479, 414, 815),
(30484, 414, 816),
(30489, 414, 818),
(30494, 414, 819),
(30499, 414, 820),
(30504, 414, 821),
(30509, 414, 822),
(30514, 414, 823),
(30370, 415, 791),
(30375, 415, 792),
(30380, 415, 793),
(30385, 415, 794),
(30390, 415, 795),
(30395, 415, 796),
(30400, 415, 798),
(30405, 415, 799),
(30410, 415, 800),
(30415, 415, 801),
(30420, 415, 802),
(30425, 415, 803),
(30430, 415, 804),
(30435, 415, 805),
(30440, 415, 806),
(30445, 415, 807),
(30450, 415, 808),
(30455, 415, 809),
(30460, 415, 811),
(30465, 415, 812),
(30470, 415, 813),
(30475, 415, 814),
(30480, 415, 815),
(30485, 415, 816),
(30490, 415, 818),
(30495, 415, 819),
(30500, 415, 820),
(30505, 415, 821),
(30510, 415, 822),
(30515, 415, 823),
(30516, 416, 824),
(30521, 416, 825),
(30526, 416, 826),
(30531, 416, 827),
(30536, 416, 828),
(30541, 416, 829),
(30546, 416, 830),
(30551, 416, 831),
(30556, 416, 832),
(30561, 416, 833),
(30566, 416, 835),
(30571, 416, 836),
(30576, 416, 837),
(30581, 416, 838),
(30586, 416, 839),
(30591, 416, 840),
(30596, 416, 841),
(30601, 416, 842),
(30606, 416, 843),
(30611, 416, 844),
(30616, 416, 845),
(30621, 416, 846),
(30626, 416, 847),
(30631, 416, 848),
(30636, 416, 849),
(30641, 416, 850),
(30646, 416, 851),
(30651, 416, 852),
(30656, 416, 853),
(30661, 416, 854),
(30517, 417, 824),
(30522, 417, 825),
(30527, 417, 826),
(30532, 417, 827),
(30537, 417, 828),
(30542, 417, 829),
(30547, 417, 830),
(30552, 417, 831),
(30557, 417, 832),
(30562, 417, 833),
(30567, 417, 835),
(30572, 417, 836),
(30577, 417, 837),
(30582, 417, 838),
(30587, 417, 839),
(30592, 417, 840),
(30597, 417, 841),
(30602, 417, 842),
(30607, 417, 843),
(30612, 417, 844),
(30617, 417, 845),
(30622, 417, 846),
(30627, 417, 847),
(30632, 417, 848),
(30637, 417, 849),
(30642, 417, 850),
(30647, 417, 851),
(30652, 417, 852),
(30657, 417, 853),
(30662, 417, 854),
(30518, 418, 824),
(30523, 418, 825),
(30528, 418, 826),
(30533, 418, 827),
(30538, 418, 828),
(30543, 418, 829),
(30548, 418, 830),
(30553, 418, 831),
(30558, 418, 832),
(30563, 418, 833),
(30568, 418, 835),
(30573, 418, 836),
(30578, 418, 837),
(30583, 418, 838),
(30588, 418, 839),
(30593, 418, 840),
(30598, 418, 841),
(30603, 418, 842),
(30608, 418, 843),
(30613, 418, 844),
(30618, 418, 845),
(30623, 418, 846),
(30628, 418, 847),
(30633, 418, 848),
(30638, 418, 849),
(30643, 418, 850),
(30648, 418, 851),
(30653, 418, 852),
(30658, 418, 853),
(30663, 418, 854),
(30519, 419, 824),
(30524, 419, 825),
(30529, 419, 826),
(30534, 419, 827),
(30539, 419, 828),
(30544, 419, 829),
(30549, 419, 830),
(30554, 419, 831),
(30559, 419, 832),
(30564, 419, 833),
(30569, 419, 835),
(30574, 419, 836),
(30579, 419, 837),
(30584, 419, 838),
(30589, 419, 839),
(30594, 419, 840),
(30599, 419, 841),
(30604, 419, 842),
(30609, 419, 843),
(30614, 419, 844),
(30619, 419, 845),
(30624, 419, 846),
(30629, 419, 847),
(30634, 419, 848),
(30639, 419, 849),
(30644, 419, 850),
(30649, 419, 851),
(30654, 419, 852),
(30659, 419, 853),
(30664, 419, 854),
(30520, 420, 824),
(30525, 420, 825),
(30530, 420, 826),
(30535, 420, 827),
(30540, 420, 828),
(30545, 420, 829),
(30550, 420, 830),
(30555, 420, 831),
(30560, 420, 832),
(30565, 420, 833),
(30570, 420, 835),
(30575, 420, 836),
(30580, 420, 837),
(30585, 420, 838),
(30590, 420, 839),
(30595, 420, 840),
(30600, 420, 841),
(30605, 420, 842),
(30610, 420, 843),
(30615, 420, 844),
(30620, 420, 845),
(30625, 420, 846),
(30630, 420, 847),
(30635, 420, 848),
(30640, 420, 849),
(30645, 420, 850),
(30650, 420, 851),
(30655, 420, 852),
(30660, 420, 853),
(30665, 420, 854),
(30666, 421, 855),
(30671, 421, 856),
(30676, 421, 857),
(30681, 421, 858),
(30686, 421, 860),
(30691, 421, 876),
(30696, 421, 883),
(30701, 421, 895),
(30706, 421, 899),
(30711, 421, 900),
(30716, 421, 902),
(30721, 421, 910),
(30726, 421, 916),
(30731, 421, 917),
(30736, 421, 921),
(30741, 421, 978),
(30746, 421, 981),
(30751, 421, 982),
(30667, 422, 855),
(30672, 422, 856),
(30677, 422, 857),
(30682, 422, 858),
(30687, 422, 860),
(30692, 422, 876),
(30697, 422, 883),
(30702, 422, 895),
(30707, 422, 899),
(30712, 422, 900),
(30717, 422, 902),
(30722, 422, 910),
(30727, 422, 916),
(30732, 422, 917),
(30737, 422, 921),
(30742, 422, 978),
(30747, 422, 981),
(30752, 422, 982),
(30668, 423, 855),
(30673, 423, 856),
(30678, 423, 857),
(30683, 423, 858),
(30688, 423, 860),
(30693, 423, 876),
(30698, 423, 883),
(30703, 423, 895),
(30708, 423, 899),
(30713, 423, 900),
(30718, 423, 902),
(30723, 423, 910),
(30728, 423, 916),
(30733, 423, 917),
(30738, 423, 921),
(30743, 423, 978),
(30748, 423, 981),
(30753, 423, 982),
(30669, 424, 855),
(30674, 424, 856),
(30679, 424, 857),
(30684, 424, 858),
(30689, 424, 860),
(30694, 424, 876),
(30699, 424, 883),
(30704, 424, 895),
(30709, 424, 899),
(30714, 424, 900),
(30719, 424, 902),
(30724, 424, 910),
(30729, 424, 916),
(30734, 424, 917),
(30739, 424, 921),
(30744, 424, 978),
(30749, 424, 981),
(30754, 424, 982),
(30670, 425, 855),
(30675, 425, 856),
(30680, 425, 857),
(30685, 425, 858),
(30690, 425, 860),
(30695, 425, 876),
(30700, 425, 883),
(30705, 425, 895),
(30710, 425, 899),
(30715, 425, 900),
(30720, 425, 902),
(30725, 425, 910),
(30730, 425, 916),
(30735, 425, 917),
(30740, 425, 921),
(30745, 425, 978),
(30750, 425, 981),
(30755, 425, 982),
(31156, 426, 1048),
(31161, 426, 1049),
(31166, 426, 1050),
(31171, 426, 1051),
(31176, 426, 1052),
(31181, 426, 1053),
(31186, 426, 1054),
(31191, 426, 1055),
(31196, 426, 1056),
(31201, 426, 1057),
(31206, 426, 1058),
(31211, 426, 1059),
(31216, 426, 1060),
(31221, 426, 1061),
(31226, 426, 1062),
(31157, 427, 1048),
(31162, 427, 1049),
(31167, 427, 1050),
(31172, 427, 1051),
(31177, 427, 1052),
(31182, 427, 1053),
(31187, 427, 1054),
(31192, 427, 1055),
(31197, 427, 1056),
(31202, 427, 1057),
(31207, 427, 1058),
(31212, 427, 1059),
(31217, 427, 1060),
(31222, 427, 1061),
(31227, 427, 1062),
(31158, 428, 1048),
(31163, 428, 1049),
(31168, 428, 1050),
(31173, 428, 1051),
(31178, 428, 1052),
(31183, 428, 1053),
(31188, 428, 1054),
(31193, 428, 1055),
(31198, 428, 1056),
(31203, 428, 1057),
(31208, 428, 1058),
(31213, 428, 1059),
(31218, 428, 1060),
(31223, 428, 1061),
(31228, 428, 1062),
(31159, 429, 1048),
(31164, 429, 1049),
(31169, 429, 1050),
(31174, 429, 1051),
(31179, 429, 1052),
(31184, 429, 1053),
(31189, 429, 1054),
(31194, 429, 1055),
(31199, 429, 1056),
(31204, 429, 1057),
(31209, 429, 1058),
(31214, 429, 1059),
(31219, 429, 1060),
(31224, 429, 1061),
(31229, 429, 1062),
(31160, 430, 1048),
(31165, 430, 1049),
(31170, 430, 1050),
(31175, 430, 1051),
(31180, 430, 1052),
(31185, 430, 1053),
(31190, 430, 1054),
(31195, 430, 1055),
(31200, 430, 1056),
(31205, 430, 1057),
(31210, 430, 1058),
(31215, 430, 1059),
(31220, 430, 1060),
(31225, 430, 1061),
(31230, 430, 1062),
(31231, 431, 1063),
(31236, 431, 1064),
(31241, 431, 1065),
(31246, 431, 1066),
(31251, 431, 1067),
(31256, 431, 1068),
(31261, 431, 1069),
(31266, 431, 1070),
(31271, 431, 1071),
(31276, 431, 1072),
(31281, 431, 1073),
(31286, 431, 1074),
(31291, 431, 1075),
(31296, 431, 1076),
(31301, 431, 1077),
(31306, 431, 1078),
(31311, 431, 1079),
(31316, 431, 1080),
(31321, 431, 1081),
(31326, 431, 1082),
(31331, 431, 1083),
(31336, 431, 1084),
(31341, 431, 1085),
(31346, 431, 1086),
(31351, 431, 1087),
(31356, 431, 1088),
(31232, 432, 1063),
(31237, 432, 1064),
(31242, 432, 1065),
(31247, 432, 1066),
(31252, 432, 1067),
(31257, 432, 1068),
(31262, 432, 1069),
(31267, 432, 1070),
(31272, 432, 1071),
(31277, 432, 1072),
(31282, 432, 1073),
(31287, 432, 1074),
(31292, 432, 1075),
(31297, 432, 1076),
(31302, 432, 1077),
(31307, 432, 1078),
(31312, 432, 1079),
(31317, 432, 1080),
(31322, 432, 1081),
(31327, 432, 1082),
(31332, 432, 1083),
(31337, 432, 1084),
(31342, 432, 1085),
(31347, 432, 1086),
(31352, 432, 1087),
(31357, 432, 1088),
(31233, 433, 1063),
(31238, 433, 1064),
(31243, 433, 1065),
(31248, 433, 1066),
(31253, 433, 1067),
(31258, 433, 1068),
(31263, 433, 1069),
(31268, 433, 1070),
(31273, 433, 1071),
(31278, 433, 1072),
(31283, 433, 1073),
(31288, 433, 1074),
(31293, 433, 1075),
(31298, 433, 1076),
(31303, 433, 1077),
(31308, 433, 1078),
(31313, 433, 1079),
(31318, 433, 1080),
(31323, 433, 1081),
(31328, 433, 1082),
(31333, 433, 1083),
(31338, 433, 1084),
(31343, 433, 1085),
(31348, 433, 1086),
(31353, 433, 1087),
(31358, 433, 1088),
(31234, 434, 1063),
(31239, 434, 1064),
(31244, 434, 1065),
(31249, 434, 1066),
(31254, 434, 1067),
(31259, 434, 1068),
(31264, 434, 1069),
(31269, 434, 1070),
(31274, 434, 1071),
(31279, 434, 1072),
(31284, 434, 1073),
(31289, 434, 1074),
(31294, 434, 1075),
(31299, 434, 1076),
(31304, 434, 1077),
(31309, 434, 1078),
(31314, 434, 1079),
(31319, 434, 1080),
(31324, 434, 1081),
(31329, 434, 1082),
(31334, 434, 1083),
(31339, 434, 1084),
(31344, 434, 1085),
(31349, 434, 1086),
(31354, 434, 1087),
(31359, 434, 1088),
(31235, 435, 1063),
(31240, 435, 1064),
(31245, 435, 1065),
(31250, 435, 1066),
(31255, 435, 1067),
(31260, 435, 1068),
(31265, 435, 1069),
(31270, 435, 1070),
(31275, 435, 1071),
(31280, 435, 1072),
(31285, 435, 1073),
(31290, 435, 1074),
(31295, 435, 1075),
(31300, 435, 1076),
(31305, 435, 1077),
(31310, 435, 1078),
(31315, 435, 1079),
(31320, 435, 1080),
(31325, 435, 1081),
(31330, 435, 1082),
(31335, 435, 1083),
(31340, 435, 1084),
(31345, 435, 1085),
(31350, 435, 1086),
(31355, 435, 1087),
(31360, 435, 1088),
(30826, 436, 859),
(30831, 436, 861),
(30836, 436, 862),
(30841, 436, 863),
(30846, 436, 864),
(30851, 436, 865),
(30856, 436, 866),
(30861, 436, 867),
(30866, 436, 868),
(30871, 436, 869),
(30876, 436, 870),
(30881, 436, 871),
(30886, 436, 872),
(30891, 436, 873),
(30896, 436, 874),
(30901, 436, 875),
(30906, 436, 877),
(30911, 436, 878),
(30916, 436, 879),
(30921, 436, 880),
(30926, 436, 881),
(30931, 436, 882),
(30936, 436, 884),
(30941, 436, 885),
(30946, 436, 886),
(30951, 436, 887),
(30956, 436, 888),
(30961, 436, 889),
(30966, 436, 890),
(30971, 436, 891),
(30827, 437, 859),
(30832, 437, 861),
(30837, 437, 862),
(30842, 437, 863),
(30847, 437, 864),
(30852, 437, 865),
(30857, 437, 866),
(30862, 437, 867),
(30867, 437, 868),
(30872, 437, 869),
(30877, 437, 870),
(30882, 437, 871),
(30887, 437, 872),
(30892, 437, 873),
(30897, 437, 874),
(30902, 437, 875),
(30907, 437, 877),
(30912, 437, 878),
(30917, 437, 879);
INSERT INTO `class_course_student_semester` (`class_course_student_semester_id`, `class_course_semester_id`, `student_id`) VALUES
(30922, 437, 880),
(30927, 437, 881),
(30932, 437, 882),
(30937, 437, 884),
(30942, 437, 885),
(30947, 437, 886),
(30952, 437, 887),
(30957, 437, 888),
(30962, 437, 889),
(30967, 437, 890),
(30972, 437, 891),
(30828, 438, 859),
(30833, 438, 861),
(30838, 438, 862),
(30843, 438, 863),
(30848, 438, 864),
(30853, 438, 865),
(30858, 438, 866),
(30863, 438, 867),
(30868, 438, 868),
(30873, 438, 869),
(30878, 438, 870),
(30883, 438, 871),
(30888, 438, 872),
(30893, 438, 873),
(30898, 438, 874),
(30903, 438, 875),
(30908, 438, 877),
(30913, 438, 878),
(30918, 438, 879),
(30923, 438, 880),
(30928, 438, 881),
(30933, 438, 882),
(30938, 438, 884),
(30943, 438, 885),
(30948, 438, 886),
(30953, 438, 887),
(30958, 438, 888),
(30963, 438, 889),
(30968, 438, 890),
(30973, 438, 891),
(30829, 439, 859),
(30834, 439, 861),
(30839, 439, 862),
(30844, 439, 863),
(30849, 439, 864),
(30854, 439, 865),
(30859, 439, 866),
(30864, 439, 867),
(30869, 439, 868),
(30874, 439, 869),
(30879, 439, 870),
(30884, 439, 871),
(30889, 439, 872),
(30894, 439, 873),
(30899, 439, 874),
(30904, 439, 875),
(30909, 439, 877),
(30914, 439, 878),
(30919, 439, 879),
(30924, 439, 880),
(30929, 439, 881),
(30934, 439, 882),
(30939, 439, 884),
(30944, 439, 885),
(30949, 439, 886),
(30954, 439, 887),
(30959, 439, 888),
(30964, 439, 889),
(30969, 439, 890),
(30974, 439, 891),
(30830, 440, 859),
(30835, 440, 861),
(30840, 440, 862),
(30845, 440, 863),
(30850, 440, 864),
(30855, 440, 865),
(30860, 440, 866),
(30865, 440, 867),
(30870, 440, 868),
(30875, 440, 869),
(30880, 440, 870),
(30885, 440, 871),
(30890, 440, 872),
(30895, 440, 873),
(30900, 440, 874),
(30905, 440, 875),
(30910, 440, 877),
(30915, 440, 878),
(30920, 440, 879),
(30925, 440, 880),
(30930, 440, 881),
(30935, 440, 882),
(30940, 440, 884),
(30945, 440, 885),
(30950, 440, 886),
(30955, 440, 887),
(30960, 440, 888),
(30965, 440, 889),
(30970, 440, 890),
(30975, 440, 891),
(30976, 441, 892),
(30981, 441, 893),
(30986, 441, 894),
(30991, 441, 896),
(30996, 441, 897),
(31001, 441, 898),
(31006, 441, 901),
(31011, 441, 903),
(31016, 441, 904),
(31021, 441, 905),
(31026, 441, 906),
(31031, 441, 907),
(31036, 441, 908),
(31041, 441, 909),
(31046, 441, 911),
(30977, 442, 892),
(30982, 442, 893),
(30987, 442, 894),
(30992, 442, 896),
(30997, 442, 897),
(31002, 442, 898),
(31007, 442, 901),
(31012, 442, 903),
(31017, 442, 904),
(31022, 442, 905),
(31027, 442, 906),
(31032, 442, 907),
(31037, 442, 908),
(31042, 442, 909),
(31047, 442, 911),
(30978, 443, 892),
(30983, 443, 893),
(30988, 443, 894),
(30993, 443, 896),
(30998, 443, 897),
(31003, 443, 898),
(31008, 443, 901),
(31013, 443, 903),
(31018, 443, 904),
(31023, 443, 905),
(31028, 443, 906),
(31033, 443, 907),
(31038, 443, 908),
(31043, 443, 909),
(31048, 443, 911),
(30979, 444, 892),
(30984, 444, 893),
(30989, 444, 894),
(30994, 444, 896),
(30999, 444, 897),
(31004, 444, 898),
(31009, 444, 901),
(31014, 444, 903),
(31019, 444, 904),
(31024, 444, 905),
(31029, 444, 906),
(31034, 444, 907),
(31039, 444, 908),
(31044, 444, 909),
(31049, 444, 911),
(30980, 445, 892),
(30985, 445, 893),
(30990, 445, 894),
(30995, 445, 896),
(31000, 445, 897),
(31005, 445, 898),
(31010, 445, 901),
(31015, 445, 903),
(31020, 445, 904),
(31025, 445, 905),
(31030, 445, 906),
(31035, 445, 907),
(31040, 445, 908),
(31045, 445, 909),
(31050, 445, 911),
(31051, 446, 912),
(31056, 446, 913),
(31061, 446, 914),
(31066, 446, 915),
(31071, 446, 918),
(31076, 446, 919),
(31081, 446, 920),
(31086, 446, 922),
(31091, 446, 923),
(31096, 446, 924),
(31101, 446, 925),
(31106, 446, 926),
(31111, 446, 927),
(31116, 446, 980),
(31121, 446, 986),
(31126, 446, 1291),
(31131, 446, 1292),
(31052, 447, 912),
(31057, 447, 913),
(31062, 447, 914),
(31067, 447, 915),
(31072, 447, 918),
(31077, 447, 919),
(31082, 447, 920),
(31087, 447, 922),
(31092, 447, 923),
(31097, 447, 924),
(31102, 447, 925),
(31107, 447, 926),
(31112, 447, 927),
(31117, 447, 980),
(31122, 447, 986),
(31127, 447, 1291),
(31132, 447, 1292),
(31053, 448, 912),
(31058, 448, 913),
(31063, 448, 914),
(31068, 448, 915),
(31073, 448, 918),
(31078, 448, 919),
(31083, 448, 920),
(31088, 448, 922),
(31093, 448, 923),
(31098, 448, 924),
(31103, 448, 925),
(31108, 448, 926),
(31113, 448, 927),
(31118, 448, 980),
(31123, 448, 986),
(31128, 448, 1291),
(31133, 448, 1292),
(31054, 449, 912),
(31059, 449, 913),
(31064, 449, 914),
(31069, 449, 915),
(31074, 449, 918),
(31079, 449, 919),
(31084, 449, 920),
(31089, 449, 922),
(31094, 449, 923),
(31099, 449, 924),
(31104, 449, 925),
(31109, 449, 926),
(31114, 449, 927),
(31119, 449, 980),
(31124, 449, 986),
(31129, 449, 1291),
(31134, 449, 1292),
(31055, 450, 912),
(31060, 450, 913),
(31065, 450, 914),
(31070, 450, 915),
(31075, 450, 918),
(31080, 450, 919),
(31085, 450, 920),
(31090, 450, 922),
(31095, 450, 923),
(31100, 450, 924),
(31105, 450, 925),
(31110, 450, 926),
(31115, 450, 927),
(31120, 450, 980),
(31125, 450, 986),
(31130, 450, 1291),
(31135, 450, 1292),
(31496, 451, 1089),
(31501, 451, 1090),
(31506, 451, 1091),
(31511, 451, 1092),
(31516, 451, 1093),
(31521, 451, 1094),
(31526, 451, 1095),
(31531, 451, 1096),
(31536, 451, 1097),
(31541, 451, 1098),
(31546, 451, 1099),
(31551, 451, 1100),
(31556, 451, 1101),
(31561, 451, 1102),
(31566, 451, 1103),
(31571, 451, 1104),
(31576, 451, 1105),
(31581, 451, 1106),
(31586, 451, 1107),
(31591, 451, 1108),
(31596, 451, 1109),
(31601, 451, 1110),
(31606, 451, 1111),
(31497, 452, 1089),
(31502, 452, 1090),
(31507, 452, 1091),
(31512, 452, 1092),
(31517, 452, 1093),
(31522, 452, 1094),
(31527, 452, 1095),
(31532, 452, 1096),
(31537, 452, 1097),
(31542, 452, 1098),
(31547, 452, 1099),
(31552, 452, 1100),
(31557, 452, 1101),
(31562, 452, 1102),
(31567, 452, 1103),
(31572, 452, 1104),
(31577, 452, 1105),
(31582, 452, 1106),
(31587, 452, 1107),
(31592, 452, 1108),
(31597, 452, 1109),
(31602, 452, 1110),
(31607, 452, 1111),
(31498, 453, 1089),
(31503, 453, 1090),
(31508, 453, 1091),
(31513, 453, 1092),
(31518, 453, 1093),
(31523, 453, 1094),
(31528, 453, 1095),
(31533, 453, 1096),
(31538, 453, 1097),
(31543, 453, 1098),
(31548, 453, 1099),
(31553, 453, 1100),
(31558, 453, 1101),
(31563, 453, 1102),
(31568, 453, 1103),
(31573, 453, 1104),
(31578, 453, 1105),
(31583, 453, 1106),
(31588, 453, 1107),
(31593, 453, 1108),
(31598, 453, 1109),
(31603, 453, 1110),
(31608, 453, 1111),
(31499, 454, 1089),
(31504, 454, 1090),
(31509, 454, 1091),
(31514, 454, 1092),
(31519, 454, 1093),
(31524, 454, 1094),
(31529, 454, 1095),
(31534, 454, 1096),
(31539, 454, 1097),
(31544, 454, 1098),
(31549, 454, 1099),
(31554, 454, 1100),
(31559, 454, 1101),
(31564, 454, 1102),
(31569, 454, 1103),
(31574, 454, 1104),
(31579, 454, 1105),
(31584, 454, 1106),
(31589, 454, 1107),
(31594, 454, 1108),
(31599, 454, 1109),
(31604, 454, 1110),
(31609, 454, 1111),
(31500, 455, 1089),
(31505, 455, 1090),
(31510, 455, 1091),
(31515, 455, 1092),
(31520, 455, 1093),
(31525, 455, 1094),
(31530, 455, 1095),
(31535, 455, 1096),
(31540, 455, 1097),
(31545, 455, 1098),
(31550, 455, 1099),
(31555, 455, 1100),
(31560, 455, 1101),
(31565, 455, 1102),
(31570, 455, 1103),
(31575, 455, 1104),
(31580, 455, 1105),
(31585, 455, 1106),
(31590, 455, 1107),
(31595, 455, 1108),
(31600, 455, 1109),
(31605, 455, 1110),
(31610, 455, 1111),
(31691, 591, 1112),
(31696, 591, 1113),
(31701, 591, 1114),
(31706, 591, 1115),
(31711, 591, 1116),
(31716, 591, 1117),
(31721, 591, 1118),
(31726, 591, 1119),
(31731, 591, 1120),
(31736, 591, 1121),
(31741, 591, 1122),
(31746, 591, 1123),
(31751, 591, 1124),
(31756, 591, 1125),
(31761, 591, 1126),
(31766, 591, 1127),
(31771, 591, 1128),
(31776, 591, 1129),
(31781, 591, 1130),
(31786, 591, 1131),
(31791, 591, 1132),
(31796, 591, 1133),
(31801, 591, 1134),
(31806, 591, 1135),
(31811, 591, 1136),
(31816, 591, 1137),
(31821, 591, 1138),
(31826, 591, 1139),
(31831, 591, 1140),
(31836, 591, 1141),
(31692, 592, 1112),
(31697, 592, 1113),
(31702, 592, 1114),
(31707, 592, 1115),
(31712, 592, 1116),
(31717, 592, 1117),
(31722, 592, 1118),
(31727, 592, 1119),
(31732, 592, 1120),
(31737, 592, 1121),
(31742, 592, 1122),
(31747, 592, 1123),
(31752, 592, 1124),
(31757, 592, 1125),
(31762, 592, 1126),
(31767, 592, 1127),
(31772, 592, 1128),
(31777, 592, 1129),
(31782, 592, 1130),
(31787, 592, 1131),
(31792, 592, 1132),
(31797, 592, 1133),
(31802, 592, 1134),
(31807, 592, 1135),
(31812, 592, 1136),
(31817, 592, 1137),
(31822, 592, 1138),
(31827, 592, 1139),
(31832, 592, 1140),
(31837, 592, 1141),
(31693, 593, 1112),
(31698, 593, 1113),
(31703, 593, 1114),
(31708, 593, 1115),
(31713, 593, 1116),
(31718, 593, 1117),
(31723, 593, 1118),
(31728, 593, 1119),
(31733, 593, 1120),
(31738, 593, 1121),
(31743, 593, 1122),
(31748, 593, 1123),
(31753, 593, 1124),
(31758, 593, 1125),
(31763, 593, 1126),
(31768, 593, 1127),
(31773, 593, 1128),
(31778, 593, 1129),
(31783, 593, 1130),
(31788, 593, 1131),
(31793, 593, 1132),
(31798, 593, 1133),
(31803, 593, 1134),
(31808, 593, 1135),
(31813, 593, 1136),
(31818, 593, 1137),
(31823, 593, 1138),
(31828, 593, 1139),
(31833, 593, 1140),
(31838, 593, 1141),
(31694, 594, 1112),
(31699, 594, 1113),
(31704, 594, 1114),
(31709, 594, 1115),
(31714, 594, 1116),
(31719, 594, 1117),
(31724, 594, 1118),
(31729, 594, 1119),
(31734, 594, 1120),
(31739, 594, 1121),
(31744, 594, 1122),
(31749, 594, 1123),
(31754, 594, 1124),
(31759, 594, 1125),
(31764, 594, 1126),
(31769, 594, 1127),
(31774, 594, 1128),
(31779, 594, 1129),
(31784, 594, 1130),
(31789, 594, 1131),
(31794, 594, 1132),
(31799, 594, 1133),
(31804, 594, 1134),
(31809, 594, 1135),
(31814, 594, 1136),
(31819, 594, 1137),
(31824, 594, 1138),
(31829, 594, 1139),
(31834, 594, 1140),
(31839, 594, 1141),
(31695, 595, 1112),
(31700, 595, 1113),
(31705, 595, 1114),
(31710, 595, 1115),
(31715, 595, 1116),
(31720, 595, 1117),
(31725, 595, 1118),
(31730, 595, 1119),
(31735, 595, 1120),
(31740, 595, 1121),
(31745, 595, 1122),
(31750, 595, 1123),
(31755, 595, 1124),
(31760, 595, 1125),
(31765, 595, 1126),
(31770, 595, 1127),
(31775, 595, 1128),
(31780, 595, 1129),
(31785, 595, 1130),
(31790, 595, 1131),
(31795, 595, 1132),
(31800, 595, 1133),
(31805, 595, 1134),
(31810, 595, 1135),
(31815, 595, 1136),
(31820, 595, 1137),
(31825, 595, 1138),
(31830, 595, 1139),
(31835, 595, 1140),
(31840, 595, 1141),
(31841, 596, 1142),
(31846, 596, 1143),
(31851, 596, 1144),
(31856, 596, 1145),
(31861, 596, 1146),
(31866, 596, 1147),
(31871, 596, 1148),
(31876, 596, 1149),
(31881, 596, 1150),
(31886, 596, 1151),
(31891, 596, 1152),
(31896, 596, 1153),
(31901, 596, 1154),
(31906, 596, 1155),
(31911, 596, 1156),
(31916, 596, 1157),
(31921, 596, 1158),
(31926, 596, 1159),
(31931, 596, 1160),
(31936, 596, 1161),
(31941, 596, 1162),
(31946, 596, 1163),
(31951, 596, 1164),
(31956, 596, 1165),
(31961, 596, 1166),
(31966, 596, 1167),
(31971, 596, 1168),
(31976, 596, 1169),
(31981, 596, 1170),
(31986, 596, 1171),
(31842, 597, 1142),
(31847, 597, 1143),
(31852, 597, 1144),
(31857, 597, 1145),
(31862, 597, 1146),
(31867, 597, 1147),
(31872, 597, 1148),
(31877, 597, 1149),
(31882, 597, 1150),
(31887, 597, 1151),
(31892, 597, 1152),
(31897, 597, 1153),
(31902, 597, 1154),
(31907, 597, 1155),
(31912, 597, 1156),
(31917, 597, 1157),
(31922, 597, 1158),
(31927, 597, 1159),
(31932, 597, 1160),
(31937, 597, 1161),
(31942, 597, 1162),
(31947, 597, 1163),
(31952, 597, 1164),
(31957, 597, 1165),
(31962, 597, 1166),
(31967, 597, 1167),
(31972, 597, 1168),
(31977, 597, 1169),
(31982, 597, 1170),
(31987, 597, 1171),
(31843, 598, 1142),
(31848, 598, 1143),
(31853, 598, 1144),
(31858, 598, 1145),
(31863, 598, 1146),
(31868, 598, 1147),
(31873, 598, 1148),
(31878, 598, 1149),
(31883, 598, 1150),
(31888, 598, 1151),
(31893, 598, 1152),
(31898, 598, 1153),
(31903, 598, 1154),
(31908, 598, 1155),
(31913, 598, 1156),
(31918, 598, 1157),
(31923, 598, 1158),
(31928, 598, 1159),
(31933, 598, 1160),
(31938, 598, 1161),
(31943, 598, 1162),
(31948, 598, 1163),
(31953, 598, 1164),
(31958, 598, 1165),
(31963, 598, 1166),
(31968, 598, 1167),
(31973, 598, 1168),
(31978, 598, 1169),
(31983, 598, 1170),
(31988, 598, 1171),
(31844, 599, 1142),
(31849, 599, 1143),
(31854, 599, 1144),
(31859, 599, 1145),
(31864, 599, 1146),
(31869, 599, 1147),
(31874, 599, 1148),
(31879, 599, 1149),
(31884, 599, 1150),
(31889, 599, 1151),
(31894, 599, 1152),
(31899, 599, 1153),
(31904, 599, 1154),
(31909, 599, 1155),
(31914, 599, 1156),
(31919, 599, 1157),
(31924, 599, 1158),
(31929, 599, 1159),
(31934, 599, 1160),
(31939, 599, 1161),
(31944, 599, 1162),
(31949, 599, 1163),
(31954, 599, 1164),
(31959, 599, 1165),
(31964, 599, 1166),
(31969, 599, 1167),
(31974, 599, 1168),
(31979, 599, 1169),
(31984, 599, 1170),
(31989, 599, 1171),
(31845, 600, 1142),
(31850, 600, 1143),
(31855, 600, 1144),
(31860, 600, 1145),
(31865, 600, 1146),
(31870, 600, 1147),
(31875, 600, 1148),
(31880, 600, 1149),
(31885, 600, 1150),
(31890, 600, 1151),
(31895, 600, 1152),
(31900, 600, 1153),
(31905, 600, 1154),
(31910, 600, 1155),
(31915, 600, 1156),
(31920, 600, 1157),
(31925, 600, 1158),
(31930, 600, 1159),
(31935, 600, 1160),
(31940, 600, 1161),
(31945, 600, 1162),
(31950, 600, 1163),
(31955, 600, 1164),
(31960, 600, 1165),
(31965, 600, 1166),
(31970, 600, 1167),
(31975, 600, 1168),
(31980, 600, 1169),
(31985, 600, 1170),
(31990, 600, 1171),
(31991, 601, 1172),
(31996, 601, 1173),
(32001, 601, 1174),
(32006, 601, 1175),
(32011, 601, 1176),
(32016, 601, 1177),
(32021, 601, 1178),
(32026, 601, 1179),
(32031, 601, 1180),
(32036, 601, 1181),
(32041, 601, 1182),
(32046, 601, 1183),
(32051, 601, 1184),
(32056, 601, 1185),
(32061, 601, 1186),
(32066, 601, 1187),
(32071, 601, 1188),
(32076, 601, 1189),
(32081, 601, 1190),
(32086, 601, 1191),
(32091, 601, 1192),
(32096, 601, 1193),
(32101, 601, 1194),
(32106, 601, 1195),
(32111, 601, 1196),
(32116, 601, 1197),
(32121, 601, 1198),
(32126, 601, 1199),
(32131, 601, 1200),
(32136, 601, 1201),
(31992, 602, 1172),
(31997, 602, 1173),
(32002, 602, 1174),
(32007, 602, 1175),
(32012, 602, 1176),
(32017, 602, 1177),
(32022, 602, 1178),
(32027, 602, 1179),
(32032, 602, 1180),
(32037, 602, 1181),
(32042, 602, 1182),
(32047, 602, 1183),
(32052, 602, 1184),
(32057, 602, 1185),
(32062, 602, 1186),
(32067, 602, 1187),
(32072, 602, 1188),
(32077, 602, 1189),
(32082, 602, 1190),
(32087, 602, 1191),
(32092, 602, 1192),
(32097, 602, 1193),
(32102, 602, 1194),
(32107, 602, 1195),
(32112, 602, 1196),
(32117, 602, 1197),
(32122, 602, 1198),
(32127, 602, 1199),
(32132, 602, 1200),
(32137, 602, 1201),
(31993, 603, 1172),
(31998, 603, 1173),
(32003, 603, 1174),
(32008, 603, 1175),
(32013, 603, 1176),
(32018, 603, 1177),
(32023, 603, 1178),
(32028, 603, 1179),
(32033, 603, 1180),
(32038, 603, 1181),
(32043, 603, 1182),
(32048, 603, 1183),
(32053, 603, 1184),
(32058, 603, 1185),
(32063, 603, 1186),
(32068, 603, 1187),
(32073, 603, 1188),
(32078, 603, 1189),
(32083, 603, 1190),
(32088, 603, 1191),
(32093, 603, 1192),
(32098, 603, 1193),
(32103, 603, 1194),
(32108, 603, 1195),
(32113, 603, 1196),
(32118, 603, 1197),
(32123, 603, 1198),
(32128, 603, 1199),
(32133, 603, 1200),
(32138, 603, 1201),
(31994, 604, 1172),
(31999, 604, 1173),
(32004, 604, 1174),
(32009, 604, 1175),
(32014, 604, 1176),
(32019, 604, 1177),
(32024, 604, 1178),
(32029, 604, 1179),
(32034, 604, 1180),
(32039, 604, 1181),
(32044, 604, 1182),
(32049, 604, 1183),
(32054, 604, 1184),
(32059, 604, 1185),
(32064, 604, 1186),
(32069, 604, 1187),
(32074, 604, 1188),
(32079, 604, 1189),
(32084, 604, 1190),
(32089, 604, 1191),
(32094, 604, 1192),
(32099, 604, 1193),
(32104, 604, 1194),
(32109, 604, 1195),
(32114, 604, 1196),
(32119, 604, 1197),
(32124, 604, 1198),
(32129, 604, 1199),
(32134, 604, 1200),
(32139, 604, 1201),
(31995, 605, 1172),
(32000, 605, 1173),
(32005, 605, 1174),
(32010, 605, 1175),
(32015, 605, 1176),
(32020, 605, 1177),
(32025, 605, 1178),
(32030, 605, 1179),
(32035, 605, 1180),
(32040, 605, 1181),
(32045, 605, 1182),
(32050, 605, 1183),
(32055, 605, 1184),
(32060, 605, 1185),
(32065, 605, 1186),
(32070, 605, 1187),
(32075, 605, 1188),
(32080, 605, 1189),
(32085, 605, 1190),
(32090, 605, 1191),
(32095, 605, 1192),
(32100, 605, 1193),
(32105, 605, 1194),
(32110, 605, 1195),
(32115, 605, 1196),
(32120, 605, 1197),
(32125, 605, 1198),
(32130, 605, 1199),
(32135, 605, 1200),
(32140, 605, 1201),
(32141, 606, 1202),
(32146, 606, 1203),
(32151, 606, 1204),
(32156, 606, 1205),
(32161, 606, 1206),
(32166, 606, 1207),
(32171, 606, 1208),
(32176, 606, 1209),
(32181, 606, 1210),
(32186, 606, 1211),
(32191, 606, 1212),
(32196, 606, 1213),
(32201, 606, 1214),
(32206, 606, 1215),
(32211, 606, 1216),
(32216, 606, 1217),
(32221, 606, 1218),
(32226, 606, 1219),
(32231, 606, 1220),
(32236, 606, 1221),
(32241, 606, 1222),
(32246, 606, 1223),
(32251, 606, 1224),
(32256, 606, 1225),
(32261, 606, 1226),
(32266, 606, 1227),
(32271, 606, 1228),
(32276, 606, 1229),
(32281, 606, 1230),
(32286, 606, 1231),
(32142, 607, 1202),
(32147, 607, 1203),
(32152, 607, 1204),
(32157, 607, 1205),
(32162, 607, 1206),
(32167, 607, 1207),
(32172, 607, 1208),
(32177, 607, 1209),
(32182, 607, 1210),
(32187, 607, 1211),
(32192, 607, 1212),
(32197, 607, 1213),
(32202, 607, 1214),
(32207, 607, 1215),
(32212, 607, 1216),
(32217, 607, 1217),
(32222, 607, 1218),
(32227, 607, 1219),
(32232, 607, 1220),
(32237, 607, 1221),
(32242, 607, 1222),
(32247, 607, 1223),
(32252, 607, 1224),
(32257, 607, 1225),
(32262, 607, 1226),
(32267, 607, 1227),
(32272, 607, 1228),
(32277, 607, 1229),
(32282, 607, 1230),
(32287, 607, 1231),
(32143, 608, 1202),
(32148, 608, 1203),
(32153, 608, 1204),
(32158, 608, 1205),
(32163, 608, 1206),
(32168, 608, 1207),
(32173, 608, 1208),
(32178, 608, 1209),
(32183, 608, 1210),
(32188, 608, 1211),
(32193, 608, 1212),
(32198, 608, 1213),
(32203, 608, 1214),
(32208, 608, 1215),
(32213, 608, 1216),
(32218, 608, 1217),
(32223, 608, 1218),
(32228, 608, 1219),
(32233, 608, 1220),
(32238, 608, 1221),
(32243, 608, 1222),
(32248, 608, 1223),
(32253, 608, 1224),
(32258, 608, 1225),
(32263, 608, 1226),
(32268, 608, 1227),
(32273, 608, 1228),
(32278, 608, 1229),
(32283, 608, 1230),
(32288, 608, 1231),
(32144, 609, 1202),
(32149, 609, 1203),
(32154, 609, 1204),
(32159, 609, 1205),
(32164, 609, 1206),
(32169, 609, 1207),
(32174, 609, 1208),
(32179, 609, 1209),
(32184, 609, 1210),
(32189, 609, 1211),
(32194, 609, 1212),
(32199, 609, 1213),
(32204, 609, 1214),
(32209, 609, 1215),
(32214, 609, 1216),
(32219, 609, 1217),
(32224, 609, 1218),
(32229, 609, 1219),
(32234, 609, 1220),
(32239, 609, 1221),
(32244, 609, 1222),
(32249, 609, 1223),
(32254, 609, 1224),
(32259, 609, 1225),
(32264, 609, 1226),
(32269, 609, 1227),
(32274, 609, 1228),
(32279, 609, 1229),
(32284, 609, 1230),
(32289, 609, 1231),
(32145, 610, 1202),
(32150, 610, 1203),
(32155, 610, 1204),
(32160, 610, 1205),
(32165, 610, 1206),
(32170, 610, 1207),
(32175, 610, 1208),
(32180, 610, 1209),
(32185, 610, 1210),
(32190, 610, 1211),
(32195, 610, 1212),
(32200, 610, 1213),
(32205, 610, 1214),
(32210, 610, 1215),
(32215, 610, 1216),
(32220, 610, 1217),
(32225, 610, 1218),
(32230, 610, 1219),
(32235, 610, 1220),
(32240, 610, 1221),
(32245, 610, 1222),
(32250, 610, 1223),
(32255, 610, 1224),
(32260, 610, 1225),
(32265, 610, 1226),
(32270, 610, 1227),
(32275, 610, 1228),
(32280, 610, 1229),
(32285, 610, 1230),
(32290, 610, 1231),
(32291, 611, 1232),
(32296, 611, 1233),
(32301, 611, 1234),
(32306, 611, 1235),
(32311, 611, 1236),
(32316, 611, 1237),
(32321, 611, 1238),
(32326, 611, 1239),
(32331, 611, 1240),
(32336, 611, 1241),
(32341, 611, 1242),
(32346, 611, 1243),
(32351, 611, 1244),
(32356, 611, 1245),
(32361, 611, 1246),
(32366, 611, 1247),
(32371, 611, 1248),
(32376, 611, 1249),
(32381, 611, 1250),
(32386, 611, 1251),
(32391, 611, 1252),
(32396, 611, 1253),
(32401, 611, 1254),
(32406, 611, 1255),
(32411, 611, 1256),
(32416, 611, 1257),
(32421, 611, 1258),
(32426, 611, 1259),
(32431, 611, 1260),
(32436, 611, 1261),
(32292, 612, 1232),
(32297, 612, 1233),
(32302, 612, 1234),
(32307, 612, 1235),
(32312, 612, 1236),
(32317, 612, 1237),
(32322, 612, 1238),
(32327, 612, 1239),
(32332, 612, 1240),
(32337, 612, 1241),
(32342, 612, 1242),
(32347, 612, 1243),
(32352, 612, 1244),
(32357, 612, 1245),
(32362, 612, 1246),
(32367, 612, 1247),
(32372, 612, 1248),
(32377, 612, 1249),
(32382, 612, 1250),
(32387, 612, 1251),
(32392, 612, 1252),
(32397, 612, 1253),
(32402, 612, 1254),
(32407, 612, 1255),
(32412, 612, 1256),
(32417, 612, 1257),
(32422, 612, 1258),
(32427, 612, 1259),
(32432, 612, 1260),
(32437, 612, 1261),
(32293, 613, 1232),
(32298, 613, 1233),
(32303, 613, 1234),
(32308, 613, 1235),
(32313, 613, 1236),
(32318, 613, 1237),
(32323, 613, 1238),
(32328, 613, 1239),
(32333, 613, 1240),
(32338, 613, 1241),
(32343, 613, 1242),
(32348, 613, 1243),
(32353, 613, 1244),
(32358, 613, 1245),
(32363, 613, 1246),
(32368, 613, 1247),
(32373, 613, 1248),
(32378, 613, 1249),
(32383, 613, 1250),
(32388, 613, 1251),
(32393, 613, 1252),
(32398, 613, 1253),
(32403, 613, 1254),
(32408, 613, 1255),
(32413, 613, 1256),
(32418, 613, 1257),
(32423, 613, 1258),
(32428, 613, 1259),
(32433, 613, 1260),
(32438, 613, 1261),
(32294, 614, 1232),
(32299, 614, 1233),
(32304, 614, 1234),
(32309, 614, 1235),
(32314, 614, 1236),
(32319, 614, 1237),
(32324, 614, 1238),
(32329, 614, 1239),
(32334, 614, 1240),
(32339, 614, 1241),
(32344, 614, 1242),
(32349, 614, 1243),
(32354, 614, 1244),
(32359, 614, 1245),
(32364, 614, 1246),
(32369, 614, 1247),
(32374, 614, 1248),
(32379, 614, 1249),
(32384, 614, 1250),
(32389, 614, 1251),
(32394, 614, 1252),
(32399, 614, 1253),
(32404, 614, 1254),
(32409, 614, 1255),
(32414, 614, 1256),
(32419, 614, 1257),
(32424, 614, 1258),
(32429, 614, 1259),
(32434, 614, 1260),
(32439, 614, 1261),
(32295, 615, 1232),
(32300, 615, 1233),
(32305, 615, 1234),
(32310, 615, 1235),
(32315, 615, 1236),
(32320, 615, 1237),
(32325, 615, 1238),
(32330, 615, 1239),
(32335, 615, 1240),
(32340, 615, 1241),
(32345, 615, 1242),
(32350, 615, 1243),
(32355, 615, 1244),
(32360, 615, 1245),
(32365, 615, 1246),
(32370, 615, 1247),
(32375, 615, 1248),
(32380, 615, 1249),
(32385, 615, 1250),
(32390, 615, 1251),
(32395, 615, 1252),
(32400, 615, 1253),
(32405, 615, 1254),
(32410, 615, 1255),
(32415, 615, 1256),
(32420, 615, 1257),
(32425, 615, 1258),
(32430, 615, 1259),
(32435, 615, 1260),
(32440, 615, 1261),
(32441, 616, 1262),
(32446, 616, 1263),
(32451, 616, 1264),
(32456, 616, 1265),
(32461, 616, 1266),
(32466, 616, 1267),
(32471, 616, 1268),
(32476, 616, 1269),
(32481, 616, 1270),
(32486, 616, 1271),
(32491, 616, 1272),
(32496, 616, 1273),
(32501, 616, 1274),
(32506, 616, 1275),
(32511, 616, 1276),
(32516, 616, 1277),
(32521, 616, 1278),
(32526, 616, 1279),
(32531, 616, 1280),
(32536, 616, 1281),
(32541, 616, 1282),
(32546, 616, 1283),
(32551, 616, 1284),
(32556, 616, 1285),
(32561, 616, 1286),
(32566, 616, 1287),
(32571, 616, 1288),
(32576, 616, 1289),
(32581, 616, 1290),
(32442, 617, 1262),
(32447, 617, 1263),
(32452, 617, 1264),
(32457, 617, 1265),
(32462, 617, 1266),
(32467, 617, 1267),
(32472, 617, 1268),
(32477, 617, 1269),
(32482, 617, 1270),
(32487, 617, 1271),
(32492, 617, 1272),
(32497, 617, 1273),
(32502, 617, 1274),
(32507, 617, 1275),
(32512, 617, 1276),
(32517, 617, 1277),
(32522, 617, 1278),
(32527, 617, 1279),
(32532, 617, 1280),
(32537, 617, 1281),
(32542, 617, 1282),
(32547, 617, 1283),
(32552, 617, 1284),
(32557, 617, 1285),
(32562, 617, 1286),
(32567, 617, 1287),
(32572, 617, 1288),
(32577, 617, 1289),
(32582, 617, 1290),
(32443, 618, 1262),
(32448, 618, 1263),
(32453, 618, 1264),
(32458, 618, 1265),
(32463, 618, 1266),
(32468, 618, 1267),
(32473, 618, 1268),
(32478, 618, 1269),
(32483, 618, 1270),
(32488, 618, 1271),
(32493, 618, 1272),
(32498, 618, 1273),
(32503, 618, 1274),
(32508, 618, 1275),
(32513, 618, 1276),
(32518, 618, 1277),
(32523, 618, 1278),
(32528, 618, 1279),
(32533, 618, 1280),
(32538, 618, 1281),
(32543, 618, 1282),
(32548, 618, 1283),
(32553, 618, 1284),
(32558, 618, 1285),
(32563, 618, 1286),
(32568, 618, 1287),
(32573, 618, 1288),
(32578, 618, 1289),
(32583, 618, 1290),
(32444, 619, 1262),
(32449, 619, 1263),
(32454, 619, 1264),
(32459, 619, 1265),
(32464, 619, 1266),
(32469, 619, 1267),
(32474, 619, 1268),
(32479, 619, 1269),
(32484, 619, 1270),
(32489, 619, 1271),
(32494, 619, 1272),
(32499, 619, 1273),
(32504, 619, 1274),
(32509, 619, 1275),
(32514, 619, 1276),
(32519, 619, 1277),
(32524, 619, 1278),
(32529, 619, 1279),
(32534, 619, 1280),
(32539, 619, 1281),
(32544, 619, 1282),
(32549, 619, 1283),
(32554, 619, 1284),
(32559, 619, 1285),
(32564, 619, 1286),
(32569, 619, 1287),
(32574, 619, 1288),
(32579, 619, 1289),
(32584, 619, 1290),
(32445, 620, 1262),
(32450, 620, 1263),
(32455, 620, 1264),
(32460, 620, 1265),
(32465, 620, 1266),
(32470, 620, 1267),
(32475, 620, 1268),
(32480, 620, 1269),
(32485, 620, 1270),
(32490, 620, 1271),
(32495, 620, 1272),
(32500, 620, 1273),
(32505, 620, 1274),
(32510, 620, 1275),
(32515, 620, 1276),
(32520, 620, 1277),
(32525, 620, 1278),
(32530, 620, 1279),
(32535, 620, 1280),
(32540, 620, 1281),
(32545, 620, 1282),
(32550, 620, 1283),
(32555, 620, 1284),
(32560, 620, 1285),
(32565, 620, 1286),
(32570, 620, 1287),
(32575, 620, 1288),
(32580, 620, 1289),
(32585, 620, 1290),
(34591, 621, 987),
(34596, 621, 988),
(34601, 621, 989),
(34606, 621, 990),
(34611, 621, 991),
(34616, 621, 992),
(34621, 621, 993),
(34626, 621, 994),
(34631, 621, 995),
(34636, 621, 996),
(34641, 621, 997),
(34646, 621, 1014),
(34651, 621, 1015),
(34656, 621, 1016),
(34661, 621, 1017),
(34666, 621, 1018),
(34671, 621, 1019),
(34676, 621, 1020),
(34681, 621, 1021),
(34686, 621, 1022),
(34691, 621, 1023),
(34696, 621, 1024),
(34701, 621, 1025),
(34706, 621, 1026),
(34711, 621, 1027),
(34716, 621, 1028),
(34721, 621, 1029),
(34592, 622, 987),
(34597, 622, 988),
(34602, 622, 989),
(34607, 622, 990),
(34612, 622, 991),
(34617, 622, 992),
(34622, 622, 993),
(34627, 622, 994),
(34632, 622, 995),
(34637, 622, 996),
(34642, 622, 997),
(34647, 622, 1014),
(34652, 622, 1015),
(34657, 622, 1016),
(34662, 622, 1017),
(34667, 622, 1018),
(34672, 622, 1019),
(34677, 622, 1020),
(34682, 622, 1021),
(34687, 622, 1022),
(34692, 622, 1023),
(34697, 622, 1024),
(34702, 622, 1025),
(34707, 622, 1026),
(34712, 622, 1027),
(34717, 622, 1028),
(34722, 622, 1029),
(34593, 623, 987),
(34598, 623, 988),
(34603, 623, 989),
(34608, 623, 990),
(34613, 623, 991),
(34618, 623, 992),
(34623, 623, 993),
(34628, 623, 994),
(34633, 623, 995),
(34638, 623, 996),
(34643, 623, 997),
(34648, 623, 1014),
(34653, 623, 1015),
(34658, 623, 1016),
(34663, 623, 1017),
(34668, 623, 1018),
(34673, 623, 1019),
(34678, 623, 1020),
(34683, 623, 1021),
(34688, 623, 1022),
(34693, 623, 1023),
(34698, 623, 1024),
(34703, 623, 1025),
(34708, 623, 1026),
(34713, 623, 1027),
(34718, 623, 1028),
(34723, 623, 1029),
(34594, 624, 987),
(34599, 624, 988),
(34604, 624, 989),
(34609, 624, 990),
(34614, 624, 991),
(34619, 624, 992),
(34624, 624, 993),
(34629, 624, 994),
(34634, 624, 995),
(34639, 624, 996),
(34644, 624, 997),
(34649, 624, 1014),
(34654, 624, 1015),
(34659, 624, 1016),
(34664, 624, 1017),
(34669, 624, 1018),
(34674, 624, 1019),
(34679, 624, 1020),
(34684, 624, 1021),
(34689, 624, 1022),
(34694, 624, 1023),
(34699, 624, 1024),
(34704, 624, 1025),
(34709, 624, 1026),
(34714, 624, 1027),
(34719, 624, 1028),
(34724, 624, 1029),
(34595, 625, 987),
(34600, 625, 988),
(34605, 625, 989),
(34610, 625, 990),
(34615, 625, 991),
(34620, 625, 992),
(34625, 625, 993),
(34630, 625, 994),
(34635, 625, 995),
(34640, 625, 996),
(34645, 625, 997),
(34650, 625, 1014),
(34655, 625, 1015),
(34660, 625, 1016),
(34665, 625, 1017),
(34670, 625, 1018),
(34675, 625, 1019),
(34680, 625, 1020),
(34685, 625, 1021),
(34690, 625, 1022),
(34695, 625, 1023),
(34700, 625, 1024),
(34705, 625, 1025),
(34710, 625, 1026),
(34715, 625, 1027),
(34720, 625, 1028),
(34725, 625, 1029),
(34841, 626, 998),
(34846, 626, 999),
(34851, 626, 1000),
(34856, 626, 1001),
(34861, 626, 1002),
(34866, 626, 1003),
(34871, 626, 1004),
(34876, 626, 1005),
(34881, 626, 1006),
(34886, 626, 1007),
(34891, 626, 1008),
(34896, 626, 1009),
(34901, 626, 1010),
(34906, 626, 1011),
(34911, 626, 1012),
(34916, 626, 1013),
(34842, 627, 998),
(34847, 627, 999),
(34852, 627, 1000),
(34857, 627, 1001),
(34862, 627, 1002),
(34867, 627, 1003),
(34872, 627, 1004),
(34877, 627, 1005),
(34882, 627, 1006),
(34887, 627, 1007),
(34892, 627, 1008),
(34897, 627, 1009),
(34902, 627, 1010),
(34907, 627, 1011),
(34912, 627, 1012),
(34917, 627, 1013),
(34843, 628, 998),
(34848, 628, 999),
(34853, 628, 1000),
(34858, 628, 1001),
(34863, 628, 1002),
(34868, 628, 1003),
(34873, 628, 1004),
(34878, 628, 1005),
(34883, 628, 1006),
(34888, 628, 1007),
(34893, 628, 1008),
(34898, 628, 1009),
(34903, 628, 1010),
(34908, 628, 1011),
(34913, 628, 1012),
(34918, 628, 1013),
(34844, 629, 998),
(34849, 629, 999),
(34854, 629, 1000),
(34859, 629, 1001),
(34864, 629, 1002),
(34869, 629, 1003),
(34874, 629, 1004),
(34879, 629, 1005),
(34884, 629, 1006),
(34889, 629, 1007),
(34894, 629, 1008),
(34899, 629, 1009),
(34904, 629, 1010),
(34909, 629, 1011),
(34914, 629, 1012),
(34919, 629, 1013),
(34845, 630, 998),
(34850, 630, 999),
(34855, 630, 1000),
(34860, 630, 1001),
(34865, 630, 1002),
(34870, 630, 1003),
(34875, 630, 1004),
(34880, 630, 1005),
(34885, 630, 1006),
(34890, 630, 1007),
(34895, 630, 1008),
(34900, 630, 1009),
(34905, 630, 1010),
(34910, 630, 1011),
(34915, 630, 1012),
(34920, 630, 1013),
(32586, 631, 655),
(32591, 631, 656),
(32596, 631, 661),
(32601, 631, 662),
(32606, 631, 664),
(32611, 631, 667),
(32616, 631, 670),
(32621, 631, 671),
(32626, 631, 674),
(32631, 631, 696),
(32636, 631, 699),
(32641, 631, 709),
(32646, 631, 711),
(32651, 631, 721),
(32656, 631, 737),
(32661, 631, 768),
(32666, 631, 788),
(32671, 631, 928),
(32676, 631, 929),
(32681, 631, 930),
(32686, 631, 931),
(32691, 631, 932),
(32696, 631, 933),
(32701, 631, 934),
(32706, 631, 935),
(32711, 631, 936),
(32716, 631, 937),
(32721, 631, 938),
(32726, 631, 939),
(32731, 631, 940),
(32587, 632, 655),
(32592, 632, 656),
(32597, 632, 661),
(32602, 632, 662),
(32607, 632, 664),
(32612, 632, 667),
(32617, 632, 670),
(32622, 632, 671),
(32627, 632, 674),
(32632, 632, 696),
(32637, 632, 699),
(32642, 632, 709),
(32647, 632, 711),
(32652, 632, 721),
(32657, 632, 737),
(32662, 632, 768),
(32667, 632, 788),
(32672, 632, 928),
(32677, 632, 929),
(32682, 632, 930),
(32687, 632, 931),
(32692, 632, 932),
(32697, 632, 933),
(32702, 632, 934),
(32707, 632, 935),
(32712, 632, 936),
(32717, 632, 937),
(32722, 632, 938),
(32727, 632, 939),
(32732, 632, 940),
(32588, 633, 655),
(32593, 633, 656),
(32598, 633, 661),
(32603, 633, 662),
(32608, 633, 664),
(32613, 633, 667),
(32618, 633, 670),
(32623, 633, 671),
(32628, 633, 674),
(32633, 633, 696),
(32638, 633, 699),
(32643, 633, 709),
(32648, 633, 711),
(32653, 633, 721),
(32658, 633, 737),
(32663, 633, 768),
(32668, 633, 788),
(32673, 633, 928),
(32678, 633, 929),
(32683, 633, 930),
(32688, 633, 931),
(32693, 633, 932),
(32698, 633, 933),
(32703, 633, 934),
(32708, 633, 935),
(32713, 633, 936),
(32718, 633, 937),
(32723, 633, 938),
(32728, 633, 939),
(32733, 633, 940),
(32589, 634, 655),
(32594, 634, 656),
(32599, 634, 661),
(32604, 634, 662),
(32609, 634, 664),
(32614, 634, 667),
(32619, 634, 670),
(32624, 634, 671),
(32629, 634, 674),
(32634, 634, 696),
(32639, 634, 699),
(32644, 634, 709),
(32649, 634, 711),
(32654, 634, 721),
(32659, 634, 737),
(32664, 634, 768),
(32669, 634, 788),
(32674, 634, 928),
(32679, 634, 929),
(32684, 634, 930),
(32689, 634, 931),
(32694, 634, 932),
(32699, 634, 933),
(32704, 634, 934),
(32709, 634, 935),
(32714, 634, 936),
(32719, 634, 937),
(32724, 634, 938),
(32729, 634, 939),
(32734, 634, 940),
(32590, 635, 655),
(32595, 635, 656),
(32600, 635, 661),
(32605, 635, 662),
(32610, 635, 664),
(32615, 635, 667),
(32620, 635, 670),
(32625, 635, 671),
(32630, 635, 674),
(32635, 635, 696),
(32640, 635, 699),
(32645, 635, 709),
(32650, 635, 711),
(32655, 635, 721),
(32660, 635, 737),
(32665, 635, 768),
(32670, 635, 788),
(32675, 635, 928),
(32680, 635, 929),
(32685, 635, 930),
(32690, 635, 931),
(32695, 635, 932),
(32700, 635, 933),
(32705, 635, 934),
(32710, 635, 935),
(32715, 635, 936),
(32720, 635, 937),
(32725, 635, 938),
(32730, 635, 939),
(32735, 635, 940),
(32736, 636, 941),
(32741, 636, 942),
(32746, 636, 943),
(32751, 636, 944),
(32756, 636, 945),
(32761, 636, 946),
(32766, 636, 947),
(32771, 636, 948),
(32776, 636, 949),
(32781, 636, 950),
(32786, 636, 951),
(32791, 636, 952),
(32796, 636, 953),
(32801, 636, 954),
(32806, 636, 955),
(32737, 637, 941),
(32742, 637, 942),
(32747, 637, 943),
(32752, 637, 944),
(32757, 637, 945),
(32762, 637, 946),
(32767, 637, 947),
(32772, 637, 948),
(32777, 637, 949),
(32782, 637, 950),
(32787, 637, 951),
(32792, 637, 952),
(32797, 637, 953),
(32802, 637, 954),
(32807, 637, 955),
(32738, 638, 941),
(32743, 638, 942),
(32748, 638, 943),
(32753, 638, 944),
(32758, 638, 945),
(32763, 638, 946),
(32768, 638, 947),
(32773, 638, 948),
(32778, 638, 949),
(32783, 638, 950),
(32788, 638, 951),
(32793, 638, 952),
(32798, 638, 953),
(32803, 638, 954),
(32808, 638, 955),
(32739, 639, 941),
(32744, 639, 942),
(32749, 639, 943),
(32754, 639, 944),
(32759, 639, 945),
(32764, 639, 946),
(32769, 639, 947),
(32774, 639, 948),
(32779, 639, 949),
(32784, 639, 950),
(32789, 639, 951),
(32794, 639, 952),
(32799, 639, 953),
(32804, 639, 954),
(32809, 639, 955),
(32740, 640, 941),
(32745, 640, 942),
(32750, 640, 943),
(32755, 640, 944),
(32760, 640, 945),
(32765, 640, 946),
(32770, 640, 947),
(32775, 640, 948),
(32780, 640, 949),
(32785, 640, 950),
(32790, 640, 951),
(32795, 640, 952),
(32800, 640, 953),
(32805, 640, 954),
(32810, 640, 955),
(32811, 641, 956),
(32816, 641, 957),
(32821, 641, 958),
(32826, 641, 959),
(32831, 641, 960),
(32836, 641, 961),
(32841, 641, 962),
(32846, 641, 963),
(32851, 641, 964),
(32856, 641, 965),
(32861, 641, 966),
(32866, 641, 967),
(32871, 641, 968),
(32876, 641, 969),
(32881, 641, 970),
(32886, 641, 971),
(32891, 641, 972),
(32896, 641, 973),
(32901, 641, 974),
(32906, 641, 975),
(32911, 641, 977),
(32812, 642, 956),
(32817, 642, 957),
(32822, 642, 958),
(32827, 642, 959),
(32832, 642, 960),
(32837, 642, 961),
(32842, 642, 962),
(32847, 642, 963),
(32852, 642, 964),
(32857, 642, 965),
(32862, 642, 966),
(32867, 642, 967),
(32872, 642, 968),
(32877, 642, 969),
(32882, 642, 970),
(32887, 642, 971),
(32892, 642, 972),
(32897, 642, 973),
(32902, 642, 974),
(32907, 642, 975),
(32912, 642, 977),
(32813, 643, 956),
(32818, 643, 957),
(32823, 643, 958),
(32828, 643, 959),
(32833, 643, 960),
(32838, 643, 961),
(32843, 643, 962),
(32848, 643, 963),
(32853, 643, 964),
(32858, 643, 965),
(32863, 643, 966),
(32868, 643, 967),
(32873, 643, 968),
(32878, 643, 969),
(32883, 643, 970),
(32888, 643, 971),
(32893, 643, 972),
(32898, 643, 973),
(32903, 643, 974),
(32908, 643, 975),
(32913, 643, 977),
(32814, 644, 956),
(32819, 644, 957),
(32824, 644, 958),
(32829, 644, 959),
(32834, 644, 960),
(32839, 644, 961),
(32844, 644, 962),
(32849, 644, 963),
(32854, 644, 964),
(32859, 644, 965),
(32864, 644, 966),
(32869, 644, 967),
(32874, 644, 968),
(32879, 644, 969),
(32884, 644, 970),
(32889, 644, 971),
(32894, 644, 972),
(32899, 644, 973),
(32904, 644, 974),
(32909, 644, 975),
(32914, 644, 977),
(32815, 645, 956),
(32820, 645, 957),
(32825, 645, 958),
(32830, 645, 959),
(32835, 645, 960),
(32840, 645, 961),
(32845, 645, 962),
(32850, 645, 963),
(32855, 645, 964),
(32860, 645, 965),
(32865, 645, 966),
(32870, 645, 967),
(32875, 645, 968),
(32880, 645, 969),
(32885, 645, 970),
(32890, 645, 971),
(32895, 645, 972),
(32900, 645, 973),
(32905, 645, 974),
(32910, 645, 975),
(32915, 645, 977),
(33986, 646, 1030),
(33991, 646, 1031),
(33996, 646, 1032),
(34001, 646, 1033),
(34006, 646, 1034),
(34011, 646, 1035),
(34016, 646, 1036),
(34021, 646, 1037),
(34026, 646, 1038),
(34031, 646, 1039),
(34036, 646, 1040),
(34041, 646, 1041),
(34046, 646, 1042),
(34051, 646, 1043),
(33987, 647, 1030),
(33992, 647, 1031),
(33997, 647, 1032),
(34002, 647, 1033),
(34007, 647, 1034),
(34012, 647, 1035),
(34017, 647, 1036),
(34022, 647, 1037),
(34027, 647, 1038),
(34032, 647, 1039),
(34037, 647, 1040),
(34042, 647, 1041),
(34047, 647, 1042),
(34052, 647, 1043),
(33988, 648, 1030),
(33993, 648, 1031),
(33998, 648, 1032),
(34003, 648, 1033),
(34008, 648, 1034),
(34013, 648, 1035),
(34018, 648, 1036),
(34023, 648, 1037),
(34028, 648, 1038),
(34033, 648, 1039),
(34038, 648, 1040),
(34043, 648, 1041),
(34048, 648, 1042),
(34053, 648, 1043),
(33989, 649, 1030),
(33994, 649, 1031),
(33999, 649, 1032),
(34004, 649, 1033),
(34009, 649, 1034),
(34014, 649, 1035),
(34019, 649, 1036),
(34024, 649, 1037),
(34029, 649, 1038),
(34034, 649, 1039),
(34039, 649, 1040),
(34044, 649, 1041),
(34049, 649, 1042),
(34054, 649, 1043),
(33990, 650, 1030),
(33995, 650, 1031),
(34000, 650, 1032),
(34005, 650, 1033),
(34010, 650, 1034),
(34015, 650, 1035),
(34020, 650, 1036),
(34025, 650, 1037),
(34030, 650, 1038),
(34035, 650, 1039),
(34040, 650, 1040),
(34045, 650, 1041),
(34050, 650, 1042),
(34055, 650, 1043),
(32916, 651, 647),
(32921, 651, 651),
(32926, 651, 657),
(32931, 651, 660),
(32936, 651, 663),
(32941, 651, 665),
(32946, 651, 666),
(32951, 651, 668),
(32956, 651, 669),
(32961, 651, 672),
(32966, 651, 673),
(32971, 651, 675),
(32976, 651, 676),
(32981, 651, 677),
(32986, 651, 678),
(32991, 651, 679),
(32996, 651, 680),
(33001, 651, 681),
(33006, 651, 682),
(33011, 651, 683),
(33016, 651, 684),
(33021, 651, 685),
(33026, 651, 686),
(33031, 651, 687),
(33036, 651, 688),
(33041, 651, 689),
(33046, 651, 690),
(33051, 651, 691),
(33056, 651, 692),
(33061, 651, 693),
(32917, 652, 647),
(32922, 652, 651),
(32927, 652, 657),
(32932, 652, 660),
(32937, 652, 663),
(32942, 652, 665),
(32947, 652, 666),
(32952, 652, 668),
(32957, 652, 669),
(32962, 652, 672),
(32967, 652, 673),
(32972, 652, 675),
(32977, 652, 676),
(32982, 652, 677),
(32987, 652, 678),
(32992, 652, 679),
(32997, 652, 680),
(33002, 652, 681),
(33007, 652, 682),
(33012, 652, 683),
(33017, 652, 684),
(33022, 652, 685),
(33027, 652, 686),
(33032, 652, 687),
(33037, 652, 688),
(33042, 652, 689),
(33047, 652, 690),
(33052, 652, 691),
(33057, 652, 692),
(33062, 652, 693),
(32918, 653, 647),
(32923, 653, 651),
(32928, 653, 657),
(32933, 653, 660),
(32938, 653, 663),
(32943, 653, 665),
(32948, 653, 666),
(32953, 653, 668),
(32958, 653, 669),
(32963, 653, 672),
(32968, 653, 673),
(32973, 653, 675),
(32978, 653, 676),
(32983, 653, 677),
(32988, 653, 678),
(32993, 653, 679),
(32998, 653, 680),
(33003, 653, 681),
(33008, 653, 682),
(33013, 653, 683),
(33018, 653, 684),
(33023, 653, 685),
(33028, 653, 686),
(33033, 653, 687),
(33038, 653, 688),
(33043, 653, 689),
(33048, 653, 690),
(33053, 653, 691),
(33058, 653, 692),
(33063, 653, 693),
(32919, 654, 647),
(32924, 654, 651),
(32929, 654, 657),
(32934, 654, 660),
(32939, 654, 663),
(32944, 654, 665),
(32949, 654, 666),
(32954, 654, 668),
(32959, 654, 669),
(32964, 654, 672),
(32969, 654, 673),
(32974, 654, 675),
(32979, 654, 676),
(32984, 654, 677),
(32989, 654, 678),
(32994, 654, 679),
(32999, 654, 680),
(33004, 654, 681),
(33009, 654, 682),
(33014, 654, 683),
(33019, 654, 684),
(33024, 654, 685),
(33029, 654, 686),
(33034, 654, 687),
(33039, 654, 688),
(33044, 654, 689),
(33049, 654, 690),
(33054, 654, 691),
(33059, 654, 692),
(33064, 654, 693),
(32920, 655, 647),
(32925, 655, 651),
(32930, 655, 657),
(32935, 655, 660),
(32940, 655, 663),
(32945, 655, 665),
(32950, 655, 666),
(32955, 655, 668),
(32960, 655, 669),
(32965, 655, 672),
(32970, 655, 673),
(32975, 655, 675),
(32980, 655, 676),
(32985, 655, 677),
(32990, 655, 678),
(32995, 655, 679),
(33000, 655, 680),
(33005, 655, 681),
(33010, 655, 682),
(33015, 655, 683),
(33020, 655, 684),
(33025, 655, 685),
(33030, 655, 686),
(33035, 655, 687),
(33040, 655, 688),
(33045, 655, 689),
(33050, 655, 690),
(33055, 655, 691),
(33060, 655, 692),
(33065, 655, 693),
(33066, 656, 694),
(33071, 656, 695),
(33076, 656, 697),
(33081, 656, 698),
(33086, 656, 700),
(33091, 656, 701),
(33096, 656, 702),
(33101, 656, 703),
(33106, 656, 704),
(33111, 656, 705),
(33116, 656, 706),
(33121, 656, 707),
(33126, 656, 708),
(33131, 656, 710),
(33136, 656, 712),
(33141, 656, 713),
(33146, 656, 714),
(33151, 656, 715),
(33156, 656, 716),
(33161, 656, 717),
(33166, 656, 718),
(33171, 656, 719),
(33176, 656, 720),
(33181, 656, 722),
(33186, 656, 723),
(33191, 656, 724),
(33196, 656, 725),
(33201, 656, 726),
(33206, 656, 727),
(33211, 656, 728),
(33067, 657, 694),
(33072, 657, 695),
(33077, 657, 697),
(33082, 657, 698),
(33087, 657, 700),
(33092, 657, 701),
(33097, 657, 702),
(33102, 657, 703),
(33107, 657, 704),
(33112, 657, 705),
(33117, 657, 706),
(33122, 657, 707),
(33127, 657, 708),
(33132, 657, 710),
(33137, 657, 712),
(33142, 657, 713),
(33147, 657, 714),
(33152, 657, 715),
(33157, 657, 716),
(33162, 657, 717),
(33167, 657, 718),
(33172, 657, 719),
(33177, 657, 720),
(33182, 657, 722),
(33187, 657, 723),
(33192, 657, 724),
(33197, 657, 725),
(33202, 657, 726),
(33207, 657, 727),
(33212, 657, 728),
(33068, 658, 694),
(33073, 658, 695),
(33078, 658, 697),
(33083, 658, 698),
(33088, 658, 700),
(33093, 658, 701),
(33098, 658, 702),
(33103, 658, 703),
(33108, 658, 704),
(33113, 658, 705),
(33118, 658, 706),
(33123, 658, 707),
(33128, 658, 708),
(33133, 658, 710),
(33138, 658, 712),
(33143, 658, 713),
(33148, 658, 714),
(33153, 658, 715),
(33158, 658, 716),
(33163, 658, 717),
(33168, 658, 718),
(33173, 658, 719),
(33178, 658, 720),
(33183, 658, 722),
(33188, 658, 723),
(33193, 658, 724),
(33198, 658, 725),
(33203, 658, 726),
(33208, 658, 727),
(33213, 658, 728),
(33069, 659, 694),
(33074, 659, 695),
(33079, 659, 697),
(33084, 659, 698),
(33089, 659, 700),
(33094, 659, 701),
(33099, 659, 702),
(33104, 659, 703),
(33109, 659, 704),
(33114, 659, 705),
(33119, 659, 706),
(33124, 659, 707),
(33129, 659, 708),
(33134, 659, 710),
(33139, 659, 712),
(33144, 659, 713),
(33149, 659, 714),
(33154, 659, 715),
(33159, 659, 716),
(33164, 659, 717),
(33169, 659, 718),
(33174, 659, 719),
(33179, 659, 720),
(33184, 659, 722),
(33189, 659, 723),
(33194, 659, 724),
(33199, 659, 725),
(33204, 659, 726),
(33209, 659, 727),
(33214, 659, 728),
(33070, 660, 694),
(33075, 660, 695),
(33080, 660, 697),
(33085, 660, 698),
(33090, 660, 700),
(33095, 660, 701),
(33100, 660, 702),
(33105, 660, 703),
(33110, 660, 704),
(33115, 660, 705),
(33120, 660, 706),
(33125, 660, 707),
(33130, 660, 708),
(33135, 660, 710),
(33140, 660, 712),
(33145, 660, 713),
(33150, 660, 714),
(33155, 660, 715),
(33160, 660, 716),
(33165, 660, 717),
(33170, 660, 718),
(33175, 660, 719),
(33180, 660, 720),
(33185, 660, 722),
(33190, 660, 723),
(33195, 660, 724),
(33200, 660, 725),
(33205, 660, 726),
(33210, 660, 727),
(33215, 660, 728),
(33216, 661, 729),
(33221, 661, 730),
(33226, 661, 731),
(33231, 661, 732),
(33236, 661, 735),
(33241, 661, 759),
(33246, 661, 779),
(33251, 661, 797),
(33256, 661, 810),
(33261, 661, 817),
(33266, 661, 834),
(33271, 661, 976),
(33276, 661, 979),
(33281, 661, 983),
(33286, 661, 984),
(33291, 661, 985),
(33217, 662, 729),
(33222, 662, 730),
(33227, 662, 731),
(33232, 662, 732),
(33237, 662, 735),
(33242, 662, 759),
(33247, 662, 779),
(33252, 662, 797),
(33257, 662, 810),
(33262, 662, 817),
(33267, 662, 834),
(33272, 662, 976),
(33277, 662, 979),
(33282, 662, 983),
(33287, 662, 984),
(33292, 662, 985),
(33218, 663, 729),
(33223, 663, 730),
(33228, 663, 731),
(33233, 663, 732),
(33238, 663, 735),
(33243, 663, 759),
(33248, 663, 779),
(33253, 663, 797),
(33258, 663, 810),
(33263, 663, 817),
(33268, 663, 834),
(33273, 663, 976),
(33278, 663, 979),
(33283, 663, 983),
(33288, 663, 984),
(33293, 663, 985),
(33219, 664, 729),
(33224, 664, 730),
(33229, 664, 731),
(33234, 664, 732),
(33239, 664, 735),
(33244, 664, 759),
(33249, 664, 779),
(33254, 664, 797),
(33259, 664, 810),
(33264, 664, 817),
(33269, 664, 834),
(33274, 664, 976),
(33279, 664, 979),
(33284, 664, 983),
(33289, 664, 984),
(33294, 664, 985),
(33220, 665, 729),
(33225, 665, 730),
(33230, 665, 731),
(33235, 665, 732),
(33240, 665, 735),
(33245, 665, 759),
(33250, 665, 779),
(33255, 665, 797),
(33260, 665, 810),
(33265, 665, 817),
(33270, 665, 834),
(33275, 665, 976),
(33280, 665, 979),
(33285, 665, 983),
(33290, 665, 984),
(33295, 665, 985),
(34366, 666, 1044),
(34371, 666, 1045),
(34376, 666, 1046),
(34381, 666, 1047),
(34367, 667, 1044),
(34372, 667, 1045),
(34377, 667, 1046),
(34382, 667, 1047),
(34368, 668, 1044),
(34373, 668, 1045),
(34378, 668, 1046),
(34383, 668, 1047),
(34369, 669, 1044),
(34374, 669, 1045),
(34379, 669, 1046),
(34384, 669, 1047),
(34370, 670, 1044),
(34375, 670, 1045),
(34380, 670, 1046),
(34385, 670, 1047),
(33296, 671, 648),
(33301, 671, 649),
(33306, 671, 650),
(33311, 671, 652),
(33316, 671, 653),
(33321, 671, 654),
(33326, 671, 658),
(33331, 671, 659),
(33336, 671, 733),
(33341, 671, 734),
(33346, 671, 736),
(33351, 671, 738),
(33356, 671, 739),
(33361, 671, 740),
(33366, 671, 741),
(33371, 671, 742),
(33376, 671, 743),
(33381, 671, 744),
(33386, 671, 745),
(33391, 671, 746),
(33396, 671, 747),
(33401, 671, 748),
(33406, 671, 749),
(33411, 671, 750),
(33416, 671, 751),
(33421, 671, 752),
(33426, 671, 753),
(33431, 671, 754),
(33436, 671, 755),
(33441, 671, 756),
(33297, 672, 648),
(33302, 672, 649),
(33307, 672, 650),
(33312, 672, 652),
(33317, 672, 653),
(33322, 672, 654),
(33327, 672, 658),
(33332, 672, 659),
(33337, 672, 733),
(33342, 672, 734),
(33347, 672, 736),
(33352, 672, 738),
(33357, 672, 739),
(33362, 672, 740),
(33367, 672, 741),
(33372, 672, 742),
(33377, 672, 743),
(33382, 672, 744),
(33387, 672, 745),
(33392, 672, 746),
(33397, 672, 747),
(33402, 672, 748),
(33407, 672, 749),
(33412, 672, 750),
(33417, 672, 751),
(33422, 672, 752),
(33427, 672, 753),
(33432, 672, 754),
(33437, 672, 755),
(33442, 672, 756),
(33298, 673, 648),
(33303, 673, 649),
(33308, 673, 650),
(33313, 673, 652),
(33318, 673, 653),
(33323, 673, 654),
(33328, 673, 658),
(33333, 673, 659),
(33338, 673, 733),
(33343, 673, 734),
(33348, 673, 736),
(33353, 673, 738),
(33358, 673, 739),
(33363, 673, 740),
(33368, 673, 741),
(33373, 673, 742),
(33378, 673, 743),
(33383, 673, 744),
(33388, 673, 745),
(33393, 673, 746),
(33398, 673, 747),
(33403, 673, 748),
(33408, 673, 749),
(33413, 673, 750),
(33418, 673, 751),
(33423, 673, 752),
(33428, 673, 753),
(33433, 673, 754),
(33438, 673, 755),
(33443, 673, 756),
(33299, 674, 648),
(33304, 674, 649),
(33309, 674, 650),
(33314, 674, 652),
(33319, 674, 653),
(33324, 674, 654),
(33329, 674, 658),
(33334, 674, 659),
(33339, 674, 733),
(33344, 674, 734),
(33349, 674, 736),
(33354, 674, 738),
(33359, 674, 739),
(33364, 674, 740),
(33369, 674, 741),
(33374, 674, 742),
(33379, 674, 743),
(33384, 674, 744),
(33389, 674, 745),
(33394, 674, 746),
(33399, 674, 747),
(33404, 674, 748),
(33409, 674, 749),
(33414, 674, 750),
(33419, 674, 751),
(33424, 674, 752),
(33429, 674, 753),
(33434, 674, 754),
(33439, 674, 755),
(33444, 674, 756),
(33300, 675, 648),
(33305, 675, 649),
(33310, 675, 650),
(33315, 675, 652),
(33320, 675, 653),
(33325, 675, 654),
(33330, 675, 658),
(33335, 675, 659),
(33340, 675, 733),
(33345, 675, 734),
(33350, 675, 736),
(33355, 675, 738),
(33360, 675, 739),
(33365, 675, 740),
(33370, 675, 741),
(33375, 675, 742),
(33380, 675, 743),
(33385, 675, 744),
(33390, 675, 745),
(33395, 675, 746),
(33400, 675, 747),
(33405, 675, 748),
(33410, 675, 749),
(33415, 675, 750),
(33420, 675, 751),
(33425, 675, 752),
(33430, 675, 753),
(33435, 675, 754),
(33440, 675, 755),
(33445, 675, 756),
(33446, 676, 757),
(33451, 676, 758),
(33456, 676, 760),
(33461, 676, 761),
(33466, 676, 762),
(33471, 676, 763),
(33476, 676, 764),
(33481, 676, 765),
(33486, 676, 766),
(33491, 676, 767),
(33496, 676, 769),
(33501, 676, 770),
(33506, 676, 771),
(33511, 676, 772),
(33516, 676, 773),
(33521, 676, 774),
(33526, 676, 775),
(33531, 676, 776),
(33536, 676, 777),
(33541, 676, 778),
(33546, 676, 780),
(33551, 676, 781),
(33556, 676, 782),
(33561, 676, 783),
(33566, 676, 784),
(33571, 676, 785),
(33576, 676, 786),
(33581, 676, 787),
(33586, 676, 789),
(33591, 676, 790),
(33447, 677, 757),
(33452, 677, 758),
(33457, 677, 760),
(33462, 677, 761),
(33467, 677, 762),
(33472, 677, 763),
(33477, 677, 764),
(33482, 677, 765),
(33487, 677, 766),
(33492, 677, 767),
(33497, 677, 769),
(33502, 677, 770),
(33507, 677, 771),
(33512, 677, 772),
(33517, 677, 773),
(33522, 677, 774),
(33527, 677, 775),
(33532, 677, 776),
(33537, 677, 777),
(33542, 677, 778),
(33547, 677, 780),
(33552, 677, 781),
(33557, 677, 782),
(33562, 677, 783),
(33567, 677, 784),
(33572, 677, 785),
(33577, 677, 786),
(33582, 677, 787),
(33587, 677, 789),
(33592, 677, 790),
(33448, 678, 757),
(33453, 678, 758),
(33458, 678, 760),
(33463, 678, 761),
(33468, 678, 762),
(33473, 678, 763),
(33478, 678, 764),
(33483, 678, 765),
(33488, 678, 766),
(33493, 678, 767),
(33498, 678, 769),
(33503, 678, 770),
(33508, 678, 771),
(33513, 678, 772),
(33518, 678, 773),
(33523, 678, 774),
(33528, 678, 775),
(33533, 678, 776),
(33538, 678, 777),
(33543, 678, 778),
(33548, 678, 780),
(33553, 678, 781),
(33558, 678, 782),
(33563, 678, 783),
(33568, 678, 784),
(33573, 678, 785),
(33578, 678, 786),
(33583, 678, 787),
(33588, 678, 789),
(33593, 678, 790),
(33449, 679, 757),
(33454, 679, 758),
(33459, 679, 760),
(33464, 679, 761),
(33469, 679, 762),
(33474, 679, 763),
(33479, 679, 764),
(33484, 679, 765),
(33489, 679, 766),
(33494, 679, 767),
(33499, 679, 769),
(33504, 679, 770),
(33509, 679, 771),
(33514, 679, 772),
(33519, 679, 773),
(33524, 679, 774),
(33529, 679, 775),
(33534, 679, 776),
(33539, 679, 777),
(33544, 679, 778),
(33549, 679, 780),
(33554, 679, 781),
(33559, 679, 782),
(33564, 679, 783),
(33569, 679, 784),
(33574, 679, 785),
(33579, 679, 786),
(33584, 679, 787),
(33589, 679, 789),
(33594, 679, 790),
(33450, 680, 757),
(33455, 680, 758),
(33460, 680, 760),
(33465, 680, 761),
(33470, 680, 762),
(33475, 680, 763),
(33480, 680, 764),
(33485, 680, 765),
(33490, 680, 766),
(33495, 680, 767),
(33500, 680, 769),
(33505, 680, 770),
(33510, 680, 771),
(33515, 680, 772),
(33520, 680, 773),
(33525, 680, 774),
(33530, 680, 775),
(33535, 680, 776),
(33540, 680, 777),
(33545, 680, 778),
(33550, 680, 780),
(33555, 680, 781),
(33560, 680, 782),
(33565, 680, 783),
(33570, 680, 784),
(33575, 680, 785),
(33580, 680, 786),
(33585, 680, 787),
(33590, 680, 789),
(33595, 680, 790),
(33596, 681, 791),
(33601, 681, 792),
(33606, 681, 793),
(33611, 681, 794),
(33616, 681, 795),
(33621, 681, 796),
(33626, 681, 798),
(33631, 681, 799),
(33636, 681, 800),
(33641, 681, 801),
(33646, 681, 802),
(33651, 681, 803),
(33656, 681, 804),
(33661, 681, 805),
(33666, 681, 806),
(33671, 681, 807),
(33676, 681, 808),
(33681, 681, 809),
(33686, 681, 811),
(33691, 681, 812),
(33696, 681, 813),
(33701, 681, 814),
(33706, 681, 815),
(33711, 681, 816),
(33716, 681, 818),
(33721, 681, 819),
(33726, 681, 820),
(33731, 681, 821),
(33736, 681, 822),
(33741, 681, 823),
(33597, 682, 791),
(33602, 682, 792),
(33607, 682, 793),
(33612, 682, 794),
(33617, 682, 795),
(33622, 682, 796),
(33627, 682, 798),
(33632, 682, 799),
(33637, 682, 800),
(33642, 682, 801),
(33647, 682, 802),
(33652, 682, 803),
(33657, 682, 804),
(33662, 682, 805),
(33667, 682, 806),
(33672, 682, 807),
(33677, 682, 808),
(33682, 682, 809),
(33687, 682, 811),
(33692, 682, 812),
(33697, 682, 813),
(33702, 682, 814),
(33707, 682, 815),
(33712, 682, 816),
(33717, 682, 818),
(33722, 682, 819),
(33727, 682, 820),
(33732, 682, 821),
(33737, 682, 822),
(33742, 682, 823),
(33598, 683, 791),
(33603, 683, 792),
(33608, 683, 793),
(33613, 683, 794),
(33618, 683, 795),
(33623, 683, 796),
(33628, 683, 798),
(33633, 683, 799),
(33638, 683, 800),
(33643, 683, 801),
(33648, 683, 802),
(33653, 683, 803),
(33658, 683, 804),
(33663, 683, 805),
(33668, 683, 806),
(33673, 683, 807),
(33678, 683, 808),
(33683, 683, 809),
(33688, 683, 811),
(33693, 683, 812),
(33698, 683, 813),
(33703, 683, 814),
(33708, 683, 815),
(33713, 683, 816),
(33718, 683, 818),
(33723, 683, 819),
(33728, 683, 820),
(33733, 683, 821),
(33738, 683, 822),
(33743, 683, 823),
(33599, 684, 791),
(33604, 684, 792),
(33609, 684, 793),
(33614, 684, 794),
(33619, 684, 795),
(33624, 684, 796),
(33629, 684, 798),
(33634, 684, 799),
(33639, 684, 800),
(33644, 684, 801),
(33649, 684, 802),
(33654, 684, 803),
(33659, 684, 804),
(33664, 684, 805),
(33669, 684, 806),
(33674, 684, 807),
(33679, 684, 808),
(33684, 684, 809),
(33689, 684, 811),
(33694, 684, 812),
(33699, 684, 813),
(33704, 684, 814),
(33709, 684, 815),
(33714, 684, 816),
(33719, 684, 818),
(33724, 684, 819),
(33729, 684, 820),
(33734, 684, 821),
(33739, 684, 822),
(33744, 684, 823),
(33600, 685, 791),
(33605, 685, 792),
(33610, 685, 793),
(33615, 685, 794),
(33620, 685, 795),
(33625, 685, 796),
(33630, 685, 798),
(33635, 685, 799),
(33640, 685, 800),
(33645, 685, 801),
(33650, 685, 802),
(33655, 685, 803),
(33660, 685, 804),
(33665, 685, 805),
(33670, 685, 806),
(33675, 685, 807),
(33680, 685, 808),
(33685, 685, 809),
(33690, 685, 811),
(33695, 685, 812),
(33700, 685, 813),
(33705, 685, 814),
(33710, 685, 815),
(33715, 685, 816),
(33720, 685, 818),
(33725, 685, 819),
(33730, 685, 820),
(33735, 685, 821),
(33740, 685, 822),
(33745, 685, 823),
(33746, 686, 824),
(33751, 686, 825),
(33756, 686, 826),
(33761, 686, 827),
(33766, 686, 828),
(33771, 686, 829),
(33776, 686, 830),
(33781, 686, 831),
(33786, 686, 832),
(33791, 686, 833),
(33796, 686, 835),
(33801, 686, 836),
(33806, 686, 837),
(33811, 686, 838),
(33816, 686, 839),
(33821, 686, 840),
(33826, 686, 841),
(33831, 686, 842),
(33836, 686, 843),
(33841, 686, 844),
(33846, 686, 845),
(33851, 686, 846),
(33856, 686, 847),
(33861, 686, 848),
(33866, 686, 849),
(33871, 686, 850),
(33876, 686, 851),
(33881, 686, 852),
(33886, 686, 853),
(33891, 686, 854),
(33747, 687, 824),
(33752, 687, 825),
(33757, 687, 826),
(33762, 687, 827),
(33767, 687, 828),
(33772, 687, 829),
(33777, 687, 830),
(33782, 687, 831),
(33787, 687, 832),
(33792, 687, 833),
(33797, 687, 835),
(33802, 687, 836),
(33807, 687, 837),
(33812, 687, 838),
(33817, 687, 839),
(33822, 687, 840),
(33827, 687, 841),
(33832, 687, 842),
(33837, 687, 843),
(33842, 687, 844),
(33847, 687, 845),
(33852, 687, 846),
(33857, 687, 847),
(33862, 687, 848),
(33867, 687, 849),
(33872, 687, 850),
(33877, 687, 851),
(33882, 687, 852),
(33887, 687, 853),
(33892, 687, 854),
(33748, 688, 824),
(33753, 688, 825),
(33758, 688, 826),
(33763, 688, 827),
(33768, 688, 828),
(33773, 688, 829),
(33778, 688, 830),
(33783, 688, 831),
(33788, 688, 832),
(33793, 688, 833),
(33798, 688, 835),
(33803, 688, 836),
(33808, 688, 837),
(33813, 688, 838),
(33818, 688, 839),
(33823, 688, 840),
(33828, 688, 841),
(33833, 688, 842),
(33838, 688, 843),
(33843, 688, 844),
(33848, 688, 845),
(33853, 688, 846),
(33858, 688, 847),
(33863, 688, 848),
(33868, 688, 849),
(33873, 688, 850),
(33878, 688, 851),
(33883, 688, 852),
(33888, 688, 853),
(33893, 688, 854),
(33749, 689, 824),
(33754, 689, 825),
(33759, 689, 826),
(33764, 689, 827),
(33769, 689, 828),
(33774, 689, 829),
(33779, 689, 830),
(33784, 689, 831),
(33789, 689, 832),
(33794, 689, 833),
(33799, 689, 835),
(33804, 689, 836),
(33809, 689, 837),
(33814, 689, 838),
(33819, 689, 839),
(33824, 689, 840),
(33829, 689, 841),
(33834, 689, 842),
(33839, 689, 843),
(33844, 689, 844),
(33849, 689, 845),
(33854, 689, 846),
(33859, 689, 847),
(33864, 689, 848),
(33869, 689, 849),
(33874, 689, 850),
(33879, 689, 851),
(33884, 689, 852),
(33889, 689, 853),
(33894, 689, 854),
(33750, 690, 824),
(33755, 690, 825),
(33760, 690, 826);
INSERT INTO `class_course_student_semester` (`class_course_student_semester_id`, `class_course_semester_id`, `student_id`) VALUES
(33765, 690, 827),
(33770, 690, 828),
(33775, 690, 829),
(33780, 690, 830),
(33785, 690, 831),
(33790, 690, 832),
(33795, 690, 833),
(33800, 690, 835),
(33805, 690, 836),
(33810, 690, 837),
(33815, 690, 838),
(33820, 690, 839),
(33825, 690, 840),
(33830, 690, 841),
(33835, 690, 842),
(33840, 690, 843),
(33845, 690, 844),
(33850, 690, 845),
(33855, 690, 846),
(33860, 690, 847),
(33865, 690, 848),
(33870, 690, 849),
(33875, 690, 850),
(33880, 690, 851),
(33885, 690, 852),
(33890, 690, 853),
(33895, 690, 854),
(33896, 691, 855),
(33901, 691, 856),
(33906, 691, 857),
(33911, 691, 858),
(33916, 691, 860),
(33921, 691, 876),
(33926, 691, 883),
(33931, 691, 895),
(33936, 691, 899),
(33941, 691, 900),
(33946, 691, 902),
(33951, 691, 910),
(33956, 691, 916),
(33961, 691, 917),
(33966, 691, 921),
(33971, 691, 978),
(33976, 691, 981),
(33981, 691, 982),
(33897, 692, 855),
(33902, 692, 856),
(33907, 692, 857),
(33912, 692, 858),
(33917, 692, 860),
(33922, 692, 876),
(33927, 692, 883),
(33932, 692, 895),
(33937, 692, 899),
(33942, 692, 900),
(33947, 692, 902),
(33952, 692, 910),
(33957, 692, 916),
(33962, 692, 917),
(33967, 692, 921),
(33972, 692, 978),
(33977, 692, 981),
(33982, 692, 982),
(33898, 693, 855),
(33903, 693, 856),
(33908, 693, 857),
(33913, 693, 858),
(33918, 693, 860),
(33923, 693, 876),
(33928, 693, 883),
(33933, 693, 895),
(33938, 693, 899),
(33943, 693, 900),
(33948, 693, 902),
(33953, 693, 910),
(33958, 693, 916),
(33963, 693, 917),
(33968, 693, 921),
(33973, 693, 978),
(33978, 693, 981),
(33983, 693, 982),
(33899, 694, 855),
(33904, 694, 856),
(33909, 694, 857),
(33914, 694, 858),
(33919, 694, 860),
(33924, 694, 876),
(33929, 694, 883),
(33934, 694, 895),
(33939, 694, 899),
(33944, 694, 900),
(33949, 694, 902),
(33954, 694, 910),
(33959, 694, 916),
(33964, 694, 917),
(33969, 694, 921),
(33974, 694, 978),
(33979, 694, 981),
(33984, 694, 982),
(33900, 695, 855),
(33905, 695, 856),
(33910, 695, 857),
(33915, 695, 858),
(33920, 695, 860),
(33925, 695, 876),
(33930, 695, 883),
(33935, 695, 895),
(33940, 695, 899),
(33945, 695, 900),
(33950, 695, 902),
(33955, 695, 910),
(33960, 695, 916),
(33965, 695, 917),
(33970, 695, 921),
(33975, 695, 978),
(33980, 695, 981),
(33985, 695, 982),
(34386, 696, 1048),
(34391, 696, 1049),
(34396, 696, 1050),
(34401, 696, 1051),
(34406, 696, 1052),
(34411, 696, 1053),
(34416, 696, 1054),
(34421, 696, 1055),
(34426, 696, 1056),
(34431, 696, 1057),
(34436, 696, 1058),
(34441, 696, 1059),
(34446, 696, 1060),
(34451, 696, 1061),
(34456, 696, 1062),
(34387, 697, 1048),
(34392, 697, 1049),
(34397, 697, 1050),
(34402, 697, 1051),
(34407, 697, 1052),
(34412, 697, 1053),
(34417, 697, 1054),
(34422, 697, 1055),
(34427, 697, 1056),
(34432, 697, 1057),
(34437, 697, 1058),
(34442, 697, 1059),
(34447, 697, 1060),
(34452, 697, 1061),
(34457, 697, 1062),
(34388, 698, 1048),
(34393, 698, 1049),
(34398, 698, 1050),
(34403, 698, 1051),
(34408, 698, 1052),
(34413, 698, 1053),
(34418, 698, 1054),
(34423, 698, 1055),
(34428, 698, 1056),
(34433, 698, 1057),
(34438, 698, 1058),
(34443, 698, 1059),
(34448, 698, 1060),
(34453, 698, 1061),
(34458, 698, 1062),
(34389, 699, 1048),
(34394, 699, 1049),
(34399, 699, 1050),
(34404, 699, 1051),
(34409, 699, 1052),
(34414, 699, 1053),
(34419, 699, 1054),
(34424, 699, 1055),
(34429, 699, 1056),
(34434, 699, 1057),
(34439, 699, 1058),
(34444, 699, 1059),
(34449, 699, 1060),
(34454, 699, 1061),
(34459, 699, 1062),
(34390, 700, 1048),
(34395, 700, 1049),
(34400, 700, 1050),
(34405, 700, 1051),
(34410, 700, 1052),
(34415, 700, 1053),
(34420, 700, 1054),
(34425, 700, 1055),
(34430, 700, 1056),
(34435, 700, 1057),
(34440, 700, 1058),
(34445, 700, 1059),
(34450, 700, 1060),
(34455, 700, 1061),
(34460, 700, 1062),
(34461, 701, 1063),
(34466, 701, 1064),
(34471, 701, 1065),
(34476, 701, 1066),
(34481, 701, 1067),
(34486, 701, 1068),
(34491, 701, 1069),
(34496, 701, 1070),
(34501, 701, 1071),
(34506, 701, 1072),
(34511, 701, 1073),
(34516, 701, 1074),
(34521, 701, 1075),
(34526, 701, 1076),
(34531, 701, 1077),
(34536, 701, 1078),
(34541, 701, 1079),
(34546, 701, 1080),
(34551, 701, 1081),
(34556, 701, 1082),
(34561, 701, 1083),
(34566, 701, 1084),
(34571, 701, 1085),
(34576, 701, 1086),
(34581, 701, 1087),
(34586, 701, 1088),
(34462, 702, 1063),
(34467, 702, 1064),
(34472, 702, 1065),
(34477, 702, 1066),
(34482, 702, 1067),
(34487, 702, 1068),
(34492, 702, 1069),
(34497, 702, 1070),
(34502, 702, 1071),
(34507, 702, 1072),
(34512, 702, 1073),
(34517, 702, 1074),
(34522, 702, 1075),
(34527, 702, 1076),
(34532, 702, 1077),
(34537, 702, 1078),
(34542, 702, 1079),
(34547, 702, 1080),
(34552, 702, 1081),
(34557, 702, 1082),
(34562, 702, 1083),
(34567, 702, 1084),
(34572, 702, 1085),
(34577, 702, 1086),
(34582, 702, 1087),
(34587, 702, 1088),
(34463, 703, 1063),
(34468, 703, 1064),
(34473, 703, 1065),
(34478, 703, 1066),
(34483, 703, 1067),
(34488, 703, 1068),
(34493, 703, 1069),
(34498, 703, 1070),
(34503, 703, 1071),
(34508, 703, 1072),
(34513, 703, 1073),
(34518, 703, 1074),
(34523, 703, 1075),
(34528, 703, 1076),
(34533, 703, 1077),
(34538, 703, 1078),
(34543, 703, 1079),
(34548, 703, 1080),
(34553, 703, 1081),
(34558, 703, 1082),
(34563, 703, 1083),
(34568, 703, 1084),
(34573, 703, 1085),
(34578, 703, 1086),
(34583, 703, 1087),
(34588, 703, 1088),
(34464, 704, 1063),
(34469, 704, 1064),
(34474, 704, 1065),
(34479, 704, 1066),
(34484, 704, 1067),
(34489, 704, 1068),
(34494, 704, 1069),
(34499, 704, 1070),
(34504, 704, 1071),
(34509, 704, 1072),
(34514, 704, 1073),
(34519, 704, 1074),
(34524, 704, 1075),
(34529, 704, 1076),
(34534, 704, 1077),
(34539, 704, 1078),
(34544, 704, 1079),
(34549, 704, 1080),
(34554, 704, 1081),
(34559, 704, 1082),
(34564, 704, 1083),
(34569, 704, 1084),
(34574, 704, 1085),
(34579, 704, 1086),
(34584, 704, 1087),
(34589, 704, 1088),
(34465, 705, 1063),
(34470, 705, 1064),
(34475, 705, 1065),
(34480, 705, 1066),
(34485, 705, 1067),
(34490, 705, 1068),
(34495, 705, 1069),
(34500, 705, 1070),
(34505, 705, 1071),
(34510, 705, 1072),
(34515, 705, 1073),
(34520, 705, 1074),
(34525, 705, 1075),
(34530, 705, 1076),
(34535, 705, 1077),
(34540, 705, 1078),
(34545, 705, 1079),
(34550, 705, 1080),
(34555, 705, 1081),
(34560, 705, 1082),
(34565, 705, 1083),
(34570, 705, 1084),
(34575, 705, 1085),
(34580, 705, 1086),
(34585, 705, 1087),
(34590, 705, 1088),
(34056, 706, 859),
(34061, 706, 861),
(34066, 706, 862),
(34071, 706, 863),
(34076, 706, 864),
(34081, 706, 865),
(34086, 706, 866),
(34091, 706, 867),
(34096, 706, 868),
(34101, 706, 869),
(34106, 706, 870),
(34111, 706, 871),
(34116, 706, 872),
(34121, 706, 873),
(34126, 706, 874),
(34131, 706, 875),
(34136, 706, 877),
(34141, 706, 878),
(34146, 706, 879),
(34151, 706, 880),
(34156, 706, 881),
(34161, 706, 882),
(34166, 706, 884),
(34171, 706, 885),
(34176, 706, 886),
(34181, 706, 887),
(34186, 706, 888),
(34191, 706, 889),
(34196, 706, 890),
(34201, 706, 891),
(34057, 707, 859),
(34062, 707, 861),
(34067, 707, 862),
(34072, 707, 863),
(34077, 707, 864),
(34082, 707, 865),
(34087, 707, 866),
(34092, 707, 867),
(34097, 707, 868),
(34102, 707, 869),
(34107, 707, 870),
(34112, 707, 871),
(34117, 707, 872),
(34122, 707, 873),
(34127, 707, 874),
(34132, 707, 875),
(34137, 707, 877),
(34142, 707, 878),
(34147, 707, 879),
(34152, 707, 880),
(34157, 707, 881),
(34162, 707, 882),
(34167, 707, 884),
(34172, 707, 885),
(34177, 707, 886),
(34182, 707, 887),
(34187, 707, 888),
(34192, 707, 889),
(34197, 707, 890),
(34202, 707, 891),
(34058, 708, 859),
(34063, 708, 861),
(34068, 708, 862),
(34073, 708, 863),
(34078, 708, 864),
(34083, 708, 865),
(34088, 708, 866),
(34093, 708, 867),
(34098, 708, 868),
(34103, 708, 869),
(34108, 708, 870),
(34113, 708, 871),
(34118, 708, 872),
(34123, 708, 873),
(34128, 708, 874),
(34133, 708, 875),
(34138, 708, 877),
(34143, 708, 878),
(34148, 708, 879),
(34153, 708, 880),
(34158, 708, 881),
(34163, 708, 882),
(34168, 708, 884),
(34173, 708, 885),
(34178, 708, 886),
(34183, 708, 887),
(34188, 708, 888),
(34193, 708, 889),
(34198, 708, 890),
(34203, 708, 891),
(34059, 709, 859),
(34064, 709, 861),
(34069, 709, 862),
(34074, 709, 863),
(34079, 709, 864),
(34084, 709, 865),
(34089, 709, 866),
(34094, 709, 867),
(34099, 709, 868),
(34104, 709, 869),
(34109, 709, 870),
(34114, 709, 871),
(34119, 709, 872),
(34124, 709, 873),
(34129, 709, 874),
(34134, 709, 875),
(34139, 709, 877),
(34144, 709, 878),
(34149, 709, 879),
(34154, 709, 880),
(34159, 709, 881),
(34164, 709, 882),
(34169, 709, 884),
(34174, 709, 885),
(34179, 709, 886),
(34184, 709, 887),
(34189, 709, 888),
(34194, 709, 889),
(34199, 709, 890),
(34204, 709, 891),
(34060, 710, 859),
(34065, 710, 861),
(34070, 710, 862),
(34075, 710, 863),
(34080, 710, 864),
(34085, 710, 865),
(34090, 710, 866),
(34095, 710, 867),
(34100, 710, 868),
(34105, 710, 869),
(34110, 710, 870),
(34115, 710, 871),
(34120, 710, 872),
(34125, 710, 873),
(34130, 710, 874),
(34135, 710, 875),
(34140, 710, 877),
(34145, 710, 878),
(34150, 710, 879),
(34155, 710, 880),
(34160, 710, 881),
(34165, 710, 882),
(34170, 710, 884),
(34175, 710, 885),
(34180, 710, 886),
(34185, 710, 887),
(34190, 710, 888),
(34195, 710, 889),
(34200, 710, 890),
(34205, 710, 891),
(34206, 711, 892),
(34211, 711, 893),
(34216, 711, 894),
(34221, 711, 896),
(34226, 711, 897),
(34231, 711, 898),
(34236, 711, 901),
(34241, 711, 903),
(34246, 711, 904),
(34251, 711, 905),
(34256, 711, 906),
(34261, 711, 907),
(34266, 711, 908),
(34271, 711, 909),
(34276, 711, 911),
(34207, 712, 892),
(34212, 712, 893),
(34217, 712, 894),
(34222, 712, 896),
(34227, 712, 897),
(34232, 712, 898),
(34237, 712, 901),
(34242, 712, 903),
(34247, 712, 904),
(34252, 712, 905),
(34257, 712, 906),
(34262, 712, 907),
(34267, 712, 908),
(34272, 712, 909),
(34277, 712, 911),
(34208, 713, 892),
(34213, 713, 893),
(34218, 713, 894),
(34223, 713, 896),
(34228, 713, 897),
(34233, 713, 898),
(34238, 713, 901),
(34243, 713, 903),
(34248, 713, 904),
(34253, 713, 905),
(34258, 713, 906),
(34263, 713, 907),
(34268, 713, 908),
(34273, 713, 909),
(34278, 713, 911),
(34209, 714, 892),
(34214, 714, 893),
(34219, 714, 894),
(34224, 714, 896),
(34229, 714, 897),
(34234, 714, 898),
(34239, 714, 901),
(34244, 714, 903),
(34249, 714, 904),
(34254, 714, 905),
(34259, 714, 906),
(34264, 714, 907),
(34269, 714, 908),
(34274, 714, 909),
(34279, 714, 911),
(34210, 715, 892),
(34215, 715, 893),
(34220, 715, 894),
(34225, 715, 896),
(34230, 715, 897),
(34235, 715, 898),
(34240, 715, 901),
(34245, 715, 903),
(34250, 715, 904),
(34255, 715, 905),
(34260, 715, 906),
(34265, 715, 907),
(34270, 715, 908),
(34275, 715, 909),
(34280, 715, 911),
(34281, 716, 912),
(34286, 716, 913),
(34291, 716, 914),
(34296, 716, 915),
(34301, 716, 918),
(34306, 716, 919),
(34311, 716, 920),
(34316, 716, 922),
(34321, 716, 923),
(34326, 716, 924),
(34331, 716, 925),
(34336, 716, 926),
(34341, 716, 927),
(34346, 716, 980),
(34351, 716, 986),
(34356, 716, 1291),
(34361, 716, 1292),
(34282, 717, 912),
(34287, 717, 913),
(34292, 717, 914),
(34297, 717, 915),
(34302, 717, 918),
(34307, 717, 919),
(34312, 717, 920),
(34317, 717, 922),
(34322, 717, 923),
(34327, 717, 924),
(34332, 717, 925),
(34337, 717, 926),
(34342, 717, 927),
(34347, 717, 980),
(34352, 717, 986),
(34357, 717, 1291),
(34362, 717, 1292),
(34283, 718, 912),
(34288, 718, 913),
(34293, 718, 914),
(34298, 718, 915),
(34303, 718, 918),
(34308, 718, 919),
(34313, 718, 920),
(34318, 718, 922),
(34323, 718, 923),
(34328, 718, 924),
(34333, 718, 925),
(34338, 718, 926),
(34343, 718, 927),
(34348, 718, 980),
(34353, 718, 986),
(34358, 718, 1291),
(34363, 718, 1292),
(34284, 719, 912),
(34289, 719, 913),
(34294, 719, 914),
(34299, 719, 915),
(34304, 719, 918),
(34309, 719, 919),
(34314, 719, 920),
(34319, 719, 922),
(34324, 719, 923),
(34329, 719, 924),
(34334, 719, 925),
(34339, 719, 926),
(34344, 719, 927),
(34349, 719, 980),
(34354, 719, 986),
(34359, 719, 1291),
(34364, 719, 1292),
(34285, 720, 912),
(34290, 720, 913),
(34295, 720, 914),
(34300, 720, 915),
(34305, 720, 918),
(34310, 720, 919),
(34315, 720, 920),
(34320, 720, 922),
(34325, 720, 923),
(34330, 720, 924),
(34335, 720, 925),
(34340, 720, 926),
(34345, 720, 927),
(34350, 720, 980),
(34355, 720, 986),
(34360, 720, 1291),
(34365, 720, 1292),
(34726, 721, 1089),
(34731, 721, 1090),
(34736, 721, 1091),
(34741, 721, 1092),
(34746, 721, 1093),
(34751, 721, 1094),
(34756, 721, 1095),
(34761, 721, 1096),
(34766, 721, 1097),
(34771, 721, 1098),
(34776, 721, 1099),
(34781, 721, 1100),
(34786, 721, 1101),
(34791, 721, 1102),
(34796, 721, 1103),
(34801, 721, 1104),
(34806, 721, 1105),
(34811, 721, 1106),
(34816, 721, 1107),
(34821, 721, 1108),
(34826, 721, 1109),
(34831, 721, 1110),
(34836, 721, 1111),
(34727, 722, 1089),
(34732, 722, 1090),
(34737, 722, 1091),
(34742, 722, 1092),
(34747, 722, 1093),
(34752, 722, 1094),
(34757, 722, 1095),
(34762, 722, 1096),
(34767, 722, 1097),
(34772, 722, 1098),
(34777, 722, 1099),
(34782, 722, 1100),
(34787, 722, 1101),
(34792, 722, 1102),
(34797, 722, 1103),
(34802, 722, 1104),
(34807, 722, 1105),
(34812, 722, 1106),
(34817, 722, 1107),
(34822, 722, 1108),
(34827, 722, 1109),
(34832, 722, 1110),
(34837, 722, 1111),
(34728, 723, 1089),
(34733, 723, 1090),
(34738, 723, 1091),
(34743, 723, 1092),
(34748, 723, 1093),
(34753, 723, 1094),
(34758, 723, 1095),
(34763, 723, 1096),
(34768, 723, 1097),
(34773, 723, 1098),
(34778, 723, 1099),
(34783, 723, 1100),
(34788, 723, 1101),
(34793, 723, 1102),
(34798, 723, 1103),
(34803, 723, 1104),
(34808, 723, 1105),
(34813, 723, 1106),
(34818, 723, 1107),
(34823, 723, 1108),
(34828, 723, 1109),
(34833, 723, 1110),
(34838, 723, 1111),
(34729, 724, 1089),
(34734, 724, 1090),
(34739, 724, 1091),
(34744, 724, 1092),
(34749, 724, 1093),
(34754, 724, 1094),
(34759, 724, 1095),
(34764, 724, 1096),
(34769, 724, 1097),
(34774, 724, 1098),
(34779, 724, 1099),
(34784, 724, 1100),
(34789, 724, 1101),
(34794, 724, 1102),
(34799, 724, 1103),
(34804, 724, 1104),
(34809, 724, 1105),
(34814, 724, 1106),
(34819, 724, 1107),
(34824, 724, 1108),
(34829, 724, 1109),
(34834, 724, 1110),
(34839, 724, 1111),
(34730, 725, 1089),
(34735, 725, 1090),
(34740, 725, 1091),
(34745, 725, 1092),
(34750, 725, 1093),
(34755, 725, 1094),
(34760, 725, 1095),
(34765, 725, 1096),
(34770, 725, 1097),
(34775, 725, 1098),
(34780, 725, 1099),
(34785, 725, 1100),
(34790, 725, 1101),
(34795, 725, 1102),
(34800, 725, 1103),
(34805, 725, 1104),
(34810, 725, 1105),
(34815, 725, 1106),
(34820, 725, 1107),
(34825, 725, 1108),
(34830, 725, 1109),
(34835, 725, 1110),
(34840, 725, 1111);

-- --------------------------------------------------------

--
-- Table structure for table `class_semester`
--

DROP TABLE IF EXISTS `class_semester`;
CREATE TABLE IF NOT EXISTS `class_semester` (
`class_semester_id` int(11) NOT NULL,
  `class_id` int(11) NOT NULL,
  `semester_id` int(11) NOT NULL,
  `semester` int(11) NOT NULL
) ENGINE=InnoDB AUTO_INCREMENT=162 DEFAULT CHARSET=latin1;

--
-- Dumping data for table `class_semester`
--

INSERT INTO `class_semester` (`class_semester_id`, `class_id`, `semester_id`, `semester`) VALUES
(81, 84, 2, 1),
(82, 85, 2, 1),
(83, 86, 2, 1),
(84, 87, 2, 1),
(85, 88, 2, 1),
(86, 89, 2, 1),
(87, 90, 2, 1),
(88, 91, 2, 1),
(89, 92, 2, 2),
(90, 93, 2, 2),
(91, 94, 2, 2),
(92, 95, 2, 2),
(93, 96, 2, 3),
(94, 97, 2, 3),
(95, 98, 2, 3),
(96, 99, 2, 3),
(97, 100, 2, 4),
(98, 101, 2, 4),
(99, 102, 2, 4),
(100, 103, 2, 4),
(101, 104, 2, 4),
(102, 105, 2, 4),
(103, 106, 2, 4),
(104, 107, 2, 5),
(105, 108, 2, 5),
(106, 109, 2, 5),
(107, 110, 2, 5),
(135, 84, 4, 1),
(136, 85, 4, 1),
(137, 86, 4, 1),
(138, 87, 4, 1),
(139, 88, 4, 1),
(140, 89, 4, 1),
(141, 90, 4, 1),
(142, 91, 4, 1),
(143, 92, 4, 2),
(144, 93, 4, 2),
(145, 94, 4, 2),
(146, 95, 4, 2),
(147, 96, 4, 3),
(148, 97, 4, 3),
(149, 98, 4, 3),
(150, 99, 4, 3),
(151, 100, 4, 4),
(152, 101, 4, 4),
(153, 102, 4, 4),
(154, 103, 4, 4),
(155, 104, 4, 4),
(156, 105, 4, 4),
(157, 106, 4, 4),
(158, 107, 4, 5),
(159, 108, 4, 5),
(160, 109, 4, 5),
(161, 110, 4, 5);

-- --------------------------------------------------------

--
-- Table structure for table `courses`
--

DROP TABLE IF EXISTS `courses`;
CREATE TABLE IF NOT EXISTS `courses` (
`course_id` int(11) NOT NULL,
  `code` varchar(20) NOT NULL,
  `name` varchar(500) CHARACTER SET utf8 COLLATE utf8_vietnamese_ci NOT NULL,
  `department_id` int(11) DEFAULT NULL
) ENGINE=InnoDB AUTO_INCREMENT=277 DEFAULT CHARSET=latin1;

--
-- Dumping data for table `courses`
--

INSERT INTO `courses` (`course_id`, `code`, `name`, `department_id`) VALUES
(242, 'SSG101', 'Working in Group', 25),
(243, 'CSI101', 'Introduction to Computing', 15),
(244, 'PRO201', 'Front-end Web Development', 15),
(245, 'DBI201', 'Introduction to Databases', 15),
(246, 'CSD202', 'Data structures and algorithms (In C++)', 15),
(247, 'PRO192', 'Object-Oriented Programming with Java', 15),
(248, 'OSG202', 'Operating Systems', 15),
(249, 'PRN292', 'C# and .Net Technology', 15),
(250, 'CSD201', 'Data Structures and Algorithms', 15),
(251, 'PRF192', 'Programming fundamentals using C', 15),
(252, 'PRJ311', 'Desktop Java Applications', 15),
(253, 'NWC202', 'Computer Networking', 15),
(254, 'PRJ321', 'Web-based Java Applications', 15),
(255, 'LAB101', 'Lab 1', 18),
(256, 'IAO101', 'Information Assurance Overview', 21),
(257, 'CEA201', 'Computer Organization and Architecture', 21),
(258, 'LAB211', 'Pre-intermediate Practicing', 18),
(259, 'CES201', 'System support and Trouble shooting for Windows Server 2008', 21),
(260, 'JPD111', 'Japanese 1', 22),
(261, 'JPS132', 'Japanese 3', 22),
(262, 'JPD131', 'Industry driven course (Japanese 3)', 22),
(263, 'MAE101', 'Mathematics for Engineering', 23),
(264, 'MAD101', 'Discrete mathematics', 23),
(265, 'MAS291', 'Probability and Applied Statistics', 23),
(266, 'PHY101', 'Physics', 23),
(267, 'SWR301', 'Software Requirements', 24),
(268, 'IAA301', 'Phn tch thng tin\nIntelligence Analysics', 24),
(269, 'SWQ391', 'Software Quality Assurance and Testing', 24),
(270, 'IAA201', 'Phn tch l hng v ri roRisk-Vulnerability Analysis', 24),
(271, 'IAP201', 'Privacy and IT Ethics', 24),
(272, 'IAP301', 'Pht trin chnh sch ATTT\nPolicy Development in Information Assurance', 24),
(273, 'SRE301', 'Ky thut dich ngc \nSoftware Revert Engineering', 24),
(274, 'OSP201', 'H thng ngun m v qun tr mng\nOpen Source Platform and Network Administration', 24),
(275, 'DBI202', 'DBI202', 15),
(276, 'SWD391', 'SWD391', 24);

-- --------------------------------------------------------

--
-- Table structure for table `course_semester`
--

DROP TABLE IF EXISTS `course_semester`;
CREATE TABLE IF NOT EXISTS `course_semester` (
`course_semester_id` int(11) NOT NULL,
  `course_id` int(11) NOT NULL,
  `semester_id` int(11) NOT NULL,
  `slots` int(11) NOT NULL,
  `course_condition_id` int(11) DEFAULT NULL
) ENGINE=InnoDB AUTO_INCREMENT=345 DEFAULT CHARSET=latin1;

--
-- Dumping data for table `course_semester`
--

INSERT INTO `course_semester` (`course_semester_id`, `course_id`, `semester_id`, `slots`, `course_condition_id`) VALUES
(242, 242, 2, 30, NULL),
(243, 243, 2, 30, NULL),
(244, 244, 2, 30, NULL),
(245, 245, 2, 30, NULL),
(246, 246, 2, 30, NULL),
(247, 247, 2, 30, NULL),
(248, 248, 2, 30, NULL),
(249, 249, 2, 30, NULL),
(250, 250, 2, 30, 247),
(251, 251, 2, 30, NULL),
(252, 252, 2, 30, 247),
(253, 253, 2, 30, 248),
(254, 254, 2, 30, 251),
(255, 255, 2, 30, 251),
(256, 256, 2, 30, NULL),
(257, 257, 2, 30, NULL),
(258, 258, 2, 30, 247),
(259, 259, 2, 30, NULL),
(260, 260, 2, 30, NULL),
(261, 261, 2, 30, NULL),
(262, 262, 2, 30, 260),
(263, 263, 2, 30, NULL),
(264, 264, 2, 30, NULL),
(265, 265, 2, 30, NULL),
(266, 266, 2, 30, NULL),
(267, 267, 2, 30, NULL),
(268, 268, 2, 30, NULL),
(269, 269, 2, 30, NULL),
(270, 270, 2, 30, NULL),
(271, 271, 2, 30, NULL),
(272, 272, 2, 30, NULL),
(273, 273, 2, 30, NULL),
(274, 274, 2, 30, NULL),
(275, 275, 2, 30, NULL),
(276, 276, 2, 30, NULL),
(311, 242, 4, 30, NULL),
(312, 243, 4, 30, NULL),
(313, 244, 4, 30, NULL),
(314, 245, 4, 30, NULL),
(315, 246, 4, 30, NULL),
(316, 247, 4, 30, NULL),
(317, 248, 4, 30, NULL),
(318, 249, 4, 30, NULL),
(319, 250, 4, 30, 247),
(320, 251, 4, 30, NULL),
(321, 252, 4, 30, 247),
(322, 253, 4, 30, 248),
(323, 254, 4, 30, 251),
(324, 255, 4, 30, 251),
(325, 256, 4, 30, NULL),
(326, 257, 4, 30, NULL),
(327, 258, 4, 30, 247),
(328, 259, 4, 30, NULL),
(329, 260, 4, 30, NULL),
(330, 261, 4, 30, 262),
(331, 262, 4, 30, 260),
(332, 263, 4, 30, NULL),
(333, 264, 4, 30, NULL),
(334, 265, 4, 30, NULL),
(335, 266, 4, 30, NULL),
(336, 267, 4, 30, NULL),
(337, 268, 4, 30, NULL),
(338, 269, 4, 30, NULL),
(339, 270, 4, 30, NULL),
(340, 271, 4, 30, NULL),
(341, 272, 4, 30, NULL),
(342, 273, 4, 30, NULL),
(343, 274, 4, 30, NULL),
(344, 275, 4, 30, NULL);

-- --------------------------------------------------------

--
-- Table structure for table `department`
--

DROP TABLE IF EXISTS `department`;
CREATE TABLE IF NOT EXISTS `department` (
`department_id` int(11) NOT NULL,
  `code` varchar(10) NOT NULL,
  `name` varchar(50) NOT NULL
) ENGINE=InnoDB AUTO_INCREMENT=27 DEFAULT CHARSET=latin1;

--
-- Dumping data for table `department`
--

INSERT INTO `department` (`department_id`, `code`, `name`) VALUES
(14, 'BA', 'BA'),
(15, 'CF', 'CF'),
(16, 'CS', 'CS'),
(17, 'ENG', 'ENG'),
(18, 'FSOFT', 'FSOFT'),
(19, 'GD', 'GD'),
(20, 'HS', 'HS'),
(21, 'ITS', 'ITS'),
(22, 'JPN', 'JPN'),
(23, 'Math', 'Math'),
(24, 'SE', 'SE'),
(25, 'SS', 'SS'),
(26, 'TI', 'TI');

-- --------------------------------------------------------

--
-- Table structure for table `program_semester`
--

DROP TABLE IF EXISTS `program_semester`;
CREATE TABLE IF NOT EXISTS `program_semester` (
`program_semester_id` int(11) NOT NULL,
  `semester_id` int(11) NOT NULL,
  `current_semester` int(11) NOT NULL,
  `specialized_id` int(11) NOT NULL,
  `detail_specialized_id` int(11) DEFAULT NULL,
  `batch` int(11) NOT NULL
) ENGINE=InnoDB AUTO_INCREMENT=57 DEFAULT CHARSET=latin1;

--
-- Dumping data for table `program_semester`
--

INSERT INTO `program_semester` (`program_semester_id`, `semester_id`, `current_semester`, `specialized_id`, `detail_specialized_id`, `batch`) VALUES
(13, 2, 1, 1, 1, 10),
(14, 2, 2, 1, 1, 10),
(15, 2, 3, 1, 1, 10),
(16, 2, 4, 1, 1, 9),
(17, 2, 5, 1, 1, 9),
(18, 2, 1, 1, 7, 10),
(19, 2, 2, 1, 7, 10),
(20, 2, 3, 1, 8, 10),
(21, 2, 4, 1, 7, 9),
(22, 2, 5, 1, 7, 9),
(23, 2, 1, 1, 8, 10),
(46, 4, 1, 1, 1, 10),
(47, 4, 2, 1, 1, 10),
(48, 4, 3, 1, 1, 10),
(49, 4, 4, 1, 1, 9),
(50, 4, 5, 1, 1, 9),
(51, 4, 1, 1, 7, 10),
(52, 4, 2, 1, 7, 10),
(53, 4, 3, 1, 8, 10),
(54, 4, 4, 1, 7, 9),
(55, 4, 5, 1, 7, 9),
(56, 4, 1, 1, 8, 10);

-- --------------------------------------------------------

--
-- Table structure for table `program_semester_detail`
--

DROP TABLE IF EXISTS `program_semester_detail`;
CREATE TABLE IF NOT EXISTS `program_semester_detail` (
`program_semester_detail_id` int(11) NOT NULL,
  `program_semester_id` int(11) NOT NULL,
  `course_semester_id` int(11) NOT NULL,
  `is_semester_long` tinyint(1) NOT NULL
) ENGINE=InnoDB AUTO_INCREMENT=217 DEFAULT CHARSET=latin1;

--
-- Dumping data for table `program_semester_detail`
--

INSERT INTO `program_semester_detail` (`program_semester_detail_id`, `program_semester_id`, `course_semester_id`, `is_semester_long`) VALUES
(52, 13, 243, 0),
(53, 13, 242, 0),
(54, 13, 263, 0),
(55, 13, 251, 0),
(56, 13, 257, 1),
(57, 14, 244, 0),
(58, 14, 247, 0),
(59, 14, 275, 0),
(60, 14, 264, 0),
(61, 14, 255, 1),
(62, 15, 260, 0),
(63, 15, 248, 0),
(64, 15, 250, 0),
(65, 15, 252, 0),
(66, 15, 258, 1),
(67, 16, 275, 0),
(68, 16, 249, 0),
(69, 16, 250, 0),
(70, 16, 253, 0),
(71, 16, 262, 1),
(72, 17, 267, 0),
(73, 17, 269, 0),
(74, 17, 261, 0),
(75, 17, 265, 0),
(76, 17, 254, 1),
(77, 18, 243, 0),
(78, 18, 242, 0),
(79, 18, 263, 0),
(80, 18, 251, 0),
(81, 18, 257, 1),
(82, 19, 244, 0),
(83, 19, 247, 0),
(84, 19, 275, 0),
(85, 19, 264, 0),
(86, 19, 255, 1),
(87, 20, 256, 0),
(88, 20, 248, 0),
(89, 20, 250, 0),
(90, 20, 252, 0),
(91, 20, 258, 1),
(92, 21, 246, 0),
(93, 21, 275, 0),
(94, 21, 271, 0),
(95, 21, 253, 0),
(96, 21, 259, 1),
(97, 22, 268, 0),
(98, 22, 270, 0),
(99, 22, 272, 0),
(100, 22, 273, 0),
(101, 22, 274, 1),
(102, 23, 263, 0),
(103, 23, 243, 0),
(104, 23, 257, 0),
(105, 23, 251, 0),
(106, 23, 266, 1),
(162, 46, 312, 0),
(163, 46, 311, 0),
(164, 46, 332, 0),
(165, 46, 320, 0),
(166, 46, 326, 1),
(167, 47, 313, 0),
(168, 47, 316, 0),
(169, 47, 314, 0),
(170, 47, 333, 0),
(171, 47, 324, 1),
(172, 48, 329, 0),
(173, 48, 317, 0),
(174, 48, 319, 0),
(175, 48, 321, 0),
(176, 48, 327, 1),
(177, 49, 344, 0),
(178, 49, 318, 0),
(179, 49, 319, 0),
(180, 49, 322, 0),
(181, 49, 331, 1),
(182, 50, 336, 0),
(183, 50, 338, 0),
(184, 50, 330, 0),
(185, 50, 334, 0),
(186, 50, 323, 1),
(187, 51, 312, 0),
(188, 51, 311, 0),
(189, 51, 332, 0),
(190, 51, 320, 0),
(191, 51, 326, 1),
(192, 52, 313, 0),
(193, 52, 316, 0),
(194, 52, 344, 0),
(195, 52, 333, 0),
(196, 52, 324, 1),
(197, 53, 325, 0),
(198, 53, 317, 0),
(199, 53, 319, 0),
(200, 53, 321, 0),
(201, 53, 327, 1),
(202, 54, 315, 0),
(203, 54, 344, 0),
(204, 54, 340, 0),
(205, 54, 322, 0),
(206, 54, 328, 1),
(207, 55, 337, 0),
(208, 55, 339, 0),
(209, 55, 341, 0),
(210, 55, 342, 0),
(211, 55, 343, 1),
(212, 56, 332, 0),
(213, 56, 312, 0),
(214, 56, 326, 0),
(215, 56, 320, 0),
(216, 56, 335, 1);

-- --------------------------------------------------------

--
-- Table structure for table `rooms`
--

DROP TABLE IF EXISTS `rooms`;
CREATE TABLE IF NOT EXISTS `rooms` (
`room_id` int(11) NOT NULL,
  `code` varchar(20) NOT NULL,
  `courses` varchar(1000) DEFAULT NULL,
  `capacity` int(11) NOT NULL,
  `building_id` int(11) DEFAULT NULL
) ENGINE=InnoDB AUTO_INCREMENT=98 DEFAULT CHARSET=latin1;

--
-- Dumping data for table `rooms`
--

INSERT INTO `rooms` (`room_id`, `code`, `courses`, `capacity`, `building_id`) VALUES
(50, 'P201', 'SSG101, SSC102, SSC101', 30, 4),
(51, 'P202', 'SSG101, SSC102, SSC101', 30, 4),
(52, 'P203', 'SSG101, SSC102, SSC101', 30, 4),
(53, 'P204', NULL, 30, 4),
(54, 'P205', NULL, 30, 4),
(55, 'P209', NULL, 30, 4),
(56, 'P211', NULL, 30, 4),
(57, 'P212', NULL, 30, 4),
(58, 'P215', NULL, 30, 4),
(59, 'P216', NULL, 30, 4),
(60, 'P217', NULL, 30, 4),
(61, 'P218', NULL, 30, 4),
(62, 'P219', NULL, 30, 4),
(63, 'P220', NULL, 30, 4),
(64, 'P221', NULL, 30, 4),
(65, 'P301', NULL, 30, 4),
(66, 'P302', NULL, 30, 4),
(67, 'P303', NULL, 30, 4),
(68, 'P304', NULL, 30, 4),
(69, 'P305', NULL, 30, 4),
(70, 'P306', NULL, 30, 4),
(71, 'P307', NULL, 30, 4),
(72, 'P308', NULL, 30, 4),
(73, 'P309', NULL, 30, 4),
(74, 'P310', NULL, 30, 4),
(75, 'P311', NULL, 31, 4),
(76, 'P312', NULL, 32, 4),
(77, 'P313', NULL, 30, 4),
(78, 'P314', NULL, 30, 4),
(79, 'P315', NULL, 30, 4),
(80, 'P316', NULL, 30, 4),
(81, 'P317', NULL, 30, 4),
(82, 'P318', NULL, 30, 4),
(83, 'P319', NULL, 30, 4),
(84, 'P320', NULL, 31, 4),
(85, 'P321', NULL, 30, 4),
(86, 'P411', NULL, 32, 4),
(87, 'HB/201L', NULL, 33, 3),
(88, 'HB/203L', NULL, 30, 3),
(89, 'HB/204L', NULL, 30, 3),
(90, 'HB/207L', NULL, 30, 3),
(91, 'HB/301R', NULL, 30, 3),
(92, 'HB/302R', NULL, 30, 3),
(93, 'HB/303R-305R', NULL, 70, 3),
(94, 'HB/304R', 'GDG401, WMT201, DRA301, GDS301, CAA201, PST201, AFA201, GDF101, HOA101, DRF201, VCM201, DRS101, DGT101, PST201, DRP101, VNC101', 30, 3),
(95, 'HB/307R', NULL, 30, 3),
(96, 'HB/309R', 'GDG401, WMT201, DRA301, GDS301, CAA201, PST201, AFA201, GDF101, HOA101, DRF201, VCM201, DRS101, DGT101, PST201, DRP101, VNC101', 30, 3),
(97, 'HB/202R', 'LAB101, LAB211', 30, 3);

-- --------------------------------------------------------

--
-- Table structure for table `semesters`
--

DROP TABLE IF EXISTS `semesters`;
CREATE TABLE IF NOT EXISTS `semesters` (
`semester_id` int(11) NOT NULL,
  `code` varchar(10) NOT NULL,
  `name` varchar(100) NOT NULL,
  `semester_year` int(11) NOT NULL,
  `start_date` date NOT NULL,
  `end_date` date NOT NULL
) ENGINE=InnoDB AUTO_INCREMENT=5 DEFAULT CHARSET=latin1;

--
-- Dumping data for table `semesters`
--

INSERT INTO `semesters` (`semester_id`, `code`, `name`, `semester_year`, `start_date`, `end_date`) VALUES
(2, 'FA15', 'Fall 2015', 0, '2015-09-07', '2016-01-02'),
(4, 'SU2015', 'Summer 2015', 0, '2015-05-04', '2015-08-31');

-- --------------------------------------------------------

--
-- Table structure for table `specialized`
--

DROP TABLE IF EXISTS `specialized`;
CREATE TABLE IF NOT EXISTS `specialized` (
`specialized_id` int(11) NOT NULL,
  `code` varchar(10) NOT NULL,
  `name` varchar(20) NOT NULL,
  `is_detail_specialized` tinyint(1) NOT NULL
) ENGINE=InnoDB AUTO_INCREMENT=9 DEFAULT CHARSET=latin1;

--
-- Dumping data for table `specialized`
--

INSERT INTO `specialized` (`specialized_id`, `code`, `name`, `is_detail_specialized`) VALUES
(1, 'SE', 'SE', 0),
(2, 'IS1', 'IS1', 1),
(3, 'IS2', 'IS2', 1),
(4, 'ES1', 'ES1', 1),
(5, 'ES2', 'ES2', 1),
(6, 'JS', 'JS', 1),
(7, 'IA', 'IA', 1),
(8, 'EC', 'EC', 1);

-- --------------------------------------------------------

--
-- Table structure for table `staff`
--

DROP TABLE IF EXISTS `staff`;
CREATE TABLE IF NOT EXISTS `staff` (
`staff_id` int(11) NOT NULL,
  `account` varchar(20) NOT NULL,
  `name` varchar(100) CHARACTER SET utf8 COLLATE utf8_vietnamese_ci NOT NULL,
  `email` varchar(50) NOT NULL
) ENGINE=InnoDB AUTO_INCREMENT=7 DEFAULT CHARSET=latin1;

--
-- Dumping data for table `staff`
--

INSERT INTO `staff` (`staff_id`, `account`, `name`, `email`) VALUES
(4, 'duchmse02551', 'Hoang Minh Duc', 'duchmse02551@fpt.edu.vn'),
(5, 'hansse02618', 'hansse02618', 'hansse02618@fpt.edu.vn'),
(6, 'CongLTSE02543', 'Lu Thnh Cng', 'congltse02543@fpt.edu.vn');

-- --------------------------------------------------------

--
-- Table structure for table `students`
--

DROP TABLE IF EXISTS `students`;
CREATE TABLE IF NOT EXISTS `students` (
`student_id` int(11) NOT NULL,
  `account` varchar(20) CHARACTER SET latin1 NOT NULL,
  `name` varchar(100) COLLATE utf8_vietnamese_ci NOT NULL,
  `email` varchar(50) CHARACTER SET latin1 NOT NULL,
  `student_code` varchar(10) CHARACTER SET latin1 NOT NULL,
  `specialized_id` int(11) NOT NULL,
  `detail_specialized_id` int(11) DEFAULT NULL,
  `batch` varchar(10) CHARACTER SET latin1 NOT NULL,
  `semester` int(11) NOT NULL
) ENGINE=InnoDB AUTO_INCREMENT=1293 DEFAULT CHARSET=utf8 COLLATE=utf8_vietnamese_ci;

--
-- Dumping data for table `students`
--

INSERT INTO `students` (`student_id`, `account`, `name`, `email`, `student_code`, `specialized_id`, `detail_specialized_id`, `batch`, `semester`) VALUES
(647, 'DinhNTSE04486', 'Nguyn Th Dinh', 'DinhNTSE04486@fpt.edu.vn', 'SE04486', 1, 1, 'NotSet', 3),
(648, 'HuynhDTSE03573', ' Thin Hunh', 'HuynhDTSE03573@fpt.edu.vn', 'SE03573', 1, 1, 'NotSet', 4),
(649, 'QuyNHSE03631', 'Nguyn Hng Qu', 'QuyNHSE03631@fpt.edu.vn', 'SE03631', 1, 1, 'NotSet', 4),
(650, 'TuanDASE03644', 'o Anh Tun', 'TuanDASE03644@fpt.edu.vn', 'SE03644', 1, 1, 'NotSet', 4),
(651, 'LuongNVSE03673', 'Nguyn Vn Lng', 'LuongNVSE03673@fpt.edu.vn', 'SE03673', 1, 1, 'NotSet', 3),
(652, 'DongNPSE03794', 'Nguyn Phng ng', 'DongNPSE03794@fpt.edu.vn', 'SE03794', 1, 1, 'NotSet', 4),
(653, 'TrungNDSE03802', 'Nguyn c Trung', 'TrungNDSE03802@fpt.edu.vn', 'SE03802', 1, 1, 'NotSet', 4),
(654, 'NamNPSE03883', 'Nguyn Phng Nam', 'NamNPSE03883@fpt.edu.vn', 'SE03883', 1, 1, 'NotSet', 4),
(655, 'AnhPBSE04073', 'Phm Bo Anh', 'AnhPBSE04073@fpt.edu.vn', 'SE04073', 1, 1, 'NotSet', 2),
(656, 'DangVHSE04121', 'V Hi ng', 'DangVHSE04121@fpt.edu.vn', 'SE04121', 1, 1, 'NotSet', 2),
(657, 'MungDVSE03914', 'on Vn Mng', 'MungDVSE03914@fpt.edu.vn', 'SE03914', 1, 1, 'NotSet', 3),
(658, 'DatLHSE03841', 'L Huy t', 'DatLHSE03841@fpt.edu.vn', 'SE03841', 1, 1, 'NotSet', 4),
(659, 'AnhCVTSE03893', 'Chu V Tng Anh', 'AnhCVTSE03893@fpt.edu.vn', 'SE03893', 1, 1, 'NotSet', 4),
(660, 'AnhNTSE03679', 'Ng Tun Anh', 'AnhNTSE03679@fpt.edu.vn', 'SE03679', 1, 1, 'NotSet', 3),
(661, 'SonHHSE03835', 'H Hng Sn', 'SonHHSE03835@fpt.edu.vn', 'SE03835', 1, 1, 'NotSet', 2),
(662, 'BaoNVSE03858', 'Nguyn Vn Bo', 'BaoNVSE03858@fpt.edu.vn', 'SE03858', 1, 1, 'NotSet', 2),
(663, 'HungTVSE03537', 'Trn Vn Hng', 'HungTVSE03537@fpt.edu.vn', 'SE03537', 1, 1, 'NotSet', 3),
(664, 'TungNDSE03588', 'Nguyn c Tng', 'TungNDSE03588@fpt.edu.vn', 'SE03588', 1, 1, 'NotSet', 2),
(665, 'CuongTVSE03663', 'Thn Vn Cng', 'CuongTVSE03663@fpt.edu.vn', 'SE03663', 1, 1, 'NotSet', 3),
(666, 'TuanLMSE03688', 'L Minh Tun', 'TuanLMSE03688@fpt.edu.vn', 'SE03688', 1, 1, 'NotSet', 3),
(667, 'HaiPVSE03698', 'Phm Vit Hi', 'HaiPVSE03698@fpt.edu.vn', 'SE03698', 1, 1, 'NotSet', 2),
(668, 'TuanHDSE03730', 'Hong ng Tun', 'TuanHDSE03730@fpt.edu.vn', 'SE03730', 1, 1, 'NotSet', 3),
(669, 'TrungVHSE03751', 'V Huy Trung', 'TrungVHSE03751@fpt.edu.vn', 'SE03751', 1, 1, 'NotSet', 3),
(670, 'TrongDTSE03761', 'ng Tun Trng', 'TrongDTSE03761@fpt.edu.vn', 'SE03761', 1, 1, 'NotSet', 2),
(671, 'DungNDSE03796', 'Nguyn nh Dng', 'DungNDSE03796@fpt.edu.vn', 'SE03796', 1, 1, 'NotSet', 2),
(672, 'ThanhPTSE03828', 'Phm Trng Thnh', 'ThanhPTSE03828@fpt.edu.vn', 'SE03828', 1, 1, 'NotSet', 3),
(673, 'AnhLVSE03908', 'L Vit Anh', 'AnhLVSE03908@fpt.edu.vn', 'SE03908', 1, 1, 'NotSet', 3),
(674, 'HungNTSE03913', 'Nguyn Th Hng', 'HungNTSE03913@fpt.edu.vn', 'SE03913', 1, 1, 'NotSet', 2),
(675, 'TungNTSE03924', 'Nguyn Thanh Tng', 'TungNTSE03924@fpt.edu.vn', 'SE03924', 1, 1, 'NotSet', 3),
(676, 'TuyenPKSE03937', 'Phm Kim Tuyn', 'TuyenPKSE03937@fpt.edu.vn', 'SE03937', 1, 1, 'NotSet', 3),
(677, 'KhoaTDSE03372', 'Trn ng Khoa', 'KhoaTDSE03372@fpt.edu.vn', 'SE03372', 1, 1, 'NotSet', 3),
(678, 'HieuTTSE03468', 'Trn Trung Hiu', 'HieuTTSE03468@fpt.edu.vn', 'SE03468', 1, 1, 'NotSet', 3),
(679, 'AnhNCSE03485', 'Nguyn Cng Anh', 'AnhNCSE03485@fpt.edu.vn', 'SE03485', 1, 1, 'NotSet', 3),
(680, 'TuanTASE03554', 'Trn Anh Tun', 'TuanTASE03554@fpt.edu.vn', 'SE03554', 1, 1, 'NotSet', 3),
(681, 'HiepNHSE03561', 'Nguyn Hu Hip', 'HiepNHSE03561@fpt.edu.vn', 'SE03561', 1, 1, 'NotSet', 3),
(682, 'TrungNHSE03608', 'Nguyn Hong Trung', 'TrungNHSE03608@fpt.edu.vn', 'SE03608', 1, 1, 'NotSet', 3),
(683, 'HoaNKSE03609', 'Nguyn Khnh Ha', 'HoaNKSE03609@fpt.edu.vn', 'SE03609', 1, 1, 'NotSet', 3),
(684, 'TruongNXSE03627', 'Nguyn Xun Trng', 'TruongNXSE03627@fpt.edu.vn', 'SE03627', 1, 1, 'NotSet', 3),
(685, 'KhanhCVSE03642', 'Chu Vn Khnh', 'KhanhCVSE03642@fpt.edu.vn', 'SE03642', 1, 1, 'NotSet', 3),
(686, 'DungPTSE03655', 'Phm Tun Dng', 'DungPTSE03655@fpt.edu.vn', 'SE03655', 1, 1, 'NotSet', 3),
(687, 'HoangTVSE03656', 'Trn Vit Hong', 'HoangTVSE03656@fpt.edu.vn', 'SE03656', 1, 1, 'NotSet', 3),
(688, 'AnhVNSE03674', 'Vn Ngc nh', 'AnhVNSE03674@fpt.edu.vn', 'SE03674', 1, 1, 'NotSet', 3),
(689, 'BangNVSE03684', 'Nguyn Vn Bng', 'BangNVSE03684@fpt.edu.vn', 'SE03684', 1, 1, 'NotSet', 3),
(690, 'DuongHTNSE03716', 'Hong Trn Nht Dng', 'DuongHTNSE03716@fpt.edu.vn', 'SE03716', 1, 1, 'NotSet', 3),
(691, 'DucHASE03729', 'H Anh c', 'DucHASE03729@fpt.edu.vn', 'SE03729', 1, 1, 'NotSet', 3),
(692, 'HiepDHSE03731', 'ng Hong Hip', 'HiepDHSE03731@fpt.edu.vn', 'SE03731', 1, 1, 'NotSet', 3),
(693, 'AnhVMSE03758', 'V Minh nh', 'AnhVMSE03758@fpt.edu.vn', 'SE03758', 1, 1, 'NotSet', 3),
(694, 'AnhNVSE03759', 'Nguyn Vit Anh', 'AnhNVSE03759@fpt.edu.vn', 'SE03759', 1, 1, 'NotSet', 3),
(695, 'HaiNNSE03772', 'Nguyn Ngc Hi', 'HaiNNSE03772@fpt.edu.vn', 'SE03772', 1, 1, 'NotSet', 3),
(696, 'QuangNHSE03792', 'Nguyn Huy Quang', 'QuangNHSE03792@fpt.edu.vn', 'SE03792', 1, 1, 'NotSet', 2),
(697, 'HoanLTSE03813', 'L Trn Hon', 'HoanLTSE03813@fpt.edu.vn', 'SE03813', 1, 1, 'NotSet', 3),
(698, 'TruongTVSE03815', 'Trn Vn Trng', 'TruongTVSE03815@fpt.edu.vn', 'SE03815', 1, 1, 'NotSet', 3),
(699, 'AnhNNTSE03823', 'Nguyn Ngc Tun Anh', 'AnhNNTSE03823@fpt.edu.vn', 'SE03823', 1, 1, 'NotSet', 2),
(700, 'TuanLASE03831', 'L Anh Tun', 'TuanLASE03831@fpt.edu.vn', 'SE03831', 1, 1, 'NotSet', 3),
(701, 'NamLASE03836', 'L Anh Nam', 'NamLASE03836@fpt.edu.vn', 'SE03836', 1, 1, 'NotSet', 3),
(702, 'SonPBSE03907', 'Phan Bo Sn', 'SonPBSE03907@fpt.edu.vn', 'SE03907', 1, 1, 'NotSet', 3),
(703, 'ThaiHTSE03926', 'Hong Tun Thi', 'ThaiHTSE03926@fpt.edu.vn', 'SE03926', 1, 1, 'NotSet', 3),
(704, 'VinhNVSE03927', 'Nguyn Vn Vinh', 'VinhNVSE03927@fpt.edu.vn', 'SE03927', 1, 1, 'NotSet', 3),
(705, 'CongLDSE03929', 'L Duy Cng', 'CongLDSE03929@fpt.edu.vn', 'SE03929', 1, 1, 'NotSet', 3),
(706, 'HanhNTSE03934', 'Nguyn Th Hnh', 'HanhNTSE03934@fpt.edu.vn', 'SE03934', 1, 1, 'NotSet', 3),
(707, 'TinhNXSE03935', 'Nguyn Xun Tnh', 'TinhNXSE03935@fpt.edu.vn', 'SE03935', 1, 1, 'NotSet', 3),
(708, 'AnhDTSE03942', ' Tun Anh', 'AnhDTSE03942@fpt.edu.vn', 'SE03942', 1, 1, 'NotSet', 3),
(709, 'TungVKSE02372', 'V Khnh Tng', 'TungVKSE02372@fpt.edu.vn', 'SE02372', 1, 1, 'NotSet', 2),
(710, 'TinNVSE03660', 'Nguyn Vn Tn', 'TinNVSE03660@fpt.edu.vn', 'SE03660', 1, 1, 'NotSet', 3),
(711, 'QuanTDSE03667', 'Trn ng Qun', 'QuanTDSE03667@fpt.edu.vn', 'SE03667', 1, 1, 'NotSet', 2),
(712, 'NgocNVSE03390', 'Nguyn Vn Ngc', 'NgocNVSE03390@fpt.edu.vn', 'SE03390', 1, 1, 'NotSet', 3),
(713, 'TungNDSE03526', 'Nguyn c Tng', 'TungNDSE03526@fpt.edu.vn', 'SE03526', 1, 1, 'NotSet', 3),
(714, 'LucDVSE03546', 'inh Vn Lc', 'LucDVSE03546@fpt.edu.vn', 'SE03546', 1, 1, 'NotSet', 3),
(715, 'ThinhNTSE03548', 'Nguyn Tin Thnh', 'ThinhNTSE03548@fpt.edu.vn', 'SE03548', 1, 1, 'NotSet', 3),
(716, 'LinhNTSE03586', 'Nguyn Th Linh', 'LinhNTSE03586@fpt.edu.vn', 'SE03586', 1, 1, 'NotSet', 3),
(717, 'ManhDKSE03686', 'o Khc Mnh', 'ManhDKSE03686@fpt.edu.vn', 'SE03686', 1, 1, 'NotSet', 3),
(718, 'HinhNXSE03687', 'Nguyn Xun Hinh', 'HinhNXSE03687@fpt.edu.vn', 'SE03687', 1, 1, 'NotSet', 3),
(719, 'GiangNTSE03695', 'Nguyn Trng Giang', 'GiangNTSE03695@fpt.edu.vn', 'SE03695', 1, 1, 'NotSet', 3),
(720, 'QuanTHSE03733', 'Trn Hng Qun', 'QuanTHSE03733@fpt.edu.vn', 'SE03733', 1, 1, 'NotSet', 3),
(721, 'NamPTSE04116', 'Phan Thnh Nam', 'NamPTSE04116@fpt.edu.vn', 'SE04116', 1, 1, 'NotSet', 2),
(722, 'PhuongNMSE04196', 'Nguyn Minh Phng', 'PhuongNMSE04196@fpt.edu.vn', 'SE04196', 1, 1, 'NotSet', 3),
(723, 'HaDNSE04048', 'ng Nht H', 'HaDNSE04048@fpt.edu.vn', 'SE04048', 1, 1, 'NotSet', 3),
(724, 'MinhNTSE04083', 'Ng Th Minh', 'MinhNTSE04083@fpt.edu.vn', 'SE04083', 1, 1, 'NotSet', 3),
(725, 'TuanTASE04118', 'Trn Anh Tun', 'TuanTASE04118@fpt.edu.vn', 'SE04118', 1, 1, 'NotSet', 3),
(726, 'DungLHSE04230', 'L Hong Dng', 'DungLHSE04230@fpt.edu.vn', 'SE04230', 1, 1, 'NotSet', 3),
(727, 'TungVDSE04074', 'V c Tng', 'TungVDSE04074@fpt.edu.vn', 'SE04074', 1, 1, 'NotSet', 3),
(728, 'TrungBDSE04114', 'Bi c Trung', 'TrungBDSE04114@fpt.edu.vn', 'SE04114', 1, 1, 'NotSet', 3),
(729, 'ManhNTSE04004', 'Nguyn Tin Mnh', 'ManhNTSE04004@fpt.edu.vn', 'SE04004', 1, 1, 'NotSet', 3),
(730, 'TuTHSE04063', 'Trn Hu T', 'TuTHSE04063@fpt.edu.vn', 'SE04063', 1, 1, 'NotSet', 3),
(731, 'ManhHDSE04394', 'Hong c Mnh', 'ManhHDSE04394@fpt.edu.vn', 'SE04394', 1, 1, 'NotSet', 3),
(732, 'HoangVVSE04088', 'Vng Vit Hong', 'HoangVVSE04088@fpt.edu.vn', 'SE04088', 1, 1, 'NotSet', 3),
(733, 'CuongNTSE03238', 'Nguyn Thnh Cng', 'CuongNTSE03238@fpt.edu.vn', 'SE03238', 1, 1, 'NotSet', 4),
(734, 'NguyenTCSE03248', 'Trn Cng Nguyn', 'NguyenTCSE03248@fpt.edu.vn', 'SE03248', 1, 1, 'NotSet', 4),
(735, 'DungPASE03281', 'Phng Anh Dng', 'DungPASE03281@fpt.edu.vn', 'SE03281', 1, 1, 'NotSet', 3),
(736, 'LongNHSE03299', 'Nguyn Hong Long', 'LongNHSE03299@fpt.edu.vn', 'SE03299', 1, 1, 'NotSet', 4),
(737, 'LamNTSE03307', 'Nguyn Tng Lm', 'LamNTSE03307@fpt.edu.vn', 'SE03307', 1, 1, 'NotSet', 2),
(738, 'HoangLNSE03385', 'L Nht Hong', 'HoangLNSE03385@fpt.edu.vn', 'SE03385', 1, 1, 'NotSet', 4),
(739, 'LinhNTLSE04216', 'Nguyn Th L Linh', 'LinhNTLSE04216@fpt.edu.vn', 'SE04216', 1, 1, 'NotSet', 4),
(740, 'AnhLTSE03448', 'L Tun Anh', 'AnhLTSE03448@fpt.edu.vn', 'SE03448', 1, 1, 'NotSet', 4),
(741, 'HoangNMSE03455', 'Nguyn Minh Hong', 'HoangNMSE03455@fpt.edu.vn', 'SE03455', 1, 1, 'NotSet', 4),
(742, 'VietDXSE03456', ' Xun Vit', 'VietDXSE03456@fpt.edu.vn', 'SE03456', 1, 1, 'NotSet', 4),
(743, 'QuangHDSE03459', 'Hong nh Quang', 'QuangHDSE03459@fpt.edu.vn', 'SE03459', 1, 1, 'NotSet', 4),
(744, 'PhuongNTMSE03461', 'Nguyn Th Mai Phng', 'PhuongNTMSE03461@fpt.edu.vn', 'SE03461', 1, 1, 'NotSet', 4),
(745, 'HiepBHSE03463', 'Bi Hong Hip', 'HiepBHSE03463@fpt.edu.vn', 'SE03463', 1, 1, 'NotSet', 4),
(746, 'BachVNSE03480', 'V Ngc Bch', 'BachVNSE03480@fpt.edu.vn', 'SE03480', 1, 1, 'NotSet', 4),
(747, 'AnhPTSE03482', 'Phm Tun Anh', 'AnhPTSE03482@fpt.edu.vn', 'SE03482', 1, 1, 'NotSet', 4),
(748, 'ChinhNDSE03483', 'Nguyn c Chnh', 'ChinhNDSE03483@fpt.edu.vn', 'SE03483', 1, 1, 'NotSet', 4),
(749, 'HaNXSE03484', 'Nguyn Xun H', 'HaNXSE03484@fpt.edu.vn', 'SE03484', 1, 1, 'NotSet', 4),
(750, 'ThanhNVSE03492', 'Nguyn Vn Thnh', 'ThanhNVSE03492@fpt.edu.vn', 'SE03492', 1, 1, 'NotSet', 4),
(751, 'DongNASE03494', 'Nguyn  ng', 'DongNASE03494@fpt.edu.vn', 'SE03494', 1, 1, 'NotSet', 4),
(752, 'TungNHHSE03498', 'Nguyn Hu Hong Tng', 'TungNHHSE03498@fpt.edu.vn', 'SE03498', 1, 1, 'NotSet', 4),
(753, 'DatNTSE03522', 'Ng Tin t', 'DatNTSE03522@fpt.edu.vn', 'SE03522', 1, 1, 'NotSet', 4),
(754, 'ThangLDSE03529', 'Lm c Thng', 'ThangLDSE03529@fpt.edu.vn', 'SE03529', 1, 1, 'NotSet', 4),
(755, 'ManhDDSE03539', 'ng c Mnh', 'ManhDDSE03539@fpt.edu.vn', 'SE03539', 1, 1, 'NotSet', 4),
(756, 'HoangVSE03540', 'V Hong', 'HoangVSE03540@fpt.edu.vn', 'SE03540', 1, 1, 'NotSet', 4),
(757, 'ThuongNTHSE03542', 'Nng Th Hoi Thng', 'ThuongNTHSE03542@fpt.edu.vn', 'SE03542', 1, 1, 'NotSet', 4),
(758, 'TruongDBSE03543', 'Dng B Trng', 'TruongDBSE03543@fpt.edu.vn', 'SE03543', 1, 1, 'NotSet', 4),
(759, 'TuNTSE03545', 'Nguyn Tun T', 'TuNTSE03545@fpt.edu.vn', 'SE03545', 1, 1, 'NotSet', 3),
(760, 'PhatNHSE03551', 'Nguyn Huy Pht', 'PhatNHSE03551@fpt.edu.vn', 'SE03551', 1, 1, 'NotSet', 4),
(761, 'LongPTSE03552', 'Phm Tin Long', 'LongPTSE03552@fpt.edu.vn', 'SE03552', 1, 1, 'NotSet', 4),
(762, 'SonLASE03553', 'L Anh Sn', 'SonLASE03553@fpt.edu.vn', 'SE03553', 1, 1, 'NotSet', 4),
(763, 'DaiTQSE03557', 'Trnh Quang i', 'DaiTQSE03557@fpt.edu.vn', 'SE03557', 1, 1, 'NotSet', 4),
(764, 'AnhTTSE03560', 'Trng Tun Anh', 'AnhTTSE03560@fpt.edu.vn', 'SE03560', 1, 1, 'NotSet', 4),
(765, 'SonDCSE03564', 'ng Cng Sn', 'SonDCSE03564@fpt.edu.vn', 'SE03564', 1, 1, 'NotSet', 4),
(766, 'DucNTSE03565', 'Nguyn Trung c', 'DucNTSE03565@fpt.edu.vn', 'SE03565', 1, 1, 'NotSet', 4),
(767, 'TuanNASE03567', 'Nguyn Anh Tun', 'TuanNASE03567@fpt.edu.vn', 'SE03567', 1, 1, 'NotSet', 4),
(768, 'ThuongTXSE03568', 'Trn Xun Thng', 'ThuongTXSE03568@fpt.edu.vn', 'SE03568', 1, 1, 'NotSet', 2),
(769, 'LinhDQSE03570', 'o Quang Linh', 'LinhDQSE03570@fpt.edu.vn', 'SE03570', 1, 1, 'NotSet', 4),
(770, 'HoangNASE03574', 'Nguyn Anh Hong', 'HoangNASE03574@fpt.edu.vn', 'SE03574', 1, 1, 'NotSet', 4),
(771, 'QuanTMSE03575', 'Trn Mnh Qun', 'QuanTMSE03575@fpt.edu.vn', 'SE03575', 1, 1, 'NotSet', 4),
(772, 'VinhKMSE03576', 'Khut Mnh Vinh', 'VinhKMSE03576@fpt.edu.vn', 'SE03576', 1, 1, 'NotSet', 4),
(773, 'HungNVSE03577', 'Nguyn Vit Hng', 'HungNVSE03577@fpt.edu.vn', 'SE03577', 1, 1, 'NotSet', 4),
(774, 'AnhNPSE03583', 'Nguyn Phan Anh', 'AnhNPSE03583@fpt.edu.vn', 'SE03583', 1, 1, 'NotSet', 4),
(775, 'QuanTMSE03585', 'T Minh Qun', 'QuanTMSE03585@fpt.edu.vn', 'SE03585', 1, 1, 'NotSet', 4),
(776, 'TriBMSE03590', 'Bi Mnh Tr', 'TriBMSE03590@fpt.edu.vn', 'SE03590', 1, 1, 'NotSet', 4),
(777, 'TamNASE03594', 'Nguyn Anh Tm', 'TamNASE03594@fpt.edu.vn', 'SE03594', 1, 1, 'NotSet', 4),
(778, 'NamNVSE03599', 'Nguyn Vit Nam', 'NamNVSE03599@fpt.edu.vn', 'SE03599', 1, 1, 'NotSet', 4),
(779, 'ThangTCSE03602', 'Trn Cng Thng', 'ThangTCSE03602@fpt.edu.vn', 'SE03602', 1, 1, 'NotSet', 3),
(780, 'AnhGTSE03603', 'Giang Tun Anh', 'AnhGTSE03603@fpt.edu.vn', 'SE03603', 1, 1, 'NotSet', 4),
(781, 'AnhPTSE03615', 'Phm Tun Anh', 'AnhPTSE03615@fpt.edu.vn', 'SE03615', 1, 1, 'NotSet', 4),
(782, 'KhangPQSE03624', 'Phm Quang Khang', 'KhangPQSE03624@fpt.edu.vn', 'SE03624', 1, 1, 'NotSet', 4),
(783, 'HungDXSE03628', 'o Xun Hng', 'HungDXSE03628@fpt.edu.vn', 'SE03628', 1, 1, 'NotSet', 4),
(784, 'VietPQSE03630', 'Phm Quc Vit', 'VietPQSE03630@fpt.edu.vn', 'SE03630', 1, 1, 'NotSet', 4),
(785, 'DucNTSE03632', 'Nguyn Trung c', 'DucNTSE03632@fpt.edu.vn', 'SE03632', 1, 1, 'NotSet', 4),
(786, 'TuanNSSE03635', 'Nguyn S Tun', 'TuanNSSE03635@fpt.edu.vn', 'SE03635', 1, 1, 'NotSet', 4),
(787, 'TungNTSE03636', 'Nguyn Thanh Tng', 'TungNTSE03636@fpt.edu.vn', 'SE03636', 1, 1, 'NotSet', 4),
(788, 'HocNNSE03646', 'Nguyn Nh Hc', 'HocNNSE03646@fpt.edu.vn', 'SE03646', 1, 1, 'NotSet', 2),
(789, 'KienHTSE03661', 'Hong Trung Kin', 'KienHTSE03661@fpt.edu.vn', 'SE03661', 1, 1, 'NotSet', 4),
(790, 'CuongNMSE03666', 'Nguyn Mnh Cng', 'CuongNMSE03666@fpt.edu.vn', 'SE03666', 1, 1, 'NotSet', 4),
(791, 'VuNSSE03669', 'Nguyn Sn V', 'VuNSSE03669@fpt.edu.vn', 'SE03669', 1, 1, 'NotSet', 4),
(792, 'ThaiNGDSE03670', 'Nguyn Gia Duy Thi', 'ThaiNGDSE03670@fpt.edu.vn', 'SE03670', 1, 1, 'NotSet', 4),
(793, 'HungTNSE03671', 'Trn Ngc Hng', 'HungTNSE03671@fpt.edu.vn', 'SE03671', 1, 1, 'NotSet', 4),
(794, 'ToanCVSE03675', 'Chu Vn Ton', 'ToanCVSE03675@fpt.edu.vn', 'SE03675', 1, 1, 'NotSet', 4),
(795, 'QuangTMSE03677', 'Trn Minh Quang', 'QuangTMSE03677@fpt.edu.vn', 'SE03677', 1, 1, 'NotSet', 4),
(796, 'GiangNDSE03680', 'Nguyn c Giang', 'GiangNDSE03680@fpt.edu.vn', 'SE03680', 1, 1, 'NotSet', 4),
(797, 'CongNCSE03681', 'Nguyn Ch Cng', 'CongNCSE03681@fpt.edu.vn', 'SE03681', 1, 1, 'NotSet', 3),
(798, 'DatBTSE03683', 'Bi Tt t', 'DatBTSE03683@fpt.edu.vn', 'SE03683', 1, 1, 'NotSet', 4),
(799, 'LongNHSE03685', 'Nguyn Hong Long', 'LongNHSE03685@fpt.edu.vn', 'SE03685', 1, 1, 'NotSet', 4),
(800, 'PhongNHSE03697', 'Nguyn Huy Phong', 'PhongNHSE03697@fpt.edu.vn', 'SE03697', 1, 1, 'NotSet', 4),
(801, 'BachNKXSE03699', 'Nguyn Khc Xun Bch', 'BachNKXSE03699@fpt.edu.vn', 'SE03699', 1, 1, 'NotSet', 4),
(802, 'DucLTSE03700', 'Lu Trung c', 'DucLTSE03700@fpt.edu.vn', 'SE03700', 1, 1, 'NotSet', 4),
(803, 'AnhNNTSE03702', 'Nguyn Nghim Tun Anh', 'AnhNNTSE03702@fpt.edu.vn', 'SE03702', 1, 1, 'NotSet', 4),
(804, 'LongMHSE03705', 'Mai Hong Long', 'LongMHSE03705@fpt.edu.vn', 'SE03705', 1, 1, 'NotSet', 4),
(805, 'HuyTQSE03706', 'T Quang Huy', 'HuyTQSE03706@fpt.edu.vn', 'SE03706', 1, 1, 'NotSet', 4),
(806, 'HaVKSE03708', 'Vng Khi H', 'HaVKSE03708@fpt.edu.vn', 'SE03708', 1, 1, 'NotSet', 4),
(807, 'PhuongHASE03715', 'Hong Anh Phng', 'PhuongHASE03715@fpt.edu.vn', 'SE03715', 1, 1, 'NotSet', 4),
(808, 'TuanHMSE03722', 'H Minh Tun', 'TuanHMSE03722@fpt.edu.vn', 'SE03722', 1, 1, 'NotSet', 4),
(809, 'QuanLHSE03726', 'L Hng Qun', 'QuanLHSE03726@fpt.edu.vn', 'SE03726', 1, 1, 'NotSet', 4),
(810, 'QuanNHSE03727', 'Nguyn Hu Qun', 'QuanNHSE03727@fpt.edu.vn', 'SE03727', 1, 1, 'NotSet', 3),
(811, 'DatNTSE03734', 'Nguyn Thnh t', 'DatNTSE03734@fpt.edu.vn', 'SE03734', 1, 1, 'NotSet', 4),
(812, 'KienNTSE03736', 'Ng Trung Kin', 'KienNTSE03736@fpt.edu.vn', 'SE03736', 1, 1, 'NotSet', 4),
(813, 'TuanCASE03737', 'Cao Anh Tun', 'TuanCASE03737@fpt.edu.vn', 'SE03737', 1, 1, 'NotSet', 4),
(814, 'HieuDVSE03739', 'on Vn Hiu', 'HieuDVSE03739@fpt.edu.vn', 'SE03739', 1, 1, 'NotSet', 4),
(815, 'MinhVHSE03742', 'V Hong Minh', 'MinhVHSE03742@fpt.edu.vn', 'SE03742', 1, 1, 'NotSet', 4),
(816, 'TungNTSE03745', 'Nguyn Tun Tng', 'TungNTSE03745@fpt.edu.vn', 'SE03745', 1, 1, 'NotSet', 4),
(817, 'ThanhNNSE03750', 'Nguyn Ngc Thanh', 'ThanhNNSE03750@fpt.edu.vn', 'SE03750', 1, 1, 'NotSet', 3),
(818, 'KhoaPDSE03752', 'Phm c Khoa', 'KhoaPDSE03752@fpt.edu.vn', 'SE03752', 1, 1, 'NotSet', 4),
(819, 'AnhLTSE03760', 'L Tun Anh', 'AnhLTSE03760@fpt.edu.vn', 'SE03760', 1, 1, 'NotSet', 4),
(820, 'PhuongPTMSE03773', 'Phm Th Minh Phng', 'PhuongPTMSE03773@fpt.edu.vn', 'SE03773', 1, 1, 'NotSet', 4),
(821, 'SonDHSE03775', ' Hng Sn', 'SonDHSE03775@fpt.edu.vn', 'SE03775', 1, 1, 'NotSet', 4),
(822, 'QuangNDSE03776', 'Nguyn ng Quang', 'QuangNDSE03776@fpt.edu.vn', 'SE03776', 1, 1, 'NotSet', 4),
(823, 'DatDHSE03781', 'o Huy t', 'DatDHSE03781@fpt.edu.vn', 'SE03781', 1, 1, 'NotSet', 4),
(824, 'ThanhNCSE03786', 'Nguyn Cng Thnh', 'ThanhNCSE03786@fpt.edu.vn', 'SE03786', 1, 1, 'NotSet', 4),
(825, 'PhucLASE03793', 'L Anh Phc', 'PhucLASE03793@fpt.edu.vn', 'SE03793', 1, 1, 'NotSet', 4),
(826, 'LinhTNSE03795', 'Trn Nht Linh', 'LinhTNSE03795@fpt.edu.vn', 'SE03795', 1, 1, 'NotSet', 4),
(827, 'LongNBSE03804', 'Nguyn Bo Long', 'LongNBSE03804@fpt.edu.vn', 'SE03804', 1, 1, 'NotSet', 4),
(828, 'CongHPASE03806', 'H Phan Anh Cng', 'CongHPASE03806@fpt.edu.vn', 'SE03806', 1, 1, 'NotSet', 4),
(829, 'HieuNMSE03810', 'Nguyn Minh Hiu', 'HieuNMSE03810@fpt.edu.vn', 'SE03810', 1, 1, 'NotSet', 4),
(830, 'TrinhDNSE03817', ' Ngc Trnh', 'TrinhDNSE03817@fpt.edu.vn', 'SE03817', 1, 1, 'NotSet', 4),
(831, 'LoiTDSE03822', 'Trn ng Li', 'LoiTDSE03822@fpt.edu.vn', 'SE03822', 1, 1, 'NotSet', 4),
(832, 'DoPKSE03824', 'Phm Khc ', 'DoPKSE03824@fpt.edu.vn', 'SE03824', 1, 1, 'NotSet', 4),
(833, 'CuongNCSE03825', 'Nguyn Ch Cng', 'CuongNCSE03825@fpt.edu.vn', 'SE03825', 1, 1, 'NotSet', 4),
(834, 'AnhNDSE03826', 'Nguyn Duy Anh', 'AnhNDSE03826@fpt.edu.vn', 'SE03826', 1, 1, 'NotSet', 3),
(835, 'QuanNHSE03830', 'Ng Hu Qun', 'QuanNHSE03830@fpt.edu.vn', 'SE03830', 1, 1, 'NotSet', 4),
(836, 'PhuocVVSE03837', 'V Vn Phc', 'PhuocVVSE03837@fpt.edu.vn', 'SE03837', 1, 1, 'NotSet', 4),
(837, 'ManhHTSE03844', 'Hong Th Mnh', 'ManhHTSE03844@fpt.edu.vn', 'SE03844', 1, 1, 'NotSet', 4),
(838, 'LamVTSE03846', 'V Th Lm', 'LamVTSE03846@fpt.edu.vn', 'SE03846', 1, 1, 'NotSet', 4),
(839, 'VuongTVSE03854', 'Trn Vit Vng', 'VuongTVSE03854@fpt.edu.vn', 'SE03854', 1, 1, 'NotSet', 4),
(840, 'HieuPVDSE03855', 'Phan V nh Hiu', 'HieuPVDSE03855@fpt.edu.vn', 'SE03855', 1, 1, 'NotSet', 4),
(841, 'HaoHQSE03856', 'H Quang Ho', 'HaoHQSE03856@fpt.edu.vn', 'SE03856', 1, 1, 'NotSet', 4),
(842, 'HungPPSE03862', 'Phm Phi Hng', 'HungPPSE03862@fpt.edu.vn', 'SE03862', 1, 1, 'NotSet', 4),
(843, 'TuyenLASE03863', 'L Anh Tuyn', 'TuyenLASE03863@fpt.edu.vn', 'SE03863', 1, 1, 'NotSet', 4),
(844, 'HieuNMSE03870', 'Nguyn Mnh Hiu', 'HieuNMSE03870@fpt.edu.vn', 'SE03870', 1, 1, 'NotSet', 4),
(845, 'TuanTQSE03873', 'Trn Quc Tun', 'TuanTQSE03873@fpt.edu.vn', 'SE03873', 1, 1, 'NotSet', 4),
(846, 'DatBVSE03875', 'Bi Vinh t', 'DatBVSE03875@fpt.edu.vn', 'SE03875', 1, 1, 'NotSet', 4),
(847, 'TrungVTSE03880', 'V Tr Trung', 'TrungVTSE03880@fpt.edu.vn', 'SE03880', 1, 1, 'NotSet', 4),
(848, 'HaNTTSE03882', 'Nguyn Th Thu H', 'HaNTTSE03882@fpt.edu.vn', 'SE03882', 1, 1, 'NotSet', 4),
(849, 'QuangVNSE03887', 'V Ngc Quang', 'QuangVNSE03887@fpt.edu.vn', 'SE03887', 1, 1, 'NotSet', 4),
(850, 'ChuongHVSE03891', 'Hong Vn Chng', 'ChuongHVSE03891@fpt.edu.vn', 'SE03891', 1, 1, 'NotSet', 4),
(851, 'TrungNQSE03897', 'Nguyn Quang Trung', 'TrungNQSE03897@fpt.edu.vn', 'SE03897', 1, 1, 'NotSet', 4),
(852, 'LinhVVSE03899', 'V Vn Linh', 'LinhVVSE03899@fpt.edu.vn', 'SE03899', 1, 1, 'NotSet', 4),
(853, 'LucNVSE03901', 'Nguyn Vn Lc', 'LucNVSE03901@fpt.edu.vn', 'SE03901', 1, 1, 'NotSet', 4),
(854, 'TungTTSE03909', 'Trn Thanh Tng', 'TungTTSE03909@fpt.edu.vn', 'SE03909', 1, 1, 'NotSet', 4),
(855, 'HoangVTSE03931', 'V Trn Hong', 'HoangVTSE03931@fpt.edu.vn', 'SE03931', 1, 1, 'NotSet', 4),
(856, 'KhoiDHSE03944', ' Hng Khi', 'KhoiDHSE03944@fpt.edu.vn', 'SE03944', 1, 1, 'NotSet', 4),
(857, 'SangTMSE03273', 'Trn Minh Sng', 'SangTMSE03273@fpt.edu.vn', 'SE03273', 1, 1, 'NotSet', 4),
(858, 'ThanhNHSE03110', 'Ng Hu Thnh', 'ThanhNHSE03110@fpt.edu.vn', 'SE03110', 1, 1, 'NotSet', 4),
(859, 'DuyLNSE03114', 'L Ngc Duy', 'DuyLNSE03114@fpt.edu.vn', 'SE03114', 1, 1, 'NotSet', 5),
(860, 'NhatLTSE03124', 'Li Th Nht', 'NhatLTSE03124@fpt.edu.vn', 'SE03124', 1, 1, 'NotSet', 4),
(861, 'TruongVNSE03130', 'V Ngc Trng', 'TruongVNSE03130@fpt.edu.vn', 'SE03130', 1, 1, 'NotSet', 5),
(862, 'TuanNTSE03136', 'Nguyn Ti Tun', 'TuanNTSE03136@fpt.edu.vn', 'SE03136', 1, 1, 'NotSet', 5),
(863, 'ThaiNHSE03151', 'Nguyn Hu Thi', 'ThaiNHSE03151@fpt.edu.vn', 'SE03151', 1, 1, 'NotSet', 5),
(864, 'TienNVSE03185', 'Nguyn Vn Tin', 'TienNVSE03185@fpt.edu.vn', 'SE03185', 1, 1, 'NotSet', 5),
(865, 'PhongDCSE03196', ' Cao Phong', 'PhongDCSE03196@fpt.edu.vn', 'SE03196', 1, 1, 'NotSet', 5),
(866, 'HoangLGSE03200', 'L Gia Hong', 'HoangLGSE03200@fpt.edu.vn', 'SE03200', 1, 1, 'NotSet', 5),
(867, 'MinhTDSE03276', 'Trn c Minh', 'MinhTDSE03276@fpt.edu.vn', 'SE03276', 1, 1, 'NotSet', 5),
(868, 'DuongLVSE03290', 'L Vn Dng', 'DuongLVSE03290@fpt.edu.vn', 'SE03290', 1, 1, 'NotSet', 5),
(869, 'BachLVSE03304', 'La Vn Bch', 'BachLVSE03304@fpt.edu.vn', 'SE03304', 1, 1, 'NotSet', 5),
(870, 'TruongTHSE03310', 'Trn Hn Trng', 'TruongTHSE03310@fpt.edu.vn', 'SE03310', 1, 1, 'NotSet', 5),
(871, 'AnhLQDSE03347', 'L Qu c Anh', 'AnhLQDSE03347@fpt.edu.vn', 'SE03347', 1, 1, 'NotSet', 5),
(872, 'HuongLXSE03388', 'L Xun Hng', 'HuongLXSE03388@fpt.edu.vn', 'SE03388', 1, 1, 'NotSet', 5),
(873, 'SiDQSE03425', 'ng Quang S', 'SiDQSE03425@fpt.edu.vn', 'SE03425', 1, 1, 'NotSet', 5),
(874, 'ThanhPSSE03430', 'Phm S Thanh', 'ThanhPSSE03430@fpt.edu.vn', 'SE03430', 1, 1, 'NotSet', 5),
(875, 'AnhDTSE03435', 'inh Tun Anh', 'AnhDTSE03435@fpt.edu.vn', 'SE03435', 1, 1, 'NotSet', 5),
(876, 'HaiPTSE02802', 'Phm Thanh Hi', 'HaiPTSE02802@fpt.edu.vn', 'SE02802', 1, 1, 'NotSet', 4),
(877, 'TrinhNVSE02680', 'Nguyn Vn Trinh', 'TrinhNVSE02680@fpt.edu.vn', 'SE02680', 1, 1, 'NotSet', 5),
(878, 'DucDVSE03458', ' Vn c', 'DucDVSE03458@fpt.edu.vn', 'SE03458', 1, 1, 'NotSet', 5),
(879, 'HuyVKSE03478', 'V Kim Huy', 'HuyVKSE03478@fpt.edu.vn', 'SE03478', 1, 1, 'NotSet', 5),
(880, 'AnhNQSE03490', 'Nguyn Quang Anh', 'AnhNQSE03490@fpt.edu.vn', 'SE03490', 1, 1, 'NotSet', 5),
(881, 'NguyenVBASE03496', 'V B Anh Nguyn', 'NguyenVBASE03496@fpt.edu.vn', 'SE03496', 1, 1, 'NotSet', 5),
(882, 'TruongTNSE03527', 'Trn Nht Trng', 'TruongTNSE03527@fpt.edu.vn', 'SE03527', 1, 1, 'NotSet', 5),
(883, 'YenNHSE03536', 'Nguyn Hi Yn', 'YenNHSE03536@fpt.edu.vn', 'SE03536', 1, 1, 'NotSet', 4),
(884, 'TuDTSE03559', 'inh Tun T', 'TuDTSE03559@fpt.edu.vn', 'SE03559', 1, 1, 'NotSet', 5),
(885, 'ChauBHHSE03571', 'Bi Hong H Chu', 'ChauBHHSE03571@fpt.edu.vn', 'SE03571', 1, 1, 'NotSet', 5),
(886, 'MinhNLSE03580', 'Nguyn L Minh', 'MinhNLSE03580@fpt.edu.vn', 'SE03580', 1, 1, 'NotSet', 5),
(887, 'AnhNHSE03584', 'Nguyn Hong Anh', 'AnhNHSE03584@fpt.edu.vn', 'SE03584', 1, 1, 'NotSet', 5),
(888, 'TuDNSE03591', 'ng Ngc T', 'TuDNSE03591@fpt.edu.vn', 'SE03591', 1, 1, 'NotSet', 5),
(889, 'MinhNHSE03596', 'Nguyn Hu Minh', 'MinhNHSE03596@fpt.edu.vn', 'SE03596', 1, 1, 'NotSet', 5),
(890, 'BaoPQSE03606', 'Phan Quc Bo', 'BaoPQSE03606@fpt.edu.vn', 'SE03606', 1, 1, 'NotSet', 5),
(891, 'ManhNDSE03610', 'Nguyn c Mnh', 'ManhNDSE03610@fpt.edu.vn', 'SE03610', 1, 1, 'NotSet', 5),
(892, 'AnhPDSE03611', 'Phm c Anh', 'AnhPDSE03611@fpt.edu.vn', 'SE03611', 1, 1, 'NotSet', 5),
(893, 'ToanNVSE03619', 'Ng Vn Ton', 'ToanNVSE03619@fpt.edu.vn', 'SE03619', 1, 1, 'NotSet', 5),
(894, 'TungNTSE03621', 'Nguyn Thanh Tng', 'TungNTSE03621@fpt.edu.vn', 'SE03621', 1, 1, 'NotSet', 5),
(895, 'HungNDSE03647', 'Nguyn c Hng', 'HungNDSE03647@fpt.edu.vn', 'SE03647', 1, 1, 'NotSet', 4),
(896, 'AnhNQSE03650', 'Nguyn Quc Anh', 'AnhNQSE03650@fpt.edu.vn', 'SE03650', 1, 1, 'NotSet', 5),
(897, 'SonDNSE03703', 'on Ngc Sn', 'SonDNSE03703@fpt.edu.vn', 'SE03703', 1, 1, 'NotSet', 5),
(898, 'BachNSSE03704', 'Nguyn S Bch', 'BachNSSE03704@fpt.edu.vn', 'SE03704', 1, 1, 'NotSet', 5),
(899, 'HuyDNQSE03714', 'on Nguyn Quang Huy', 'HuyDNQSE03714@fpt.edu.vn', 'SE03714', 1, 1, 'NotSet', 4),
(900, 'HieuLTSE03719', 'Lm Trung Hiu', 'HieuLTSE03719@fpt.edu.vn', 'SE03719', 1, 1, 'NotSet', 4),
(901, 'AnhLBSE03747', 'Luyn Bo Anh', 'AnhLBSE03747@fpt.edu.vn', 'SE03747', 1, 1, 'NotSet', 5),
(902, 'CuongVMSE03763', 'V Mnh Cng', 'CuongVMSE03763@fpt.edu.vn', 'SE03763', 1, 1, 'NotSet', 4),
(903, 'HoangPMSE03769', 'Phm Minh Hong', 'HoangPMSE03769@fpt.edu.vn', 'SE03769', 1, 1, 'NotSet', 5),
(904, 'HueNTSE03789', 'Nguyn Th Hu', 'HueNTSE03789@fpt.edu.vn', 'SE03789', 1, 1, 'NotSet', 5),
(905, 'VuCLSE03800', 'Cao Lm V', 'VuCLSE03800@fpt.edu.vn', 'SE03800', 1, 1, 'NotSet', 5),
(906, 'TuanDLSE03807', 'ng L Tun', 'TuanDLSE03807@fpt.edu.vn', 'SE03807', 1, 1, 'NotSet', 5),
(907, 'CuongTDSE03827', 'Trn c Cng', 'CuongTDSE03827@fpt.edu.vn', 'SE03827', 1, 1, 'NotSet', 5),
(908, 'HaiNMSE03832', 'Nguyn Minh Hi', 'HaiNMSE03832@fpt.edu.vn', 'SE03832', 1, 1, 'NotSet', 5),
(909, 'AnhLHSE03838', 'L Hong Anh', 'AnhLHSE03838@fpt.edu.vn', 'SE03838', 1, 1, 'NotSet', 5),
(910, 'HaiTPTSE03859', 'Trn Phm Triu Hi', 'HaiTPTSE03859@fpt.edu.vn', 'SE03859', 1, 1, 'NotSet', 4),
(911, 'CanhNHTSE03860', 'Nguyn Hu Thanh Cnh', 'CanhNHTSE03860@fpt.edu.vn', 'SE03860', 1, 1, 'NotSet', 5),
(912, 'LongNBSE03877', 'Nguyn Bo Long', 'LongNBSE03877@fpt.edu.vn', 'SE03877', 1, 1, 'NotSet', 5),
(913, 'DatDMSE03884', 'on Mnh t', 'DatDMSE03884@fpt.edu.vn', 'SE03884', 1, 1, 'NotSet', 5),
(914, 'NamNVSE03888', 'Nguyn Vn Nam', 'NamNVSE03888@fpt.edu.vn', 'SE03888', 1, 1, 'NotSet', 5),
(915, 'LamLTSE03936', 'L Thanh Lm', 'LamLTSE03936@fpt.edu.vn', 'SE03936', 1, 1, 'NotSet', 5),
(916, 'GiangTDSE03127', 'Trn i Giang', 'GiangTDSE03127@fpt.edu.vn', 'SE03127', 1, 1, 'NotSet', 4),
(917, 'SonPMSE03298', 'Phm Minh Sn', 'SonPMSE03298@fpt.edu.vn', 'SE03298', 1, 1, 'NotSet', 4),
(918, 'ThanhNTSE03301', 'Nguyn Trung Thnh', 'ThanhNTSE03301@fpt.edu.vn', 'SE03301', 1, 1, 'NotSet', 5),
(919, 'HaTTSE03361', 'Trn Th H', 'HaTTSE03361@fpt.edu.vn', 'SE03361', 1, 1, 'NotSet', 5),
(920, 'LongNVSE03428', 'Nguyn Vn Long', 'LongNVSE03428@fpt.edu.vn', 'SE03428', 1, 1, 'NotSet', 5),
(921, 'TrongHDSE02889', 'Hong c Trng', 'TrongHDSE02889@fpt.edu.vn', 'SE02889', 1, 1, 'NotSet', 4),
(922, 'TrungTCSE02306', 'Ta Cao Trung', 'TrungTCSE02306@fpt.edu.vn', 'SE02306', 1, 1, 'NotSet', 5),
(923, 'CuongDVHSE02662', 'on Vn Hng Cng', 'CuongDVHSE02662@fpt.edu.vn', 'SE02662', 1, 1, 'NotSet', 5),
(924, 'TuanLTSE02697', 'L Thanh Tun', 'TuanLTSE02697@fpt.edu.vn', 'SE02697', 1, 1, 'NotSet', 5),
(925, 'TuTHSE02922', 'Trn Hong T', 'TuTHSE02922@fpt.edu.vn', 'SE02922', 1, 1, 'NotSet', 5),
(926, 'ThangLTSE03240', 'L Tt Thng', 'ThangLTSE03240@fpt.edu.vn', 'SE03240', 1, 1, 'NotSet', 5),
(927, 'GiangNHSE60950', 'Nguyn H Giang', 'GiangNHSE60950@fpt.edu.vn', 'SE60950', 1, 1, 'NotSet', 5),
(928, 'CuongNMSE04273', 'Nguyn Mnh Cng', 'CuongNMSE04273@fpt.edu.vn', 'SE04273', 1, 1, 'NotSet', 2),
(929, 'BinhNNSE04190', 'Nguyn Ngc Bnh', 'BinhNNSE04190@fpt.edu.vn', 'SE04190', 1, 1, 'NotSet', 2),
(930, 'HungLTSE04132', 'Li Thnh Hng', 'HungLTSE04132@fpt.edu.vn', 'SE04132', 1, 1, 'NotSet', 2),
(931, 'HiepNVSE04146', 'Nguyn V Hip', 'HiepNVSE04146@fpt.edu.vn', 'SE04146', 1, 1, 'NotSet', 2),
(932, 'TuyenDDSE04046', 'Dng nh Tuyn', 'TuyenDDSE04046@fpt.edu.vn', 'SE04046', 1, 1, 'NotSet', 2),
(933, 'HieuTXSE04374', 'Trnh Xun Hiu', 'HieuTXSE04374@fpt.edu.vn', 'SE04374', 1, 1, 'NotSet', 2),
(934, 'HauPHSE04126', 'Phm Hu Hu', 'HauPHSE04126@fpt.edu.vn', 'SE04126', 1, 1, 'NotSet', 2),
(935, 'NgocBTMSE04052', 'Bi Th Minh Ngc', 'NgocBTMSE04052@fpt.edu.vn', 'SE04052', 1, 1, 'NotSet', 2),
(936, 'SonHSE04107', 'Hong Sn', 'SonHSE04107@fpt.edu.vn', 'SE04107', 1, 1, 'NotSet', 2),
(937, 'HieuDCSE04338', 'inh Cng Hiu', 'HieuDCSE04338@fpt.edu.vn', 'SE04338', 1, 1, 'NotSet', 2),
(938, 'HungTMSE04400', 'Trnh Minh Hng', 'HungTMSE04400@fpt.edu.vn', 'SE04400', 1, 1, 'NotSet', 2),
(939, 'QuanDLSE04215', ' Long Qun', 'QuanDLSE04215@fpt.edu.vn', 'SE04215', 1, 1, 'NotSet', 2),
(940, 'HungNDSE04035', 'Nguyn ng Hng', 'HungNDSE04035@fpt.edu.vn', 'SE04035', 1, 1, 'NotSet', 2),
(941, 'SonVHSE04276', 'V Hong Sn', 'SonVHSE04276@fpt.edu.vn', 'SE04276', 1, 1, 'NotSet', 2),
(942, 'NhungGTHSE04110', 'Gip Th Hng Nhung', 'NhungGTHSE04110@fpt.edu.vn', 'SE04110', 1, 1, 'NotSet', 2),
(943, 'HienNVSE04388', 'Nguyn Vn Hin', 'HienNVSE04388@fpt.edu.vn', 'SE04388', 1, 1, 'NotSet', 2),
(944, 'KhanhLXSE03999', 'L Xun Khnh', 'KhanhLXSE03999@fpt.edu.vn', 'SE03999', 1, 1, 'NotSet', 2),
(945, 'CuongNVSE04047', 'Nguyn Vn Cng', 'CuongNVSE04047@fpt.edu.vn', 'SE04047', 1, 1, 'NotSet', 2),
(946, 'BaoPNSE04414', 'Phan Nguyn Bo', 'BaoPNSE04414@fpt.edu.vn', 'SE04414', 1, 1, 'NotSet', 2),
(947, 'LongNCSE03983', 'Nguyn Cng Long', 'LongNCSE03983@fpt.edu.vn', 'SE03983', 1, 1, 'NotSet', 2),
(948, 'GiangTHSE04148', 'Trn Hong Giang', 'GiangTHSE04148@fpt.edu.vn', 'SE04148', 1, 1, 'NotSet', 2),
(949, 'TrangDNPSE04416', 'ng Nguyn Phng Trang', 'TrangDNPSE04416@fpt.edu.vn', 'SE04416', 1, 1, 'NotSet', 2),
(950, 'ChauDNTSE04187', 'Dng Nguyn Tho Chu', 'ChauDNTSE04187@fpt.edu.vn', 'SE04187', 1, 1, 'NotSet', 2),
(951, 'DungNTKSE03989', 'Nguyn Th Kim Dung', 'DungNTKSE03989@fpt.edu.vn', 'SE03989', 1, 1, 'NotSet', 2),
(952, 'HoangNLSE04303', 'Nguyn L Hong', 'HoangNLSE04303@fpt.edu.vn', 'SE04303', 1, 1, 'NotSet', 2),
(953, 'TungLDSE04071', 'L ng Tng', 'TungLDSE04071@fpt.edu.vn', 'SE04071', 1, 1, 'NotSet', 2),
(954, 'LanNHSE04186', 'Ng Hong Lan', 'LanNHSE04186@fpt.edu.vn', 'SE04186', 1, 1, 'NotSet', 2),
(955, 'DungDCSE03691', 'o Cng Dng', 'DungDCSE03691@fpt.edu.vn', 'SE03691', 1, 1, 'NotSet', 2),
(956, 'KhueNDSE03287', 'Nguyn on Khu', 'KhueNDSE03287@fpt.edu.vn', 'SE03287', 1, 1, 'NotSet', 2),
(957, 'SonNVSE04038', 'Nguyn Vn Sn', 'SonNVSE04038@fpt.edu.vn', 'SE04038', 1, 1, 'NotSet', 2),
(958, 'DucDHVSE04075', 'o Hong Vit c', 'DucDHVSE04075@fpt.edu.vn', 'SE04075', 1, 1, 'NotSet', 2),
(959, 'ThachVNSE04094', 'V Ngc Thch', 'ThachVNSE04094@fpt.edu.vn', 'SE04094', 1, 1, 'NotSet', 2),
(960, 'DatNTSE04096', 'Nguyn Trng t', 'DatNTSE04096@fpt.edu.vn', 'SE04096', 1, 1, 'NotSet', 2),
(961, 'TrungNTSE04160', 'Nguyn Tin Trung', 'TrungNTSE04160@fpt.edu.vn', 'SE04160', 1, 1, 'NotSet', 2),
(962, 'NghiaTTSE04301', 'Trn Tun Ngha', 'NghiaTTSE04301@fpt.edu.vn', 'SE04301', 1, 1, 'NotSet', 2),
(963, 'ThinhDNSE04178', ' Ngc Thnh', 'ThinhDNSE04178@fpt.edu.vn', 'SE04178', 1, 1, 'NotSet', 2),
(964, 'LongPTSE04304', 'Phm Thanh Long', 'LongPTSE04304@fpt.edu.vn', 'SE04304', 1, 1, 'NotSet', 2),
(965, 'HanhLMSE04255', 'L Minh Hnh', 'HanhLMSE04255@fpt.edu.vn', 'SE04255', 1, 1, 'NotSet', 2),
(966, 'ThuyPMSE03992', 'Phm Minh Thy', 'ThuyPMSE03992@fpt.edu.vn', 'SE03992', 1, 1, 'NotSet', 2),
(967, 'HoangNSE03997', 'Nguyn Hong', 'HoangNSE03997@fpt.edu.vn', 'SE03997', 1, 1, 'NotSet', 2),
(968, 'DuongNVSE04356', 'Nguyn Vn Dng', 'DuongNVSE04356@fpt.edu.vn', 'SE04356', 1, 1, 'NotSet', 2),
(969, 'QuanNMSE04141', 'Nguyn Minh Qun', 'QuanNMSE04141@fpt.edu.vn', 'SE04141', 1, 1, 'NotSet', 2),
(970, 'AnhNNSE04387', 'Nguyn Nam Anh', 'AnhNNSE04387@fpt.edu.vn', 'SE04387', 1, 1, 'NotSet', 2),
(971, 'TruongNXSE04362', 'Nguyn Xun Trng', 'TruongNXSE04362@fpt.edu.vn', 'SE04362', 1, 1, 'NotSet', 2),
(972, 'LinhLNSE04405', 'L Nguyn Linh', 'LinhLNSE04405@fpt.edu.vn', 'SE04405', 1, 1, 'NotSet', 2),
(973, 'TungNTSE04084', 'Nguyn Tun Tng', 'TungNTSE04084@fpt.edu.vn', 'SE04084', 1, 1, 'NotSet', 2),
(974, 'HungBNSE04268', 'Bi Nguyn Hng', 'HungBNSE04268@fpt.edu.vn', 'SE04268', 1, 1, 'NotSet', 2),
(975, 'DungNTTSE03851', 'Nguyn Th Thy Dung', 'DungNTTSE03851@fpt.edu.vn', 'SE03851', 1, 1, 'NotSet', 2),
(976, 'BachNGSE04422', 'Nguyn Gia Bch', 'BachNGSE04422@fpt.edu.vn', 'SE04422', 1, 1, 'NotSet', 3),
(977, 'NghiaDPSE04444', 'ng Phc Ngha', 'NghiaDPSE04444@fpt.edu.vn', 'SE04444', 1, 1, 'NotSet', 2),
(978, 'KhanhTVSE02814', 'Trn Vn Khnh', 'KhanhTVSE02814@fpt.edu.vn', 'SE02814', 1, 1, 'NotSet', 4),
(979, 'ThangMPSE61502', 'Mai Phi Thng', 'ThangMPSE61502@fpt.edu.vn', 'SE61502', 1, 1, 'NotSet', 3),
(980, 'LongHDSE61702', 'Hong c Long', 'LongHDSE61702@fpt.edu.vn', 'SE61702', 1, 1, 'NotSet', 5),
(981, 'NhatHuyenTNSE61693', 'Trn Ngc NhtHuyn', 'NhatHuyenTNSE61693@fpt.edu.vn', 'SE61693', 1, 1, 'NotSet', 4),
(982, 'NamLHSE61565', 'L Hong Nam', 'NamLHSE61565@fpt.edu.vn', 'SE61565', 1, 1, 'NotSet', 4),
(983, 'QuangLVSE03783', 'Lm Vit Quang', 'QuangLVSE03783@fpt.edu.vn', 'SE03783', 1, 1, 'NotSet', 3),
(984, 'BinhNTSE03718', 'Nguyn Thanh Bnh', 'BinhNTSE03718@fpt.edu.vn', 'SE03718', 1, 1, 'NotSet', 3),
(985, 'LamPSE03555', 'Phan Lm', 'LamPSE03555@fpt.edu.vn', 'SE03555', 1, 1, 'NotSet', 3),
(986, 'TaiNH01795', 'Nguyn Hu Ti', 'TaiNH01795@fpt.edu.vn', '01795', 1, 1, 'NotSet', 5),
(987, 'KhanhPDSE03812', 'Phm Duy Khnh', 'KhanhPDSE03812@fpt.edu.vn', 'SE03812', 1, 8, 'NotSet', 1),
(988, 'HoangVMSE04349', 'V Minh Hong', 'HoangVMSE04349@fpt.edu.vn', 'SE04349', 1, 8, 'NotSet', 1),
(989, 'TungDVSE04367', 'ng Vn Tng', 'TungDVSE04367@fpt.edu.vn', 'SE04367', 1, 8, 'NotSet', 1),
(990, 'MinhDNNSE04062', ' Nguyn Nht Minh', 'MinhDNNSE04062@fpt.edu.vn', 'SE04062', 1, 8, 'NotSet', 1),
(991, 'NghiaNCSE04270', 'Nguyn Ch Ngha', 'NghiaNCSE04270@fpt.edu.vn', 'SE04270', 1, 8, 'NotSet', 1),
(992, 'LucTTSE04138', 'T Tin Lc', 'LucTTSE04138@fpt.edu.vn', 'SE04138', 1, 8, 'NotSet', 1),
(993, 'HieuLTSE04326', 'L Trung Hiu', 'HieuLTSE04326@fpt.edu.vn', 'SE04326', 1, 8, 'NotSet', 1),
(994, 'ChiNNSE62028', 'Nguyn Ngc Ch', 'ChiNNSE62028@fpt.edu.vn', 'SE62028', 1, 8, 'NotSet', 1),
(995, 'DucNTSE04072', 'Nguyn Trng c', 'DucNTSE04072@fpt.edu.vn', 'SE04072', 1, 8, 'NotSet', 1),
(996, 'LamHASE04171', 'Hong Anh Lm', 'LamHASE04171@fpt.edu.vn', 'SE04171', 1, 8, 'NotSet', 1),
(997, 'AnhNDPSE04235', 'Ninh i Phc Anh', 'AnhNDPSE04235@fpt.edu.vn', 'SE04235', 1, 8, 'NotSet', 1),
(998, 'AnhHNSE61724', 'Hunh Nht Anh', 'AnhHNSE61724@fpt.edu.vn', 'SE61724', 1, 7, 'NotSet', 1),
(999, 'AnhVQSE04377', 'V Quc Anh', 'AnhVQSE04377@fpt.edu.vn', 'SE04377', 1, 7, 'NotSet', 1),
(1000, 'LinhNXSE04363', 'Nguyn Xun Linh', 'LinhNXSE04363@fpt.edu.vn', 'SE04363', 1, 7, 'NotSet', 1),
(1001, 'AnhDDSE04067', ' c Anh', 'AnhDDSE04067@fpt.edu.vn', 'SE04067', 1, 7, 'NotSet', 1),
(1002, 'DatNTSE04286', 'Nguyn Tin t', 'DatNTSE04286@fpt.edu.vn', 'SE04286', 1, 7, 'NotSet', 1),
(1003, 'VinhNTSE04274', 'Nguyn Thnh Vinh', 'VinhNTSE04274@fpt.edu.vn', 'SE04274', 1, 7, 'NotSet', 1),
(1004, 'HoangNMSE03998', 'Nguyn Minh Hong', 'HoangNMSE03998@fpt.edu.vn', 'SE03998', 1, 7, 'NotSet', 1),
(1005, 'AnhNTSE04003', 'Nguyn Tun Anh', 'AnhNTSE04003@fpt.edu.vn', 'SE04003', 1, 7, 'NotSet', 1),
(1006, 'PhuNVSE04123', 'Ng Vn Ph', 'PhuNVSE04123@fpt.edu.vn', 'SE04123', 1, 7, 'NotSet', 1),
(1007, 'CongNTSE04104', 'Nguyn Thnh Cng', 'CongNTSE04104@fpt.edu.vn', 'SE04104', 1, 7, 'NotSet', 1),
(1008, 'AnhHKSE04034', 'H Kim Anh', 'AnhHKSE04034@fpt.edu.vn', 'SE04034', 1, 7, 'NotSet', 1),
(1009, 'QuyNCSE03957', 'Nguyn Ch Qu', 'QuyNCSE03957@fpt.edu.vn', 'SE03957', 1, 7, 'NotSet', 1),
(1010, 'ThangNDSE04090', 'Nguyn c Thng', 'ThangNDSE04090@fpt.edu.vn', 'SE04090', 1, 7, 'NotSet', 1),
(1011, 'ThanhPDSE04309', 'Phan Duy Thnh', 'ThanhPDSE04309@fpt.edu.vn', 'SE04309', 1, 7, 'NotSet', 1),
(1012, 'AnhVVSE04447', 'V Vit Anh', 'AnhVVSE04447@fpt.edu.vn', 'SE04447', 1, 7, 'NotSet', 1),
(1013, 'HoangNTSE03960', 'Nguyn Trng Hong', 'HoangNTSE03960@fpt.edu.vn', 'SE03960', 1, 7, 'NotSet', 1),
(1014, 'HaVMSE03868', 'V Mnh H', 'HaVMSE03868@fpt.edu.vn', 'SE03868', 1, 8, 'NotSet', 1),
(1015, 'TungNXSE04275', 'Nguyn Xun Tng', 'TungNXSE04275@fpt.edu.vn', 'SE04275', 1, 8, 'NotSet', 1),
(1016, 'ThangNVSE04385', 'Ngy Vn Thng', 'ThangNVSE04385@fpt.edu.vn', 'SE04385', 1, 8, 'NotSet', 1),
(1017, 'ThangTQSE04101', 'Tiu Quang Thng', 'ThangTQSE04101@fpt.edu.vn', 'SE04101', 1, 8, 'NotSet', 1),
(1018, 'SonNHSE03996', 'Nguyn Hng Sn', 'SonNHSE03996@fpt.edu.vn', 'SE03996', 1, 8, 'NotSet', 1),
(1019, 'QuangCXSE04220', 'Cn Xun Quang', 'QuangCXSE04220@fpt.edu.vn', 'SE04220', 1, 8, 'NotSet', 1),
(1020, 'LongNDSE04039', 'Nguyn nh Long', 'LongNDSE04039@fpt.edu.vn', 'SE04039', 1, 8, 'NotSet', 1),
(1021, 'DuyNDSE04192', 'Nguyn c Duy', 'DuyNDSE04192@fpt.edu.vn', 'SE04192', 1, 8, 'NotSet', 1),
(1022, 'ThanhPTSE04200', 'Phng Tun Thanh', 'ThanhPTSE04200@fpt.edu.vn', 'SE04200', 1, 8, 'NotSet', 1),
(1023, 'QuanNASE04316', 'Nguyn Anh Qun', 'QuanNASE04316@fpt.edu.vn', 'SE04316', 1, 8, 'NotSet', 1),
(1024, 'QuangTLSE04109', 'Trn Long Quang', 'QuangTLSE04109@fpt.edu.vn', 'SE04109', 1, 8, 'NotSet', 1),
(1025, 'CuongLVSE04314', 'L Vn Cng', 'CuongLVSE04314@fpt.edu.vn', 'SE04314', 1, 8, 'NotSet', 1),
(1026, 'LongNCSE04205', 'Nguyn Cao Long', 'LongNCSE04205@fpt.edu.vn', 'SE04205', 1, 8, 'NotSet', 1),
(1027, 'CanhNDSE04042', 'Nguyn c Cnh', 'CanhNDSE04042@fpt.edu.vn', 'SE04042', 1, 8, 'NotSet', 1),
(1028, 'HieuTMSE04225', 'Tng Minh Hiu', 'HieuTMSE04225@fpt.edu.vn', 'SE04225', 1, 8, 'NotSet', 1),
(1029, 'HaHTSE04467', 'Hong Trng H', 'HaHTSE04467@fpt.edu.vn', 'SE04467', 1, 8, 'NotSet', 1),
(1030, 'VinhBDSE04008', 'Bi c Vinh', 'VinhBDSE04008@fpt.edu.vn', 'SE04008', 1, 7, 'NotSet', 2),
(1031, 'HuongLTSE03949', 'Lu Th Hng', 'HuongLTSE03949@fpt.edu.vn', 'SE03949', 1, 7, 'NotSet', 2),
(1032, 'PhuLHDSE61898', 'Lu Hunh c Ph', 'PhuLHDSE61898@fpt.edu.vn', 'SE61898', 1, 7, 'NotSet', 2),
(1033, 'SonNVSE03984', 'Ng Vit Sn', 'SonNVSE03984@fpt.edu.vn', 'SE03984', 1, 7, 'NotSet', 2),
(1034, 'DucLHSE04203', 'L Hng c', 'DucLHSE04203@fpt.edu.vn', 'SE04203', 1, 7, 'NotSet', 2),
(1035, 'BinhVQSE03979', 'V Quang Bnh', 'BinhVQSE03979@fpt.edu.vn', 'SE03979', 1, 7, 'NotSet', 2),
(1036, 'AnhNTLSE04122', 'Nguyn Th Lan Anh', 'AnhNTLSE04122@fpt.edu.vn', 'SE04122', 1, 7, 'NotSet', 2),
(1037, 'PhuNDSE04284', 'Nguyn Danh Ph', 'PhuNDSE04284@fpt.edu.vn', 'SE04284', 1, 7, 'NotSet', 2),
(1038, 'HungTXSE04334', 'Trnh Xun Hng', 'HungTXSE04334@fpt.edu.vn', 'SE04334', 1, 7, 'NotSet', 2),
(1039, 'NamNHSE04050', 'Nguyn Hu Nam', 'NamNHSE04050@fpt.edu.vn', 'SE04050', 1, 7, 'NotSet', 2),
(1040, 'DatVVSE61792', 'Vng Vnh t', 'DatVVSE61792@fpt.edu.vn', 'SE61792', 1, 7, 'NotSet', 2),
(1041, 'QuyTCSE04022', 'T Chu Qu', 'QuyTCSE04022@fpt.edu.vn', 'SE04022', 1, 7, 'NotSet', 2),
(1042, 'HungNHSE04359', 'Nguyn Hong Hng', 'HungNHSE04359@fpt.edu.vn', 'SE04359', 1, 7, 'NotSet', 2),
(1043, 'DucNTSE04128', 'Nguyn Ti c', 'DucNTSE04128@fpt.edu.vn', 'SE04128', 1, 7, 'NotSet', 2),
(1044, 'AnhCHSE03808', 'Cao Hong Anh', 'AnhCHSE03808@fpt.edu.vn', 'SE03808', 1, 8, 'NotSet', 3),
(1045, 'SonPNSE03916', 'Phm Ngc Sn', 'SonPNSE03916@fpt.edu.vn', 'SE03916', 1, 8, 'NotSet', 3),
(1046, 'AnhNVVSE04271', 'Ng Vi Vit Anh', 'AnhNVVSE04271@fpt.edu.vn', 'SE04271', 1, 8, 'NotSet', 3),
(1047, 'HanhNNSE03797', 'Nguyn Ngc Hnh', 'HanhNNSE03797@fpt.edu.vn', 'SE03797', 1, 8, 'NotSet', 3),
(1048, 'CongNTSE03805', 'Nguyn Thnh Cng', 'CongNTSE03805@fpt.edu.vn', 'SE03805', 1, 7, 'NotSet', 4),
(1049, 'ToanCGKSE03814', 'Chu Gia Khnh Ton', 'ToanCGKSE03814@fpt.edu.vn', 'SE03814', 1, 7, 'NotSet', 4),
(1050, 'QuangTHSE03486', 'Trn Hng Quang', 'QuangTHSE03486@fpt.edu.vn', 'SE03486', 1, 7, 'NotSet', 4),
(1051, 'HuyPQSE03487', 'Phm Quang Huy', 'HuyPQSE03487@fpt.edu.vn', 'SE03487', 1, 7, 'NotSet', 4),
(1052, 'DucLASE03549', 'L Anh c', 'DucLASE03549@fpt.edu.vn', 'SE03549', 1, 7, 'NotSet', 4),
(1053, 'MinhNNSE03550', 'Nguyn Nht Minh', 'MinhNNSE03550@fpt.edu.vn', 'SE03550', 1, 7, 'NotSet', 4),
(1054, 'LeNHSE03612', 'Nguyn Hu L', 'LeNHSE03612@fpt.edu.vn', 'SE03612', 1, 7, 'NotSet', 4),
(1055, 'PhucNVSE03616', 'Nguyn Vn Phc', 'PhucNVSE03616@fpt.edu.vn', 'SE03616', 1, 7, 'NotSet', 4),
(1056, 'LinhNQSE03645', 'Nguyn Quang Linh', 'LinhNQSE03645@fpt.edu.vn', 'SE03645', 1, 7, 'NotSet', 4),
(1057, 'HoanNTSE03654', 'Nguyn Trng Hon', 'HoanNTSE03654@fpt.edu.vn', 'SE03654', 1, 7, 'NotSet', 4),
(1058, 'TuanTMSE03657', 'Trn Mnh Tun', 'TuanTMSE03657@fpt.edu.vn', 'SE03657', 1, 7, 'NotSet', 4),
(1059, 'HuyVDSE03665', 'V c Huy', 'HuyVDSE03665@fpt.edu.vn', 'SE03665', 1, 7, 'NotSet', 4),
(1060, 'DuyTTSE03672', 'Trn Trung Duy', 'DuyTTSE03672@fpt.edu.vn', 'SE03672', 1, 7, 'NotSet', 4),
(1061, 'HangVKSE03676', 'V Khnh Hng', 'HangVKSE03676@fpt.edu.vn', 'SE03676', 1, 7, 'NotSet', 4),
(1062, 'TungDXSE03682', 'inh Xun Tng', 'TungDXSE03682@fpt.edu.vn', 'SE03682', 1, 7, 'NotSet', 4),
(1063, 'ThaoNDSE03717', 'Ng c Tho', 'ThaoNDSE03717@fpt.edu.vn', 'SE03717', 1, 7, 'NotSet', 4),
(1064, 'AnhNTSE03748', 'Nguyn Th Anh', 'AnhNTSE03748@fpt.edu.vn', 'SE03748', 1, 7, 'NotSet', 4),
(1065, 'PhuHMSE03757', 'H Minh Ph', 'PhuHMSE03757@fpt.edu.vn', 'SE03757', 1, 7, 'NotSet', 4),
(1066, 'HieuNTSE03782', 'Nguyn Trung Hiu', 'HieuNTSE03782@fpt.edu.vn', 'SE03782', 1, 7, 'NotSet', 4),
(1067, 'CuongCHSE03788', 'Chu Hong Cng', 'CuongCHSE03788@fpt.edu.vn', 'SE03788', 1, 7, 'NotSet', 4),
(1068, 'ToanTVSE03872', 'Trn Vn Ton', 'ToanTVSE03872@fpt.edu.vn', 'SE03872', 1, 7, 'NotSet', 4),
(1069, 'MyVTSE03878', 'V Th My', 'MyVTSE03878@fpt.edu.vn', 'SE03878', 1, 7, 'NotSet', 4),
(1070, 'DuyDDSE03881', 'o c Duy', 'DuyDDSE03881@fpt.edu.vn', 'SE03881', 1, 7, 'NotSet', 4),
(1071, 'NghiaNDSE03915', 'Nguyn c Ngha', 'NghiaNDSE03915@fpt.edu.vn', 'SE03915', 1, 7, 'NotSet', 4),
(1072, 'LuanNTSE03925', 'Nguyn Thnh Lun', 'LuanNTSE03925@fpt.edu.vn', 'SE03925', 1, 7, 'NotSet', 4),
(1073, 'TruongNMSE03938', 'Nguyn Mnh Trng', 'TruongNMSE03938@fpt.edu.vn', 'SE03938', 1, 7, 'NotSet', 4),
(1074, 'DucNASE03952', 'Ng Anh c', 'DucNASE03952@fpt.edu.vn', 'SE03952', 1, 7, 'NotSet', 4),
(1075, 'AnhLDSE03953', 'L Duy Anh', 'AnhLDSE03953@fpt.edu.vn', 'SE03953', 1, 7, 'NotSet', 4),
(1076, 'AnhDTSE03956', 'inh Tun Anh', 'AnhDTSE03956@fpt.edu.vn', 'SE03956', 1, 7, 'NotSet', 4),
(1077, 'ThanhPTSE61729', 'Phm Tin Thnh', 'ThanhPTSE61729@fpt.edu.vn', 'SE61729', 1, 7, 'NotSet', 4),
(1078, 'HuyVTSE61529', 'V Thanh Huy', 'HuyVTSE61529@fpt.edu.vn', 'SE61529', 1, 7, 'NotSet', 4),
(1079, 'TrungNMQSE61433', 'Nguyn Minh Quc Trung', 'TrungNMQSE61433@fpt.edu.vn', 'SE61433', 1, 7, 'NotSet', 4),
(1080, 'KhoaPASE61403', 'Pham Anh Khoa', 'KhoaPASE61403@fpt.edu.vn', 'SE61403', 1, 7, 'NotSet', 4),
(1081, 'TrungHTSE61581', 'Huynh Thanh Trung', 'TrungHTSE61581@fpt.edu.vn', 'SE61581', 1, 7, 'NotSet', 4),
(1082, 'QuanNHSE61560', 'Nguyn Hoang Qun', 'QuanNHSE61560@fpt.edu.vn', 'SE61560', 1, 7, 'NotSet', 4),
(1083, 'SinhDBTSE61674', 'inh Ba Thi Sinh', 'SinhDBTSE61674@fpt.edu.vn', 'SE61674', 1, 7, 'NotSet', 4),
(1084, 'ThaoPTSE03601', 'Phm Thu Tho', 'ThaoPTSE03601@fpt.edu.vn', 'SE03601', 1, 7, 'NotSet', 4),
(1085, 'HieuKNSE03605', 'Kiu Ngc Hiu', 'HieuKNSE03605@fpt.edu.vn', 'SE03605', 1, 7, 'NotSet', 4),
(1086, 'NhatBVSE03740', 'Bi Vn Nht', 'NhatBVSE03740@fpt.edu.vn', 'SE03740', 1, 7, 'NotSet', 4),
(1087, 'NguyenLSE03803', 'L Nguyn', 'NguyenLSE03803@fpt.edu.vn', 'SE03803', 1, 7, 'NotSet', 4),
(1088, 'PhongDDSE03906', 'inh Duy Phong', 'PhongDDSE03906@fpt.edu.vn', 'SE03906', 1, 7, 'NotSet', 4),
(1089, 'HungVNSE03969', 'V Ngc Hng', 'HungVNSE03969@fpt.edu.vn', 'SE03969', 1, 7, 'NotSet', 5),
(1090, 'KhanhPBSE03453', 'Phm Bo Khnh', 'KhanhPBSE03453@fpt.edu.vn', 'SE03453', 1, 7, 'NotSet', 5),
(1091, 'TungTTSE03495', 'Trn Thanh Tng', 'TungTTSE03495@fpt.edu.vn', 'SE03495', 1, 7, 'NotSet', 5),
(1092, 'ThanhNMSE03534', 'Nguyn Minh Thnh', 'ThanhNMSE03534@fpt.edu.vn', 'SE03534', 1, 7, 'NotSet', 5),
(1093, 'HieuTTSE03538', 'Trn Trung Hiu', 'HieuTTSE03538@fpt.edu.vn', 'SE03538', 1, 7, 'NotSet', 5),
(1094, 'TriLMSE03613', 'Lu Minh Tr', 'TriLMSE03613@fpt.edu.vn', 'SE03613', 1, 7, 'NotSet', 5),
(1095, 'LinhDBSE03640', 'on B Linh', 'LinhDBSE03640@fpt.edu.vn', 'SE03640', 1, 7, 'NotSet', 5),
(1096, 'MinhHHSE03643', 'Hong Hi Minh', 'MinhHHSE03643@fpt.edu.vn', 'SE03643', 1, 7, 'NotSet', 5),
(1097, 'AnhLDSE03662', 'L c Anh', 'AnhLDSE03662@fpt.edu.vn', 'SE03662', 1, 7, 'NotSet', 5),
(1098, 'DuyDNSE03721', 'ng Ngc Duy', 'DuyDNSE03721@fpt.edu.vn', 'SE03721', 1, 7, 'NotSet', 5),
(1099, 'AnhHTSE03756', 'Hong Tun Anh', 'AnhHTSE03756@fpt.edu.vn', 'SE03756', 1, 7, 'NotSet', 5),
(1100, 'AnhHDSE03777', 'Hong c Anh', 'AnhHDSE03777@fpt.edu.vn', 'SE03777', 1, 7, 'NotSet', 5),
(1101, 'DungLTSE03784', 'L Trung Dng', 'DungLTSE03784@fpt.edu.vn', 'SE03784', 1, 7, 'NotSet', 5),
(1102, 'DucTQSE03819', 'T Quang c', 'DucTQSE03819@fpt.edu.vn', 'SE03819', 1, 7, 'NotSet', 5),
(1103, 'ToanPVNSE03821', 'Phm V Nht Ton', 'ToanPVNSE03821@fpt.edu.vn', 'SE03821', 1, 7, 'NotSet', 5),
(1104, 'HoangVMSE03833', 'V Minh  Hong', 'HoangVMSE03833@fpt.edu.vn', 'SE03833', 1, 7, 'NotSet', 5),
(1105, 'VinhNQSE03886', 'Nguyn Quang Vinh', 'VinhNQSE03886@fpt.edu.vn', 'SE03886', 1, 7, 'NotSet', 5),
(1106, 'HaVHSE03912', 'V Hng H', 'HaVHSE03912@fpt.edu.vn', 'SE03912', 1, 7, 'NotSet', 5),
(1107, 'HongNTSE03940', 'Ng Thu Hng', 'HongNTSE03940@fpt.edu.vn', 'SE03940', 1, 7, 'NotSet', 5),
(1108, 'SuongPTSSE61497', 'Phm Th Sng Sng', 'SuongPTSSE61497@fpt.edu.vn', 'SE61497', 1, 7, 'NotSet', 5),
(1109, 'MinhPASE61477', 'Phm Anh Minh', 'MinhPASE61477@fpt.edu.vn', 'SE61477', 1, 7, 'NotSet', 5),
(1110, 'DuyDTTSE61484', 'o Trn Tun Duy', 'DuyDTTSE61484@fpt.edu.vn', 'SE61484', 1, 7, 'NotSet', 5),
(1111, 'TruongPMSE02605', 'Phan Mnh Trng', 'TruongPMSE02605@fpt.edu.vn', 'SE02605', 1, 7, 'NotSet', 5),
(1112, 'DucDVSE04420', ' Vn c', 'DucDVSE04420@fpt.edu.vn', 'SE04420', 1, 1, 'NotSet', 1),
(1113, 'HoangNKSE04300', 'Nguyn Khc Hong', 'HoangNKSE04300@fpt.edu.vn', 'SE04300', 1, 1, 'NotSet', 1),
(1114, 'NamDVSE04360', 'm Vn Nam', 'NamDVSE04360@fpt.edu.vn', 'SE04360', 1, 1, 'NotSet', 1),
(1115, 'AnhNTSE03288', 'Ng Tun Anh', 'AnhNTSE03288@fpt.edu.vn', 'SE03288', 1, 1, 'NotSet', 1),
(1116, 'CongNNSE03402', 'Nguyn Nh Cng', 'CongNNSE03402@fpt.edu.vn', 'SE03402', 1, 1, 'NotSet', 1),
(1117, 'DungNVSE04017', 'Nguyn Vn Dng', 'DungNVSE04017@fpt.edu.vn', 'SE04017', 1, 1, 'NotSet', 1),
(1118, 'NamNHSE04018', 'Nguyn Hoi Nam', 'NamNHSE04018@fpt.edu.vn', 'SE04018', 1, 1, 'NotSet', 1),
(1119, 'HauTTSE04044', 'Trn Th Hu', 'HauTTSE04044@fpt.edu.vn', 'SE04044', 1, 1, 'NotSet', 1),
(1120, 'QuyetDVSE04265', ' Vn Quyt', 'QuyetDVSE04265@fpt.edu.vn', 'SE04265', 1, 1, 'NotSet', 1),
(1121, 'AnhLTSE04277', 'L Th Anh', 'AnhLTSE04277@fpt.edu.vn', 'SE04277', 1, 1, 'NotSet', 1),
(1122, 'PhuLQSE04278', 'L Quang Ph', 'PhuLQSE04278@fpt.edu.vn', 'SE04278', 1, 1, 'NotSet', 1),
(1123, 'PhuNXSE04318', 'Nguyn Xun Ph', 'PhuNXSE04318@fpt.edu.vn', 'SE04318', 1, 1, 'NotSet', 1),
(1124, 'TuPVSE03471', 'Phm Vn T', 'TuPVSE03471@fpt.edu.vn', 'SE03471', 1, 1, 'NotSet', 1),
(1125, 'NhatNDSE03653', 'Nguyn c Nht', 'NhatNDSE03653@fpt.edu.vn', 'SE03653', 1, 1, 'NotSet', 1),
(1126, 'NgocTDSE03898', 'T c Ngc', 'NgocTDSE03898@fpt.edu.vn', 'SE03898', 1, 1, 'NotSet', 1),
(1127, 'CongNTSE03790', 'Nguyn Tin Cng', 'CongNTSE03790@fpt.edu.vn', 'SE03790', 1, 1, 'NotSet', 1),
(1128, 'TuPASE03994', 'Phan Anh T', 'TuPASE03994@fpt.edu.vn', 'SE03994', 1, 1, 'NotSet', 1),
(1129, 'TienPNSE04024', 'Phan Ngc Tin', 'TienPNSE04024@fpt.edu.vn', 'SE04024', 1, 1, 'NotSet', 1),
(1130, 'KhanhLNSE04056', 'Lm Ngc Khnh', 'KhanhLNSE04056@fpt.edu.vn', 'SE04056', 1, 1, 'NotSet', 1),
(1131, 'ThiNTSE04059', 'Nguyn Tin Thi', 'ThiNTSE04059@fpt.edu.vn', 'SE04059', 1, 1, 'NotSet', 1);
INSERT INTO `students` (`student_id`, `account`, `name`, `email`, `student_code`, `specialized_id`, `detail_specialized_id`, `batch`, `semester`) VALUES
(1132, 'VuongNVSE04060', 'Nguyn Vn Vng', 'VuongNVSE04060@fpt.edu.vn', 'SE04060', 1, 1, 'NotSet', 1),
(1133, 'DungNDSE04105', 'Nguyn Duy Dng', 'DungNDSE04105@fpt.edu.vn', 'SE04105', 1, 1, 'NotSet', 1),
(1134, 'ThangTVSE04129', 'Trn Vit Thng', 'ThangTVSE04129@fpt.edu.vn', 'SE04129', 1, 1, 'NotSet', 1),
(1135, 'ChienTDSE04142', 'T nh Chin', 'ChienTDSE04142@fpt.edu.vn', 'SE04142', 1, 1, 'NotSet', 1),
(1136, 'TrungNHHSE04279', 'Nguyn Hu Hong Trung', 'TrungNHHSE04279@fpt.edu.vn', 'SE04279', 1, 1, 'NotSet', 1),
(1137, 'GiangLTSE04307', 'Lng Trng Giang', 'GiangLTSE04307@fpt.edu.vn', 'SE04307', 1, 1, 'NotSet', 1),
(1138, 'QuynhLTSE04240', 'L Th Qunh', 'QuynhLTSE04240@fpt.edu.vn', 'SE04240', 1, 1, 'NotSet', 1),
(1139, 'ThangNMSE04322', 'Nguyn Minh Thng', 'ThangNMSE04322@fpt.edu.vn', 'SE04322', 1, 1, 'NotSet', 1),
(1140, 'TuyenNNSE04335', 'Ng Ngc Tuyn', 'TuyenNNSE04335@fpt.edu.vn', 'SE04335', 1, 1, 'NotSet', 1),
(1141, 'BacNTSE04111', 'Nguyn Tun Bc', 'BacNTSE04111@fpt.edu.vn', 'SE04111', 1, 1, 'NotSet', 1),
(1142, 'DuyAKSE04298', 'u Khng Duy', 'DuyAKSE04298@fpt.edu.vn', 'SE04298', 1, 1, 'NotSet', 1),
(1143, 'ThangLKDSE04320', 'L Khc c Thng', 'ThangLKDSE04320@fpt.edu.vn', 'SE04320', 1, 1, 'NotSet', 1),
(1144, 'YenNTHSE04366', 'Nguyn Th Hi Yn', 'YenNTHSE04366@fpt.edu.vn', 'SE04366', 1, 1, 'NotSet', 1),
(1145, 'NamLTSE04267', 'Lu Thnh Nam', 'NamLTSE04267@fpt.edu.vn', 'SE04267', 1, 1, 'NotSet', 1),
(1146, 'ThanhNCSE04005', 'Nguyn Ch Thnh', 'ThanhNCSE04005@fpt.edu.vn', 'SE04005', 1, 1, 'NotSet', 1),
(1147, 'HungBQSE04029', 'Bi Quang Hng', 'HungBQSE04029@fpt.edu.vn', 'SE04029', 1, 1, 'NotSet', 1),
(1148, 'DungNASE04066', 'Nguyn Anh Dng', 'DungNASE04066@fpt.edu.vn', 'SE04066', 1, 1, 'NotSet', 1),
(1149, 'SonTTSE04026', 'Trn Thi Sn', 'SonTTSE04026@fpt.edu.vn', 'SE04026', 1, 1, 'NotSet', 1),
(1150, 'TrungNHSE04291', 'Nguyn Hu Trung', 'TrungNHSE04291@fpt.edu.vn', 'SE04291', 1, 1, 'NotSet', 1),
(1151, 'PhongNHSE04112', 'Nguyn H Phong', 'PhongNHSE04112@fpt.edu.vn', 'SE04112', 1, 1, 'NotSet', 1),
(1152, 'AnhBVSE04380', 'Bi Vit Anh', 'AnhBVSE04380@fpt.edu.vn', 'SE04380', 1, 1, 'NotSet', 1),
(1153, 'HungHDSE04010', 'Hong c Hng', 'HungHDSE04010@fpt.edu.vn', 'SE04010', 1, 1, 'NotSet', 1),
(1154, 'PhatPXSE04208', 'Phan Xun Pht', 'PhatPXSE04208@fpt.edu.vn', 'SE04208', 1, 1, 'NotSet', 1),
(1155, 'QuocTTSE04253', 'Trn Trng Quc', 'QuocTTSE04253@fpt.edu.vn', 'SE04253', 1, 1, 'NotSet', 1),
(1156, 'DatNQSE04036', 'Nguyn Quc t', 'DatNQSE04036@fpt.edu.vn', 'SE04036', 1, 1, 'NotSet', 1),
(1157, 'HauLVSE04158', 'Len Vn Hu', 'HauLVSE04158@fpt.edu.vn', 'SE04158', 1, 1, 'NotSet', 1),
(1158, 'TuLASE04241', 'L Anh T', 'TuLASE04241@fpt.edu.vn', 'SE04241', 1, 1, 'NotSet', 1),
(1159, 'ManhDDSE04244', 'inh Duy Mnh', 'ManhDDSE04244@fpt.edu.vn', 'SE04244', 1, 1, 'NotSet', 1),
(1160, 'ThangNTSE04263', 'Nguyn Ton Thng', 'ThangNTSE04263@fpt.edu.vn', 'SE04263', 1, 1, 'NotSet', 1),
(1161, 'VinhPTSE04106', 'Phm Trng Vinh', 'VinhPTSE04106@fpt.edu.vn', 'SE04106', 1, 1, 'NotSet', 1),
(1162, 'ThanhVQSE04172', 'Vng Quc Thnh', 'ThanhVQSE04172@fpt.edu.vn', 'SE04172', 1, 1, 'NotSet', 1),
(1163, 'DungPTSE04212', 'Phm Tin Dng', 'DungPTSE04212@fpt.edu.vn', 'SE04212', 1, 1, 'NotSet', 1),
(1164, 'NamBHSE04266', 'Bi Hong Nam', 'NamBHSE04266@fpt.edu.vn', 'SE04266', 1, 1, 'NotSet', 1),
(1165, 'TrungNNSE04407', 'Nguyn Ngc Trung', 'TrungNNSE04407@fpt.edu.vn', 'SE04407', 1, 1, 'NotSet', 1),
(1166, 'DatNVSE04070', 'Nguyn Vn t', 'DatNVSE04070@fpt.edu.vn', 'SE04070', 1, 1, 'NotSet', 1),
(1167, 'TuPTSE04117', 'Phan Tun T', 'TuPTSE04117@fpt.edu.vn', 'SE04117', 1, 1, 'NotSet', 1),
(1168, 'BonVTSE04174', 'V Thnh Bn', 'BonVTSE04174@fpt.edu.vn', 'SE04174', 1, 1, 'NotSet', 1),
(1169, 'DuNVSE04312', 'Nguyn Vn Du', 'DuNVSE04312@fpt.edu.vn', 'SE04312', 1, 1, 'NotSet', 1),
(1170, 'PhuongBVSE04368', 'Bi Vit Phng', 'PhuongBVSE04368@fpt.edu.vn', 'SE04368', 1, 1, 'NotSet', 1),
(1171, 'PhuongVTSE04392', 'V Th Phng', 'PhuongVTSE04392@fpt.edu.vn', 'SE04392', 1, 1, 'NotSet', 1),
(1172, 'HungNVSE04023', 'Nguyn Vn Hng', 'HungNVSE04023@fpt.edu.vn', 'SE04023', 1, 1, 'NotSet', 1),
(1173, 'CongNVSE04236', 'Nguyn Vn Cng', 'CongNVSE04236@fpt.edu.vn', 'SE04236', 1, 1, 'NotSet', 1),
(1174, 'MinhLQSE04336', 'L Quang Minh', 'MinhLQSE04336@fpt.edu.vn', 'SE04336', 1, 1, 'NotSet', 1),
(1175, 'KienNTSE04344', 'Nguyn Trung Kin', 'KienNTSE04344@fpt.edu.vn', 'SE04344', 1, 1, 'NotSet', 1),
(1176, 'ThuyNTNSE04351', 'Nguyn Th Ngc Thy', 'ThuyNTNSE04351@fpt.edu.vn', 'SE04351', 1, 1, 'NotSet', 1),
(1177, 'YenNTHSE04411', 'Nguyn Th Hi Yn', 'YenNTHSE04411@fpt.edu.vn', 'SE04411', 1, 1, 'NotSet', 1),
(1178, 'ThangTMSE04173', 'Trn Mnh Thng', 'ThangTMSE04173@fpt.edu.vn', 'SE04173', 1, 1, 'NotSet', 1),
(1179, 'QuynhNHSE04030', 'Nguyn Hu Qunh', 'QuynhNHSE04030@fpt.edu.vn', 'SE04030', 1, 1, 'NotSet', 1),
(1180, 'HoangDDSE04370', ' nh Hong', 'HoangDDSE04370@fpt.edu.vn', 'SE04370', 1, 1, 'NotSet', 1),
(1181, 'NhungDHSE04065', ' Hng Nhung', 'NhungDHSE04065@fpt.edu.vn', 'SE04065', 1, 1, 'NotSet', 1),
(1182, 'TuanDMSE04002', 'o Mnh Tun', 'TuanDMSE04002@fpt.edu.vn', 'SE04002', 1, 1, 'NotSet', 1),
(1183, 'TungDSSE04019', 'ng Sn Tng', 'TungDSSE04019@fpt.edu.vn', 'SE04019', 1, 1, 'NotSet', 1),
(1184, 'ThaoDTPSE04341', 'o Th Phng Tho', 'ThaoDTPSE04341@fpt.edu.vn', 'SE04341', 1, 1, 'NotSet', 1),
(1185, 'TungNXSE04170', 'Nguyn Xun Tng', 'TungNXSE04170@fpt.edu.vn', 'SE04170', 1, 1, 'NotSet', 1),
(1186, 'TuanNQSE04330', 'Nguyn Qu Tun', 'TuanNQSE04330@fpt.edu.vn', 'SE04330', 1, 1, 'NotSet', 1),
(1187, 'ThanhLHCSE04164', 'L Huy Cng Thnh', 'ThanhLHCSE04164@fpt.edu.vn', 'SE04164', 1, 1, 'NotSet', 1),
(1188, 'TayLQSE04184', 'L Quang Ty', 'TayLQSE04184@fpt.edu.vn', 'SE04184', 1, 1, 'NotSet', 1),
(1189, 'MinhHVSE04081', 'Hong Vn Minh', 'MinhHVSE04081@fpt.edu.vn', 'SE04081', 1, 1, 'NotSet', 1),
(1190, 'HoanNNSE04151', 'Nguyn Nht Hon', 'HoanNNSE04151@fpt.edu.vn', 'SE04151', 1, 1, 'NotSet', 1),
(1191, 'ThaoNTSE04311', 'Nguyn Th Tho', 'ThaoNTSE04311@fpt.edu.vn', 'SE04311', 1, 1, 'NotSet', 1),
(1192, 'ToaiNTSE04189', 'Nguyn Thanh Toi', 'ToaiNTSE04189@fpt.edu.vn', 'SE04189', 1, 1, 'NotSet', 1),
(1193, 'MinhPCSE04098', 'Phm Cng Minh', 'MinhPCSE04098@fpt.edu.vn', 'SE04098', 1, 1, 'NotSet', 1),
(1194, 'GiangNTSE04376', 'Nguyn Th Giang', 'GiangNTSE04376@fpt.edu.vn', 'SE04376', 1, 1, 'NotSet', 1),
(1195, 'HangHTHSE04246', 'Hong Th Hng Hng', 'HangHTHSE04246@fpt.edu.vn', 'SE04246', 1, 1, 'NotSet', 1),
(1196, 'DanDDSE04237', 'Dng c Dn', 'DanDDSE04237@fpt.edu.vn', 'SE04237', 1, 1, 'NotSet', 1),
(1197, 'TrungHPSE04281', 'Hong Phan Trung', 'TrungHPSE04281@fpt.edu.vn', 'SE04281', 1, 1, 'NotSet', 1),
(1198, 'TienTMSE03980', 'Trn Mnh Tin', 'TienTMSE03980@fpt.edu.vn', 'SE03980', 1, 1, 'NotSet', 1),
(1199, 'LinhVTMSE04165', 'V Th M Linh', 'LinhVTMSE04165@fpt.edu.vn', 'SE04165', 1, 1, 'NotSet', 1),
(1200, 'TienNHSE04167', 'Nguyn Hu Tin', 'TienNHSE04167@fpt.edu.vn', 'SE04167', 1, 1, 'NotSet', 1),
(1201, 'ThinhAVSE04295', 'u Vn Thnh', 'ThinhAVSE04295@fpt.edu.vn', 'SE04295', 1, 1, 'NotSet', 1),
(1202, 'HoangNXSE03995', 'Nguyn Xun Hong', 'HoangNXSE03995@fpt.edu.vn', 'SE03995', 1, 1, 'NotSet', 1),
(1203, 'AnhPTSE04328', 'Phm Tun Anh', 'AnhPTSE04328@fpt.edu.vn', 'SE04328', 1, 1, 'NotSet', 1),
(1204, 'HieuNQSE04209', 'Nguyn Quang Hiu', 'HieuNQSE04209@fpt.edu.vn', 'SE04209', 1, 1, 'NotSet', 1),
(1205, 'HieuNMSE04319', 'Nguyn Minh Hiu', 'HieuNMSE04319@fpt.edu.vn', 'SE04319', 1, 1, 'NotSet', 1),
(1206, 'HuyNLQSE04182', 'Nguyn L Quang Huy', 'HuyNLQSE04182@fpt.edu.vn', 'SE04182', 1, 1, 'NotSet', 1),
(1207, 'LuatNTSE04140', 'Nguyn Trng Lut', 'LuatNTSE04140@fpt.edu.vn', 'SE04140', 1, 1, 'NotSet', 1),
(1208, 'TanNVSE03778', 'Nguyn Vn Tn', 'TanNVSE03778@fpt.edu.vn', 'SE03778', 1, 1, 'NotSet', 1),
(1209, 'TungVSSE04113', 'V S Tng', 'TungVSSE04113@fpt.edu.vn', 'SE04113', 1, 1, 'NotSet', 1),
(1210, 'DucLBTSE04211', 'L B Trung c', 'DucLBTSE04211@fpt.edu.vn', 'SE04211', 1, 1, 'NotSet', 1),
(1211, 'TuMGSE04012', 'Mai Gia T', 'TuMGSE04012@fpt.edu.vn', 'SE04012', 1, 1, 'NotSet', 1),
(1212, 'DatBTSE04115', 'Bi Tin t', 'DatBTSE04115@fpt.edu.vn', 'SE04115', 1, 1, 'NotSet', 1),
(1213, 'DungVQSE04406', 'V Quang Dng', 'DungVQSE04406@fpt.edu.vn', 'SE04406', 1, 1, 'NotSet', 1),
(1214, 'MinhNNSE04119', 'Nguyn Ngc Minh', 'MinhNNSE04119@fpt.edu.vn', 'SE04119', 1, 1, 'NotSet', 1),
(1215, 'SonNKSE04290', 'Nguyn Khnh Sn', 'SonNKSE04290@fpt.edu.vn', 'SE04290', 1, 1, 'NotSet', 1),
(1216, 'CuongDVSE03978', 'ng Vn Cng', 'CuongDVSE03978@fpt.edu.vn', 'SE03978', 1, 1, 'NotSet', 1),
(1217, 'NhatDTSE03990', 'Dng Tun Nht', 'NhatDTSE03990@fpt.edu.vn', 'SE03990', 1, 1, 'NotSet', 1),
(1218, 'TrinhPTSE04213', 'Ph Th Trinh', 'TrinhPTSE04213@fpt.edu.vn', 'SE04213', 1, 1, 'NotSet', 1),
(1219, 'ThuanDBSE04389', ' Bnh Thun', 'ThuanDBSE04389@fpt.edu.vn', 'SE04389', 1, 1, 'NotSet', 1),
(1220, 'TuNVSE04009', 'Nguyn Vn T', 'TuNVSE04009@fpt.edu.vn', 'SE04009', 1, 1, 'NotSet', 1),
(1221, 'TuDVSE04020', 'Dng Vn T', 'TuDVSE04020@fpt.edu.vn', 'SE04020', 1, 1, 'NotSet', 1),
(1222, 'HuyLVSE03982', 'L Vn Huy', 'HuyLVSE03982@fpt.edu.vn', 'SE03982', 1, 1, 'NotSet', 1),
(1223, 'DoanCVSE04054', 'Cn Vit on', 'DoanCVSE04054@fpt.edu.vn', 'SE04054', 1, 1, 'NotSet', 1),
(1224, 'HungHPSE04137', 'Hong Phi Hng', 'HungHPSE04137@fpt.edu.vn', 'SE04137', 1, 1, 'NotSet', 1),
(1225, 'QuanTMSE04347', 'T Minh Qun', 'QuanTMSE04347@fpt.edu.vn', 'SE04347', 1, 1, 'NotSet', 1),
(1226, 'TungNTSE04120', 'Nguyn Thanh Tng', 'TungNTSE04120@fpt.edu.vn', 'SE04120', 1, 1, 'NotSet', 1),
(1227, 'DuyNDSE04204', 'Nguyn c Duy', 'DuyNDSE04204@fpt.edu.vn', 'SE04204', 1, 1, 'NotSet', 1),
(1228, 'HieuVDSE04025', 'V c Hiu', 'HieuVDSE04025@fpt.edu.vn', 'SE04025', 1, 1, 'NotSet', 1),
(1229, 'NgocNHSE04027', 'Nguyn Hng Ngc', 'NgocNHSE04027@fpt.edu.vn', 'SE04027', 1, 1, 'NotSet', 1),
(1230, 'AnhDVSE04154', 'Dng Vit Anh', 'AnhDVSE04154@fpt.edu.vn', 'SE04154', 1, 1, 'NotSet', 1),
(1231, 'LamNTSE04379', 'Ng T Lm', 'LamNTSE04379@fpt.edu.vn', 'SE04379', 1, 1, 'NotSet', 1),
(1232, 'DatPTSE04037', 'Phm Tin t', 'DatPTSE04037@fpt.edu.vn', 'SE04037', 1, 1, 'NotSet', 1),
(1233, 'HungNVSE04053', 'Nguyn Vit Hng', 'HungNVSE04053@fpt.edu.vn', 'SE04053', 1, 1, 'NotSet', 1),
(1234, 'NamLTSE04085', 'L Trung Nam', 'NamLTSE04085@fpt.edu.vn', 'SE04085', 1, 1, 'NotSet', 1),
(1235, 'DatLTSE04086', 'L Tun t', 'DatLTSE04086@fpt.edu.vn', 'SE04086', 1, 1, 'NotSet', 1),
(1236, 'ThanhPKSE04131', 'Phng Khc Thnh', 'ThanhPKSE04131@fpt.edu.vn', 'SE04131', 1, 1, 'NotSet', 1),
(1237, 'LongNHSE04143', 'Nguyn Hong Long', 'LongNHSE04143@fpt.edu.vn', 'SE04143', 1, 1, 'NotSet', 1),
(1238, 'KyBHSE04210', 'Bi Hong K', 'KyBHSE04210@fpt.edu.vn', 'SE04210', 1, 1, 'NotSet', 1),
(1239, 'AnhKHSE04323', 'Kiu Hong Anh', 'AnhKHSE04323@fpt.edu.vn', 'SE04323', 1, 1, 'NotSet', 1),
(1240, 'HaiTNSE04386', 'Triu Nam Hi', 'HaiTNSE04386@fpt.edu.vn', 'SE04386', 1, 1, 'NotSet', 1),
(1241, 'KhoiNDSE04028', 'Nguyn ng Khi', 'KhoiNDSE04028@fpt.edu.vn', 'SE04028', 1, 1, 'NotSet', 1),
(1242, 'BachNVSE04221', 'Nguyn Vit Bch', 'BachNVSE04221@fpt.edu.vn', 'SE04221', 1, 1, 'NotSet', 1),
(1243, 'BinhPTSE04222', 'Phng Thanh Bnh', 'BinhPTSE04222@fpt.edu.vn', 'SE04222', 1, 1, 'NotSet', 1),
(1244, 'LamPTSE04354', 'Phm Tng Lm', 'LamPTSE04354@fpt.edu.vn', 'SE04354', 1, 1, 'NotSet', 1),
(1245, 'QuangTMSE04402', 'Trn Minh Quang', 'QuangTMSE04402@fpt.edu.vn', 'SE04402', 1, 1, 'NotSet', 1),
(1246, 'HaoDHSE04064', 'ng Ha Ho', 'HaoDHSE04064@fpt.edu.vn', 'SE04064', 1, 1, 'NotSet', 1),
(1247, 'TuongDVSE04317', ' Vnh Tng', 'TuongDVSE04317@fpt.edu.vn', 'SE04317', 1, 1, 'NotSet', 1),
(1248, 'QuynhDTTSE04133', ' Th Thu Qunh', 'QuynhDTTSE04133@fpt.edu.vn', 'SE04133', 1, 1, 'NotSet', 1),
(1249, 'KhoaTNSE04180', 'Trn Nguyn Khoa', 'KhoaTNSE04180@fpt.edu.vn', 'SE04180', 1, 1, 'NotSet', 1),
(1250, 'LamNPTSE04049', 'Nghim Ph Tng Lm', 'LamNPTSE04049@fpt.edu.vn', 'SE04049', 1, 1, 'NotSet', 1),
(1251, 'DatNQSE04108', 'Nguyn Quc t', 'DatNQSE04108@fpt.edu.vn', 'SE04108', 1, 1, 'NotSet', 1),
(1252, 'BinhNVSE04381', 'Nguyn V Bnh', 'BinhNVSE04381@fpt.edu.vn', 'SE04381', 1, 1, 'NotSet', 1),
(1253, 'CongNDSE04261', 'Nguyn nh Cng', 'CongNDSE04261@fpt.edu.vn', 'SE04261', 1, 1, 'NotSet', 1),
(1254, 'DucNVSE04287', 'Nguyn Vn c', 'DucNVSE04287@fpt.edu.vn', 'SE04287', 1, 1, 'NotSet', 1),
(1255, 'HaHPSE04181', 'Hunh Phng H', 'HaHPSE04181@fpt.edu.vn', 'SE04181', 1, 1, 'NotSet', 1),
(1256, 'DungNQSE04355', 'Nguyn Quc Dng', 'DungNQSE04355@fpt.edu.vn', 'SE04355', 1, 1, 'NotSet', 1),
(1257, 'TrungNSSE04051', 'Nguyn S Trung', 'TrungNSSE04051@fpt.edu.vn', 'SE04051', 1, 1, 'NotSet', 1),
(1258, 'KhanhNXSE04280', 'Nguyn Xun Khnh', 'KhanhNXSE04280@fpt.edu.vn', 'SE04280', 1, 1, 'NotSet', 1),
(1259, 'HieuNTSE04238', 'Nguyn Trung Hiu', 'HieuNTSE04238@fpt.edu.vn', 'SE04238', 1, 1, 'NotSet', 1),
(1260, 'KienNDSE04193', 'Nguyn c Kin', 'KienNDSE04193@fpt.edu.vn', 'SE04193', 1, 1, 'NotSet', 1),
(1261, 'DuyLCSE04194', 'Lu Cao Duy', 'DuyLCSE04194@fpt.edu.vn', 'SE04194', 1, 1, 'NotSet', 1),
(1262, 'SonTNSE04223', 'Trn Nguyn Sn', 'SonTNSE04223@fpt.edu.vn', 'SE04223', 1, 1, 'NotSet', 1),
(1263, 'TuanLVSE04092', 'L Vn Tun', 'TuanLVSE04092@fpt.edu.vn', 'SE04092', 1, 1, 'NotSet', 1),
(1264, 'DatPTSE04332', 'Phm Tin t', 'DatPTSE04332@fpt.edu.vn', 'SE04332', 1, 1, 'NotSet', 1),
(1265, 'LanNTMSE04069', 'Nguyn Th Mai Lan', 'LanNTMSE04069@fpt.edu.vn', 'SE04069', 1, 1, 'NotSet', 1),
(1266, 'HuyNGSE03985', 'Nguyn Gia Huy', 'HuyNGSE03985@fpt.edu.vn', 'SE03985', 1, 1, 'NotSet', 1),
(1267, 'AnhDNSE04260', 'Dng Nht Anh', 'AnhDNSE04260@fpt.edu.vn', 'SE04260', 1, 1, 'NotSet', 1),
(1268, 'VuNHSE04013', 'Nguyn Hi V', 'VuNHSE04013@fpt.edu.vn', 'SE04013', 1, 1, 'NotSet', 1),
(1269, 'MinhHVCSE04183', 'H Vit Cng Minh', 'MinhHVCSE04183@fpt.edu.vn', 'SE04183', 1, 1, 'NotSet', 1),
(1270, 'TamNTSE04247', 'Nguyn Thanh Tm', 'TamNTSE04247@fpt.edu.vn', 'SE04247', 1, 1, 'NotSet', 1),
(1271, 'KienNKSE04150', 'Nguyn Khc Kin', 'KienNKSE04150@fpt.edu.vn', 'SE04150', 1, 1, 'NotSet', 1),
(1272, 'DucPMSE04093', 'Phan Minh c', 'DucPMSE04093@fpt.edu.vn', 'SE04093', 1, 1, 'NotSet', 1),
(1273, 'ThinhLCSE04248', 'L Cng Thnh', 'ThinhLCSE04248@fpt.edu.vn', 'SE04248', 1, 1, 'NotSet', 1),
(1274, 'TungLTSE03911', 'L Trng Tng', 'TungLTSE03911@fpt.edu.vn', 'SE03911', 1, 1, 'NotSet', 1),
(1275, 'TienPMSE03947', 'Phm Minh Tin', 'TienPMSE03947@fpt.edu.vn', 'SE03947', 1, 1, 'NotSet', 1),
(1276, 'QuanNHSE04103', 'Nguyn H Qun', 'QuanNHSE04103@fpt.edu.vn', 'SE04103', 1, 1, 'NotSet', 1),
(1277, 'LamNNSE04185', 'Ng Ngc Lm', 'LamNNSE04185@fpt.edu.vn', 'SE04185', 1, 1, 'NotSet', 1),
(1278, 'HungUDSE04421', 'Ung ng Hng', 'HungUDSE04421@fpt.edu.vn', 'SE04421', 1, 1, 'NotSet', 1),
(1279, 'HungVHSE04429', 'V Hong Hng', 'HungVHSE04429@fpt.edu.vn', 'SE04429', 1, 1, 'NotSet', 1),
(1280, 'TanDDSE04433', ' Duy Tn', 'TanDDSE04433@fpt.edu.vn', 'SE04433', 1, 1, 'NotSet', 1),
(1281, 'SonTHSE04439', 'Trn Hu Sn', 'SonTHSE04439@fpt.edu.vn', 'SE04439', 1, 1, 'NotSet', 1),
(1282, 'ThangNDSE04441', 'Nguyn i Thng', 'ThangNDSE04441@fpt.edu.vn', 'SE04441', 1, 1, 'NotSet', 1),
(1283, 'LeTNSE04454', 'Trng Nht L', 'LeTNSE04454@fpt.edu.vn', 'SE04454', 1, 1, 'NotSet', 1),
(1284, 'LongTTSE04476', 'Trn Thi Long', 'LongTTSE04476@fpt.edu.vn', 'SE04476', 1, 1, 'NotSet', 1),
(1285, 'UyenPTTSE04479', 'Phan Th T Uyn', 'UyenPTTSE04479@fpt.edu.vn', 'SE04479', 1, 1, 'NotSet', 1),
(1286, 'ToanNVSE03701', 'Nguyn Vn Ton', 'ToanNVSE03701@fpt.edu.vn', 'SE03701', 1, 1, 'NotSet', 1),
(1287, 'ThuanHVSE03172', 'Hong Vn Thun', 'ThuanHVSE03172@fpt.edu.vn', 'SE03172', 1, 1, 'NotSet', 1),
(1288, 'MaiPDSE04409', 'Phm nh Mai', 'MaiPDSE04409@fpt.edu.vn', 'SE04409', 1, 1, 'NotSet', 1),
(1289, 'ThaiTTSE04258', 'Trn Th Thi', 'ThaiTTSE04258@fpt.edu.vn', 'SE04258', 1, 1, 'NotSet', 1),
(1290, 'TungNDSE03988', 'Nguyn ng Tng', 'TungNDSE03988@fpt.edu.vn', 'SE03988', 1, 1, 'NotSet', 1),
(1291, 'TungLHSE02890', 'Lu Huy Tng', 'TungLHSE02890@fpt.edu.vn', 'SE02890', 1, 1, 'NotSet', 5),
(1292, 'HaiLXSE03744', 'L Xun Hi', 'HaiLXSE03744@fpt.edu.vn', 'SE03744', 1, 1, 'NotSet', 5);

-- --------------------------------------------------------

--
-- Table structure for table `teachers`
--

DROP TABLE IF EXISTS `teachers`;
CREATE TABLE IF NOT EXISTS `teachers` (
`teacher_id` int(11) NOT NULL,
  `account` varchar(20) NOT NULL,
  `name` varchar(100) CHARACTER SET utf8 COLLATE utf8_vietnamese_ci NOT NULL,
  `email` varchar(50) NOT NULL
) ENGINE=InnoDB AUTO_INCREMENT=73 DEFAULT CHARSET=latin1;

--
-- Dumping data for table `teachers`
--

INSERT INTO `teachers` (`teacher_id`, `account`, `name`, `email`) VALUES
(40, 'MaiTT', 'MaiTT', 'MaiTT@fpt.edu.vn'),
(41, 'DungLM', 'DungLM', 'DungLM@fpt.edu.vn'),
(42, 'DuyDT', 'DuyDT', 'DuyDT@fpt.edu.vn'),
(43, 'CauPD', 'CauPD', 'CauPD@fpt.edu.vn'),
(44, 'VuNH', 'VuNH', 'VuNH@fpt.edu.vn'),
(45, 'HuongNT7', 'HuongNT7', 'HuongNT7@fpt.edu.vn'),
(46, 'HaNS2', 'HaNS2', 'HaNS2@fpt.edu.vn'),
(47, 'HieuLD2', 'HieuLD2', 'HieuLD2@fpt.edu.vn'),
(48, 'HungPD', 'HungPD', 'HungPD@fpt.edu.vn'),
(49, 'TrungNQ', 'TrungNQ', 'TrungNQ@fpt.edu.vn'),
(50, 'CuongN', 'CuongN', 'CuongN@fpt.edu.vn'),
(51, 'TrungDT', 'TrungDT', 'TrungDT@fpt.edu.vn'),
(52, 'KhuongPD', 'KhuongPD', 'KhuongPD@fpt.edu.vn'),
(53, 'SangNV', 'SangNV', 'SangNV@fpt.edu.vn'),
(54, 'DucHM2', 'DucHM2', 'DucHM2@fpt.edu.vn'),
(55, 'AnhPT', 'AnhPT', 'AnhPT@fpt.edu.vn'),
(56, 'CongLT2', 'CongLT2', 'CongLT2@fpt.edu.vn'),
(57, 'HoaiNV2', 'HoaiNV2', 'HoaiNV2@fpt.edu.vn'),
(58, 'HienDTT', 'HienDTT', 'HienDTT@fpt.edu.vn'),
(59, 'ChiLP', 'ChiLP', 'ChiLP@fpt.edu.vn'),
(60, 'BangBH', 'BangBH', 'BangBH@fpt.edu.vn'),
(61, 'LamPT', 'LamPT', 'LamPT@fpt.edu.vn'),
(62, 'BinhNV2', 'BinhNV2', 'BinhNV2@fpt.edu.vn'),
(63, 'SonHX', 'SonHX', 'SonHX@fpt.edu.vn'),
(64, 'ThuLX', 'ThuLX', 'ThuLX@fpt.edu.vn'),
(65, 'MaiVTT', 'MaiVTT', 'MaiVTT@fpt.edu.vn'),
(66, 'VietNK', 'VietNK', 'VietNK@fpt.edu.vn'),
(67, 'DuanTC', 'DuanTC', 'DuanTC@fpt.edu.vn'),
(68, 'TrungNT', 'TrungNT', 'TrungNT@fpt.edu.vn'),
(69, 'VanDT', 'VanDT', 'VanDT@fpt.edu.vn'),
(70, 'QuyPH', 'QuyPH', 'QuyPH@fpt.edu.vn'),
(71, 'DungNT', 'DungNT', 'DungNT@fpt.edu.vn'),
(72, 'HuyenTT', 'HuyenTT', 'HuyenTT@fpt.edu.vn');

-- --------------------------------------------------------

--
-- Table structure for table `teacher_course_semester`
--

DROP TABLE IF EXISTS `teacher_course_semester`;
CREATE TABLE IF NOT EXISTS `teacher_course_semester` (
`teacher_course_semester_id` int(11) NOT NULL,
  `teacher_semester_id` int(11) NOT NULL,
  `course_semester_id` int(11) NOT NULL
) ENGINE=InnoDB AUTO_INCREMENT=894 DEFAULT CHARSET=latin1;

--
-- Dumping data for table `teacher_course_semester`
--

INSERT INTO `teacher_course_semester` (`teacher_course_semester_id`, `teacher_semester_id`, `course_semester_id`) VALUES
(687, 40, 242),
(688, 58, 242),
(689, 41, 243),
(690, 42, 243),
(691, 42, 244),
(692, 59, 244),
(693, 42, 275),
(694, 59, 275),
(695, 43, 246),
(696, 42, 246),
(697, 43, 247),
(698, 42, 247),
(699, 59, 247),
(700, 41, 247),
(701, 44, 248),
(702, 60, 248),
(703, 45, 249),
(704, 61, 249),
(705, 43, 250),
(706, 42, 250),
(707, 41, 251),
(708, 52, 251),
(709, 42, 252),
(710, 62, 252),
(711, 44, 252),
(712, 43, 252),
(713, 44, 253),
(714, 60, 253),
(715, 42, 254),
(716, 62, 254),
(717, 46, 255),
(718, 47, 256),
(719, 48, 257),
(720, 63, 257),
(721, 46, 258),
(722, 49, 259),
(723, 50, 260),
(724, 64, 260),
(725, 69, 260),
(726, 72, 260),
(727, 50, 261),
(728, 64, 261),
(729, 69, 261),
(730, 72, 261),
(731, 50, 262),
(732, 64, 262),
(733, 69, 262),
(734, 72, 262),
(735, 51, 263),
(736, 65, 263),
(737, 70, 263),
(738, 51, 264),
(739, 65, 264),
(740, 71, 264),
(741, 51, 265),
(742, 66, 265),
(743, 71, 265),
(744, 52, 266),
(745, 67, 266),
(746, 53, 267),
(747, 55, 267),
(748, 54, 268),
(749, 53, 269),
(750, 68, 269),
(751, 54, 270),
(752, 55, 271),
(753, 55, 272),
(754, 56, 273),
(755, 57, 274),
(825, 106, 311),
(826, 124, 311),
(827, 107, 312),
(828, 108, 312),
(829, 108, 313),
(830, 125, 313),
(831, 108, 344),
(832, 125, 344),
(833, 109, 315),
(834, 108, 315),
(835, 109, 316),
(836, 108, 316),
(837, 125, 316),
(838, 107, 316),
(839, 110, 317),
(840, 126, 317),
(841, 111, 318),
(842, 127, 318),
(843, 109, 319),
(844, 108, 319),
(845, 107, 320),
(846, 118, 320),
(847, 108, 321),
(848, 128, 321),
(849, 110, 321),
(850, 109, 321),
(851, 110, 322),
(852, 126, 322),
(853, 108, 323),
(854, 128, 323),
(855, 112, 324),
(856, 113, 325),
(857, 114, 326),
(858, 129, 326),
(859, 112, 327),
(860, 115, 328),
(861, 116, 329),
(862, 130, 329),
(863, 135, 329),
(864, 138, 329),
(865, 116, 330),
(866, 130, 330),
(867, 135, 330),
(868, 138, 330),
(869, 116, 331),
(870, 130, 331),
(871, 135, 331),
(872, 138, 331),
(873, 117, 332),
(874, 131, 332),
(875, 136, 332),
(876, 117, 333),
(877, 131, 333),
(878, 137, 333),
(879, 117, 334),
(880, 132, 334),
(881, 137, 334),
(882, 118, 335),
(883, 133, 335),
(884, 119, 336),
(885, 121, 336),
(886, 120, 337),
(887, 119, 338),
(888, 134, 338),
(889, 120, 339),
(890, 121, 340),
(891, 121, 341),
(892, 122, 342),
(893, 123, 343);

-- --------------------------------------------------------

--
-- Table structure for table `teacher_semester`
--

DROP TABLE IF EXISTS `teacher_semester`;
CREATE TABLE IF NOT EXISTS `teacher_semester` (
`teacher_semester_id` int(11) NOT NULL,
  `teacher_id` int(11) NOT NULL,
  `semester_id` int(11) NOT NULL
) ENGINE=InnoDB AUTO_INCREMENT=139 DEFAULT CHARSET=latin1;

--
-- Dumping data for table `teacher_semester`
--

INSERT INTO `teacher_semester` (`teacher_semester_id`, `teacher_id`, `semester_id`) VALUES
(40, 40, 2),
(106, 40, 4),
(41, 41, 2),
(107, 41, 4),
(42, 42, 2),
(108, 42, 4),
(43, 43, 2),
(109, 43, 4),
(44, 44, 2),
(110, 44, 4),
(45, 45, 2),
(111, 45, 4),
(46, 46, 2),
(112, 46, 4),
(47, 47, 2),
(113, 47, 4),
(48, 48, 2),
(114, 48, 4),
(49, 49, 2),
(115, 49, 4),
(50, 50, 2),
(116, 50, 4),
(51, 51, 2),
(117, 51, 4),
(52, 52, 2),
(118, 52, 4),
(53, 53, 2),
(119, 53, 4),
(54, 54, 2),
(120, 54, 4),
(55, 55, 2),
(121, 55, 4),
(56, 56, 2),
(122, 56, 4),
(57, 57, 2),
(123, 57, 4),
(58, 58, 2),
(124, 58, 4),
(59, 59, 2),
(125, 59, 4),
(60, 60, 2),
(126, 60, 4),
(61, 61, 2),
(127, 61, 4),
(62, 62, 2),
(128, 62, 4),
(63, 63, 2),
(129, 63, 4),
(64, 64, 2),
(130, 64, 4),
(65, 65, 2),
(131, 65, 4),
(66, 66, 2),
(132, 66, 4),
(67, 67, 2),
(133, 67, 4),
(68, 68, 2),
(134, 68, 4),
(69, 69, 2),
(135, 69, 4),
(70, 70, 2),
(136, 70, 4),
(71, 71, 2),
(137, 71, 4),
(72, 72, 2),
(138, 72, 4);

-- --------------------------------------------------------

--
-- Table structure for table `time_table`
--

DROP TABLE IF EXISTS `time_table`;
CREATE TABLE IF NOT EXISTS `time_table` (
`time_table_id` int(11) NOT NULL,
  `class_course_semester_id` int(11) NOT NULL,
  `date` date NOT NULL,
  `slot` int(11) NOT NULL,
  `room_id` int(11) DEFAULT NULL,
  `teacher_semester_id` int(11) DEFAULT NULL
) ENGINE=InnoDB AUTO_INCREMENT=90610 DEFAULT CHARSET=latin1;

--
-- Dumping data for table `time_table`
--

INSERT INTO `time_table` (`time_table_id`, `class_course_semester_id`, `date`, `slot`, `room_id`, `teacher_semester_id`) VALUES
(86590, 595, '2015-05-04', 1, 53, 114),
(86591, 595, '2015-05-11', 1, 53, 114),
(86592, 595, '2015-05-18', 1, 53, 114),
(86593, 593, '2015-05-04', 2, 53, 117),
(86594, 593, '2015-05-11', 2, 53, 117),
(86595, 593, '2015-05-18', 2, 53, 117),
(86596, 593, '2015-05-04', 3, 53, 117),
(86597, 593, '2015-05-11', 3, 53, 117),
(86598, 593, '2015-05-18', 3, 53, 117),
(86599, 595, '2015-05-05', 1, 53, 114),
(86600, 595, '2015-05-12', 1, 53, 114),
(86601, 595, '2015-05-19', 1, 53, 114),
(86602, 594, '2015-05-05', 2, 53, 107),
(86603, 594, '2015-05-12', 2, 53, 107),
(86604, 594, '2015-05-19', 2, 53, 107),
(86605, 594, '2015-05-05', 3, 53, 107),
(86606, 594, '2015-05-12', 3, 53, 107),
(86607, 594, '2015-05-19', 3, 53, 107),
(86608, 595, '2015-05-06', 1, 53, 114),
(86609, 595, '2015-05-13', 1, 53, 114),
(86610, 595, '2015-05-20', 1, 53, 114),
(86611, 593, '2015-05-06', 2, 53, 117),
(86612, 593, '2015-05-13', 2, 53, 117),
(86613, 593, '2015-05-20', 2, 53, 117),
(86614, 593, '2015-05-06', 3, 53, 117),
(86615, 593, '2015-05-13', 3, 53, 117),
(86616, 593, '2015-05-20', 3, 53, 117),
(86617, 595, '2015-05-07', 1, 53, 114),
(86618, 595, '2015-05-14', 1, 53, 114),
(86619, 595, '2015-05-21', 1, 53, 114),
(86620, 594, '2015-05-07', 2, 53, 107),
(86621, 594, '2015-05-14', 2, 53, 107),
(86622, 594, '2015-05-21', 2, 53, 107),
(86623, 594, '2015-05-07', 3, 53, 107),
(86624, 594, '2015-05-14', 3, 53, 107),
(86625, 594, '2015-05-21', 3, 53, 107),
(86626, 595, '2015-05-08', 1, 53, 114),
(86627, 595, '2015-05-15', 1, 53, 114),
(86628, 595, '2015-05-22', 1, 53, 114),
(86629, 593, '2015-05-08', 2, 53, 117),
(86630, 593, '2015-05-15', 2, 53, 117),
(86631, 593, '2015-05-22', 2, 53, 117),
(86632, 593, '2015-05-08', 3, 53, 117),
(86633, 593, '2015-05-15', 3, 53, 117),
(86634, 593, '2015-05-22', 3, 53, 117),
(86635, 595, '2015-05-25', 1, 53, 114),
(86636, 595, '2015-06-01', 1, 53, 114),
(86637, 595, '2015-06-08', 1, 53, 114),
(86638, 593, '2015-05-25', 2, 53, 117),
(86639, 593, '2015-06-01', 2, 53, 117),
(86640, 593, '2015-06-08', 2, 53, 117),
(86641, 593, '2015-05-25', 3, 53, 117),
(86642, 593, '2015-06-01', 3, 53, 117),
(86643, 593, '2015-06-08', 3, 53, 117),
(86644, 595, '2015-05-26', 1, 53, 114),
(86645, 595, '2015-06-02', 1, 53, 114),
(86646, 595, '2015-06-09', 1, 53, 114),
(86647, 594, '2015-05-26', 2, 53, 107),
(86648, 594, '2015-06-02', 2, 53, 107),
(86649, 594, '2015-06-09', 2, 53, 107),
(86650, 594, '2015-05-26', 3, 53, 107),
(86651, 594, '2015-06-02', 3, 53, 107),
(86652, 594, '2015-06-09', 3, 53, 107),
(86653, 595, '2015-05-27', 1, 53, 114),
(86654, 595, '2015-06-03', 1, 53, 114),
(86655, 595, '2015-06-10', 1, 53, 114),
(86656, 593, '2015-05-27', 2, 53, 117),
(86657, 593, '2015-06-03', 2, 53, 117),
(86658, 593, '2015-06-10', 2, 53, 117),
(86659, 593, '2015-05-27', 3, 53, 117),
(86660, 593, '2015-06-03', 3, 53, 117),
(86661, 593, '2015-06-10', 3, 53, 117),
(86662, 595, '2015-05-28', 1, 53, 114),
(86663, 595, '2015-06-04', 1, 53, 114),
(86664, 595, '2015-06-11', 1, 53, 114),
(86665, 594, '2015-05-28', 2, 53, 107),
(86666, 594, '2015-06-04', 2, 53, 107),
(86667, 594, '2015-06-11', 2, 53, 107),
(86668, 594, '2015-05-28', 3, 53, 107),
(86669, 594, '2015-06-04', 3, 53, 107),
(86670, 594, '2015-06-11', 3, 53, 107),
(86671, 595, '2015-05-29', 1, 53, 114),
(86672, 595, '2015-06-05', 1, 53, 114),
(86673, 595, '2015-06-12', 1, 53, 114),
(86674, 594, '2015-05-29', 2, 53, 107),
(86675, 594, '2015-06-05', 2, 53, 107),
(86676, 594, '2015-06-12', 2, 53, 107),
(86677, 594, '2015-05-29', 3, 53, 107),
(86678, 594, '2015-06-05', 3, 53, 107),
(86679, 594, '2015-06-12', 3, 53, 107),
(86680, 592, '2015-07-06', 1, 50, 124),
(86681, 592, '2015-07-13', 1, 50, 124),
(86682, 592, '2015-07-20', 1, 50, 124),
(86683, 592, '2015-07-06', 2, 50, 124),
(86684, 592, '2015-07-13', 2, 50, 124),
(86685, 592, '2015-07-20', 2, 50, 124),
(86686, 591, '2015-07-07', 1, 53, NULL),
(86687, 591, '2015-07-14', 1, 53, NULL),
(86688, 591, '2015-07-21', 1, 53, NULL),
(86689, 591, '2015-07-07', 2, 53, NULL),
(86690, 591, '2015-07-14', 2, 53, NULL),
(86691, 591, '2015-07-21', 2, 53, NULL),
(86692, 592, '2015-07-08', 1, 50, 124),
(86693, 592, '2015-07-15', 1, 50, 124),
(86694, 592, '2015-07-22', 1, 50, 124),
(86695, 592, '2015-07-08', 2, 50, 124),
(86696, 592, '2015-07-15', 2, 50, 124),
(86697, 592, '2015-07-22', 2, 50, 124),
(86698, 591, '2015-07-09', 1, 53, NULL),
(86699, 591, '2015-07-16', 1, 53, NULL),
(86700, 591, '2015-07-23', 1, 53, NULL),
(86701, 591, '2015-07-09', 2, 53, NULL),
(86702, 591, '2015-07-16', 2, 53, NULL),
(86703, 591, '2015-07-23', 2, 53, NULL),
(86704, 592, '2015-07-10', 1, 50, 124),
(86705, 592, '2015-07-17', 1, 50, 124),
(86706, 592, '2015-07-24', 1, 50, 124),
(86707, 592, '2015-07-10', 2, 50, 124),
(86708, 592, '2015-07-17', 2, 50, 124),
(86709, 592, '2015-07-24', 2, 50, 124),
(86710, 592, '2015-07-27', 1, 50, 124),
(86711, 592, '2015-08-03', 1, 50, 124),
(86712, 592, '2015-08-10', 1, 50, 124),
(86713, 592, '2015-07-27', 2, 50, 124),
(86714, 592, '2015-08-03', 2, 50, 124),
(86715, 592, '2015-08-10', 2, 50, 124),
(86716, 591, '2015-07-28', 1, 53, NULL),
(86717, 591, '2015-08-04', 1, 53, NULL),
(86718, 591, '2015-08-11', 1, 53, NULL),
(86719, 591, '2015-07-28', 2, 53, NULL),
(86720, 591, '2015-08-04', 2, 53, NULL),
(86721, 591, '2015-08-11', 2, 53, NULL),
(86722, 592, '2015-07-29', 1, 50, 124),
(86723, 592, '2015-08-05', 1, 50, 124),
(86724, 592, '2015-08-12', 1, 50, 124),
(86725, 592, '2015-07-29', 2, 50, 124),
(86726, 592, '2015-08-05', 2, 50, 124),
(86727, 592, '2015-08-12', 2, 50, 124),
(86728, 591, '2015-07-30', 1, 53, NULL),
(86729, 591, '2015-08-06', 1, 53, NULL),
(86730, 591, '2015-08-13', 1, 53, NULL),
(86731, 591, '2015-07-30', 2, 53, NULL),
(86732, 591, '2015-08-06', 2, 53, NULL),
(86733, 591, '2015-08-13', 2, 53, NULL),
(86734, 591, '2015-07-31', 1, 53, NULL),
(86735, 591, '2015-08-07', 1, 53, NULL),
(86736, 591, '2015-08-14', 1, 53, NULL),
(86737, 591, '2015-07-31', 2, 53, NULL),
(86738, 591, '2015-08-07', 2, 53, NULL),
(86739, 591, '2015-08-14', 2, 53, NULL),
(86740, 599, '2015-05-04', 5, 53, 107),
(86741, 599, '2015-05-11', 5, 53, 107),
(86742, 599, '2015-05-18', 5, 53, 107),
(86743, 599, '2015-05-04', 6, 53, 107),
(86744, 599, '2015-05-11', 6, 53, 107),
(86745, 599, '2015-05-18', 6, 53, 107),
(86746, 596, '2015-05-05', 4, 53, NULL),
(86747, 596, '2015-05-12', 4, 53, NULL),
(86748, 596, '2015-05-19', 4, 53, NULL),
(86749, 596, '2015-05-05', 5, 53, NULL),
(86750, 596, '2015-05-12', 5, 53, NULL),
(86751, 596, '2015-05-19', 5, 53, NULL),
(86752, 599, '2015-05-06', 5, 53, 107),
(86753, 599, '2015-05-13', 5, 53, 107),
(86754, 599, '2015-05-20', 5, 53, 107),
(86755, 599, '2015-05-06', 6, 53, 107),
(86756, 599, '2015-05-13', 6, 53, 107),
(86757, 599, '2015-05-20', 6, 53, 107),
(86758, 596, '2015-05-07', 4, 53, NULL),
(86759, 596, '2015-05-14', 4, 53, NULL),
(86760, 596, '2015-05-21', 4, 53, NULL),
(86761, 596, '2015-05-07', 5, 53, NULL),
(86762, 596, '2015-05-14', 5, 53, NULL),
(86763, 596, '2015-05-21', 5, 53, NULL),
(86764, 599, '2015-05-08', 5, 53, 107),
(86765, 599, '2015-05-15', 5, 53, 107),
(86766, 599, '2015-05-22', 5, 53, 107),
(86767, 599, '2015-05-08', 6, 53, 107),
(86768, 599, '2015-05-15', 6, 53, 107),
(86769, 599, '2015-05-22', 6, 53, 107),
(86770, 599, '2015-05-25', 5, 53, 107),
(86771, 599, '2015-06-01', 5, 53, 107),
(86772, 599, '2015-06-08', 5, 53, 107),
(86773, 599, '2015-05-25', 6, 53, 107),
(86774, 599, '2015-06-01', 6, 53, 107),
(86775, 599, '2015-06-08', 6, 53, 107),
(86776, 596, '2015-05-26', 4, 53, NULL),
(86777, 596, '2015-06-02', 4, 53, NULL),
(86778, 596, '2015-06-09', 4, 53, NULL),
(86779, 596, '2015-05-26', 5, 53, NULL),
(86780, 596, '2015-06-02', 5, 53, NULL),
(86781, 596, '2015-06-09', 5, 53, NULL),
(86782, 599, '2015-05-27', 5, 53, 107),
(86783, 599, '2015-06-03', 5, 53, 107),
(86784, 599, '2015-06-10', 5, 53, 107),
(86785, 599, '2015-05-27', 6, 53, 107),
(86786, 599, '2015-06-03', 6, 53, 107),
(86787, 599, '2015-06-10', 6, 53, 107),
(86788, 596, '2015-05-28', 4, 53, NULL),
(86789, 596, '2015-06-04', 4, 53, NULL),
(86790, 596, '2015-06-11', 4, 53, NULL),
(86791, 596, '2015-05-28', 5, 53, NULL),
(86792, 596, '2015-06-04', 5, 53, NULL),
(86793, 596, '2015-06-11', 5, 53, NULL),
(86794, 596, '2015-05-29', 4, 53, NULL),
(86795, 596, '2015-06-05', 4, 53, NULL),
(86796, 596, '2015-06-12', 4, 53, NULL),
(86797, 596, '2015-05-29', 5, 53, NULL),
(86798, 596, '2015-06-05', 5, 53, NULL),
(86799, 596, '2015-06-12', 5, 53, NULL),
(86800, 600, '2015-07-06', 4, 53, 129),
(86801, 600, '2015-07-13', 4, 53, 129),
(86802, 600, '2015-07-20', 4, 53, 129),
(86803, 597, '2015-07-06', 5, 50, 124),
(86804, 597, '2015-07-13', 5, 50, 124),
(86805, 597, '2015-07-20', 5, 50, 124),
(86806, 597, '2015-07-06', 6, 50, 124),
(86807, 597, '2015-07-13', 6, 50, 124),
(86808, 597, '2015-07-20', 6, 50, 124),
(86809, 600, '2015-07-07', 4, 53, 129),
(86810, 600, '2015-07-14', 4, 53, 129),
(86811, 600, '2015-07-21', 4, 53, 129),
(86812, 598, '2015-07-07', 5, 53, 131),
(86813, 598, '2015-07-14', 5, 53, 131),
(86814, 598, '2015-07-21', 5, 53, 131),
(86815, 598, '2015-07-07', 6, 53, 131),
(86816, 598, '2015-07-14', 6, 53, 131),
(86817, 598, '2015-07-21', 6, 53, 131),
(86818, 600, '2015-07-08', 4, 53, 129),
(86819, 600, '2015-07-15', 4, 53, 129),
(86820, 600, '2015-07-22', 4, 53, 129),
(86821, 597, '2015-07-08', 5, 50, 124),
(86822, 597, '2015-07-15', 5, 50, 124),
(86823, 597, '2015-07-22', 5, 50, 124),
(86824, 597, '2015-07-08', 6, 50, 124),
(86825, 597, '2015-07-15', 6, 50, 124),
(86826, 597, '2015-07-22', 6, 50, 124),
(86827, 600, '2015-07-09', 4, 53, 129),
(86828, 600, '2015-07-16', 4, 53, 129),
(86829, 600, '2015-07-23', 4, 53, 129),
(86830, 598, '2015-07-09', 5, 53, 131),
(86831, 598, '2015-07-16', 5, 53, 131),
(86832, 598, '2015-07-23', 5, 53, 131),
(86833, 598, '2015-07-09', 6, 53, 131),
(86834, 598, '2015-07-16', 6, 53, 131),
(86835, 598, '2015-07-23', 6, 53, 131),
(86836, 600, '2015-07-10', 4, 53, 129),
(86837, 600, '2015-07-17', 4, 53, 129),
(86838, 600, '2015-07-24', 4, 53, 129),
(86839, 597, '2015-07-10', 5, 50, 124),
(86840, 597, '2015-07-17', 5, 50, 124),
(86841, 597, '2015-07-24', 5, 50, 124),
(86842, 597, '2015-07-10', 6, 50, 124),
(86843, 597, '2015-07-17', 6, 50, 124),
(86844, 597, '2015-07-24', 6, 50, 124),
(86845, 600, '2015-07-27', 4, 53, 129),
(86846, 600, '2015-08-03', 4, 53, 129),
(86847, 600, '2015-08-10', 4, 53, 129),
(86848, 597, '2015-07-27', 5, 50, 124),
(86849, 597, '2015-08-03', 5, 50, 124),
(86850, 597, '2015-08-10', 5, 50, 124),
(86851, 597, '2015-07-27', 6, 50, 124),
(86852, 597, '2015-08-03', 6, 50, 124),
(86853, 597, '2015-08-10', 6, 50, 124),
(86854, 600, '2015-07-28', 4, 53, 129),
(86855, 600, '2015-08-04', 4, 53, 129),
(86856, 600, '2015-08-11', 4, 53, 129),
(86857, 598, '2015-07-28', 5, 53, 131),
(86858, 598, '2015-08-04', 5, 53, 131),
(86859, 598, '2015-08-11', 5, 53, 131),
(86860, 598, '2015-07-28', 6, 53, 131),
(86861, 598, '2015-08-04', 6, 53, 131),
(86862, 598, '2015-08-11', 6, 53, 131),
(86863, 600, '2015-07-29', 4, 53, 129),
(86864, 600, '2015-08-05', 4, 53, 129),
(86865, 600, '2015-08-12', 4, 53, 129),
(86866, 597, '2015-07-29', 5, 50, 124),
(86867, 597, '2015-08-05', 5, 50, 124),
(86868, 597, '2015-08-12', 5, 50, 124),
(86869, 597, '2015-07-29', 6, 50, 124),
(86870, 597, '2015-08-05', 6, 50, 124),
(86871, 597, '2015-08-12', 6, 50, 124),
(86872, 600, '2015-07-30', 4, 53, 129),
(86873, 600, '2015-08-06', 4, 53, 129),
(86874, 600, '2015-08-13', 4, 53, 129),
(86875, 598, '2015-07-30', 5, 53, 131),
(86876, 598, '2015-08-06', 5, 53, 131),
(86877, 598, '2015-08-13', 5, 53, 131),
(86878, 598, '2015-07-30', 6, 53, 131),
(86879, 598, '2015-08-06', 6, 53, 131),
(86880, 598, '2015-08-13', 6, 53, 131),
(86881, 600, '2015-07-31', 4, 53, 129),
(86882, 600, '2015-08-07', 4, 53, 129),
(86883, 600, '2015-08-14', 4, 53, 129),
(86884, 598, '2015-07-31', 5, 53, 131),
(86885, 598, '2015-08-07', 5, 53, 131),
(86886, 598, '2015-08-14', 5, 53, 131),
(86887, 598, '2015-07-31', 6, 53, 131),
(86888, 598, '2015-08-07', 6, 53, 131),
(86889, 598, '2015-08-14', 6, 53, 131),
(86890, 603, '2015-05-04', 4, 54, 117),
(86891, 603, '2015-05-11', 4, 54, 117),
(86892, 603, '2015-05-18', 4, 54, 117),
(86893, 603, '2015-05-04', 5, 54, 117),
(86894, 603, '2015-05-11', 5, 54, 117),
(86895, 603, '2015-05-18', 5, 54, 117),
(86896, 605, '2015-05-04', 6, 54, 114),
(86897, 605, '2015-05-11', 6, 54, 114),
(86898, 605, '2015-05-18', 6, 54, 114),
(86899, 604, '2015-05-05', 4, 54, 107),
(86900, 604, '2015-05-12', 4, 54, 107),
(86901, 604, '2015-05-19', 4, 54, 107),
(86902, 604, '2015-05-05', 5, 54, 107),
(86903, 604, '2015-05-12', 5, 54, 107),
(86904, 604, '2015-05-19', 5, 54, 107),
(86905, 605, '2015-05-05', 6, 54, 114),
(86906, 605, '2015-05-12', 6, 54, 114),
(86907, 605, '2015-05-19', 6, 54, 114),
(86908, 603, '2015-05-06', 4, 54, 117),
(86909, 603, '2015-05-13', 4, 54, 117),
(86910, 603, '2015-05-20', 4, 54, 117),
(86911, 603, '2015-05-06', 5, 54, 117),
(86912, 603, '2015-05-13', 5, 54, 117),
(86913, 603, '2015-05-20', 5, 54, 117),
(86914, 605, '2015-05-06', 6, 54, 114),
(86915, 605, '2015-05-13', 6, 54, 114),
(86916, 605, '2015-05-20', 6, 54, 114),
(86917, 604, '2015-05-07', 4, 54, 107),
(86918, 604, '2015-05-14', 4, 54, 107),
(86919, 604, '2015-05-21', 4, 54, 107),
(86920, 604, '2015-05-07', 5, 54, 107),
(86921, 604, '2015-05-14', 5, 54, 107),
(86922, 604, '2015-05-21', 5, 54, 107),
(86923, 605, '2015-05-07', 6, 54, 114),
(86924, 605, '2015-05-14', 6, 54, 114),
(86925, 605, '2015-05-21', 6, 54, 114),
(86926, 603, '2015-05-08', 4, 54, 117),
(86927, 603, '2015-05-15', 4, 54, 117),
(86928, 603, '2015-05-22', 4, 54, 117),
(86929, 603, '2015-05-08', 5, 54, 117),
(86930, 603, '2015-05-15', 5, 54, 117),
(86931, 603, '2015-05-22', 5, 54, 117),
(86932, 605, '2015-05-08', 6, 54, 114),
(86933, 605, '2015-05-15', 6, 54, 114),
(86934, 605, '2015-05-22', 6, 54, 114),
(86935, 603, '2015-05-25', 4, 54, 117),
(86936, 603, '2015-06-01', 4, 54, 117),
(86937, 603, '2015-06-08', 4, 54, 117),
(86938, 603, '2015-05-25', 5, 54, 117),
(86939, 603, '2015-06-01', 5, 54, 117),
(86940, 603, '2015-06-08', 5, 54, 117),
(86941, 605, '2015-05-25', 6, 54, 114),
(86942, 605, '2015-06-01', 6, 54, 114),
(86943, 605, '2015-06-08', 6, 54, 114),
(86944, 604, '2015-05-26', 4, 54, 107),
(86945, 604, '2015-06-02', 4, 54, 107),
(86946, 604, '2015-06-09', 4, 54, 107),
(86947, 604, '2015-05-26', 5, 54, 107),
(86948, 604, '2015-06-02', 5, 54, 107),
(86949, 604, '2015-06-09', 5, 54, 107),
(86950, 605, '2015-05-26', 6, 54, 114),
(86951, 605, '2015-06-02', 6, 54, 114),
(86952, 605, '2015-06-09', 6, 54, 114),
(86953, 603, '2015-05-27', 4, 54, 117),
(86954, 603, '2015-06-03', 4, 54, 117),
(86955, 603, '2015-06-10', 4, 54, 117),
(86956, 603, '2015-05-27', 5, 54, 117),
(86957, 603, '2015-06-03', 5, 54, 117),
(86958, 603, '2015-06-10', 5, 54, 117),
(86959, 605, '2015-05-27', 6, 54, 114),
(86960, 605, '2015-06-03', 6, 54, 114),
(86961, 605, '2015-06-10', 6, 54, 114),
(86962, 604, '2015-05-28', 4, 54, 107),
(86963, 604, '2015-06-04', 4, 54, 107),
(86964, 604, '2015-06-11', 4, 54, 107),
(86965, 604, '2015-05-28', 5, 54, 107),
(86966, 604, '2015-06-04', 5, 54, 107),
(86967, 604, '2015-06-11', 5, 54, 107),
(86968, 605, '2015-05-28', 6, 54, 114),
(86969, 605, '2015-06-04', 6, 54, 114),
(86970, 605, '2015-06-11', 6, 54, 114),
(86971, 604, '2015-05-29', 4, 54, 107),
(86972, 604, '2015-06-05', 4, 54, 107),
(86973, 604, '2015-06-12', 4, 54, 107),
(86974, 604, '2015-05-29', 5, 54, 107),
(86975, 604, '2015-06-05', 5, 54, 107),
(86976, 604, '2015-06-12', 5, 54, 107),
(86977, 605, '2015-05-29', 6, 54, 114),
(86978, 605, '2015-06-05', 6, 54, 114),
(86979, 605, '2015-06-12', 6, 54, 114),
(86980, 601, '2015-07-06', 5, 54, NULL),
(86981, 601, '2015-07-13', 5, 54, NULL),
(86982, 601, '2015-07-20', 5, 54, NULL),
(86983, 601, '2015-07-06', 6, 54, NULL),
(86984, 601, '2015-07-13', 6, 54, NULL),
(86985, 601, '2015-07-20', 6, 54, NULL),
(86986, 602, '2015-07-07', 4, 50, 106),
(86987, 602, '2015-07-14', 4, 50, 106),
(86988, 602, '2015-07-21', 4, 50, 106),
(86989, 602, '2015-07-07', 5, 50, 106),
(86990, 602, '2015-07-14', 5, 50, 106),
(86991, 602, '2015-07-21', 5, 50, 106),
(86992, 601, '2015-07-08', 5, 54, NULL),
(86993, 601, '2015-07-15', 5, 54, NULL),
(86994, 601, '2015-07-22', 5, 54, NULL),
(86995, 601, '2015-07-08', 6, 54, NULL),
(86996, 601, '2015-07-15', 6, 54, NULL),
(86997, 601, '2015-07-22', 6, 54, NULL),
(86998, 602, '2015-07-09', 4, 50, 106),
(86999, 602, '2015-07-16', 4, 50, 106),
(87000, 602, '2015-07-23', 4, 50, 106),
(87001, 602, '2015-07-09', 5, 50, 106),
(87002, 602, '2015-07-16', 5, 50, 106),
(87003, 602, '2015-07-23', 5, 50, 106),
(87004, 601, '2015-07-10', 5, 54, NULL),
(87005, 601, '2015-07-17', 5, 54, NULL),
(87006, 601, '2015-07-24', 5, 54, NULL),
(87007, 601, '2015-07-10', 6, 54, NULL),
(87008, 601, '2015-07-17', 6, 54, NULL),
(87009, 601, '2015-07-24', 6, 54, NULL),
(87010, 601, '2015-07-27', 5, 54, NULL),
(87011, 601, '2015-08-03', 5, 54, NULL),
(87012, 601, '2015-08-10', 5, 54, NULL),
(87013, 601, '2015-07-27', 6, 54, NULL),
(87014, 601, '2015-08-03', 6, 54, NULL),
(87015, 601, '2015-08-10', 6, 54, NULL),
(87016, 602, '2015-07-28', 4, 50, 106),
(87017, 602, '2015-08-04', 4, 50, 106),
(87018, 602, '2015-08-11', 4, 50, 106),
(87019, 602, '2015-07-28', 5, 50, 106),
(87020, 602, '2015-08-04', 5, 50, 106),
(87021, 602, '2015-08-11', 5, 50, 106),
(87022, 601, '2015-07-29', 5, 54, NULL),
(87023, 601, '2015-08-05', 5, 54, NULL),
(87024, 601, '2015-08-12', 5, 54, NULL),
(87025, 601, '2015-07-29', 6, 54, NULL),
(87026, 601, '2015-08-05', 6, 54, NULL),
(87027, 601, '2015-08-12', 6, 54, NULL),
(87028, 602, '2015-07-30', 4, 50, 106),
(87029, 602, '2015-08-06', 4, 50, 106),
(87030, 602, '2015-08-13', 4, 50, 106),
(87031, 602, '2015-07-30', 5, 50, 106),
(87032, 602, '2015-08-06', 5, 50, 106),
(87033, 602, '2015-08-13', 5, 50, 106),
(87034, 602, '2015-07-31', 4, 50, 106),
(87035, 602, '2015-08-07', 4, 50, 106),
(87036, 602, '2015-08-14', 4, 50, 106),
(87037, 602, '2015-07-31', 5, 50, 106),
(87038, 602, '2015-08-07', 5, 50, 106),
(87039, 602, '2015-08-14', 5, 50, 106),
(87040, 606, '2015-05-04', 1, 54, 107),
(87041, 606, '2015-05-11', 1, 54, 107),
(87042, 606, '2015-05-18', 1, 54, 107),
(87043, 606, '2015-05-04', 2, 54, 107),
(87044, 606, '2015-05-11', 2, 54, 107),
(87045, 606, '2015-05-18', 2, 54, 107),
(87046, 610, '2015-05-04', 3, 54, 129),
(87047, 610, '2015-05-11', 3, 54, 129),
(87048, 610, '2015-05-18', 3, 54, 129),
(87049, 607, '2015-05-05', 1, 50, 106),
(87050, 607, '2015-05-12', 1, 50, 106),
(87051, 607, '2015-05-19', 1, 50, 106),
(87052, 607, '2015-05-05', 2, 50, 106),
(87053, 607, '2015-05-12', 2, 50, 106),
(87054, 607, '2015-05-19', 2, 50, 106),
(87055, 610, '2015-05-05', 3, 54, 129),
(87056, 610, '2015-05-12', 3, 54, 129),
(87057, 610, '2015-05-19', 3, 54, 129),
(87058, 606, '2015-05-06', 1, 54, 107),
(87059, 606, '2015-05-13', 1, 54, 107),
(87060, 606, '2015-05-20', 1, 54, 107),
(87061, 606, '2015-05-06', 2, 54, 107),
(87062, 606, '2015-05-13', 2, 54, 107),
(87063, 606, '2015-05-20', 2, 54, 107),
(87064, 610, '2015-05-06', 3, 54, 129),
(87065, 610, '2015-05-13', 3, 54, 129),
(87066, 610, '2015-05-20', 3, 54, 129),
(87067, 607, '2015-05-07', 1, 50, 106),
(87068, 607, '2015-05-14', 1, 50, 106),
(87069, 607, '2015-05-21', 1, 50, 106),
(87070, 607, '2015-05-07', 2, 50, 106),
(87071, 607, '2015-05-14', 2, 50, 106),
(87072, 607, '2015-05-21', 2, 50, 106),
(87073, 610, '2015-05-07', 3, 54, 129),
(87074, 610, '2015-05-14', 3, 54, 129),
(87075, 610, '2015-05-21', 3, 54, 129),
(87076, 606, '2015-05-08', 1, 54, 107),
(87077, 606, '2015-05-15', 1, 54, 107),
(87078, 606, '2015-05-22', 1, 54, 107),
(87079, 606, '2015-05-08', 2, 54, 107),
(87080, 606, '2015-05-15', 2, 54, 107),
(87081, 606, '2015-05-22', 2, 54, 107),
(87082, 610, '2015-05-08', 3, 54, 129),
(87083, 610, '2015-05-15', 3, 54, 129),
(87084, 610, '2015-05-22', 3, 54, 129),
(87085, 606, '2015-05-25', 1, 54, 107),
(87086, 606, '2015-06-01', 1, 54, 107),
(87087, 606, '2015-06-08', 1, 54, 107),
(87088, 606, '2015-05-25', 2, 54, 107),
(87089, 606, '2015-06-01', 2, 54, 107),
(87090, 606, '2015-06-08', 2, 54, 107),
(87091, 610, '2015-05-25', 3, 54, 129),
(87092, 610, '2015-06-01', 3, 54, 129),
(87093, 610, '2015-06-08', 3, 54, 129),
(87094, 607, '2015-05-26', 1, 50, 106),
(87095, 607, '2015-06-02', 1, 50, 106),
(87096, 607, '2015-06-09', 1, 50, 106),
(87097, 607, '2015-05-26', 2, 50, 106),
(87098, 607, '2015-06-02', 2, 50, 106),
(87099, 607, '2015-06-09', 2, 50, 106),
(87100, 610, '2015-05-26', 3, 54, 129),
(87101, 610, '2015-06-02', 3, 54, 129),
(87102, 610, '2015-06-09', 3, 54, 129),
(87103, 606, '2015-05-27', 1, 54, 107),
(87104, 606, '2015-06-03', 1, 54, 107),
(87105, 606, '2015-06-10', 1, 54, 107),
(87106, 606, '2015-05-27', 2, 54, 107),
(87107, 606, '2015-06-03', 2, 54, 107),
(87108, 606, '2015-06-10', 2, 54, 107),
(87109, 610, '2015-05-27', 3, 54, 129),
(87110, 610, '2015-06-03', 3, 54, 129),
(87111, 610, '2015-06-10', 3, 54, 129),
(87112, 607, '2015-05-28', 1, 50, 106),
(87113, 607, '2015-06-04', 1, 50, 106),
(87114, 607, '2015-06-11', 1, 50, 106),
(87115, 607, '2015-05-28', 2, 50, 106),
(87116, 607, '2015-06-04', 2, 50, 106),
(87117, 607, '2015-06-11', 2, 50, 106),
(87118, 610, '2015-05-28', 3, 54, 129),
(87119, 610, '2015-06-04', 3, 54, 129),
(87120, 610, '2015-06-11', 3, 54, 129),
(87121, 607, '2015-05-29', 1, 50, 106),
(87122, 607, '2015-06-05', 1, 50, 106),
(87123, 607, '2015-06-12', 1, 50, 106),
(87124, 607, '2015-05-29', 2, 50, 106),
(87125, 607, '2015-06-05', 2, 50, 106),
(87126, 607, '2015-06-12', 2, 50, 106),
(87127, 610, '2015-05-29', 3, 54, 129),
(87128, 610, '2015-06-05', 3, 54, 129),
(87129, 610, '2015-06-12', 3, 54, 129),
(87130, 609, '2015-07-06', 1, 54, 118),
(87131, 609, '2015-07-13', 1, 54, 118),
(87132, 609, '2015-07-20', 1, 54, 118),
(87133, 609, '2015-07-06', 2, 54, 118),
(87134, 609, '2015-07-13', 2, 54, 118),
(87135, 609, '2015-07-20', 2, 54, 118),
(87136, 608, '2015-07-07', 1, 54, 136),
(87137, 608, '2015-07-14', 1, 54, 136),
(87138, 608, '2015-07-21', 1, 54, 136),
(87139, 608, '2015-07-07', 2, 54, 136),
(87140, 608, '2015-07-14', 2, 54, 136),
(87141, 608, '2015-07-21', 2, 54, 136),
(87142, 609, '2015-07-08', 1, 54, 118),
(87143, 609, '2015-07-15', 1, 54, 118),
(87144, 609, '2015-07-22', 1, 54, 118),
(87145, 609, '2015-07-08', 2, 54, 118),
(87146, 609, '2015-07-15', 2, 54, 118),
(87147, 609, '2015-07-22', 2, 54, 118),
(87148, 608, '2015-07-09', 1, 54, 136),
(87149, 608, '2015-07-16', 1, 54, 136),
(87150, 608, '2015-07-23', 1, 54, 136),
(87151, 608, '2015-07-09', 2, 54, 136),
(87152, 608, '2015-07-16', 2, 54, 136),
(87153, 608, '2015-07-23', 2, 54, 136),
(87154, 609, '2015-07-10', 1, 54, 118),
(87155, 609, '2015-07-17', 1, 54, 118),
(87156, 609, '2015-07-24', 1, 54, 118),
(87157, 609, '2015-07-10', 2, 54, 118),
(87158, 609, '2015-07-17', 2, 54, 118),
(87159, 609, '2015-07-24', 2, 54, 118),
(87160, 609, '2015-07-27', 1, 54, 118),
(87161, 609, '2015-08-03', 1, 54, 118),
(87162, 609, '2015-08-10', 1, 54, 118),
(87163, 609, '2015-07-27', 2, 54, 118),
(87164, 609, '2015-08-03', 2, 54, 118),
(87165, 609, '2015-08-10', 2, 54, 118),
(87166, 608, '2015-07-28', 1, 54, 136),
(87167, 608, '2015-08-04', 1, 54, 136),
(87168, 608, '2015-08-11', 1, 54, 136),
(87169, 608, '2015-07-28', 2, 54, 136),
(87170, 608, '2015-08-04', 2, 54, 136),
(87171, 608, '2015-08-11', 2, 54, 136),
(87172, 609, '2015-07-29', 1, 54, 118),
(87173, 609, '2015-08-05', 1, 54, 118),
(87174, 609, '2015-08-12', 1, 54, 118),
(87175, 609, '2015-07-29', 2, 54, 118),
(87176, 609, '2015-08-05', 2, 54, 118),
(87177, 609, '2015-08-12', 2, 54, 118),
(87178, 608, '2015-07-30', 1, 54, 136),
(87179, 608, '2015-08-06', 1, 54, 136),
(87180, 608, '2015-08-13', 1, 54, 136),
(87181, 608, '2015-07-30', 2, 54, 136),
(87182, 608, '2015-08-06', 2, 54, 136),
(87183, 608, '2015-08-13', 2, 54, 136),
(87184, 608, '2015-07-31', 1, 54, 136),
(87185, 608, '2015-08-07', 1, 54, 136),
(87186, 608, '2015-08-14', 1, 54, 136),
(87187, 608, '2015-07-31', 2, 54, 136),
(87188, 608, '2015-08-07', 2, 54, 136),
(87189, 608, '2015-08-14', 2, 54, 136),
(87190, 612, '2015-05-04', 2, 50, 124),
(87191, 612, '2015-05-11', 2, 50, 124),
(87192, 612, '2015-05-18', 2, 50, 124),
(87193, 612, '2015-05-04', 3, 50, 124),
(87194, 612, '2015-05-11', 3, 50, 124),
(87195, 612, '2015-05-18', 3, 50, 124),
(87196, 613, '2015-05-05', 2, 55, 131),
(87197, 613, '2015-05-12', 2, 55, 131),
(87198, 613, '2015-05-19', 2, 55, 131),
(87199, 613, '2015-05-05', 3, 55, 131),
(87200, 613, '2015-05-12', 3, 55, 131),
(87201, 613, '2015-05-19', 3, 55, 131),
(87202, 612, '2015-05-06', 2, 50, 124),
(87203, 612, '2015-05-13', 2, 50, 124),
(87204, 612, '2015-05-20', 2, 50, 124),
(87205, 612, '2015-05-06', 3, 50, 124),
(87206, 612, '2015-05-13', 3, 50, 124),
(87207, 612, '2015-05-20', 3, 50, 124),
(87208, 613, '2015-05-07', 2, 55, 131),
(87209, 613, '2015-05-14', 2, 55, 131),
(87210, 613, '2015-05-21', 2, 55, 131),
(87211, 613, '2015-05-07', 3, 55, 131),
(87212, 613, '2015-05-14', 3, 55, 131),
(87213, 613, '2015-05-21', 3, 55, 131),
(87214, 612, '2015-05-08', 2, 50, 124),
(87215, 612, '2015-05-15', 2, 50, 124),
(87216, 612, '2015-05-22', 2, 50, 124),
(87217, 612, '2015-05-08', 3, 50, 124),
(87218, 612, '2015-05-15', 3, 50, 124),
(87219, 612, '2015-05-22', 3, 50, 124),
(87220, 612, '2015-05-25', 2, 50, 124),
(87221, 612, '2015-06-01', 2, 50, 124),
(87222, 612, '2015-06-08', 2, 50, 124),
(87223, 612, '2015-05-25', 3, 50, 124),
(87224, 612, '2015-06-01', 3, 50, 124),
(87225, 612, '2015-06-08', 3, 50, 124),
(87226, 613, '2015-05-26', 2, 55, 131),
(87227, 613, '2015-06-02', 2, 55, 131),
(87228, 613, '2015-06-09', 2, 55, 131),
(87229, 613, '2015-05-26', 3, 55, 131),
(87230, 613, '2015-06-02', 3, 55, 131),
(87231, 613, '2015-06-09', 3, 55, 131),
(87232, 612, '2015-05-27', 2, 50, 124),
(87233, 612, '2015-06-03', 2, 50, 124),
(87234, 612, '2015-06-10', 2, 50, 124),
(87235, 612, '2015-05-27', 3, 50, 124),
(87236, 612, '2015-06-03', 3, 50, 124),
(87237, 612, '2015-06-10', 3, 50, 124),
(87238, 613, '2015-05-28', 2, 55, 131),
(87239, 613, '2015-06-04', 2, 55, 131),
(87240, 613, '2015-06-11', 2, 55, 131),
(87241, 613, '2015-05-28', 3, 55, 131),
(87242, 613, '2015-06-04', 3, 55, 131),
(87243, 613, '2015-06-11', 3, 55, 131),
(87244, 613, '2015-05-29', 2, 55, 131),
(87245, 613, '2015-06-05', 2, 55, 131),
(87246, 613, '2015-06-12', 2, 55, 131),
(87247, 613, '2015-05-29', 3, 55, 131),
(87248, 613, '2015-06-05', 3, 55, 131),
(87249, 613, '2015-06-12', 3, 55, 131),
(87250, 615, '2015-07-06', 1, 55, 114),
(87251, 615, '2015-07-13', 1, 55, 114),
(87252, 615, '2015-07-20', 1, 55, 114),
(87253, 611, '2015-07-06', 2, 55, NULL),
(87254, 611, '2015-07-13', 2, 55, NULL),
(87255, 611, '2015-07-20', 2, 55, NULL),
(87256, 611, '2015-07-06', 3, 55, NULL),
(87257, 611, '2015-07-13', 3, 55, NULL),
(87258, 611, '2015-07-20', 3, 55, NULL),
(87259, 615, '2015-07-07', 1, 55, 114),
(87260, 615, '2015-07-14', 1, 55, 114),
(87261, 615, '2015-07-21', 1, 55, 114),
(87262, 614, '2015-07-07', 2, 55, 118),
(87263, 614, '2015-07-14', 2, 55, 118),
(87264, 614, '2015-07-21', 2, 55, 118),
(87265, 614, '2015-07-07', 3, 55, 118),
(87266, 614, '2015-07-14', 3, 55, 118),
(87267, 614, '2015-07-21', 3, 55, 118),
(87268, 615, '2015-07-08', 1, 55, 114),
(87269, 615, '2015-07-15', 1, 55, 114),
(87270, 615, '2015-07-22', 1, 55, 114),
(87271, 611, '2015-07-08', 2, 55, NULL),
(87272, 611, '2015-07-15', 2, 55, NULL),
(87273, 611, '2015-07-22', 2, 55, NULL),
(87274, 611, '2015-07-08', 3, 55, NULL),
(87275, 611, '2015-07-15', 3, 55, NULL),
(87276, 611, '2015-07-22', 3, 55, NULL),
(87277, 615, '2015-07-09', 1, 55, 114),
(87278, 615, '2015-07-16', 1, 55, 114),
(87279, 615, '2015-07-23', 1, 55, 114),
(87280, 614, '2015-07-09', 2, 55, 118),
(87281, 614, '2015-07-16', 2, 55, 118),
(87282, 614, '2015-07-23', 2, 55, 118),
(87283, 614, '2015-07-09', 3, 55, 118),
(87284, 614, '2015-07-16', 3, 55, 118),
(87285, 614, '2015-07-23', 3, 55, 118),
(87286, 615, '2015-07-10', 1, 55, 114),
(87287, 615, '2015-07-17', 1, 55, 114),
(87288, 615, '2015-07-24', 1, 55, 114),
(87289, 611, '2015-07-10', 2, 55, NULL),
(87290, 611, '2015-07-17', 2, 55, NULL),
(87291, 611, '2015-07-24', 2, 55, NULL),
(87292, 611, '2015-07-10', 3, 55, NULL),
(87293, 611, '2015-07-17', 3, 55, NULL),
(87294, 611, '2015-07-24', 3, 55, NULL),
(87295, 615, '2015-07-27', 1, 55, 114),
(87296, 615, '2015-08-03', 1, 55, 114),
(87297, 615, '2015-08-10', 1, 55, 114),
(87298, 611, '2015-07-27', 2, 55, NULL),
(87299, 611, '2015-08-03', 2, 55, NULL),
(87300, 611, '2015-08-10', 2, 55, NULL),
(87301, 611, '2015-07-27', 3, 55, NULL),
(87302, 611, '2015-08-03', 3, 55, NULL),
(87303, 611, '2015-08-10', 3, 55, NULL),
(87304, 615, '2015-07-28', 1, 55, 114),
(87305, 615, '2015-08-04', 1, 55, 114),
(87306, 615, '2015-08-11', 1, 55, 114),
(87307, 614, '2015-07-28', 2, 55, 118),
(87308, 614, '2015-08-04', 2, 55, 118),
(87309, 614, '2015-08-11', 2, 55, 118),
(87310, 614, '2015-07-28', 3, 55, 118),
(87311, 614, '2015-08-04', 3, 55, 118),
(87312, 614, '2015-08-11', 3, 55, 118),
(87313, 615, '2015-07-29', 1, 55, 114),
(87314, 615, '2015-08-05', 1, 55, 114),
(87315, 615, '2015-08-12', 1, 55, 114),
(87316, 611, '2015-07-29', 2, 55, NULL),
(87317, 611, '2015-08-05', 2, 55, NULL),
(87318, 611, '2015-08-12', 2, 55, NULL),
(87319, 611, '2015-07-29', 3, 55, NULL),
(87320, 611, '2015-08-05', 3, 55, NULL),
(87321, 611, '2015-08-12', 3, 55, NULL),
(87322, 615, '2015-07-30', 1, 55, 114),
(87323, 615, '2015-08-06', 1, 55, 114),
(87324, 615, '2015-08-13', 1, 55, 114),
(87325, 614, '2015-07-30', 2, 55, 118),
(87326, 614, '2015-08-06', 2, 55, 118),
(87327, 614, '2015-08-13', 2, 55, 118),
(87328, 614, '2015-07-30', 3, 55, 118),
(87329, 614, '2015-08-06', 3, 55, 118),
(87330, 614, '2015-08-13', 3, 55, 118),
(87331, 615, '2015-07-31', 1, 55, 114),
(87332, 615, '2015-08-07', 1, 55, 114),
(87333, 615, '2015-08-14', 1, 55, 114),
(87334, 614, '2015-07-31', 2, 55, 118),
(87335, 614, '2015-08-07', 2, 55, 118),
(87336, 614, '2015-08-14', 2, 55, 118),
(87337, 614, '2015-07-31', 3, 55, 118),
(87338, 614, '2015-08-07', 3, 55, 118),
(87339, 614, '2015-08-14', 3, 55, 118),
(87340, 618, '2015-05-04', 1, 56, 136),
(87341, 618, '2015-05-11', 1, 56, 136),
(87342, 618, '2015-05-18', 1, 56, 136),
(87343, 618, '2015-05-04', 2, 56, 136),
(87344, 618, '2015-05-11', 2, 56, 136),
(87345, 618, '2015-05-18', 2, 56, 136),
(87346, 619, '2015-05-05', 1, 56, 118),
(87347, 619, '2015-05-12', 1, 56, 118),
(87348, 619, '2015-05-19', 1, 56, 118),
(87349, 619, '2015-05-05', 2, 56, 118),
(87350, 619, '2015-05-12', 2, 56, 118),
(87351, 619, '2015-05-19', 2, 56, 118),
(87352, 618, '2015-05-06', 1, 56, 136),
(87353, 618, '2015-05-13', 1, 56, 136),
(87354, 618, '2015-05-20', 1, 56, 136),
(87355, 618, '2015-05-06', 2, 56, 136),
(87356, 618, '2015-05-13', 2, 56, 136),
(87357, 618, '2015-05-20', 2, 56, 136),
(87358, 619, '2015-05-07', 1, 56, 118),
(87359, 619, '2015-05-14', 1, 56, 118),
(87360, 619, '2015-05-21', 1, 56, 118),
(87361, 619, '2015-05-07', 2, 56, 118),
(87362, 619, '2015-05-14', 2, 56, 118),
(87363, 619, '2015-05-21', 2, 56, 118),
(87364, 618, '2015-05-08', 1, 56, 136),
(87365, 618, '2015-05-15', 1, 56, 136),
(87366, 618, '2015-05-22', 1, 56, 136),
(87367, 618, '2015-05-08', 2, 56, 136),
(87368, 618, '2015-05-15', 2, 56, 136),
(87369, 618, '2015-05-22', 2, 56, 136),
(87370, 618, '2015-05-25', 1, 56, 136),
(87371, 618, '2015-06-01', 1, 56, 136),
(87372, 618, '2015-06-08', 1, 56, 136),
(87373, 618, '2015-05-25', 2, 56, 136),
(87374, 618, '2015-06-01', 2, 56, 136),
(87375, 618, '2015-06-08', 2, 56, 136),
(87376, 619, '2015-05-26', 1, 56, 118),
(87377, 619, '2015-06-02', 1, 56, 118),
(87378, 619, '2015-06-09', 1, 56, 118),
(87379, 619, '2015-05-26', 2, 56, 118),
(87380, 619, '2015-06-02', 2, 56, 118),
(87381, 619, '2015-06-09', 2, 56, 118),
(87382, 618, '2015-05-27', 1, 56, 136),
(87383, 618, '2015-06-03', 1, 56, 136),
(87384, 618, '2015-06-10', 1, 56, 136),
(87385, 618, '2015-05-27', 2, 56, 136),
(87386, 618, '2015-06-03', 2, 56, 136),
(87387, 618, '2015-06-10', 2, 56, 136),
(87388, 619, '2015-05-28', 1, 56, 118),
(87389, 619, '2015-06-04', 1, 56, 118),
(87390, 619, '2015-06-11', 1, 56, 118),
(87391, 619, '2015-05-28', 2, 56, 118),
(87392, 619, '2015-06-04', 2, 56, 118),
(87393, 619, '2015-06-11', 2, 56, 118),
(87394, 619, '2015-05-29', 1, 56, 118),
(87395, 619, '2015-06-05', 1, 56, 118),
(87396, 619, '2015-06-12', 1, 56, 118),
(87397, 619, '2015-05-29', 2, 56, 118),
(87398, 619, '2015-06-05', 2, 56, 118),
(87399, 619, '2015-06-12', 2, 56, 118),
(87400, 616, '2015-07-06', 1, 56, NULL),
(87401, 616, '2015-07-13', 1, 56, NULL),
(87402, 616, '2015-07-20', 1, 56, NULL),
(87403, 616, '2015-07-06', 2, 56, NULL),
(87404, 616, '2015-07-13', 2, 56, NULL),
(87405, 616, '2015-07-20', 2, 56, NULL),
(87406, 620, '2015-07-06', 3, 56, 129),
(87407, 620, '2015-07-13', 3, 56, 129),
(87408, 620, '2015-07-20', 3, 56, 129),
(87409, 617, '2015-07-07', 1, 50, 106),
(87410, 617, '2015-07-14', 1, 50, 106),
(87411, 617, '2015-07-21', 1, 50, 106),
(87412, 617, '2015-07-07', 2, 50, 106),
(87413, 617, '2015-07-14', 2, 50, 106),
(87414, 617, '2015-07-21', 2, 50, 106),
(87415, 620, '2015-07-07', 3, 56, 129),
(87416, 620, '2015-07-14', 3, 56, 129),
(87417, 620, '2015-07-21', 3, 56, 129),
(87418, 616, '2015-07-08', 1, 56, NULL),
(87419, 616, '2015-07-15', 1, 56, NULL),
(87420, 616, '2015-07-22', 1, 56, NULL),
(87421, 616, '2015-07-08', 2, 56, NULL),
(87422, 616, '2015-07-15', 2, 56, NULL),
(87423, 616, '2015-07-22', 2, 56, NULL),
(87424, 620, '2015-07-08', 3, 56, 129),
(87425, 620, '2015-07-15', 3, 56, 129),
(87426, 620, '2015-07-22', 3, 56, 129),
(87427, 617, '2015-07-09', 1, 50, 106),
(87428, 617, '2015-07-16', 1, 50, 106),
(87429, 617, '2015-07-23', 1, 50, 106),
(87430, 617, '2015-07-09', 2, 50, 106),
(87431, 617, '2015-07-16', 2, 50, 106),
(87432, 617, '2015-07-23', 2, 50, 106),
(87433, 620, '2015-07-09', 3, 56, 129),
(87434, 620, '2015-07-16', 3, 56, 129),
(87435, 620, '2015-07-23', 3, 56, 129),
(87436, 616, '2015-07-10', 1, 56, NULL),
(87437, 616, '2015-07-17', 1, 56, NULL),
(87438, 616, '2015-07-24', 1, 56, NULL),
(87439, 616, '2015-07-10', 2, 56, NULL),
(87440, 616, '2015-07-17', 2, 56, NULL),
(87441, 616, '2015-07-24', 2, 56, NULL),
(87442, 620, '2015-07-10', 3, 56, 129),
(87443, 620, '2015-07-17', 3, 56, 129),
(87444, 620, '2015-07-24', 3, 56, 129),
(87445, 616, '2015-07-27', 1, 56, NULL),
(87446, 616, '2015-08-03', 1, 56, NULL),
(87447, 616, '2015-08-10', 1, 56, NULL),
(87448, 616, '2015-07-27', 2, 56, NULL),
(87449, 616, '2015-08-03', 2, 56, NULL),
(87450, 616, '2015-08-10', 2, 56, NULL),
(87451, 620, '2015-07-27', 3, 56, 129),
(87452, 620, '2015-08-03', 3, 56, 129),
(87453, 620, '2015-08-10', 3, 56, 129),
(87454, 617, '2015-07-28', 1, 50, 106),
(87455, 617, '2015-08-04', 1, 50, 106),
(87456, 617, '2015-08-11', 1, 50, 106),
(87457, 617, '2015-07-28', 2, 50, 106),
(87458, 617, '2015-08-04', 2, 50, 106),
(87459, 617, '2015-08-11', 2, 50, 106),
(87460, 620, '2015-07-28', 3, 56, 129),
(87461, 620, '2015-08-04', 3, 56, 129),
(87462, 620, '2015-08-11', 3, 56, 129),
(87463, 616, '2015-07-29', 1, 56, NULL),
(87464, 616, '2015-08-05', 1, 56, NULL),
(87465, 616, '2015-08-12', 1, 56, NULL),
(87466, 616, '2015-07-29', 2, 56, NULL),
(87467, 616, '2015-08-05', 2, 56, NULL),
(87468, 616, '2015-08-12', 2, 56, NULL),
(87469, 620, '2015-07-29', 3, 56, 129),
(87470, 620, '2015-08-05', 3, 56, 129),
(87471, 620, '2015-08-12', 3, 56, 129),
(87472, 617, '2015-07-30', 1, 50, 106),
(87473, 617, '2015-08-06', 1, 50, 106),
(87474, 617, '2015-08-13', 1, 50, 106),
(87475, 617, '2015-07-30', 2, 50, 106),
(87476, 617, '2015-08-06', 2, 50, 106),
(87477, 617, '2015-08-13', 2, 50, 106),
(87478, 620, '2015-07-30', 3, 56, 129),
(87479, 620, '2015-08-06', 3, 56, 129),
(87480, 620, '2015-08-13', 3, 56, 129),
(87481, 617, '2015-07-31', 1, 50, 106),
(87482, 617, '2015-08-07', 1, 50, 106),
(87483, 617, '2015-08-14', 1, 50, 106),
(87484, 617, '2015-07-31', 2, 50, 106),
(87485, 617, '2015-08-07', 2, 50, 106),
(87486, 617, '2015-08-14', 2, 50, 106),
(87487, 620, '2015-07-31', 3, 56, 129),
(87488, 620, '2015-08-07', 3, 56, 129),
(87489, 620, '2015-08-14', 3, 56, 129),
(87490, 624, '2015-05-04', 4, 55, 118),
(87491, 624, '2015-05-11', 4, 55, 118),
(87492, 624, '2015-05-18', 4, 55, 118),
(87493, 624, '2015-05-04', 5, 55, 118),
(87494, 624, '2015-05-11', 5, 55, 118),
(87495, 624, '2015-05-18', 5, 55, 118),
(87496, 625, '2015-05-04', 6, 55, 133),
(87497, 625, '2015-05-11', 6, 55, 133),
(87498, 625, '2015-05-18', 6, 55, 133),
(87499, 623, '2015-05-05', 4, 55, 114),
(87500, 623, '2015-05-12', 4, 55, 114),
(87501, 623, '2015-05-19', 4, 55, 114),
(87502, 623, '2015-05-05', 5, 55, 114),
(87503, 623, '2015-05-12', 5, 55, 114),
(87504, 623, '2015-05-19', 5, 55, 114),
(87505, 625, '2015-05-05', 6, 55, 133),
(87506, 625, '2015-05-12', 6, 55, 133),
(87507, 625, '2015-05-19', 6, 55, 133),
(87508, 624, '2015-05-06', 4, 55, 118),
(87509, 624, '2015-05-13', 4, 55, 118),
(87510, 624, '2015-05-20', 4, 55, 118),
(87511, 624, '2015-05-06', 5, 55, 118),
(87512, 624, '2015-05-13', 5, 55, 118),
(87513, 624, '2015-05-20', 5, 55, 118),
(87514, 625, '2015-05-06', 6, 55, 133),
(87515, 625, '2015-05-13', 6, 55, 133),
(87516, 625, '2015-05-20', 6, 55, 133),
(87517, 623, '2015-05-07', 4, 55, 114),
(87518, 623, '2015-05-14', 4, 55, 114),
(87519, 623, '2015-05-21', 4, 55, 114),
(87520, 623, '2015-05-07', 5, 55, 114),
(87521, 623, '2015-05-14', 5, 55, 114),
(87522, 623, '2015-05-21', 5, 55, 114),
(87523, 625, '2015-05-07', 6, 55, 133),
(87524, 625, '2015-05-14', 6, 55, 133),
(87525, 625, '2015-05-21', 6, 55, 133),
(87526, 624, '2015-05-08', 4, 55, 118),
(87527, 624, '2015-05-15', 4, 55, 118),
(87528, 624, '2015-05-22', 4, 55, 118),
(87529, 624, '2015-05-08', 5, 55, 118),
(87530, 624, '2015-05-15', 5, 55, 118),
(87531, 624, '2015-05-22', 5, 55, 118),
(87532, 625, '2015-05-08', 6, 55, 133),
(87533, 625, '2015-05-15', 6, 55, 133),
(87534, 625, '2015-05-22', 6, 55, 133),
(87535, 624, '2015-05-25', 4, 55, 118),
(87536, 624, '2015-06-01', 4, 55, 118),
(87537, 624, '2015-06-08', 4, 55, 118),
(87538, 624, '2015-05-25', 5, 55, 118),
(87539, 624, '2015-06-01', 5, 55, 118),
(87540, 624, '2015-06-08', 5, 55, 118),
(87541, 625, '2015-05-25', 6, 55, 133),
(87542, 625, '2015-06-01', 6, 55, 133),
(87543, 625, '2015-06-08', 6, 55, 133),
(87544, 623, '2015-05-26', 4, 55, 114),
(87545, 623, '2015-06-02', 4, 55, 114),
(87546, 623, '2015-06-09', 4, 55, 114),
(87547, 623, '2015-05-26', 5, 55, 114),
(87548, 623, '2015-06-02', 5, 55, 114),
(87549, 623, '2015-06-09', 5, 55, 114),
(87550, 625, '2015-05-26', 6, 55, 133),
(87551, 625, '2015-06-02', 6, 55, 133),
(87552, 625, '2015-06-09', 6, 55, 133),
(87553, 624, '2015-05-27', 4, 55, 118),
(87554, 624, '2015-06-03', 4, 55, 118),
(87555, 624, '2015-06-10', 4, 55, 118),
(87556, 624, '2015-05-27', 5, 55, 118),
(87557, 624, '2015-06-03', 5, 55, 118),
(87558, 624, '2015-06-10', 5, 55, 118),
(87559, 625, '2015-05-27', 6, 55, 133),
(87560, 625, '2015-06-03', 6, 55, 133),
(87561, 625, '2015-06-10', 6, 55, 133),
(87562, 623, '2015-05-28', 4, 55, 114),
(87563, 623, '2015-06-04', 4, 55, 114),
(87564, 623, '2015-06-11', 4, 55, 114),
(87565, 623, '2015-05-28', 5, 55, 114),
(87566, 623, '2015-06-04', 5, 55, 114),
(87567, 623, '2015-06-11', 5, 55, 114),
(87568, 625, '2015-05-28', 6, 55, 133),
(87569, 625, '2015-06-04', 6, 55, 133),
(87570, 625, '2015-06-11', 6, 55, 133),
(87571, 623, '2015-05-29', 4, 55, 114),
(87572, 623, '2015-06-05', 4, 55, 114),
(87573, 623, '2015-06-12', 4, 55, 114),
(87574, 623, '2015-05-29', 5, 55, 114),
(87575, 623, '2015-06-05', 5, 55, 114),
(87576, 623, '2015-06-12', 5, 55, 114),
(87577, 625, '2015-05-29', 6, 55, 133),
(87578, 625, '2015-06-05', 6, 55, 133),
(87579, 625, '2015-06-12', 6, 55, 133),
(87580, 622, '2015-07-06', 5, 55, 108),
(87581, 622, '2015-07-13', 5, 55, 108),
(87582, 622, '2015-07-20', 5, 55, 108),
(87583, 622, '2015-07-06', 6, 55, 108),
(87584, 622, '2015-07-13', 6, 55, 108),
(87585, 622, '2015-07-20', 6, 55, 108),
(87586, 621, '2015-07-07', 5, 55, 117),
(87587, 621, '2015-07-14', 5, 55, 117),
(87588, 621, '2015-07-21', 5, 55, 117),
(87589, 621, '2015-07-07', 6, 55, 117),
(87590, 621, '2015-07-14', 6, 55, 117),
(87591, 621, '2015-07-21', 6, 55, 117),
(87592, 622, '2015-07-08', 5, 55, 108),
(87593, 622, '2015-07-15', 5, 55, 108),
(87594, 622, '2015-07-22', 5, 55, 108),
(87595, 622, '2015-07-08', 6, 55, 108),
(87596, 622, '2015-07-15', 6, 55, 108),
(87597, 622, '2015-07-22', 6, 55, 108),
(87598, 621, '2015-07-09', 5, 55, 117),
(87599, 621, '2015-07-16', 5, 55, 117),
(87600, 621, '2015-07-23', 5, 55, 117),
(87601, 621, '2015-07-09', 6, 55, 117),
(87602, 621, '2015-07-16', 6, 55, 117),
(87603, 621, '2015-07-23', 6, 55, 117),
(87604, 622, '2015-07-10', 5, 55, 108),
(87605, 622, '2015-07-17', 5, 55, 108),
(87606, 622, '2015-07-24', 5, 55, 108),
(87607, 622, '2015-07-10', 6, 55, 108),
(87608, 622, '2015-07-17', 6, 55, 108),
(87609, 622, '2015-07-24', 6, 55, 108),
(87610, 622, '2015-07-27', 5, 55, 108),
(87611, 622, '2015-08-03', 5, 55, 108),
(87612, 622, '2015-08-10', 5, 55, 108),
(87613, 622, '2015-07-27', 6, 55, 108),
(87614, 622, '2015-08-03', 6, 55, 108),
(87615, 622, '2015-08-10', 6, 55, 108),
(87616, 621, '2015-07-28', 5, 55, 117),
(87617, 621, '2015-08-04', 5, 55, 117),
(87618, 621, '2015-08-11', 5, 55, 117),
(87619, 621, '2015-07-28', 6, 55, 117),
(87620, 621, '2015-08-04', 6, 55, 117),
(87621, 621, '2015-08-11', 6, 55, 117),
(87622, 622, '2015-07-29', 5, 55, 108),
(87623, 622, '2015-08-05', 5, 55, 108),
(87624, 622, '2015-08-12', 5, 55, 108),
(87625, 622, '2015-07-29', 6, 55, 108),
(87626, 622, '2015-08-05', 6, 55, 108),
(87627, 622, '2015-08-12', 6, 55, 108),
(87628, 621, '2015-07-30', 5, 55, 117),
(87629, 621, '2015-08-06', 5, 55, 117),
(87630, 621, '2015-08-13', 5, 55, 117),
(87631, 621, '2015-07-30', 6, 55, 117),
(87632, 621, '2015-08-06', 6, 55, 117),
(87633, 621, '2015-08-13', 6, 55, 117),
(87634, 621, '2015-07-31', 5, 55, 117),
(87635, 621, '2015-08-07', 5, 55, 117),
(87636, 621, '2015-08-14', 5, 55, 117),
(87637, 621, '2015-07-31', 6, 55, 117),
(87638, 621, '2015-08-07', 6, 55, 117),
(87639, 621, '2015-08-14', 6, 55, 117),
(87640, 627, '2015-05-04', 4, 50, 124),
(87641, 627, '2015-05-11', 4, 50, 124),
(87642, 627, '2015-05-18', 4, 50, 124),
(87643, 627, '2015-05-04', 5, 50, 124),
(87644, 627, '2015-05-11', 5, 50, 124),
(87645, 627, '2015-05-18', 5, 50, 124),
(87646, 629, '2015-05-05', 5, 56, 118),
(87647, 629, '2015-05-12', 5, 56, 118),
(87648, 629, '2015-05-19', 5, 56, 118),
(87649, 629, '2015-05-05', 6, 56, 118),
(87650, 629, '2015-05-12', 6, 56, 118),
(87651, 629, '2015-05-19', 6, 56, 118),
(87652, 627, '2015-05-06', 4, 50, 124),
(87653, 627, '2015-05-13', 4, 50, 124),
(87654, 627, '2015-05-20', 4, 50, 124),
(87655, 627, '2015-05-06', 5, 50, 124),
(87656, 627, '2015-05-13', 5, 50, 124),
(87657, 627, '2015-05-20', 5, 50, 124),
(87658, 629, '2015-05-07', 5, 56, 118),
(87659, 629, '2015-05-14', 5, 56, 118),
(87660, 629, '2015-05-21', 5, 56, 118),
(87661, 629, '2015-05-07', 6, 56, 118),
(87662, 629, '2015-05-14', 6, 56, 118),
(87663, 629, '2015-05-21', 6, 56, 118),
(87664, 627, '2015-05-08', 4, 50, 124),
(87665, 627, '2015-05-15', 4, 50, 124),
(87666, 627, '2015-05-22', 4, 50, 124),
(87667, 627, '2015-05-08', 5, 50, 124),
(87668, 627, '2015-05-15', 5, 50, 124),
(87669, 627, '2015-05-22', 5, 50, 124),
(87670, 627, '2015-05-25', 4, 50, 124),
(87671, 627, '2015-06-01', 4, 50, 124),
(87672, 627, '2015-06-08', 4, 50, 124),
(87673, 627, '2015-05-25', 5, 50, 124),
(87674, 627, '2015-06-01', 5, 50, 124),
(87675, 627, '2015-06-08', 5, 50, 124),
(87676, 629, '2015-05-26', 5, 56, 118),
(87677, 629, '2015-06-02', 5, 56, 118),
(87678, 629, '2015-06-09', 5, 56, 118),
(87679, 629, '2015-05-26', 6, 56, 118),
(87680, 629, '2015-06-02', 6, 56, 118),
(87681, 629, '2015-06-09', 6, 56, 118),
(87682, 627, '2015-05-27', 4, 50, 124),
(87683, 627, '2015-06-03', 4, 50, 124),
(87684, 627, '2015-06-10', 4, 50, 124),
(87685, 627, '2015-05-27', 5, 50, 124),
(87686, 627, '2015-06-03', 5, 50, 124),
(87687, 627, '2015-06-10', 5, 50, 124),
(87688, 629, '2015-05-28', 5, 56, 118),
(87689, 629, '2015-06-04', 5, 56, 118),
(87690, 629, '2015-06-11', 5, 56, 118),
(87691, 629, '2015-05-28', 6, 56, 118),
(87692, 629, '2015-06-04', 6, 56, 118),
(87693, 629, '2015-06-11', 6, 56, 118),
(87694, 629, '2015-05-29', 5, 56, 118),
(87695, 629, '2015-06-05', 5, 56, 118),
(87696, 629, '2015-06-12', 5, 56, 118),
(87697, 629, '2015-05-29', 6, 56, 118),
(87698, 629, '2015-06-05', 6, 56, 118),
(87699, 629, '2015-06-12', 6, 56, 118),
(87700, 628, '2015-07-06', 4, 56, 136),
(87701, 628, '2015-07-13', 4, 56, 136),
(87702, 628, '2015-07-20', 4, 56, 136),
(87703, 628, '2015-07-06', 5, 56, 136),
(87704, 628, '2015-07-13', 5, 56, 136),
(87705, 628, '2015-07-20', 5, 56, 136),
(87706, 630, '2015-07-06', 6, 56, 129),
(87707, 630, '2015-07-13', 6, 56, 129),
(87708, 630, '2015-07-20', 6, 56, 129),
(87709, 626, '2015-07-07', 4, 56, 107),
(87710, 626, '2015-07-14', 4, 56, 107),
(87711, 626, '2015-07-21', 4, 56, 107),
(87712, 626, '2015-07-07', 5, 56, 107),
(87713, 626, '2015-07-14', 5, 56, 107),
(87714, 626, '2015-07-21', 5, 56, 107),
(87715, 630, '2015-07-07', 6, 56, 129),
(87716, 630, '2015-07-14', 6, 56, 129),
(87717, 630, '2015-07-21', 6, 56, 129),
(87718, 628, '2015-07-08', 4, 56, 136),
(87719, 628, '2015-07-15', 4, 56, 136),
(87720, 628, '2015-07-22', 4, 56, 136),
(87721, 628, '2015-07-08', 5, 56, 136),
(87722, 628, '2015-07-15', 5, 56, 136),
(87723, 628, '2015-07-22', 5, 56, 136),
(87724, 630, '2015-07-08', 6, 56, 129),
(87725, 630, '2015-07-15', 6, 56, 129),
(87726, 630, '2015-07-22', 6, 56, 129),
(87727, 626, '2015-07-09', 4, 56, 107),
(87728, 626, '2015-07-16', 4, 56, 107),
(87729, 626, '2015-07-23', 4, 56, 107),
(87730, 626, '2015-07-09', 5, 56, 107),
(87731, 626, '2015-07-16', 5, 56, 107),
(87732, 626, '2015-07-23', 5, 56, 107),
(87733, 630, '2015-07-09', 6, 56, 129),
(87734, 630, '2015-07-16', 6, 56, 129),
(87735, 630, '2015-07-23', 6, 56, 129),
(87736, 628, '2015-07-10', 4, 56, 136),
(87737, 628, '2015-07-17', 4, 56, 136),
(87738, 628, '2015-07-24', 4, 56, 136),
(87739, 628, '2015-07-10', 5, 56, 136),
(87740, 628, '2015-07-17', 5, 56, 136),
(87741, 628, '2015-07-24', 5, 56, 136),
(87742, 630, '2015-07-10', 6, 56, 129),
(87743, 630, '2015-07-17', 6, 56, 129),
(87744, 630, '2015-07-24', 6, 56, 129),
(87745, 628, '2015-07-27', 4, 56, 136),
(87746, 628, '2015-08-03', 4, 56, 136),
(87747, 628, '2015-08-10', 4, 56, 136),
(87748, 628, '2015-07-27', 5, 56, 136),
(87749, 628, '2015-08-03', 5, 56, 136),
(87750, 628, '2015-08-10', 5, 56, 136),
(87751, 630, '2015-07-27', 6, 56, 129),
(87752, 630, '2015-08-03', 6, 56, 129),
(87753, 630, '2015-08-10', 6, 56, 129),
(87754, 626, '2015-07-28', 4, 56, 107),
(87755, 626, '2015-08-04', 4, 56, 107),
(87756, 626, '2015-08-11', 4, 56, 107),
(87757, 626, '2015-07-28', 5, 56, 107),
(87758, 626, '2015-08-04', 5, 56, 107),
(87759, 626, '2015-08-11', 5, 56, 107),
(87760, 630, '2015-07-28', 6, 56, 129),
(87761, 630, '2015-08-04', 6, 56, 129),
(87762, 630, '2015-08-11', 6, 56, 129),
(87763, 628, '2015-07-29', 4, 56, 136),
(87764, 628, '2015-08-05', 4, 56, 136),
(87765, 628, '2015-08-12', 4, 56, 136),
(87766, 628, '2015-07-29', 5, 56, 136),
(87767, 628, '2015-08-05', 5, 56, 136),
(87768, 628, '2015-08-12', 5, 56, 136),
(87769, 630, '2015-07-29', 6, 56, 129),
(87770, 630, '2015-08-05', 6, 56, 129),
(87771, 630, '2015-08-12', 6, 56, 129),
(87772, 626, '2015-07-30', 4, 56, 107),
(87773, 626, '2015-08-06', 4, 56, 107),
(87774, 626, '2015-08-13', 4, 56, 107),
(87775, 626, '2015-07-30', 5, 56, 107),
(87776, 626, '2015-08-06', 5, 56, 107),
(87777, 626, '2015-08-13', 5, 56, 107),
(87778, 630, '2015-07-30', 6, 56, 129),
(87779, 630, '2015-08-06', 6, 56, 129),
(87780, 630, '2015-08-13', 6, 56, 129),
(87781, 626, '2015-07-31', 4, 56, 107),
(87782, 626, '2015-08-07', 4, 56, 107),
(87783, 626, '2015-08-14', 4, 56, 107),
(87784, 626, '2015-07-31', 5, 56, 107),
(87785, 626, '2015-08-07', 5, 56, 107),
(87786, 626, '2015-08-14', 5, 56, 107),
(87787, 630, '2015-07-31', 6, 56, 129),
(87788, 630, '2015-08-07', 6, 56, 129),
(87789, 630, '2015-08-14', 6, 56, 129),
(87790, 634, '2015-05-04', 5, 57, 131),
(87791, 634, '2015-05-11', 5, 57, 131),
(87792, 634, '2015-05-18', 5, 57, 131),
(87793, 634, '2015-05-04', 6, 57, 131),
(87794, 634, '2015-05-11', 6, 57, 131),
(87795, 634, '2015-05-18', 6, 57, 131),
(87796, 631, '2015-05-05', 5, 57, 125),
(87797, 631, '2015-05-12', 5, 57, 125),
(87798, 631, '2015-05-19', 5, 57, 125),
(87799, 631, '2015-05-05', 6, 57, 125),
(87800, 631, '2015-05-12', 6, 57, 125),
(87801, 631, '2015-05-19', 6, 57, 125),
(87802, 634, '2015-05-06', 5, 57, 131),
(87803, 634, '2015-05-13', 5, 57, 131),
(87804, 634, '2015-05-20', 5, 57, 131),
(87805, 634, '2015-05-06', 6, 57, 131),
(87806, 634, '2015-05-13', 6, 57, 131),
(87807, 634, '2015-05-20', 6, 57, 131),
(87808, 631, '2015-05-07', 5, 57, 125),
(87809, 631, '2015-05-14', 5, 57, 125),
(87810, 631, '2015-05-21', 5, 57, 125),
(87811, 631, '2015-05-07', 6, 57, 125),
(87812, 631, '2015-05-14', 6, 57, 125),
(87813, 631, '2015-05-21', 6, 57, 125),
(87814, 634, '2015-05-08', 5, 57, 131),
(87815, 634, '2015-05-15', 5, 57, 131),
(87816, 634, '2015-05-22', 5, 57, 131),
(87817, 634, '2015-05-08', 6, 57, 131),
(87818, 634, '2015-05-15', 6, 57, 131),
(87819, 634, '2015-05-22', 6, 57, 131),
(87820, 634, '2015-05-25', 5, 57, 131),
(87821, 634, '2015-06-01', 5, 57, 131),
(87822, 634, '2015-06-08', 5, 57, 131),
(87823, 634, '2015-05-25', 6, 57, 131),
(87824, 634, '2015-06-01', 6, 57, 131),
(87825, 634, '2015-06-08', 6, 57, 131),
(87826, 631, '2015-05-26', 5, 57, 125),
(87827, 631, '2015-06-02', 5, 57, 125),
(87828, 631, '2015-06-09', 5, 57, 125),
(87829, 631, '2015-05-26', 6, 57, 125),
(87830, 631, '2015-06-02', 6, 57, 125),
(87831, 631, '2015-06-09', 6, 57, 125),
(87832, 634, '2015-05-27', 5, 57, 131),
(87833, 634, '2015-06-03', 5, 57, 131),
(87834, 634, '2015-06-10', 5, 57, 131),
(87835, 634, '2015-05-27', 6, 57, 131),
(87836, 634, '2015-06-03', 6, 57, 131),
(87837, 634, '2015-06-10', 6, 57, 131),
(87838, 631, '2015-05-28', 5, 57, 125),
(87839, 631, '2015-06-04', 5, 57, 125),
(87840, 631, '2015-06-11', 5, 57, 125),
(87841, 631, '2015-05-28', 6, 57, 125),
(87842, 631, '2015-06-04', 6, 57, 125),
(87843, 631, '2015-06-11', 6, 57, 125),
(87844, 631, '2015-05-29', 5, 57, 125),
(87845, 631, '2015-06-05', 5, 57, 125),
(87846, 631, '2015-06-12', 5, 57, 125),
(87847, 631, '2015-05-29', 6, 57, 125),
(87848, 631, '2015-06-05', 6, 57, 125),
(87849, 631, '2015-06-12', 6, 57, 125),
(87850, 635, '2015-07-06', 4, 97, 112),
(87851, 635, '2015-07-13', 4, 97, 112),
(87852, 635, '2015-07-20', 4, 97, 112),
(87853, 632, '2015-07-06', 5, 57, 107),
(87854, 632, '2015-07-13', 5, 57, 107),
(87855, 632, '2015-07-20', 5, 57, 107),
(87856, 632, '2015-07-06', 6, 57, 107),
(87857, 632, '2015-07-13', 6, 57, 107),
(87858, 632, '2015-07-20', 6, 57, 107),
(87859, 635, '2015-07-07', 4, 97, 112),
(87860, 635, '2015-07-14', 4, 97, 112),
(87861, 635, '2015-07-21', 4, 97, 112),
(87862, 633, '2015-07-07', 5, 57, NULL),
(87863, 633, '2015-07-14', 5, 57, NULL),
(87864, 633, '2015-07-21', 5, 57, NULL),
(87865, 633, '2015-07-07', 6, 57, NULL),
(87866, 633, '2015-07-14', 6, 57, NULL),
(87867, 633, '2015-07-21', 6, 57, NULL),
(87868, 635, '2015-07-08', 4, 97, 112),
(87869, 635, '2015-07-15', 4, 97, 112),
(87870, 635, '2015-07-22', 4, 97, 112),
(87871, 632, '2015-07-08', 5, 57, 107),
(87872, 632, '2015-07-15', 5, 57, 107),
(87873, 632, '2015-07-22', 5, 57, 107),
(87874, 632, '2015-07-08', 6, 57, 107),
(87875, 632, '2015-07-15', 6, 57, 107),
(87876, 632, '2015-07-22', 6, 57, 107),
(87877, 635, '2015-07-09', 4, 97, 112),
(87878, 635, '2015-07-16', 4, 97, 112),
(87879, 635, '2015-07-23', 4, 97, 112),
(87880, 633, '2015-07-09', 5, 57, NULL),
(87881, 633, '2015-07-16', 5, 57, NULL),
(87882, 633, '2015-07-23', 5, 57, NULL),
(87883, 633, '2015-07-09', 6, 57, NULL),
(87884, 633, '2015-07-16', 6, 57, NULL),
(87885, 633, '2015-07-23', 6, 57, NULL),
(87886, 635, '2015-07-10', 4, 97, 112),
(87887, 635, '2015-07-17', 4, 97, 112),
(87888, 635, '2015-07-24', 4, 97, 112),
(87889, 632, '2015-07-10', 5, 57, 107),
(87890, 632, '2015-07-17', 5, 57, 107),
(87891, 632, '2015-07-24', 5, 57, 107),
(87892, 632, '2015-07-10', 6, 57, 107),
(87893, 632, '2015-07-17', 6, 57, 107),
(87894, 632, '2015-07-24', 6, 57, 107),
(87895, 635, '2015-07-27', 4, 97, 112),
(87896, 635, '2015-08-03', 4, 97, 112),
(87897, 635, '2015-08-10', 4, 97, 112);
INSERT INTO `time_table` (`time_table_id`, `class_course_semester_id`, `date`, `slot`, `room_id`, `teacher_semester_id`) VALUES
(87898, 632, '2015-07-27', 5, 57, 107),
(87899, 632, '2015-08-03', 5, 57, 107),
(87900, 632, '2015-08-10', 5, 57, 107),
(87901, 632, '2015-07-27', 6, 57, 107),
(87902, 632, '2015-08-03', 6, 57, 107),
(87903, 632, '2015-08-10', 6, 57, 107),
(87904, 635, '2015-07-28', 4, 97, 112),
(87905, 635, '2015-08-04', 4, 97, 112),
(87906, 635, '2015-08-11', 4, 97, 112),
(87907, 633, '2015-07-28', 5, 57, NULL),
(87908, 633, '2015-08-04', 5, 57, NULL),
(87909, 633, '2015-08-11', 5, 57, NULL),
(87910, 633, '2015-07-28', 6, 57, NULL),
(87911, 633, '2015-08-04', 6, 57, NULL),
(87912, 633, '2015-08-11', 6, 57, NULL),
(87913, 635, '2015-07-29', 4, 97, 112),
(87914, 635, '2015-08-05', 4, 97, 112),
(87915, 635, '2015-08-12', 4, 97, 112),
(87916, 632, '2015-07-29', 5, 57, 107),
(87917, 632, '2015-08-05', 5, 57, 107),
(87918, 632, '2015-08-12', 5, 57, 107),
(87919, 632, '2015-07-29', 6, 57, 107),
(87920, 632, '2015-08-05', 6, 57, 107),
(87921, 632, '2015-08-12', 6, 57, 107),
(87922, 635, '2015-07-30', 4, 97, 112),
(87923, 635, '2015-08-06', 4, 97, 112),
(87924, 635, '2015-08-13', 4, 97, 112),
(87925, 633, '2015-07-30', 5, 57, NULL),
(87926, 633, '2015-08-06', 5, 57, NULL),
(87927, 633, '2015-08-13', 5, 57, NULL),
(87928, 633, '2015-07-30', 6, 57, NULL),
(87929, 633, '2015-08-06', 6, 57, NULL),
(87930, 633, '2015-08-13', 6, 57, NULL),
(87931, 635, '2015-07-31', 4, 97, 112),
(87932, 635, '2015-08-07', 4, 97, 112),
(87933, 635, '2015-08-14', 4, 97, 112),
(87934, 633, '2015-07-31', 5, 57, NULL),
(87935, 633, '2015-08-07', 5, 57, NULL),
(87936, 633, '2015-08-14', 5, 57, NULL),
(87937, 633, '2015-07-31', 6, 57, NULL),
(87938, 633, '2015-08-07', 6, 57, NULL),
(87939, 633, '2015-08-14', 6, 57, NULL),
(87940, 638, '2015-05-04', 1, 57, NULL),
(87941, 638, '2015-05-11', 1, 57, NULL),
(87942, 638, '2015-05-18', 1, 57, NULL),
(87943, 638, '2015-05-04', 2, 57, NULL),
(87944, 638, '2015-05-11', 2, 57, NULL),
(87945, 638, '2015-05-18', 2, 57, NULL),
(87946, 640, '2015-05-04', 3, 97, NULL),
(87947, 640, '2015-05-11', 3, 97, NULL),
(87948, 640, '2015-05-18', 3, 97, NULL),
(87949, 636, '2015-05-05', 1, 57, 125),
(87950, 636, '2015-05-12', 1, 57, 125),
(87951, 636, '2015-05-19', 1, 57, 125),
(87952, 636, '2015-05-05', 2, 57, 125),
(87953, 636, '2015-05-12', 2, 57, 125),
(87954, 636, '2015-05-19', 2, 57, 125),
(87955, 640, '2015-05-05', 3, 97, NULL),
(87956, 640, '2015-05-12', 3, 97, NULL),
(87957, 640, '2015-05-19', 3, 97, NULL),
(87958, 638, '2015-05-06', 1, 57, NULL),
(87959, 638, '2015-05-13', 1, 57, NULL),
(87960, 638, '2015-05-20', 1, 57, NULL),
(87961, 638, '2015-05-06', 2, 57, NULL),
(87962, 638, '2015-05-13', 2, 57, NULL),
(87963, 638, '2015-05-20', 2, 57, NULL),
(87964, 640, '2015-05-06', 3, 97, NULL),
(87965, 640, '2015-05-13', 3, 97, NULL),
(87966, 640, '2015-05-20', 3, 97, NULL),
(87967, 636, '2015-05-07', 1, 57, 125),
(87968, 636, '2015-05-14', 1, 57, 125),
(87969, 636, '2015-05-21', 1, 57, 125),
(87970, 636, '2015-05-07', 2, 57, 125),
(87971, 636, '2015-05-14', 2, 57, 125),
(87972, 636, '2015-05-21', 2, 57, 125),
(87973, 640, '2015-05-07', 3, 97, NULL),
(87974, 640, '2015-05-14', 3, 97, NULL),
(87975, 640, '2015-05-21', 3, 97, NULL),
(87976, 638, '2015-05-08', 1, 57, NULL),
(87977, 638, '2015-05-15', 1, 57, NULL),
(87978, 638, '2015-05-22', 1, 57, NULL),
(87979, 638, '2015-05-08', 2, 57, NULL),
(87980, 638, '2015-05-15', 2, 57, NULL),
(87981, 638, '2015-05-22', 2, 57, NULL),
(87982, 640, '2015-05-08', 3, 97, NULL),
(87983, 640, '2015-05-15', 3, 97, NULL),
(87984, 640, '2015-05-22', 3, 97, NULL),
(87985, 638, '2015-05-25', 1, 57, NULL),
(87986, 638, '2015-06-01', 1, 57, NULL),
(87987, 638, '2015-06-08', 1, 57, NULL),
(87988, 638, '2015-05-25', 2, 57, NULL),
(87989, 638, '2015-06-01', 2, 57, NULL),
(87990, 638, '2015-06-08', 2, 57, NULL),
(87991, 640, '2015-05-25', 3, 97, NULL),
(87992, 640, '2015-06-01', 3, 97, NULL),
(87993, 640, '2015-06-08', 3, 97, NULL),
(87994, 636, '2015-05-26', 1, 57, 125),
(87995, 636, '2015-06-02', 1, 57, 125),
(87996, 636, '2015-06-09', 1, 57, 125),
(87997, 636, '2015-05-26', 2, 57, 125),
(87998, 636, '2015-06-02', 2, 57, 125),
(87999, 636, '2015-06-09', 2, 57, 125),
(88000, 640, '2015-05-26', 3, 97, NULL),
(88001, 640, '2015-06-02', 3, 97, NULL),
(88002, 640, '2015-06-09', 3, 97, NULL),
(88003, 638, '2015-05-27', 1, 57, NULL),
(88004, 638, '2015-06-03', 1, 57, NULL),
(88005, 638, '2015-06-10', 1, 57, NULL),
(88006, 638, '2015-05-27', 2, 57, NULL),
(88007, 638, '2015-06-03', 2, 57, NULL),
(88008, 638, '2015-06-10', 2, 57, NULL),
(88009, 640, '2015-05-27', 3, 97, NULL),
(88010, 640, '2015-06-03', 3, 97, NULL),
(88011, 640, '2015-06-10', 3, 97, NULL),
(88012, 636, '2015-05-28', 1, 57, 125),
(88013, 636, '2015-06-04', 1, 57, 125),
(88014, 636, '2015-06-11', 1, 57, 125),
(88015, 636, '2015-05-28', 2, 57, 125),
(88016, 636, '2015-06-04', 2, 57, 125),
(88017, 636, '2015-06-11', 2, 57, 125),
(88018, 640, '2015-05-28', 3, 97, NULL),
(88019, 640, '2015-06-04', 3, 97, NULL),
(88020, 640, '2015-06-11', 3, 97, NULL),
(88021, 636, '2015-05-29', 1, 57, 125),
(88022, 636, '2015-06-05', 1, 57, 125),
(88023, 636, '2015-06-12', 1, 57, 125),
(88024, 636, '2015-05-29', 2, 57, 125),
(88025, 636, '2015-06-05', 2, 57, 125),
(88026, 636, '2015-06-12', 2, 57, 125),
(88027, 640, '2015-05-29', 3, 97, NULL),
(88028, 640, '2015-06-05', 3, 97, NULL),
(88029, 640, '2015-06-12', 3, 97, NULL),
(88030, 637, '2015-07-06', 1, 57, 107),
(88031, 637, '2015-07-13', 1, 57, 107),
(88032, 637, '2015-07-20', 1, 57, 107),
(88033, 637, '2015-07-06', 2, 57, 107),
(88034, 637, '2015-07-13', 2, 57, 107),
(88035, 637, '2015-07-20', 2, 57, 107),
(88036, 639, '2015-07-07', 1, 57, 117),
(88037, 639, '2015-07-14', 1, 57, 117),
(88038, 639, '2015-07-21', 1, 57, 117),
(88039, 639, '2015-07-07', 2, 57, 117),
(88040, 639, '2015-07-14', 2, 57, 117),
(88041, 639, '2015-07-21', 2, 57, 117),
(88042, 637, '2015-07-08', 1, 57, 107),
(88043, 637, '2015-07-15', 1, 57, 107),
(88044, 637, '2015-07-22', 1, 57, 107),
(88045, 637, '2015-07-08', 2, 57, 107),
(88046, 637, '2015-07-15', 2, 57, 107),
(88047, 637, '2015-07-22', 2, 57, 107),
(88048, 639, '2015-07-09', 1, 57, 117),
(88049, 639, '2015-07-16', 1, 57, 117),
(88050, 639, '2015-07-23', 1, 57, 117),
(88051, 639, '2015-07-09', 2, 57, 117),
(88052, 639, '2015-07-16', 2, 57, 117),
(88053, 639, '2015-07-23', 2, 57, 117),
(88054, 637, '2015-07-10', 1, 57, 107),
(88055, 637, '2015-07-17', 1, 57, 107),
(88056, 637, '2015-07-24', 1, 57, 107),
(88057, 637, '2015-07-10', 2, 57, 107),
(88058, 637, '2015-07-17', 2, 57, 107),
(88059, 637, '2015-07-24', 2, 57, 107),
(88060, 637, '2015-07-27', 1, 57, 107),
(88061, 637, '2015-08-03', 1, 57, 107),
(88062, 637, '2015-08-10', 1, 57, 107),
(88063, 637, '2015-07-27', 2, 57, 107),
(88064, 637, '2015-08-03', 2, 57, 107),
(88065, 637, '2015-08-10', 2, 57, 107),
(88066, 639, '2015-07-28', 1, 57, 117),
(88067, 639, '2015-08-04', 1, 57, 117),
(88068, 639, '2015-08-11', 1, 57, 117),
(88069, 639, '2015-07-28', 2, 57, 117),
(88070, 639, '2015-08-04', 2, 57, 117),
(88071, 639, '2015-08-11', 2, 57, 117),
(88072, 637, '2015-07-29', 1, 57, 107),
(88073, 637, '2015-08-05', 1, 57, 107),
(88074, 637, '2015-08-12', 1, 57, 107),
(88075, 637, '2015-07-29', 2, 57, 107),
(88076, 637, '2015-08-05', 2, 57, 107),
(88077, 637, '2015-08-12', 2, 57, 107),
(88078, 639, '2015-07-30', 1, 57, 117),
(88079, 639, '2015-08-06', 1, 57, 117),
(88080, 639, '2015-08-13', 1, 57, 117),
(88081, 639, '2015-07-30', 2, 57, 117),
(88082, 639, '2015-08-06', 2, 57, 117),
(88083, 639, '2015-08-13', 2, 57, 117),
(88084, 639, '2015-07-31', 1, 57, 117),
(88085, 639, '2015-08-07', 1, 57, 117),
(88086, 639, '2015-08-14', 1, 57, 117),
(88087, 639, '2015-07-31', 2, 57, 117),
(88088, 639, '2015-08-07', 2, 57, 117),
(88089, 639, '2015-08-14', 2, 57, 117),
(88090, 644, '2015-05-04', 1, 59, 131),
(88091, 644, '2015-05-11', 1, 59, 131),
(88092, 644, '2015-05-18', 1, 59, 131),
(88093, 644, '2015-05-04', 2, 59, 131),
(88094, 644, '2015-05-11', 2, 59, 131),
(88095, 644, '2015-05-18', 2, 59, 131),
(88096, 643, '2015-05-05', 2, 59, NULL),
(88097, 643, '2015-05-12', 2, 59, NULL),
(88098, 643, '2015-05-19', 2, 59, NULL),
(88099, 643, '2015-05-05', 3, 59, NULL),
(88100, 643, '2015-05-12', 3, 59, NULL),
(88101, 643, '2015-05-19', 3, 59, NULL),
(88102, 644, '2015-05-06', 1, 59, 131),
(88103, 644, '2015-05-13', 1, 59, 131),
(88104, 644, '2015-05-20', 1, 59, 131),
(88105, 644, '2015-05-06', 2, 59, 131),
(88106, 644, '2015-05-13', 2, 59, 131),
(88107, 644, '2015-05-20', 2, 59, 131),
(88108, 643, '2015-05-07', 2, 59, NULL),
(88109, 643, '2015-05-14', 2, 59, NULL),
(88110, 643, '2015-05-21', 2, 59, NULL),
(88111, 643, '2015-05-07', 3, 59, NULL),
(88112, 643, '2015-05-14', 3, 59, NULL),
(88113, 643, '2015-05-21', 3, 59, NULL),
(88114, 644, '2015-05-08', 1, 59, 131),
(88115, 644, '2015-05-15', 1, 59, 131),
(88116, 644, '2015-05-22', 1, 59, 131),
(88117, 644, '2015-05-08', 2, 59, 131),
(88118, 644, '2015-05-15', 2, 59, 131),
(88119, 644, '2015-05-22', 2, 59, 131),
(88120, 644, '2015-05-25', 1, 59, 131),
(88121, 644, '2015-06-01', 1, 59, 131),
(88122, 644, '2015-06-08', 1, 59, 131),
(88123, 644, '2015-05-25', 2, 59, 131),
(88124, 644, '2015-06-01', 2, 59, 131),
(88125, 644, '2015-06-08', 2, 59, 131),
(88126, 643, '2015-05-26', 2, 59, NULL),
(88127, 643, '2015-06-02', 2, 59, NULL),
(88128, 643, '2015-06-09', 2, 59, NULL),
(88129, 643, '2015-05-26', 3, 59, NULL),
(88130, 643, '2015-06-02', 3, 59, NULL),
(88131, 643, '2015-06-09', 3, 59, NULL),
(88132, 644, '2015-05-27', 1, 59, 131),
(88133, 644, '2015-06-03', 1, 59, 131),
(88134, 644, '2015-06-10', 1, 59, 131),
(88135, 644, '2015-05-27', 2, 59, 131),
(88136, 644, '2015-06-03', 2, 59, 131),
(88137, 644, '2015-06-10', 2, 59, 131),
(88138, 643, '2015-05-28', 2, 59, NULL),
(88139, 643, '2015-06-04', 2, 59, NULL),
(88140, 643, '2015-06-11', 2, 59, NULL),
(88141, 643, '2015-05-28', 3, 59, NULL),
(88142, 643, '2015-06-04', 3, 59, NULL),
(88143, 643, '2015-06-11', 3, 59, NULL),
(88144, 643, '2015-05-29', 2, 59, NULL),
(88145, 643, '2015-06-05', 2, 59, NULL),
(88146, 643, '2015-06-12', 2, 59, NULL),
(88147, 643, '2015-05-29', 3, 59, NULL),
(88148, 643, '2015-06-05', 3, 59, NULL),
(88149, 643, '2015-06-12', 3, 59, NULL),
(88150, 645, '2015-07-06', 1, 97, 112),
(88151, 645, '2015-07-13', 1, 97, 112),
(88152, 645, '2015-07-20', 1, 97, 112),
(88153, 641, '2015-07-06', 2, 59, NULL),
(88154, 641, '2015-07-13', 2, 59, NULL),
(88155, 641, '2015-07-20', 2, 59, NULL),
(88156, 641, '2015-07-06', 3, 59, NULL),
(88157, 641, '2015-07-13', 3, 59, NULL),
(88158, 641, '2015-07-20', 3, 59, NULL),
(88159, 645, '2015-07-07', 1, 97, 112),
(88160, 645, '2015-07-14', 1, 97, 112),
(88161, 645, '2015-07-21', 1, 97, 112),
(88162, 642, '2015-07-07', 2, 59, 107),
(88163, 642, '2015-07-14', 2, 59, 107),
(88164, 642, '2015-07-21', 2, 59, 107),
(88165, 642, '2015-07-07', 3, 59, 107),
(88166, 642, '2015-07-14', 3, 59, 107),
(88167, 642, '2015-07-21', 3, 59, 107),
(88168, 645, '2015-07-08', 1, 97, 112),
(88169, 645, '2015-07-15', 1, 97, 112),
(88170, 645, '2015-07-22', 1, 97, 112),
(88171, 641, '2015-07-08', 2, 59, NULL),
(88172, 641, '2015-07-15', 2, 59, NULL),
(88173, 641, '2015-07-22', 2, 59, NULL),
(88174, 641, '2015-07-08', 3, 59, NULL),
(88175, 641, '2015-07-15', 3, 59, NULL),
(88176, 641, '2015-07-22', 3, 59, NULL),
(88177, 645, '2015-07-09', 1, 97, 112),
(88178, 645, '2015-07-16', 1, 97, 112),
(88179, 645, '2015-07-23', 1, 97, 112),
(88180, 642, '2015-07-09', 2, 59, 107),
(88181, 642, '2015-07-16', 2, 59, 107),
(88182, 642, '2015-07-23', 2, 59, 107),
(88183, 642, '2015-07-09', 3, 59, 107),
(88184, 642, '2015-07-16', 3, 59, 107),
(88185, 642, '2015-07-23', 3, 59, 107),
(88186, 645, '2015-07-10', 1, 97, 112),
(88187, 645, '2015-07-17', 1, 97, 112),
(88188, 645, '2015-07-24', 1, 97, 112),
(88189, 641, '2015-07-10', 2, 59, NULL),
(88190, 641, '2015-07-17', 2, 59, NULL),
(88191, 641, '2015-07-24', 2, 59, NULL),
(88192, 641, '2015-07-10', 3, 59, NULL),
(88193, 641, '2015-07-17', 3, 59, NULL),
(88194, 641, '2015-07-24', 3, 59, NULL),
(88195, 645, '2015-07-27', 1, 97, 112),
(88196, 645, '2015-08-03', 1, 97, 112),
(88197, 645, '2015-08-10', 1, 97, 112),
(88198, 641, '2015-07-27', 2, 59, NULL),
(88199, 641, '2015-08-03', 2, 59, NULL),
(88200, 641, '2015-08-10', 2, 59, NULL),
(88201, 641, '2015-07-27', 3, 59, NULL),
(88202, 641, '2015-08-03', 3, 59, NULL),
(88203, 641, '2015-08-10', 3, 59, NULL),
(88204, 645, '2015-07-28', 1, 97, 112),
(88205, 645, '2015-08-04', 1, 97, 112),
(88206, 645, '2015-08-11', 1, 97, 112),
(88207, 642, '2015-07-28', 2, 59, 107),
(88208, 642, '2015-08-04', 2, 59, 107),
(88209, 642, '2015-08-11', 2, 59, 107),
(88210, 642, '2015-07-28', 3, 59, 107),
(88211, 642, '2015-08-04', 3, 59, 107),
(88212, 642, '2015-08-11', 3, 59, 107),
(88213, 645, '2015-07-29', 1, 97, 112),
(88214, 645, '2015-08-05', 1, 97, 112),
(88215, 645, '2015-08-12', 1, 97, 112),
(88216, 641, '2015-07-29', 2, 59, NULL),
(88217, 641, '2015-08-05', 2, 59, NULL),
(88218, 641, '2015-08-12', 2, 59, NULL),
(88219, 641, '2015-07-29', 3, 59, NULL),
(88220, 641, '2015-08-05', 3, 59, NULL),
(88221, 641, '2015-08-12', 3, 59, NULL),
(88222, 645, '2015-07-30', 1, 97, 112),
(88223, 645, '2015-08-06', 1, 97, 112),
(88224, 645, '2015-08-13', 1, 97, 112),
(88225, 642, '2015-07-30', 2, 59, 107),
(88226, 642, '2015-08-06', 2, 59, 107),
(88227, 642, '2015-08-13', 2, 59, 107),
(88228, 642, '2015-07-30', 3, 59, 107),
(88229, 642, '2015-08-06', 3, 59, 107),
(88230, 642, '2015-08-13', 3, 59, 107),
(88231, 645, '2015-07-31', 1, 97, 112),
(88232, 645, '2015-08-07', 1, 97, 112),
(88233, 645, '2015-08-14', 1, 97, 112),
(88234, 642, '2015-07-31', 2, 59, 107),
(88235, 642, '2015-08-07', 2, 59, 107),
(88236, 642, '2015-08-14', 2, 59, 107),
(88237, 642, '2015-07-31', 3, 59, 107),
(88238, 642, '2015-08-07', 3, 59, 107),
(88239, 642, '2015-08-14', 3, 59, 107),
(88240, 655, '2015-05-04', 4, 97, 112),
(88241, 655, '2015-05-11', 4, 97, 112),
(88242, 655, '2015-05-18', 4, 97, 112),
(88243, 654, '2015-05-04', 5, 59, 110),
(88244, 654, '2015-05-11', 5, 59, 110),
(88245, 654, '2015-05-18', 5, 59, 110),
(88246, 654, '2015-05-04', 6, 59, 110),
(88247, 654, '2015-05-11', 6, 59, 110),
(88248, 654, '2015-05-18', 6, 59, 110),
(88249, 655, '2015-05-05', 4, 97, 112),
(88250, 655, '2015-05-12', 4, 97, 112),
(88251, 655, '2015-05-19', 4, 97, 112),
(88252, 653, '2015-05-05', 5, 59, 109),
(88253, 653, '2015-05-12', 5, 59, 109),
(88254, 653, '2015-05-19', 5, 59, 109),
(88255, 653, '2015-05-05', 6, 59, 109),
(88256, 653, '2015-05-12', 6, 59, 109),
(88257, 653, '2015-05-19', 6, 59, 109),
(88258, 655, '2015-05-06', 4, 97, 112),
(88259, 655, '2015-05-13', 4, 97, 112),
(88260, 655, '2015-05-20', 4, 97, 112),
(88261, 654, '2015-05-06', 5, 59, 110),
(88262, 654, '2015-05-13', 5, 59, 110),
(88263, 654, '2015-05-20', 5, 59, 110),
(88264, 654, '2015-05-06', 6, 59, 110),
(88265, 654, '2015-05-13', 6, 59, 110),
(88266, 654, '2015-05-20', 6, 59, 110),
(88267, 655, '2015-05-07', 4, 97, 112),
(88268, 655, '2015-05-14', 4, 97, 112),
(88269, 655, '2015-05-21', 4, 97, 112),
(88270, 653, '2015-05-07', 5, 59, 109),
(88271, 653, '2015-05-14', 5, 59, 109),
(88272, 653, '2015-05-21', 5, 59, 109),
(88273, 653, '2015-05-07', 6, 59, 109),
(88274, 653, '2015-05-14', 6, 59, 109),
(88275, 653, '2015-05-21', 6, 59, 109),
(88276, 655, '2015-05-08', 4, 97, 112),
(88277, 655, '2015-05-15', 4, 97, 112),
(88278, 655, '2015-05-22', 4, 97, 112),
(88279, 654, '2015-05-08', 5, 59, 110),
(88280, 654, '2015-05-15', 5, 59, 110),
(88281, 654, '2015-05-22', 5, 59, 110),
(88282, 654, '2015-05-08', 6, 59, 110),
(88283, 654, '2015-05-15', 6, 59, 110),
(88284, 654, '2015-05-22', 6, 59, 110),
(88285, 655, '2015-05-25', 4, 97, 112),
(88286, 655, '2015-06-01', 4, 97, 112),
(88287, 655, '2015-06-08', 4, 97, 112),
(88288, 654, '2015-05-25', 5, 59, 110),
(88289, 654, '2015-06-01', 5, 59, 110),
(88290, 654, '2015-06-08', 5, 59, 110),
(88291, 654, '2015-05-25', 6, 59, 110),
(88292, 654, '2015-06-01', 6, 59, 110),
(88293, 654, '2015-06-08', 6, 59, 110),
(88294, 655, '2015-05-26', 4, 97, 112),
(88295, 655, '2015-06-02', 4, 97, 112),
(88296, 655, '2015-06-09', 4, 97, 112),
(88297, 653, '2015-05-26', 5, 59, 109),
(88298, 653, '2015-06-02', 5, 59, 109),
(88299, 653, '2015-06-09', 5, 59, 109),
(88300, 653, '2015-05-26', 6, 59, 109),
(88301, 653, '2015-06-02', 6, 59, 109),
(88302, 653, '2015-06-09', 6, 59, 109),
(88303, 655, '2015-05-27', 4, 97, 112),
(88304, 655, '2015-06-03', 4, 97, 112),
(88305, 655, '2015-06-10', 4, 97, 112),
(88306, 654, '2015-05-27', 5, 59, 110),
(88307, 654, '2015-06-03', 5, 59, 110),
(88308, 654, '2015-06-10', 5, 59, 110),
(88309, 654, '2015-05-27', 6, 59, 110),
(88310, 654, '2015-06-03', 6, 59, 110),
(88311, 654, '2015-06-10', 6, 59, 110),
(88312, 655, '2015-05-28', 4, 97, 112),
(88313, 655, '2015-06-04', 4, 97, 112),
(88314, 655, '2015-06-11', 4, 97, 112),
(88315, 653, '2015-05-28', 5, 59, 109),
(88316, 653, '2015-06-04', 5, 59, 109),
(88317, 653, '2015-06-11', 5, 59, 109),
(88318, 653, '2015-05-28', 6, 59, 109),
(88319, 653, '2015-06-04', 6, 59, 109),
(88320, 653, '2015-06-11', 6, 59, 109),
(88321, 655, '2015-05-29', 4, 97, 112),
(88322, 655, '2015-06-05', 4, 97, 112),
(88323, 655, '2015-06-12', 4, 97, 112),
(88324, 653, '2015-05-29', 5, 59, 109),
(88325, 653, '2015-06-05', 5, 59, 109),
(88326, 653, '2015-06-12', 5, 59, 109),
(88327, 653, '2015-05-29', 6, 59, 109),
(88328, 653, '2015-06-05', 6, 59, 109),
(88329, 653, '2015-06-12', 6, 59, 109),
(88330, 652, '2015-07-06', 5, 59, 126),
(88331, 652, '2015-07-13', 5, 59, 126),
(88332, 652, '2015-07-20', 5, 59, 126),
(88333, 652, '2015-07-06', 6, 59, 126),
(88334, 652, '2015-07-13', 6, 59, 126),
(88335, 652, '2015-07-20', 6, 59, 126),
(88336, 651, '2015-07-07', 4, 59, 138),
(88337, 651, '2015-07-14', 4, 59, 138),
(88338, 651, '2015-07-21', 4, 59, 138),
(88339, 651, '2015-07-07', 5, 59, 138),
(88340, 651, '2015-07-14', 5, 59, 138),
(88341, 651, '2015-07-21', 5, 59, 138),
(88342, 652, '2015-07-08', 5, 59, 126),
(88343, 652, '2015-07-15', 5, 59, 126),
(88344, 652, '2015-07-22', 5, 59, 126),
(88345, 652, '2015-07-08', 6, 59, 126),
(88346, 652, '2015-07-15', 6, 59, 126),
(88347, 652, '2015-07-22', 6, 59, 126),
(88348, 651, '2015-07-09', 4, 59, 138),
(88349, 651, '2015-07-16', 4, 59, 138),
(88350, 651, '2015-07-23', 4, 59, 138),
(88351, 651, '2015-07-09', 5, 59, 138),
(88352, 651, '2015-07-16', 5, 59, 138),
(88353, 651, '2015-07-23', 5, 59, 138),
(88354, 652, '2015-07-10', 5, 59, 126),
(88355, 652, '2015-07-17', 5, 59, 126),
(88356, 652, '2015-07-24', 5, 59, 126),
(88357, 652, '2015-07-10', 6, 59, 126),
(88358, 652, '2015-07-17', 6, 59, 126),
(88359, 652, '2015-07-24', 6, 59, 126),
(88360, 652, '2015-07-27', 5, 59, 126),
(88361, 652, '2015-08-03', 5, 59, 126),
(88362, 652, '2015-08-10', 5, 59, 126),
(88363, 652, '2015-07-27', 6, 59, 126),
(88364, 652, '2015-08-03', 6, 59, 126),
(88365, 652, '2015-08-10', 6, 59, 126),
(88366, 651, '2015-07-28', 4, 59, 138),
(88367, 651, '2015-08-04', 4, 59, 138),
(88368, 651, '2015-08-11', 4, 59, 138),
(88369, 651, '2015-07-28', 5, 59, 138),
(88370, 651, '2015-08-04', 5, 59, 138),
(88371, 651, '2015-08-11', 5, 59, 138),
(88372, 652, '2015-07-29', 5, 59, 126),
(88373, 652, '2015-08-05', 5, 59, 126),
(88374, 652, '2015-08-12', 5, 59, 126),
(88375, 652, '2015-07-29', 6, 59, 126),
(88376, 652, '2015-08-05', 6, 59, 126),
(88377, 652, '2015-08-12', 6, 59, 126),
(88378, 651, '2015-07-30', 4, 59, 138),
(88379, 651, '2015-08-06', 4, 59, 138),
(88380, 651, '2015-08-13', 4, 59, 138),
(88381, 651, '2015-07-30', 5, 59, 138),
(88382, 651, '2015-08-06', 5, 59, 138),
(88383, 651, '2015-08-13', 5, 59, 138),
(88384, 651, '2015-07-31', 4, 59, 138),
(88385, 651, '2015-08-07', 4, 59, 138),
(88386, 651, '2015-08-14', 4, 59, 138),
(88387, 651, '2015-07-31', 5, 59, 138),
(88388, 651, '2015-08-07', 5, 59, 138),
(88389, 651, '2015-08-14', 5, 59, 138),
(88390, 658, '2015-05-04', 4, 60, 108),
(88391, 658, '2015-05-11', 4, 60, 108),
(88392, 658, '2015-05-18', 4, 60, 108),
(88393, 658, '2015-05-04', 5, 60, 108),
(88394, 658, '2015-05-11', 5, 60, 108),
(88395, 658, '2015-05-18', 5, 60, 108),
(88396, 660, '2015-05-04', 6, 97, 112),
(88397, 660, '2015-05-11', 6, 97, 112),
(88398, 660, '2015-05-18', 6, 97, 112),
(88399, 659, '2015-05-05', 4, 60, 128),
(88400, 659, '2015-05-12', 4, 60, 128),
(88401, 659, '2015-05-19', 4, 60, 128),
(88402, 659, '2015-05-05', 5, 60, 128),
(88403, 659, '2015-05-12', 5, 60, 128),
(88404, 659, '2015-05-19', 5, 60, 128),
(88405, 660, '2015-05-05', 6, 97, 112),
(88406, 660, '2015-05-12', 6, 97, 112),
(88407, 660, '2015-05-19', 6, 97, 112),
(88408, 658, '2015-05-06', 4, 60, 108),
(88409, 658, '2015-05-13', 4, 60, 108),
(88410, 658, '2015-05-20', 4, 60, 108),
(88411, 658, '2015-05-06', 5, 60, 108),
(88412, 658, '2015-05-13', 5, 60, 108),
(88413, 658, '2015-05-20', 5, 60, 108),
(88414, 660, '2015-05-06', 6, 97, 112),
(88415, 660, '2015-05-13', 6, 97, 112),
(88416, 660, '2015-05-20', 6, 97, 112),
(88417, 659, '2015-05-07', 4, 60, 128),
(88418, 659, '2015-05-14', 4, 60, 128),
(88419, 659, '2015-05-21', 4, 60, 128),
(88420, 659, '2015-05-07', 5, 60, 128),
(88421, 659, '2015-05-14', 5, 60, 128),
(88422, 659, '2015-05-21', 5, 60, 128),
(88423, 660, '2015-05-07', 6, 97, 112),
(88424, 660, '2015-05-14', 6, 97, 112),
(88425, 660, '2015-05-21', 6, 97, 112),
(88426, 658, '2015-05-08', 4, 60, 108),
(88427, 658, '2015-05-15', 4, 60, 108),
(88428, 658, '2015-05-22', 4, 60, 108),
(88429, 658, '2015-05-08', 5, 60, 108),
(88430, 658, '2015-05-15', 5, 60, 108),
(88431, 658, '2015-05-22', 5, 60, 108),
(88432, 660, '2015-05-08', 6, 97, 112),
(88433, 660, '2015-05-15', 6, 97, 112),
(88434, 660, '2015-05-22', 6, 97, 112),
(88435, 658, '2015-05-25', 4, 60, 108),
(88436, 658, '2015-06-01', 4, 60, 108),
(88437, 658, '2015-06-08', 4, 60, 108),
(88438, 658, '2015-05-25', 5, 60, 108),
(88439, 658, '2015-06-01', 5, 60, 108),
(88440, 658, '2015-06-08', 5, 60, 108),
(88441, 660, '2015-05-25', 6, 97, 112),
(88442, 660, '2015-06-01', 6, 97, 112),
(88443, 660, '2015-06-08', 6, 97, 112),
(88444, 659, '2015-05-26', 4, 60, 128),
(88445, 659, '2015-06-02', 4, 60, 128),
(88446, 659, '2015-06-09', 4, 60, 128),
(88447, 659, '2015-05-26', 5, 60, 128),
(88448, 659, '2015-06-02', 5, 60, 128),
(88449, 659, '2015-06-09', 5, 60, 128),
(88450, 660, '2015-05-26', 6, 97, 112),
(88451, 660, '2015-06-02', 6, 97, 112),
(88452, 660, '2015-06-09', 6, 97, 112),
(88453, 658, '2015-05-27', 4, 60, 108),
(88454, 658, '2015-06-03', 4, 60, 108),
(88455, 658, '2015-06-10', 4, 60, 108),
(88456, 658, '2015-05-27', 5, 60, 108),
(88457, 658, '2015-06-03', 5, 60, 108),
(88458, 658, '2015-06-10', 5, 60, 108),
(88459, 660, '2015-05-27', 6, 97, 112),
(88460, 660, '2015-06-03', 6, 97, 112),
(88461, 660, '2015-06-10', 6, 97, 112),
(88462, 659, '2015-05-28', 4, 60, 128),
(88463, 659, '2015-06-04', 4, 60, 128),
(88464, 659, '2015-06-11', 4, 60, 128),
(88465, 659, '2015-05-28', 5, 60, 128),
(88466, 659, '2015-06-04', 5, 60, 128),
(88467, 659, '2015-06-11', 5, 60, 128),
(88468, 660, '2015-05-28', 6, 97, 112),
(88469, 660, '2015-06-04', 6, 97, 112),
(88470, 660, '2015-06-11', 6, 97, 112),
(88471, 659, '2015-05-29', 4, 60, 128),
(88472, 659, '2015-06-05', 4, 60, 128),
(88473, 659, '2015-06-12', 4, 60, 128),
(88474, 659, '2015-05-29', 5, 60, 128),
(88475, 659, '2015-06-05', 5, 60, 128),
(88476, 659, '2015-06-12', 5, 60, 128),
(88477, 660, '2015-05-29', 6, 97, 112),
(88478, 660, '2015-06-05', 6, 97, 112),
(88479, 660, '2015-06-12', 6, 97, 112),
(88480, 656, '2015-07-06', 4, 60, 116),
(88481, 656, '2015-07-13', 4, 60, 116),
(88482, 656, '2015-07-20', 4, 60, 116),
(88483, 656, '2015-07-06', 5, 60, 116),
(88484, 656, '2015-07-13', 5, 60, 116),
(88485, 656, '2015-07-20', 5, 60, 116),
(88486, 657, '2015-07-07', 4, 60, 110),
(88487, 657, '2015-07-14', 4, 60, 110),
(88488, 657, '2015-07-21', 4, 60, 110),
(88489, 657, '2015-07-07', 5, 60, 110),
(88490, 657, '2015-07-14', 5, 60, 110),
(88491, 657, '2015-07-21', 5, 60, 110),
(88492, 656, '2015-07-08', 4, 60, 116),
(88493, 656, '2015-07-15', 4, 60, 116),
(88494, 656, '2015-07-22', 4, 60, 116),
(88495, 656, '2015-07-08', 5, 60, 116),
(88496, 656, '2015-07-15', 5, 60, 116),
(88497, 656, '2015-07-22', 5, 60, 116),
(88498, 657, '2015-07-09', 4, 60, 110),
(88499, 657, '2015-07-16', 4, 60, 110),
(88500, 657, '2015-07-23', 4, 60, 110),
(88501, 657, '2015-07-09', 5, 60, 110),
(88502, 657, '2015-07-16', 5, 60, 110),
(88503, 657, '2015-07-23', 5, 60, 110),
(88504, 656, '2015-07-10', 4, 60, 116),
(88505, 656, '2015-07-17', 4, 60, 116),
(88506, 656, '2015-07-24', 4, 60, 116),
(88507, 656, '2015-07-10', 5, 60, 116),
(88508, 656, '2015-07-17', 5, 60, 116),
(88509, 656, '2015-07-24', 5, 60, 116),
(88510, 656, '2015-07-27', 4, 60, 116),
(88511, 656, '2015-08-03', 4, 60, 116),
(88512, 656, '2015-08-10', 4, 60, 116),
(88513, 656, '2015-07-27', 5, 60, 116),
(88514, 656, '2015-08-03', 5, 60, 116),
(88515, 656, '2015-08-10', 5, 60, 116),
(88516, 657, '2015-07-28', 4, 60, 110),
(88517, 657, '2015-08-04', 4, 60, 110),
(88518, 657, '2015-08-11', 4, 60, 110),
(88519, 657, '2015-07-28', 5, 60, 110),
(88520, 657, '2015-08-04', 5, 60, 110),
(88521, 657, '2015-08-11', 5, 60, 110),
(88522, 656, '2015-07-29', 4, 60, 116),
(88523, 656, '2015-08-05', 4, 60, 116),
(88524, 656, '2015-08-12', 4, 60, 116),
(88525, 656, '2015-07-29', 5, 60, 116),
(88526, 656, '2015-08-05', 5, 60, 116),
(88527, 656, '2015-08-12', 5, 60, 116),
(88528, 657, '2015-07-30', 4, 60, 110),
(88529, 657, '2015-08-06', 4, 60, 110),
(88530, 657, '2015-08-13', 4, 60, 110),
(88531, 657, '2015-07-30', 5, 60, 110),
(88532, 657, '2015-08-06', 5, 60, 110),
(88533, 657, '2015-08-13', 5, 60, 110),
(88534, 657, '2015-07-31', 4, 60, 110),
(88535, 657, '2015-08-07', 4, 60, 110),
(88536, 657, '2015-08-14', 4, 60, 110),
(88537, 657, '2015-07-31', 5, 60, 110),
(88538, 657, '2015-08-07', 5, 60, 110),
(88539, 657, '2015-08-14', 5, 60, 110),
(88540, 664, '2015-05-04', 1, 60, 128),
(88541, 664, '2015-05-11', 1, 60, 128),
(88542, 664, '2015-05-18', 1, 60, 128),
(88543, 664, '2015-05-04', 2, 60, 128),
(88544, 664, '2015-05-11', 2, 60, 128),
(88545, 664, '2015-05-18', 2, 60, 128),
(88546, 665, '2015-05-04', 3, NULL, 112),
(88547, 665, '2015-05-11', 3, NULL, 112),
(88548, 665, '2015-05-18', 3, NULL, 112),
(88549, 663, '2015-05-05', 1, 60, 108),
(88550, 663, '2015-05-12', 1, 60, 108),
(88551, 663, '2015-05-19', 1, 60, 108),
(88552, 663, '2015-05-05', 2, 60, 108),
(88553, 663, '2015-05-12', 2, 60, 108),
(88554, 663, '2015-05-19', 2, 60, 108),
(88555, 665, '2015-05-05', 3, NULL, 112),
(88556, 665, '2015-05-12', 3, NULL, 112),
(88557, 665, '2015-05-19', 3, NULL, 112),
(88558, 664, '2015-05-06', 1, 60, 128),
(88559, 664, '2015-05-13', 1, 60, 128),
(88560, 664, '2015-05-20', 1, 60, 128),
(88561, 664, '2015-05-06', 2, 60, 128),
(88562, 664, '2015-05-13', 2, 60, 128),
(88563, 664, '2015-05-20', 2, 60, 128),
(88564, 665, '2015-05-06', 3, NULL, 112),
(88565, 665, '2015-05-13', 3, NULL, 112),
(88566, 665, '2015-05-20', 3, NULL, 112),
(88567, 663, '2015-05-07', 1, 60, 108),
(88568, 663, '2015-05-14', 1, 60, 108),
(88569, 663, '2015-05-21', 1, 60, 108),
(88570, 663, '2015-05-07', 2, 60, 108),
(88571, 663, '2015-05-14', 2, 60, 108),
(88572, 663, '2015-05-21', 2, 60, 108),
(88573, 665, '2015-05-07', 3, NULL, 112),
(88574, 665, '2015-05-14', 3, NULL, 112),
(88575, 665, '2015-05-21', 3, NULL, 112),
(88576, 664, '2015-05-08', 1, 60, 128),
(88577, 664, '2015-05-15', 1, 60, 128),
(88578, 664, '2015-05-22', 1, 60, 128),
(88579, 664, '2015-05-08', 2, 60, 128),
(88580, 664, '2015-05-15', 2, 60, 128),
(88581, 664, '2015-05-22', 2, 60, 128),
(88582, 665, '2015-05-08', 3, NULL, 112),
(88583, 665, '2015-05-15', 3, NULL, 112),
(88584, 665, '2015-05-22', 3, NULL, 112),
(88585, 664, '2015-05-25', 1, 60, 128),
(88586, 664, '2015-06-01', 1, 60, 128),
(88587, 664, '2015-06-08', 1, 60, 128),
(88588, 664, '2015-05-25', 2, 60, 128),
(88589, 664, '2015-06-01', 2, 60, 128),
(88590, 664, '2015-06-08', 2, 60, 128),
(88591, 665, '2015-05-25', 3, NULL, 112),
(88592, 665, '2015-06-01', 3, NULL, 112),
(88593, 665, '2015-06-08', 3, NULL, 112),
(88594, 663, '2015-05-26', 1, 60, 108),
(88595, 663, '2015-06-02', 1, 60, 108),
(88596, 663, '2015-06-09', 1, 60, 108),
(88597, 663, '2015-05-26', 2, 60, 108),
(88598, 663, '2015-06-02', 2, 60, 108),
(88599, 663, '2015-06-09', 2, 60, 108),
(88600, 665, '2015-05-26', 3, NULL, 112),
(88601, 665, '2015-06-02', 3, NULL, 112),
(88602, 665, '2015-06-09', 3, NULL, 112),
(88603, 664, '2015-05-27', 1, 60, 128),
(88604, 664, '2015-06-03', 1, 60, 128),
(88605, 664, '2015-06-10', 1, 60, 128),
(88606, 664, '2015-05-27', 2, 60, 128),
(88607, 664, '2015-06-03', 2, 60, 128),
(88608, 664, '2015-06-10', 2, 60, 128),
(88609, 665, '2015-05-27', 3, NULL, 112),
(88610, 665, '2015-06-03', 3, NULL, 112),
(88611, 665, '2015-06-10', 3, NULL, 112),
(88612, 663, '2015-05-28', 1, 60, 108),
(88613, 663, '2015-06-04', 1, 60, 108),
(88614, 663, '2015-06-11', 1, 60, 108),
(88615, 663, '2015-05-28', 2, 60, 108),
(88616, 663, '2015-06-04', 2, 60, 108),
(88617, 663, '2015-06-11', 2, 60, 108),
(88618, 665, '2015-05-28', 3, NULL, 112),
(88619, 665, '2015-06-04', 3, NULL, 112),
(88620, 665, '2015-06-11', 3, NULL, 112),
(88621, 663, '2015-05-29', 1, 60, 108),
(88622, 663, '2015-06-05', 1, 60, 108),
(88623, 663, '2015-06-12', 1, 60, 108),
(88624, 663, '2015-05-29', 2, 60, 108),
(88625, 663, '2015-06-05', 2, 60, 108),
(88626, 663, '2015-06-12', 2, 60, 108),
(88627, 665, '2015-05-29', 3, NULL, 112),
(88628, 665, '2015-06-05', 3, NULL, 112),
(88629, 665, '2015-06-12', 3, NULL, 112),
(88630, 661, '2015-07-06', 1, 60, 116),
(88631, 661, '2015-07-13', 1, 60, 116),
(88632, 661, '2015-07-20', 1, 60, 116),
(88633, 661, '2015-07-06', 2, 60, 116),
(88634, 661, '2015-07-13', 2, 60, 116),
(88635, 661, '2015-07-20', 2, 60, 116),
(88636, 662, '2015-07-07', 2, 60, 110),
(88637, 662, '2015-07-14', 2, 60, 110),
(88638, 662, '2015-07-21', 2, 60, 110),
(88639, 662, '2015-07-07', 3, 60, 110),
(88640, 662, '2015-07-14', 3, 60, 110),
(88641, 662, '2015-07-21', 3, 60, 110),
(88642, 661, '2015-07-08', 1, 60, 116),
(88643, 661, '2015-07-15', 1, 60, 116),
(88644, 661, '2015-07-22', 1, 60, 116),
(88645, 661, '2015-07-08', 2, 60, 116),
(88646, 661, '2015-07-15', 2, 60, 116),
(88647, 661, '2015-07-22', 2, 60, 116),
(88648, 662, '2015-07-09', 2, 60, 110),
(88649, 662, '2015-07-16', 2, 60, 110),
(88650, 662, '2015-07-23', 2, 60, 110),
(88651, 662, '2015-07-09', 3, 60, 110),
(88652, 662, '2015-07-16', 3, 60, 110),
(88653, 662, '2015-07-23', 3, 60, 110),
(88654, 661, '2015-07-10', 1, 60, 116),
(88655, 661, '2015-07-17', 1, 60, 116),
(88656, 661, '2015-07-24', 1, 60, 116),
(88657, 661, '2015-07-10', 2, 60, 116),
(88658, 661, '2015-07-17', 2, 60, 116),
(88659, 661, '2015-07-24', 2, 60, 116),
(88660, 661, '2015-07-27', 1, 60, 116),
(88661, 661, '2015-08-03', 1, 60, 116),
(88662, 661, '2015-08-10', 1, 60, 116),
(88663, 661, '2015-07-27', 2, 60, 116),
(88664, 661, '2015-08-03', 2, 60, 116),
(88665, 661, '2015-08-10', 2, 60, 116),
(88666, 662, '2015-07-28', 2, 60, 110),
(88667, 662, '2015-08-04', 2, 60, 110),
(88668, 662, '2015-08-11', 2, 60, 110),
(88669, 662, '2015-07-28', 3, 60, 110),
(88670, 662, '2015-08-04', 3, 60, 110),
(88671, 662, '2015-08-11', 3, 60, 110),
(88672, 661, '2015-07-29', 1, 60, 116),
(88673, 661, '2015-08-05', 1, 60, 116),
(88674, 661, '2015-08-12', 1, 60, 116),
(88675, 661, '2015-07-29', 2, 60, 116),
(88676, 661, '2015-08-05', 2, 60, 116),
(88677, 661, '2015-08-12', 2, 60, 116),
(88678, 662, '2015-07-30', 2, 60, 110),
(88679, 662, '2015-08-06', 2, 60, 110),
(88680, 662, '2015-08-13', 2, 60, 110),
(88681, 662, '2015-07-30', 3, 60, 110),
(88682, 662, '2015-08-06', 3, 60, 110),
(88683, 662, '2015-08-13', 3, 60, 110),
(88684, 662, '2015-07-31', 2, 60, 110),
(88685, 662, '2015-08-07', 2, 60, 110),
(88686, 662, '2015-08-14', 2, 60, 110),
(88687, 662, '2015-07-31', 3, 60, 110),
(88688, 662, '2015-08-07', 3, 60, 110),
(88689, 662, '2015-08-14', 3, 60, 110),
(88690, 675, '2015-05-04', 4, 61, 135),
(88691, 675, '2015-05-11', 4, 61, 135),
(88692, 675, '2015-05-18', 4, 61, 135),
(88693, 673, '2015-05-04', 5, 61, 109),
(88694, 673, '2015-05-11', 5, 61, 109),
(88695, 673, '2015-05-18', 5, 61, 109),
(88696, 673, '2015-05-04', 6, 61, 109),
(88697, 673, '2015-05-11', 6, 61, 109),
(88698, 673, '2015-05-18', 6, 61, 109),
(88699, 675, '2015-05-05', 4, 61, 135),
(88700, 675, '2015-05-12', 4, 61, 135),
(88701, 675, '2015-05-19', 4, 61, 135),
(88702, 674, '2015-05-05', 5, 61, 126),
(88703, 674, '2015-05-12', 5, 61, 126),
(88704, 674, '2015-05-19', 5, 61, 126),
(88705, 674, '2015-05-05', 6, 61, 126),
(88706, 674, '2015-05-12', 6, 61, 126),
(88707, 674, '2015-05-19', 6, 61, 126),
(88708, 675, '2015-05-06', 4, 61, 135),
(88709, 675, '2015-05-13', 4, 61, 135),
(88710, 675, '2015-05-20', 4, 61, 135),
(88711, 673, '2015-05-06', 5, 61, 109),
(88712, 673, '2015-05-13', 5, 61, 109),
(88713, 673, '2015-05-20', 5, 61, 109),
(88714, 673, '2015-05-06', 6, 61, 109),
(88715, 673, '2015-05-13', 6, 61, 109),
(88716, 673, '2015-05-20', 6, 61, 109),
(88717, 675, '2015-05-07', 4, 61, 135),
(88718, 675, '2015-05-14', 4, 61, 135),
(88719, 675, '2015-05-21', 4, 61, 135),
(88720, 674, '2015-05-07', 5, 61, 126),
(88721, 674, '2015-05-14', 5, 61, 126),
(88722, 674, '2015-05-21', 5, 61, 126),
(88723, 674, '2015-05-07', 6, 61, 126),
(88724, 674, '2015-05-14', 6, 61, 126),
(88725, 674, '2015-05-21', 6, 61, 126),
(88726, 675, '2015-05-08', 4, 61, 135),
(88727, 675, '2015-05-15', 4, 61, 135),
(88728, 675, '2015-05-22', 4, 61, 135),
(88729, 673, '2015-05-08', 5, 61, 109),
(88730, 673, '2015-05-15', 5, 61, 109),
(88731, 673, '2015-05-22', 5, 61, 109),
(88732, 673, '2015-05-08', 6, 61, 109),
(88733, 673, '2015-05-15', 6, 61, 109),
(88734, 673, '2015-05-22', 6, 61, 109),
(88735, 675, '2015-05-25', 4, 61, 135),
(88736, 675, '2015-06-01', 4, 61, 135),
(88737, 675, '2015-06-08', 4, 61, 135),
(88738, 673, '2015-05-25', 5, 61, 109),
(88739, 673, '2015-06-01', 5, 61, 109),
(88740, 673, '2015-06-08', 5, 61, 109),
(88741, 673, '2015-05-25', 6, 61, 109),
(88742, 673, '2015-06-01', 6, 61, 109),
(88743, 673, '2015-06-08', 6, 61, 109),
(88744, 675, '2015-05-26', 4, 61, 135),
(88745, 675, '2015-06-02', 4, 61, 135),
(88746, 675, '2015-06-09', 4, 61, 135),
(88747, 674, '2015-05-26', 5, 61, 126),
(88748, 674, '2015-06-02', 5, 61, 126),
(88749, 674, '2015-06-09', 5, 61, 126),
(88750, 674, '2015-05-26', 6, 61, 126),
(88751, 674, '2015-06-02', 6, 61, 126),
(88752, 674, '2015-06-09', 6, 61, 126),
(88753, 675, '2015-05-27', 4, 61, 135),
(88754, 675, '2015-06-03', 4, 61, 135),
(88755, 675, '2015-06-10', 4, 61, 135),
(88756, 673, '2015-05-27', 5, 61, 109),
(88757, 673, '2015-06-03', 5, 61, 109),
(88758, 673, '2015-06-10', 5, 61, 109),
(88759, 673, '2015-05-27', 6, 61, 109),
(88760, 673, '2015-06-03', 6, 61, 109),
(88761, 673, '2015-06-10', 6, 61, 109),
(88762, 675, '2015-05-28', 4, 61, 135),
(88763, 675, '2015-06-04', 4, 61, 135),
(88764, 675, '2015-06-11', 4, 61, 135),
(88765, 674, '2015-05-28', 5, 61, 126),
(88766, 674, '2015-06-04', 5, 61, 126),
(88767, 674, '2015-06-11', 5, 61, 126),
(88768, 674, '2015-05-28', 6, 61, 126),
(88769, 674, '2015-06-04', 6, 61, 126),
(88770, 674, '2015-06-11', 6, 61, 126),
(88771, 675, '2015-05-29', 4, 61, 135),
(88772, 675, '2015-06-05', 4, 61, 135),
(88773, 675, '2015-06-12', 4, 61, 135),
(88774, 674, '2015-05-29', 5, 61, 126),
(88775, 674, '2015-06-05', 5, 61, 126),
(88776, 674, '2015-06-12', 5, 61, 126),
(88777, 674, '2015-05-29', 6, 61, 126),
(88778, 674, '2015-06-05', 6, 61, 126),
(88779, 674, '2015-06-12', 6, 61, 126),
(88780, 672, '2015-07-06', 4, 61, 127),
(88781, 672, '2015-07-13', 4, 61, 127),
(88782, 672, '2015-07-20', 4, 61, 127),
(88783, 672, '2015-07-06', 5, 61, 127),
(88784, 672, '2015-07-13', 5, 61, 127),
(88785, 672, '2015-07-20', 5, 61, 127),
(88786, 671, '2015-07-07', 4, 61, 125),
(88787, 671, '2015-07-14', 4, 61, 125),
(88788, 671, '2015-07-21', 4, 61, 125),
(88789, 671, '2015-07-07', 5, 61, 125),
(88790, 671, '2015-07-14', 5, 61, 125),
(88791, 671, '2015-07-21', 5, 61, 125),
(88792, 672, '2015-07-08', 4, 61, 127),
(88793, 672, '2015-07-15', 4, 61, 127),
(88794, 672, '2015-07-22', 4, 61, 127),
(88795, 672, '2015-07-08', 5, 61, 127),
(88796, 672, '2015-07-15', 5, 61, 127),
(88797, 672, '2015-07-22', 5, 61, 127),
(88798, 671, '2015-07-09', 4, 61, 125),
(88799, 671, '2015-07-16', 4, 61, 125),
(88800, 671, '2015-07-23', 4, 61, 125),
(88801, 671, '2015-07-09', 5, 61, 125),
(88802, 671, '2015-07-16', 5, 61, 125),
(88803, 671, '2015-07-23', 5, 61, 125),
(88804, 672, '2015-07-10', 4, 61, 127),
(88805, 672, '2015-07-17', 4, 61, 127),
(88806, 672, '2015-07-24', 4, 61, 127),
(88807, 672, '2015-07-10', 5, 61, 127),
(88808, 672, '2015-07-17', 5, 61, 127),
(88809, 672, '2015-07-24', 5, 61, 127),
(88810, 672, '2015-07-27', 4, 61, 127),
(88811, 672, '2015-08-03', 4, 61, 127),
(88812, 672, '2015-08-10', 4, 61, 127),
(88813, 672, '2015-07-27', 5, 61, 127),
(88814, 672, '2015-08-03', 5, 61, 127),
(88815, 672, '2015-08-10', 5, 61, 127),
(88816, 671, '2015-07-28', 4, 61, 125),
(88817, 671, '2015-08-04', 4, 61, 125),
(88818, 671, '2015-08-11', 4, 61, 125),
(88819, 671, '2015-07-28', 5, 61, 125),
(88820, 671, '2015-08-04', 5, 61, 125),
(88821, 671, '2015-08-11', 5, 61, 125),
(88822, 672, '2015-07-29', 4, 61, 127),
(88823, 672, '2015-08-05', 4, 61, 127),
(88824, 672, '2015-08-12', 4, 61, 127),
(88825, 672, '2015-07-29', 5, 61, 127),
(88826, 672, '2015-08-05', 5, 61, 127),
(88827, 672, '2015-08-12', 5, 61, 127),
(88828, 671, '2015-07-30', 4, 61, 125),
(88829, 671, '2015-08-06', 4, 61, 125),
(88830, 671, '2015-08-13', 4, 61, 125),
(88831, 671, '2015-07-30', 5, 61, 125),
(88832, 671, '2015-08-06', 5, 61, 125),
(88833, 671, '2015-08-13', 5, 61, 125),
(88834, 671, '2015-07-31', 4, 61, 125),
(88835, 671, '2015-08-07', 4, 61, 125),
(88836, 671, '2015-08-14', 4, 61, 125),
(88837, 671, '2015-07-31', 5, 61, 125),
(88838, 671, '2015-08-07', 5, 61, 125),
(88839, 671, '2015-08-14', 5, 61, 125),
(88840, 678, '2015-05-04', 1, 61, 108),
(88841, 678, '2015-05-11', 1, 61, 108),
(88842, 678, '2015-05-18', 1, 61, 108),
(88843, 678, '2015-05-04', 2, 61, 108),
(88844, 678, '2015-05-11', 2, 61, 108),
(88845, 678, '2015-05-18', 2, 61, 108),
(88846, 680, '2015-05-04', 3, 61, 138),
(88847, 680, '2015-05-11', 3, 61, 138),
(88848, 680, '2015-05-18', 3, 61, 138),
(88849, 679, '2015-05-05', 1, 61, 126),
(88850, 679, '2015-05-12', 1, 61, 126),
(88851, 679, '2015-05-19', 1, 61, 126),
(88852, 679, '2015-05-05', 2, 61, 126),
(88853, 679, '2015-05-12', 2, 61, 126),
(88854, 679, '2015-05-19', 2, 61, 126),
(88855, 680, '2015-05-05', 3, 61, 138),
(88856, 680, '2015-05-12', 3, 61, 138),
(88857, 680, '2015-05-19', 3, 61, 138),
(88858, 678, '2015-05-06', 1, 61, 108),
(88859, 678, '2015-05-13', 1, 61, 108),
(88860, 678, '2015-05-20', 1, 61, 108),
(88861, 678, '2015-05-06', 2, 61, 108),
(88862, 678, '2015-05-13', 2, 61, 108),
(88863, 678, '2015-05-20', 2, 61, 108),
(88864, 680, '2015-05-06', 3, 61, 138),
(88865, 680, '2015-05-13', 3, 61, 138),
(88866, 680, '2015-05-20', 3, 61, 138),
(88867, 679, '2015-05-07', 1, 61, 126),
(88868, 679, '2015-05-14', 1, 61, 126),
(88869, 679, '2015-05-21', 1, 61, 126),
(88870, 679, '2015-05-07', 2, 61, 126),
(88871, 679, '2015-05-14', 2, 61, 126),
(88872, 679, '2015-05-21', 2, 61, 126),
(88873, 680, '2015-05-07', 3, 61, 138),
(88874, 680, '2015-05-14', 3, 61, 138),
(88875, 680, '2015-05-21', 3, 61, 138),
(88876, 678, '2015-05-08', 1, 61, 108),
(88877, 678, '2015-05-15', 1, 61, 108),
(88878, 678, '2015-05-22', 1, 61, 108),
(88879, 678, '2015-05-08', 2, 61, 108),
(88880, 678, '2015-05-15', 2, 61, 108),
(88881, 678, '2015-05-22', 2, 61, 108),
(88882, 680, '2015-05-08', 3, 61, 138),
(88883, 680, '2015-05-15', 3, 61, 138),
(88884, 680, '2015-05-22', 3, 61, 138),
(88885, 678, '2015-05-25', 1, 61, 108),
(88886, 678, '2015-06-01', 1, 61, 108),
(88887, 678, '2015-06-08', 1, 61, 108),
(88888, 678, '2015-05-25', 2, 61, 108),
(88889, 678, '2015-06-01', 2, 61, 108),
(88890, 678, '2015-06-08', 2, 61, 108),
(88891, 680, '2015-05-25', 3, 61, 138),
(88892, 680, '2015-06-01', 3, 61, 138),
(88893, 680, '2015-06-08', 3, 61, 138),
(88894, 679, '2015-05-26', 1, 61, 126),
(88895, 679, '2015-06-02', 1, 61, 126),
(88896, 679, '2015-06-09', 1, 61, 126),
(88897, 679, '2015-05-26', 2, 61, 126),
(88898, 679, '2015-06-02', 2, 61, 126),
(88899, 679, '2015-06-09', 2, 61, 126),
(88900, 680, '2015-05-26', 3, 61, 138),
(88901, 680, '2015-06-02', 3, 61, 138),
(88902, 680, '2015-06-09', 3, 61, 138),
(88903, 678, '2015-05-27', 1, 61, 108),
(88904, 678, '2015-06-03', 1, 61, 108),
(88905, 678, '2015-06-10', 1, 61, 108),
(88906, 678, '2015-05-27', 2, 61, 108),
(88907, 678, '2015-06-03', 2, 61, 108),
(88908, 678, '2015-06-10', 2, 61, 108),
(88909, 680, '2015-05-27', 3, 61, 138),
(88910, 680, '2015-06-03', 3, 61, 138),
(88911, 680, '2015-06-10', 3, 61, 138),
(88912, 679, '2015-05-28', 1, 61, 126),
(88913, 679, '2015-06-04', 1, 61, 126),
(88914, 679, '2015-06-11', 1, 61, 126),
(88915, 679, '2015-05-28', 2, 61, 126),
(88916, 679, '2015-06-04', 2, 61, 126),
(88917, 679, '2015-06-11', 2, 61, 126),
(88918, 680, '2015-05-28', 3, 61, 138),
(88919, 680, '2015-06-04', 3, 61, 138),
(88920, 680, '2015-06-11', 3, 61, 138),
(88921, 679, '2015-05-29', 1, 61, 126),
(88922, 679, '2015-06-05', 1, 61, 126),
(88923, 679, '2015-06-12', 1, 61, 126),
(88924, 679, '2015-05-29', 2, 61, 126),
(88925, 679, '2015-06-05', 2, 61, 126),
(88926, 679, '2015-06-12', 2, 61, 126),
(88927, 680, '2015-05-29', 3, 61, 138),
(88928, 680, '2015-06-05', 3, 61, 138),
(88929, 680, '2015-06-12', 3, 61, 138),
(88930, 677, '2015-07-06', 1, 61, 111),
(88931, 677, '2015-07-13', 1, 61, 111),
(88932, 677, '2015-07-20', 1, 61, 111),
(88933, 677, '2015-07-06', 2, 61, 111),
(88934, 677, '2015-07-13', 2, 61, 111),
(88935, 677, '2015-07-20', 2, 61, 111),
(88936, 676, '2015-07-07', 2, 61, 108),
(88937, 676, '2015-07-14', 2, 61, 108),
(88938, 676, '2015-07-21', 2, 61, 108),
(88939, 676, '2015-07-07', 3, 61, 108),
(88940, 676, '2015-07-14', 3, 61, 108),
(88941, 676, '2015-07-21', 3, 61, 108),
(88942, 677, '2015-07-08', 1, 61, 111),
(88943, 677, '2015-07-15', 1, 61, 111),
(88944, 677, '2015-07-22', 1, 61, 111),
(88945, 677, '2015-07-08', 2, 61, 111),
(88946, 677, '2015-07-15', 2, 61, 111),
(88947, 677, '2015-07-22', 2, 61, 111),
(88948, 676, '2015-07-09', 2, 61, 108),
(88949, 676, '2015-07-16', 2, 61, 108),
(88950, 676, '2015-07-23', 2, 61, 108),
(88951, 676, '2015-07-09', 3, 61, 108),
(88952, 676, '2015-07-16', 3, 61, 108),
(88953, 676, '2015-07-23', 3, 61, 108),
(88954, 677, '2015-07-10', 1, 61, 111),
(88955, 677, '2015-07-17', 1, 61, 111),
(88956, 677, '2015-07-24', 1, 61, 111),
(88957, 677, '2015-07-10', 2, 61, 111),
(88958, 677, '2015-07-17', 2, 61, 111),
(88959, 677, '2015-07-24', 2, 61, 111),
(88960, 677, '2015-07-27', 1, 61, 111),
(88961, 677, '2015-08-03', 1, 61, 111),
(88962, 677, '2015-08-10', 1, 61, 111),
(88963, 677, '2015-07-27', 2, 61, 111),
(88964, 677, '2015-08-03', 2, 61, 111),
(88965, 677, '2015-08-10', 2, 61, 111),
(88966, 676, '2015-07-28', 2, 61, 108),
(88967, 676, '2015-08-04', 2, 61, 108),
(88968, 676, '2015-08-11', 2, 61, 108),
(88969, 676, '2015-07-28', 3, 61, 108),
(88970, 676, '2015-08-04', 3, 61, 108),
(88971, 676, '2015-08-11', 3, 61, 108),
(88972, 677, '2015-07-29', 1, 61, 111),
(88973, 677, '2015-08-05', 1, 61, 111),
(88974, 677, '2015-08-12', 1, 61, 111),
(88975, 677, '2015-07-29', 2, 61, 111),
(88976, 677, '2015-08-05', 2, 61, 111),
(88977, 677, '2015-08-12', 2, 61, 111),
(88978, 676, '2015-07-30', 2, 61, 108),
(88979, 676, '2015-08-06', 2, 61, 108),
(88980, 676, '2015-08-13', 2, 61, 108),
(88981, 676, '2015-07-30', 3, 61, 108),
(88982, 676, '2015-08-06', 3, 61, 108),
(88983, 676, '2015-08-13', 3, 61, 108),
(88984, 676, '2015-07-31', 2, 61, 108),
(88985, 676, '2015-08-07', 2, 61, 108),
(88986, 676, '2015-08-14', 2, 61, 108),
(88987, 676, '2015-07-31', 3, 61, 108),
(88988, 676, '2015-08-07', 3, 61, 108),
(88989, 676, '2015-08-14', 3, 61, 108),
(88990, 684, '2015-05-04', 2, 65, 110),
(88991, 684, '2015-05-11', 2, 65, 110),
(88992, 684, '2015-05-18', 2, 65, 110),
(88993, 684, '2015-05-04', 3, 65, 110),
(88994, 684, '2015-05-11', 3, 65, 110),
(88995, 684, '2015-05-18', 3, 65, 110),
(88996, 683, '2015-05-05', 1, 65, 109),
(88997, 683, '2015-05-12', 1, 65, 109),
(88998, 683, '2015-05-19', 1, 65, 109),
(88999, 683, '2015-05-05', 2, 65, 109),
(89000, 683, '2015-05-12', 2, 65, 109),
(89001, 683, '2015-05-19', 2, 65, 109),
(89002, 684, '2015-05-06', 2, 65, 110),
(89003, 684, '2015-05-13', 2, 65, 110),
(89004, 684, '2015-05-20', 2, 65, 110),
(89005, 684, '2015-05-06', 3, 65, 110),
(89006, 684, '2015-05-13', 3, 65, 110),
(89007, 684, '2015-05-20', 3, 65, 110),
(89008, 683, '2015-05-07', 1, 65, 109),
(89009, 683, '2015-05-14', 1, 65, 109),
(89010, 683, '2015-05-21', 1, 65, 109),
(89011, 683, '2015-05-07', 2, 65, 109),
(89012, 683, '2015-05-14', 2, 65, 109),
(89013, 683, '2015-05-21', 2, 65, 109),
(89014, 684, '2015-05-08', 2, 65, 110),
(89015, 684, '2015-05-15', 2, 65, 110),
(89016, 684, '2015-05-22', 2, 65, 110),
(89017, 684, '2015-05-08', 3, 65, 110),
(89018, 684, '2015-05-15', 3, 65, 110),
(89019, 684, '2015-05-22', 3, 65, 110),
(89020, 684, '2015-05-25', 2, 65, 110),
(89021, 684, '2015-06-01', 2, 65, 110),
(89022, 684, '2015-06-08', 2, 65, 110),
(89023, 684, '2015-05-25', 3, 65, 110),
(89024, 684, '2015-06-01', 3, 65, 110),
(89025, 684, '2015-06-08', 3, 65, 110),
(89026, 683, '2015-05-26', 1, 65, 109),
(89027, 683, '2015-06-02', 1, 65, 109),
(89028, 683, '2015-06-09', 1, 65, 109),
(89029, 683, '2015-05-26', 2, 65, 109),
(89030, 683, '2015-06-02', 2, 65, 109),
(89031, 683, '2015-06-09', 2, 65, 109),
(89032, 684, '2015-05-27', 2, 65, 110),
(89033, 684, '2015-06-03', 2, 65, 110),
(89034, 684, '2015-06-10', 2, 65, 110),
(89035, 684, '2015-05-27', 3, 65, 110),
(89036, 684, '2015-06-03', 3, 65, 110),
(89037, 684, '2015-06-10', 3, 65, 110),
(89038, 683, '2015-05-28', 1, 65, 109),
(89039, 683, '2015-06-04', 1, 65, 109),
(89040, 683, '2015-06-11', 1, 65, 109),
(89041, 683, '2015-05-28', 2, 65, 109),
(89042, 683, '2015-06-04', 2, 65, 109),
(89043, 683, '2015-06-11', 2, 65, 109),
(89044, 683, '2015-05-29', 1, 65, 109),
(89045, 683, '2015-06-05', 1, 65, 109),
(89046, 683, '2015-06-12', 1, 65, 109),
(89047, 683, '2015-05-29', 2, 65, 109),
(89048, 683, '2015-06-05', 2, 65, 109),
(89049, 683, '2015-06-12', 2, 65, 109),
(89050, 685, '2015-07-06', 1, 65, 130),
(89051, 685, '2015-07-13', 1, 65, 130),
(89052, 685, '2015-07-20', 1, 65, 130),
(89053, 681, '2015-07-06', 2, 65, 108),
(89054, 681, '2015-07-13', 2, 65, 108),
(89055, 681, '2015-07-20', 2, 65, 108),
(89056, 681, '2015-07-06', 3, 65, 108),
(89057, 681, '2015-07-13', 3, 65, 108),
(89058, 681, '2015-07-20', 3, 65, 108),
(89059, 685, '2015-07-07', 1, 65, 130),
(89060, 685, '2015-07-14', 1, 65, 130),
(89061, 685, '2015-07-21', 1, 65, 130),
(89062, 682, '2015-07-07', 2, 65, 111),
(89063, 682, '2015-07-14', 2, 65, 111),
(89064, 682, '2015-07-21', 2, 65, 111),
(89065, 682, '2015-07-07', 3, 65, 111),
(89066, 682, '2015-07-14', 3, 65, 111),
(89067, 682, '2015-07-21', 3, 65, 111),
(89068, 685, '2015-07-08', 1, 65, 130),
(89069, 685, '2015-07-15', 1, 65, 130),
(89070, 685, '2015-07-22', 1, 65, 130),
(89071, 681, '2015-07-08', 2, 65, 108),
(89072, 681, '2015-07-15', 2, 65, 108),
(89073, 681, '2015-07-22', 2, 65, 108),
(89074, 681, '2015-07-08', 3, 65, 108),
(89075, 681, '2015-07-15', 3, 65, 108),
(89076, 681, '2015-07-22', 3, 65, 108),
(89077, 685, '2015-07-09', 1, 65, 130),
(89078, 685, '2015-07-16', 1, 65, 130),
(89079, 685, '2015-07-23', 1, 65, 130),
(89080, 682, '2015-07-09', 2, 65, 111),
(89081, 682, '2015-07-16', 2, 65, 111),
(89082, 682, '2015-07-23', 2, 65, 111),
(89083, 682, '2015-07-09', 3, 65, 111),
(89084, 682, '2015-07-16', 3, 65, 111),
(89085, 682, '2015-07-23', 3, 65, 111),
(89086, 685, '2015-07-10', 1, 65, 130),
(89087, 685, '2015-07-17', 1, 65, 130),
(89088, 685, '2015-07-24', 1, 65, 130),
(89089, 681, '2015-07-10', 2, 65, 108),
(89090, 681, '2015-07-17', 2, 65, 108),
(89091, 681, '2015-07-24', 2, 65, 108),
(89092, 681, '2015-07-10', 3, 65, 108),
(89093, 681, '2015-07-17', 3, 65, 108),
(89094, 681, '2015-07-24', 3, 65, 108),
(89095, 685, '2015-07-27', 1, 65, 130),
(89096, 685, '2015-08-03', 1, 65, 130),
(89097, 685, '2015-08-10', 1, 65, 130),
(89098, 681, '2015-07-27', 2, 65, 108),
(89099, 681, '2015-08-03', 2, 65, 108),
(89100, 681, '2015-08-10', 2, 65, 108),
(89101, 681, '2015-07-27', 3, 65, 108),
(89102, 681, '2015-08-03', 3, 65, 108),
(89103, 681, '2015-08-10', 3, 65, 108),
(89104, 685, '2015-07-28', 1, 65, 130),
(89105, 685, '2015-08-04', 1, 65, 130),
(89106, 685, '2015-08-11', 1, 65, 130),
(89107, 682, '2015-07-28', 2, 65, 111),
(89108, 682, '2015-08-04', 2, 65, 111),
(89109, 682, '2015-08-11', 2, 65, 111),
(89110, 682, '2015-07-28', 3, 65, 111),
(89111, 682, '2015-08-04', 3, 65, 111),
(89112, 682, '2015-08-11', 3, 65, 111),
(89113, 685, '2015-07-29', 1, 65, 130),
(89114, 685, '2015-08-05', 1, 65, 130),
(89115, 685, '2015-08-12', 1, 65, 130),
(89116, 681, '2015-07-29', 2, 65, 108),
(89117, 681, '2015-08-05', 2, 65, 108),
(89118, 681, '2015-08-12', 2, 65, 108),
(89119, 681, '2015-07-29', 3, 65, 108),
(89120, 681, '2015-08-05', 3, 65, 108),
(89121, 681, '2015-08-12', 3, 65, 108),
(89122, 685, '2015-07-30', 1, 65, 130),
(89123, 685, '2015-08-06', 1, 65, 130),
(89124, 685, '2015-08-13', 1, 65, 130),
(89125, 682, '2015-07-30', 2, 65, 111),
(89126, 682, '2015-08-06', 2, 65, 111),
(89127, 682, '2015-08-13', 2, 65, 111),
(89128, 682, '2015-07-30', 3, 65, 111),
(89129, 682, '2015-08-06', 3, 65, 111),
(89130, 682, '2015-08-13', 3, 65, 111),
(89131, 685, '2015-07-31', 1, 65, 130),
(89132, 685, '2015-08-07', 1, 65, 130),
(89133, 685, '2015-08-14', 1, 65, 130),
(89134, 682, '2015-07-31', 2, 65, 111),
(89135, 682, '2015-08-07', 2, 65, 111),
(89136, 682, '2015-08-14', 2, 65, 111),
(89137, 682, '2015-07-31', 3, 65, 111),
(89138, 682, '2015-08-07', 3, 65, 111),
(89139, 682, '2015-08-14', 3, 65, 111),
(89140, 689, '2015-05-04', 4, 65, 126),
(89141, 689, '2015-05-11', 4, 65, 126),
(89142, 689, '2015-05-18', 4, 65, 126),
(89143, 689, '2015-05-04', 5, 65, 126),
(89144, 689, '2015-05-11', 5, 65, 126),
(89145, 689, '2015-05-18', 5, 65, 126),
(89146, 690, '2015-05-04', 6, 65, 138),
(89147, 690, '2015-05-11', 6, 65, 138),
(89148, 690, '2015-05-18', 6, 65, 138),
(89149, 688, '2015-05-05', 4, 65, 108),
(89150, 688, '2015-05-12', 4, 65, 108),
(89151, 688, '2015-05-19', 4, 65, 108),
(89152, 688, '2015-05-05', 5, 65, 108),
(89153, 688, '2015-05-12', 5, 65, 108),
(89154, 688, '2015-05-19', 5, 65, 108),
(89155, 690, '2015-05-05', 6, 65, 138),
(89156, 690, '2015-05-12', 6, 65, 138),
(89157, 690, '2015-05-19', 6, 65, 138),
(89158, 689, '2015-05-06', 4, 65, 126),
(89159, 689, '2015-05-13', 4, 65, 126),
(89160, 689, '2015-05-20', 4, 65, 126),
(89161, 689, '2015-05-06', 5, 65, 126),
(89162, 689, '2015-05-13', 5, 65, 126),
(89163, 689, '2015-05-20', 5, 65, 126),
(89164, 690, '2015-05-06', 6, 65, 138),
(89165, 690, '2015-05-13', 6, 65, 138),
(89166, 690, '2015-05-20', 6, 65, 138),
(89167, 688, '2015-05-07', 4, 65, 108),
(89168, 688, '2015-05-14', 4, 65, 108),
(89169, 688, '2015-05-21', 4, 65, 108),
(89170, 688, '2015-05-07', 5, 65, 108),
(89171, 688, '2015-05-14', 5, 65, 108),
(89172, 688, '2015-05-21', 5, 65, 108),
(89173, 690, '2015-05-07', 6, 65, 138),
(89174, 690, '2015-05-14', 6, 65, 138),
(89175, 690, '2015-05-21', 6, 65, 138),
(89176, 689, '2015-05-08', 4, 65, 126),
(89177, 689, '2015-05-15', 4, 65, 126),
(89178, 689, '2015-05-22', 4, 65, 126),
(89179, 689, '2015-05-08', 5, 65, 126),
(89180, 689, '2015-05-15', 5, 65, 126),
(89181, 689, '2015-05-22', 5, 65, 126),
(89182, 690, '2015-05-08', 6, 65, 138),
(89183, 690, '2015-05-15', 6, 65, 138),
(89184, 690, '2015-05-22', 6, 65, 138),
(89185, 689, '2015-05-25', 4, 65, 126),
(89186, 689, '2015-06-01', 4, 65, 126),
(89187, 689, '2015-06-08', 4, 65, 126),
(89188, 689, '2015-05-25', 5, 65, 126),
(89189, 689, '2015-06-01', 5, 65, 126),
(89190, 689, '2015-06-08', 5, 65, 126),
(89191, 690, '2015-05-25', 6, 65, 138),
(89192, 690, '2015-06-01', 6, 65, 138),
(89193, 690, '2015-06-08', 6, 65, 138),
(89194, 688, '2015-05-26', 4, 65, 108),
(89195, 688, '2015-06-02', 4, 65, 108),
(89196, 688, '2015-06-09', 4, 65, 108),
(89197, 688, '2015-05-26', 5, 65, 108),
(89198, 688, '2015-06-02', 5, 65, 108),
(89199, 688, '2015-06-09', 5, 65, 108),
(89200, 690, '2015-05-26', 6, 65, 138),
(89201, 690, '2015-06-02', 6, 65, 138),
(89202, 690, '2015-06-09', 6, 65, 138),
(89203, 689, '2015-05-27', 4, 65, 126),
(89204, 689, '2015-06-03', 4, 65, 126);
INSERT INTO `time_table` (`time_table_id`, `class_course_semester_id`, `date`, `slot`, `room_id`, `teacher_semester_id`) VALUES
(89205, 689, '2015-06-10', 4, 65, 126),
(89206, 689, '2015-05-27', 5, 65, 126),
(89207, 689, '2015-06-03', 5, 65, 126),
(89208, 689, '2015-06-10', 5, 65, 126),
(89209, 690, '2015-05-27', 6, 65, 138),
(89210, 690, '2015-06-03', 6, 65, 138),
(89211, 690, '2015-06-10', 6, 65, 138),
(89212, 688, '2015-05-28', 4, 65, 108),
(89213, 688, '2015-06-04', 4, 65, 108),
(89214, 688, '2015-06-11', 4, 65, 108),
(89215, 688, '2015-05-28', 5, 65, 108),
(89216, 688, '2015-06-04', 5, 65, 108),
(89217, 688, '2015-06-11', 5, 65, 108),
(89218, 690, '2015-05-28', 6, 65, 138),
(89219, 690, '2015-06-04', 6, 65, 138),
(89220, 690, '2015-06-11', 6, 65, 138),
(89221, 688, '2015-05-29', 4, 65, 108),
(89222, 688, '2015-06-05', 4, 65, 108),
(89223, 688, '2015-06-12', 4, 65, 108),
(89224, 688, '2015-05-29', 5, 65, 108),
(89225, 688, '2015-06-05', 5, 65, 108),
(89226, 688, '2015-06-12', 5, 65, 108),
(89227, 690, '2015-05-29', 6, 65, 138),
(89228, 690, '2015-06-05', 6, 65, 138),
(89229, 690, '2015-06-12', 6, 65, 138),
(89230, 686, '2015-07-06', 4, 65, 125),
(89231, 686, '2015-07-13', 4, 65, 125),
(89232, 686, '2015-07-20', 4, 65, 125),
(89233, 686, '2015-07-06', 5, 65, 125),
(89234, 686, '2015-07-13', 5, 65, 125),
(89235, 686, '2015-07-20', 5, 65, 125),
(89236, 687, '2015-07-07', 5, 65, 127),
(89237, 687, '2015-07-14', 5, 65, 127),
(89238, 687, '2015-07-21', 5, 65, 127),
(89239, 687, '2015-07-07', 6, 65, 127),
(89240, 687, '2015-07-14', 6, 65, 127),
(89241, 687, '2015-07-21', 6, 65, 127),
(89242, 686, '2015-07-08', 4, 65, 125),
(89243, 686, '2015-07-15', 4, 65, 125),
(89244, 686, '2015-07-22', 4, 65, 125),
(89245, 686, '2015-07-08', 5, 65, 125),
(89246, 686, '2015-07-15', 5, 65, 125),
(89247, 686, '2015-07-22', 5, 65, 125),
(89248, 687, '2015-07-09', 5, 65, 127),
(89249, 687, '2015-07-16', 5, 65, 127),
(89250, 687, '2015-07-23', 5, 65, 127),
(89251, 687, '2015-07-09', 6, 65, 127),
(89252, 687, '2015-07-16', 6, 65, 127),
(89253, 687, '2015-07-23', 6, 65, 127),
(89254, 686, '2015-07-10', 4, 65, 125),
(89255, 686, '2015-07-17', 4, 65, 125),
(89256, 686, '2015-07-24', 4, 65, 125),
(89257, 686, '2015-07-10', 5, 65, 125),
(89258, 686, '2015-07-17', 5, 65, 125),
(89259, 686, '2015-07-24', 5, 65, 125),
(89260, 686, '2015-07-27', 4, 65, 125),
(89261, 686, '2015-08-03', 4, 65, 125),
(89262, 686, '2015-08-10', 4, 65, 125),
(89263, 686, '2015-07-27', 5, 65, 125),
(89264, 686, '2015-08-03', 5, 65, 125),
(89265, 686, '2015-08-10', 5, 65, 125),
(89266, 687, '2015-07-28', 5, 65, 127),
(89267, 687, '2015-08-04', 5, 65, 127),
(89268, 687, '2015-08-11', 5, 65, 127),
(89269, 687, '2015-07-28', 6, 65, 127),
(89270, 687, '2015-08-04', 6, 65, 127),
(89271, 687, '2015-08-11', 6, 65, 127),
(89272, 686, '2015-07-29', 4, 65, 125),
(89273, 686, '2015-08-05', 4, 65, 125),
(89274, 686, '2015-08-12', 4, 65, 125),
(89275, 686, '2015-07-29', 5, 65, 125),
(89276, 686, '2015-08-05', 5, 65, 125),
(89277, 686, '2015-08-12', 5, 65, 125),
(89278, 687, '2015-07-30', 5, 65, 127),
(89279, 687, '2015-08-06', 5, 65, 127),
(89280, 687, '2015-08-13', 5, 65, 127),
(89281, 687, '2015-07-30', 6, 65, 127),
(89282, 687, '2015-08-06', 6, 65, 127),
(89283, 687, '2015-08-13', 6, 65, 127),
(89284, 687, '2015-07-31', 5, 65, 127),
(89285, 687, '2015-08-07', 5, 65, 127),
(89286, 687, '2015-08-14', 5, 65, 127),
(89287, 687, '2015-07-31', 6, 65, 127),
(89288, 687, '2015-08-07', 6, 65, 127),
(89289, 687, '2015-08-14', 6, 65, 127),
(89290, 695, '2015-05-04', 1, 66, 135),
(89291, 695, '2015-05-11', 1, 66, 135),
(89292, 695, '2015-05-18', 1, 66, 135),
(89293, 693, '2015-05-04', 2, 66, 109),
(89294, 693, '2015-05-11', 2, 66, 109),
(89295, 693, '2015-05-18', 2, 66, 109),
(89296, 693, '2015-05-04', 3, 66, 109),
(89297, 693, '2015-05-11', 3, 66, 109),
(89298, 693, '2015-05-18', 3, 66, 109),
(89299, 695, '2015-05-05', 1, 66, 135),
(89300, 695, '2015-05-12', 1, 66, 135),
(89301, 695, '2015-05-19', 1, 66, 135),
(89302, 694, '2015-05-05', 2, 66, 110),
(89303, 694, '2015-05-12', 2, 66, 110),
(89304, 694, '2015-05-19', 2, 66, 110),
(89305, 694, '2015-05-05', 3, 66, 110),
(89306, 694, '2015-05-12', 3, 66, 110),
(89307, 694, '2015-05-19', 3, 66, 110),
(89308, 695, '2015-05-06', 1, 66, 135),
(89309, 695, '2015-05-13', 1, 66, 135),
(89310, 695, '2015-05-20', 1, 66, 135),
(89311, 693, '2015-05-06', 2, 66, 109),
(89312, 693, '2015-05-13', 2, 66, 109),
(89313, 693, '2015-05-20', 2, 66, 109),
(89314, 693, '2015-05-06', 3, 66, 109),
(89315, 693, '2015-05-13', 3, 66, 109),
(89316, 693, '2015-05-20', 3, 66, 109),
(89317, 695, '2015-05-07', 1, 66, 135),
(89318, 695, '2015-05-14', 1, 66, 135),
(89319, 695, '2015-05-21', 1, 66, 135),
(89320, 694, '2015-05-07', 2, 66, 110),
(89321, 694, '2015-05-14', 2, 66, 110),
(89322, 694, '2015-05-21', 2, 66, 110),
(89323, 694, '2015-05-07', 3, 66, 110),
(89324, 694, '2015-05-14', 3, 66, 110),
(89325, 694, '2015-05-21', 3, 66, 110),
(89326, 695, '2015-05-08', 1, 66, 135),
(89327, 695, '2015-05-15', 1, 66, 135),
(89328, 695, '2015-05-22', 1, 66, 135),
(89329, 693, '2015-05-08', 2, 66, 109),
(89330, 693, '2015-05-15', 2, 66, 109),
(89331, 693, '2015-05-22', 2, 66, 109),
(89332, 693, '2015-05-08', 3, 66, 109),
(89333, 693, '2015-05-15', 3, 66, 109),
(89334, 693, '2015-05-22', 3, 66, 109),
(89335, 695, '2015-05-25', 1, 66, 135),
(89336, 695, '2015-06-01', 1, 66, 135),
(89337, 695, '2015-06-08', 1, 66, 135),
(89338, 693, '2015-05-25', 2, 66, 109),
(89339, 693, '2015-06-01', 2, 66, 109),
(89340, 693, '2015-06-08', 2, 66, 109),
(89341, 693, '2015-05-25', 3, 66, 109),
(89342, 693, '2015-06-01', 3, 66, 109),
(89343, 693, '2015-06-08', 3, 66, 109),
(89344, 695, '2015-05-26', 1, 66, 135),
(89345, 695, '2015-06-02', 1, 66, 135),
(89346, 695, '2015-06-09', 1, 66, 135),
(89347, 694, '2015-05-26', 2, 66, 110),
(89348, 694, '2015-06-02', 2, 66, 110),
(89349, 694, '2015-06-09', 2, 66, 110),
(89350, 694, '2015-05-26', 3, 66, 110),
(89351, 694, '2015-06-02', 3, 66, 110),
(89352, 694, '2015-06-09', 3, 66, 110),
(89353, 695, '2015-05-27', 1, 66, 135),
(89354, 695, '2015-06-03', 1, 66, 135),
(89355, 695, '2015-06-10', 1, 66, 135),
(89356, 693, '2015-05-27', 2, 66, 109),
(89357, 693, '2015-06-03', 2, 66, 109),
(89358, 693, '2015-06-10', 2, 66, 109),
(89359, 693, '2015-05-27', 3, 66, 109),
(89360, 693, '2015-06-03', 3, 66, 109),
(89361, 693, '2015-06-10', 3, 66, 109),
(89362, 695, '2015-05-28', 1, 66, 135),
(89363, 695, '2015-06-04', 1, 66, 135),
(89364, 695, '2015-06-11', 1, 66, 135),
(89365, 694, '2015-05-28', 2, 66, 110),
(89366, 694, '2015-06-04', 2, 66, 110),
(89367, 694, '2015-06-11', 2, 66, 110),
(89368, 694, '2015-05-28', 3, 66, 110),
(89369, 694, '2015-06-04', 3, 66, 110),
(89370, 694, '2015-06-11', 3, 66, 110),
(89371, 695, '2015-05-29', 1, 66, 135),
(89372, 695, '2015-06-05', 1, 66, 135),
(89373, 695, '2015-06-12', 1, 66, 135),
(89374, 694, '2015-05-29', 2, 66, 110),
(89375, 694, '2015-06-05', 2, 66, 110),
(89376, 694, '2015-06-12', 2, 66, 110),
(89377, 694, '2015-05-29', 3, 66, 110),
(89378, 694, '2015-06-05', 3, 66, 110),
(89379, 694, '2015-06-12', 3, 66, 110),
(89380, 691, '2015-07-06', 1, 66, 125),
(89381, 691, '2015-07-13', 1, 66, 125),
(89382, 691, '2015-07-20', 1, 66, 125),
(89383, 691, '2015-07-06', 2, 66, 125),
(89384, 691, '2015-07-13', 2, 66, 125),
(89385, 691, '2015-07-20', 2, 66, 125),
(89386, 692, '2015-07-07', 1, 66, 127),
(89387, 692, '2015-07-14', 1, 66, 127),
(89388, 692, '2015-07-21', 1, 66, 127),
(89389, 692, '2015-07-07', 2, 66, 127),
(89390, 692, '2015-07-14', 2, 66, 127),
(89391, 692, '2015-07-21', 2, 66, 127),
(89392, 691, '2015-07-08', 1, 66, 125),
(89393, 691, '2015-07-15', 1, 66, 125),
(89394, 691, '2015-07-22', 1, 66, 125),
(89395, 691, '2015-07-08', 2, 66, 125),
(89396, 691, '2015-07-15', 2, 66, 125),
(89397, 691, '2015-07-22', 2, 66, 125),
(89398, 692, '2015-07-09', 1, 66, 127),
(89399, 692, '2015-07-16', 1, 66, 127),
(89400, 692, '2015-07-23', 1, 66, 127),
(89401, 692, '2015-07-09', 2, 66, 127),
(89402, 692, '2015-07-16', 2, 66, 127),
(89403, 692, '2015-07-23', 2, 66, 127),
(89404, 691, '2015-07-10', 1, 66, 125),
(89405, 691, '2015-07-17', 1, 66, 125),
(89406, 691, '2015-07-24', 1, 66, 125),
(89407, 691, '2015-07-10', 2, 66, 125),
(89408, 691, '2015-07-17', 2, 66, 125),
(89409, 691, '2015-07-24', 2, 66, 125),
(89410, 691, '2015-07-27', 1, 66, 125),
(89411, 691, '2015-08-03', 1, 66, 125),
(89412, 691, '2015-08-10', 1, 66, 125),
(89413, 691, '2015-07-27', 2, 66, 125),
(89414, 691, '2015-08-03', 2, 66, 125),
(89415, 691, '2015-08-10', 2, 66, 125),
(89416, 692, '2015-07-28', 1, 66, 127),
(89417, 692, '2015-08-04', 1, 66, 127),
(89418, 692, '2015-08-11', 1, 66, 127),
(89419, 692, '2015-07-28', 2, 66, 127),
(89420, 692, '2015-08-04', 2, 66, 127),
(89421, 692, '2015-08-11', 2, 66, 127),
(89422, 691, '2015-07-29', 1, 66, 125),
(89423, 691, '2015-08-05', 1, 66, 125),
(89424, 691, '2015-08-12', 1, 66, 125),
(89425, 691, '2015-07-29', 2, 66, 125),
(89426, 691, '2015-08-05', 2, 66, 125),
(89427, 691, '2015-08-12', 2, 66, 125),
(89428, 692, '2015-07-30', 1, 66, 127),
(89429, 692, '2015-08-06', 1, 66, 127),
(89430, 692, '2015-08-13', 1, 66, 127),
(89431, 692, '2015-07-30', 2, 66, 127),
(89432, 692, '2015-08-06', 2, 66, 127),
(89433, 692, '2015-08-13', 2, 66, 127),
(89434, 692, '2015-07-31', 1, 66, 127),
(89435, 692, '2015-08-07', 1, 66, 127),
(89436, 692, '2015-08-14', 1, 66, 127),
(89437, 692, '2015-07-31', 2, 66, 127),
(89438, 692, '2015-08-07', 2, 66, 127),
(89439, 692, '2015-08-14', 2, 66, 127),
(89440, 697, '2015-05-04', 4, 66, 125),
(89441, 697, '2015-05-11', 4, 66, 125),
(89442, 697, '2015-05-18', 4, 66, 125),
(89443, 697, '2015-05-04', 5, 66, 125),
(89444, 697, '2015-05-11', 5, 66, 125),
(89445, 697, '2015-05-18', 5, 66, 125),
(89446, 699, '2015-05-05', 4, 66, 110),
(89447, 699, '2015-05-12', 4, 66, 110),
(89448, 699, '2015-05-19', 4, 66, 110),
(89449, 699, '2015-05-05', 5, 66, 110),
(89450, 699, '2015-05-12', 5, 66, 110),
(89451, 699, '2015-05-19', 5, 66, 110),
(89452, 697, '2015-05-06', 4, 66, 125),
(89453, 697, '2015-05-13', 4, 66, 125),
(89454, 697, '2015-05-20', 4, 66, 125),
(89455, 697, '2015-05-06', 5, 66, 125),
(89456, 697, '2015-05-13', 5, 66, 125),
(89457, 697, '2015-05-20', 5, 66, 125),
(89458, 699, '2015-05-07', 4, 66, 110),
(89459, 699, '2015-05-14', 4, 66, 110),
(89460, 699, '2015-05-21', 4, 66, 110),
(89461, 699, '2015-05-07', 5, 66, 110),
(89462, 699, '2015-05-14', 5, 66, 110),
(89463, 699, '2015-05-21', 5, 66, 110),
(89464, 697, '2015-05-08', 4, 66, 125),
(89465, 697, '2015-05-15', 4, 66, 125),
(89466, 697, '2015-05-22', 4, 66, 125),
(89467, 697, '2015-05-08', 5, 66, 125),
(89468, 697, '2015-05-15', 5, 66, 125),
(89469, 697, '2015-05-22', 5, 66, 125),
(89470, 697, '2015-05-25', 4, 66, 125),
(89471, 697, '2015-06-01', 4, 66, 125),
(89472, 697, '2015-06-08', 4, 66, 125),
(89473, 697, '2015-05-25', 5, 66, 125),
(89474, 697, '2015-06-01', 5, 66, 125),
(89475, 697, '2015-06-08', 5, 66, 125),
(89476, 699, '2015-05-26', 4, 66, 110),
(89477, 699, '2015-06-02', 4, 66, 110),
(89478, 699, '2015-06-09', 4, 66, 110),
(89479, 699, '2015-05-26', 5, 66, 110),
(89480, 699, '2015-06-02', 5, 66, 110),
(89481, 699, '2015-06-09', 5, 66, 110),
(89482, 697, '2015-05-27', 4, 66, 125),
(89483, 697, '2015-06-03', 4, 66, 125),
(89484, 697, '2015-06-10', 4, 66, 125),
(89485, 697, '2015-05-27', 5, 66, 125),
(89486, 697, '2015-06-03', 5, 66, 125),
(89487, 697, '2015-06-10', 5, 66, 125),
(89488, 699, '2015-05-28', 4, 66, 110),
(89489, 699, '2015-06-04', 4, 66, 110),
(89490, 699, '2015-06-11', 4, 66, 110),
(89491, 699, '2015-05-28', 5, 66, 110),
(89492, 699, '2015-06-04', 5, 66, 110),
(89493, 699, '2015-06-11', 5, 66, 110),
(89494, 699, '2015-05-29', 4, 66, 110),
(89495, 699, '2015-06-05', 4, 66, 110),
(89496, 699, '2015-06-12', 4, 66, 110),
(89497, 699, '2015-05-29', 5, 66, 110),
(89498, 699, '2015-06-05', 5, 66, 110),
(89499, 699, '2015-06-12', 5, 66, 110),
(89500, 700, '2015-07-06', 4, 66, 115),
(89501, 700, '2015-07-13', 4, 66, 115),
(89502, 700, '2015-07-20', 4, 66, 115),
(89503, 698, '2015-07-06', 5, 66, NULL),
(89504, 698, '2015-07-13', 5, 66, NULL),
(89505, 698, '2015-07-20', 5, 66, NULL),
(89506, 698, '2015-07-06', 6, 66, NULL),
(89507, 698, '2015-07-13', 6, 66, NULL),
(89508, 698, '2015-07-20', 6, 66, NULL),
(89509, 700, '2015-07-07', 4, 66, 115),
(89510, 700, '2015-07-14', 4, 66, 115),
(89511, 700, '2015-07-21', 4, 66, 115),
(89512, 696, '2015-07-07', 5, 66, 109),
(89513, 696, '2015-07-14', 5, 66, 109),
(89514, 696, '2015-07-21', 5, 66, 109),
(89515, 696, '2015-07-07', 6, 66, 109),
(89516, 696, '2015-07-14', 6, 66, 109),
(89517, 696, '2015-07-21', 6, 66, 109),
(89518, 700, '2015-07-08', 4, 66, 115),
(89519, 700, '2015-07-15', 4, 66, 115),
(89520, 700, '2015-07-22', 4, 66, 115),
(89521, 698, '2015-07-08', 5, 66, NULL),
(89522, 698, '2015-07-15', 5, 66, NULL),
(89523, 698, '2015-07-22', 5, 66, NULL),
(89524, 698, '2015-07-08', 6, 66, NULL),
(89525, 698, '2015-07-15', 6, 66, NULL),
(89526, 698, '2015-07-22', 6, 66, NULL),
(89527, 700, '2015-07-09', 4, 66, 115),
(89528, 700, '2015-07-16', 4, 66, 115),
(89529, 700, '2015-07-23', 4, 66, 115),
(89530, 696, '2015-07-09', 5, 66, 109),
(89531, 696, '2015-07-16', 5, 66, 109),
(89532, 696, '2015-07-23', 5, 66, 109),
(89533, 696, '2015-07-09', 6, 66, 109),
(89534, 696, '2015-07-16', 6, 66, 109),
(89535, 696, '2015-07-23', 6, 66, 109),
(89536, 700, '2015-07-10', 4, 66, 115),
(89537, 700, '2015-07-17', 4, 66, 115),
(89538, 700, '2015-07-24', 4, 66, 115),
(89539, 698, '2015-07-10', 5, 66, NULL),
(89540, 698, '2015-07-17', 5, 66, NULL),
(89541, 698, '2015-07-24', 5, 66, NULL),
(89542, 698, '2015-07-10', 6, 66, NULL),
(89543, 698, '2015-07-17', 6, 66, NULL),
(89544, 698, '2015-07-24', 6, 66, NULL),
(89545, 700, '2015-07-27', 4, 66, 115),
(89546, 700, '2015-08-03', 4, 66, 115),
(89547, 700, '2015-08-10', 4, 66, 115),
(89548, 698, '2015-07-27', 5, 66, NULL),
(89549, 698, '2015-08-03', 5, 66, NULL),
(89550, 698, '2015-08-10', 5, 66, NULL),
(89551, 698, '2015-07-27', 6, 66, NULL),
(89552, 698, '2015-08-03', 6, 66, NULL),
(89553, 698, '2015-08-10', 6, 66, NULL),
(89554, 700, '2015-07-28', 4, 66, 115),
(89555, 700, '2015-08-04', 4, 66, 115),
(89556, 700, '2015-08-11', 4, 66, 115),
(89557, 696, '2015-07-28', 5, 66, 109),
(89558, 696, '2015-08-04', 5, 66, 109),
(89559, 696, '2015-08-11', 5, 66, 109),
(89560, 696, '2015-07-28', 6, 66, 109),
(89561, 696, '2015-08-04', 6, 66, 109),
(89562, 696, '2015-08-11', 6, 66, 109),
(89563, 700, '2015-07-29', 4, 66, 115),
(89564, 700, '2015-08-05', 4, 66, 115),
(89565, 700, '2015-08-12', 4, 66, 115),
(89566, 698, '2015-07-29', 5, 66, NULL),
(89567, 698, '2015-08-05', 5, 66, NULL),
(89568, 698, '2015-08-12', 5, 66, NULL),
(89569, 698, '2015-07-29', 6, 66, NULL),
(89570, 698, '2015-08-05', 6, 66, NULL),
(89571, 698, '2015-08-12', 6, 66, NULL),
(89572, 700, '2015-07-30', 4, 66, 115),
(89573, 700, '2015-08-06', 4, 66, 115),
(89574, 700, '2015-08-13', 4, 66, 115),
(89575, 696, '2015-07-30', 5, 66, 109),
(89576, 696, '2015-08-06', 5, 66, 109),
(89577, 696, '2015-08-13', 5, 66, 109),
(89578, 696, '2015-07-30', 6, 66, 109),
(89579, 696, '2015-08-06', 6, 66, 109),
(89580, 696, '2015-08-13', 6, 66, 109),
(89581, 700, '2015-07-31', 4, 66, 115),
(89582, 700, '2015-08-07', 4, 66, 115),
(89583, 700, '2015-08-14', 4, 66, 115),
(89584, 696, '2015-07-31', 5, 66, 109),
(89585, 696, '2015-08-07', 5, 66, 109),
(89586, 696, '2015-08-14', 5, 66, 109),
(89587, 696, '2015-07-31', 6, 66, 109),
(89588, 696, '2015-08-07', 6, 66, 109),
(89589, 696, '2015-08-14', 6, 66, 109),
(89590, 704, '2015-05-04', 1, 67, 126),
(89591, 704, '2015-05-11', 1, 67, 126),
(89592, 704, '2015-05-18', 1, 67, 126),
(89593, 704, '2015-05-04', 2, 67, 126),
(89594, 704, '2015-05-11', 2, 67, 126),
(89595, 704, '2015-05-18', 2, 67, 126),
(89596, 703, '2015-05-05', 1, 67, NULL),
(89597, 703, '2015-05-12', 1, 67, NULL),
(89598, 703, '2015-05-19', 1, 67, NULL),
(89599, 703, '2015-05-05', 2, 67, NULL),
(89600, 703, '2015-05-12', 2, 67, NULL),
(89601, 703, '2015-05-19', 2, 67, NULL),
(89602, 704, '2015-05-06', 1, 67, 126),
(89603, 704, '2015-05-13', 1, 67, 126),
(89604, 704, '2015-05-20', 1, 67, 126),
(89605, 704, '2015-05-06', 2, 67, 126),
(89606, 704, '2015-05-13', 2, 67, 126),
(89607, 704, '2015-05-20', 2, 67, 126),
(89608, 703, '2015-05-07', 1, 67, NULL),
(89609, 703, '2015-05-14', 1, 67, NULL),
(89610, 703, '2015-05-21', 1, 67, NULL),
(89611, 703, '2015-05-07', 2, 67, NULL),
(89612, 703, '2015-05-14', 2, 67, NULL),
(89613, 703, '2015-05-21', 2, 67, NULL),
(89614, 704, '2015-05-08', 1, 67, 126),
(89615, 704, '2015-05-15', 1, 67, 126),
(89616, 704, '2015-05-22', 1, 67, 126),
(89617, 704, '2015-05-08', 2, 67, 126),
(89618, 704, '2015-05-15', 2, 67, 126),
(89619, 704, '2015-05-22', 2, 67, 126),
(89620, 704, '2015-05-25', 1, 67, 126),
(89621, 704, '2015-06-01', 1, 67, 126),
(89622, 704, '2015-06-08', 1, 67, 126),
(89623, 704, '2015-05-25', 2, 67, 126),
(89624, 704, '2015-06-01', 2, 67, 126),
(89625, 704, '2015-06-08', 2, 67, 126),
(89626, 703, '2015-05-26', 1, 67, NULL),
(89627, 703, '2015-06-02', 1, 67, NULL),
(89628, 703, '2015-06-09', 1, 67, NULL),
(89629, 703, '2015-05-26', 2, 67, NULL),
(89630, 703, '2015-06-02', 2, 67, NULL),
(89631, 703, '2015-06-09', 2, 67, NULL),
(89632, 704, '2015-05-27', 1, 67, 126),
(89633, 704, '2015-06-03', 1, 67, 126),
(89634, 704, '2015-06-10', 1, 67, 126),
(89635, 704, '2015-05-27', 2, 67, 126),
(89636, 704, '2015-06-03', 2, 67, 126),
(89637, 704, '2015-06-10', 2, 67, 126),
(89638, 703, '2015-05-28', 1, 67, NULL),
(89639, 703, '2015-06-04', 1, 67, NULL),
(89640, 703, '2015-06-11', 1, 67, NULL),
(89641, 703, '2015-05-28', 2, 67, NULL),
(89642, 703, '2015-06-04', 2, 67, NULL),
(89643, 703, '2015-06-11', 2, 67, NULL),
(89644, 703, '2015-05-29', 1, 67, NULL),
(89645, 703, '2015-06-05', 1, 67, NULL),
(89646, 703, '2015-06-12', 1, 67, NULL),
(89647, 703, '2015-05-29', 2, 67, NULL),
(89648, 703, '2015-06-05', 2, 67, NULL),
(89649, 703, '2015-06-12', 2, 67, NULL),
(89650, 705, '2015-07-06', 1, 67, 115),
(89651, 705, '2015-07-13', 1, 67, 115),
(89652, 705, '2015-07-20', 1, 67, 115),
(89653, 701, '2015-07-06', 2, 67, 109),
(89654, 701, '2015-07-13', 2, 67, 109),
(89655, 701, '2015-07-20', 2, 67, 109),
(89656, 701, '2015-07-06', 3, 67, 109),
(89657, 701, '2015-07-13', 3, 67, 109),
(89658, 701, '2015-07-20', 3, 67, 109),
(89659, 705, '2015-07-07', 1, 67, 115),
(89660, 705, '2015-07-14', 1, 67, 115),
(89661, 705, '2015-07-21', 1, 67, 115),
(89662, 702, '2015-07-07', 2, 67, 125),
(89663, 702, '2015-07-14', 2, 67, 125),
(89664, 702, '2015-07-21', 2, 67, 125),
(89665, 702, '2015-07-07', 3, 67, 125),
(89666, 702, '2015-07-14', 3, 67, 125),
(89667, 702, '2015-07-21', 3, 67, 125),
(89668, 705, '2015-07-08', 1, 67, 115),
(89669, 705, '2015-07-15', 1, 67, 115),
(89670, 705, '2015-07-22', 1, 67, 115),
(89671, 701, '2015-07-08', 2, 67, 109),
(89672, 701, '2015-07-15', 2, 67, 109),
(89673, 701, '2015-07-22', 2, 67, 109),
(89674, 701, '2015-07-08', 3, 67, 109),
(89675, 701, '2015-07-15', 3, 67, 109),
(89676, 701, '2015-07-22', 3, 67, 109),
(89677, 705, '2015-07-09', 1, 67, 115),
(89678, 705, '2015-07-16', 1, 67, 115),
(89679, 705, '2015-07-23', 1, 67, 115),
(89680, 702, '2015-07-09', 2, 67, 125),
(89681, 702, '2015-07-16', 2, 67, 125),
(89682, 702, '2015-07-23', 2, 67, 125),
(89683, 702, '2015-07-09', 3, 67, 125),
(89684, 702, '2015-07-16', 3, 67, 125),
(89685, 702, '2015-07-23', 3, 67, 125),
(89686, 705, '2015-07-10', 1, 67, 115),
(89687, 705, '2015-07-17', 1, 67, 115),
(89688, 705, '2015-07-24', 1, 67, 115),
(89689, 701, '2015-07-10', 2, 67, 109),
(89690, 701, '2015-07-17', 2, 67, 109),
(89691, 701, '2015-07-24', 2, 67, 109),
(89692, 701, '2015-07-10', 3, 67, 109),
(89693, 701, '2015-07-17', 3, 67, 109),
(89694, 701, '2015-07-24', 3, 67, 109),
(89695, 705, '2015-07-27', 1, 67, 115),
(89696, 705, '2015-08-03', 1, 67, 115),
(89697, 705, '2015-08-10', 1, 67, 115),
(89698, 701, '2015-07-27', 2, 67, 109),
(89699, 701, '2015-08-03', 2, 67, 109),
(89700, 701, '2015-08-10', 2, 67, 109),
(89701, 701, '2015-07-27', 3, 67, 109),
(89702, 701, '2015-08-03', 3, 67, 109),
(89703, 701, '2015-08-10', 3, 67, 109),
(89704, 705, '2015-07-28', 1, 67, 115),
(89705, 705, '2015-08-04', 1, 67, 115),
(89706, 705, '2015-08-11', 1, 67, 115),
(89707, 702, '2015-07-28', 2, 67, 125),
(89708, 702, '2015-08-04', 2, 67, 125),
(89709, 702, '2015-08-11', 2, 67, 125),
(89710, 702, '2015-07-28', 3, 67, 125),
(89711, 702, '2015-08-04', 3, 67, 125),
(89712, 702, '2015-08-11', 3, 67, 125),
(89713, 705, '2015-07-29', 1, 67, 115),
(89714, 705, '2015-08-05', 1, 67, 115),
(89715, 705, '2015-08-12', 1, 67, 115),
(89716, 701, '2015-07-29', 2, 67, 109),
(89717, 701, '2015-08-05', 2, 67, 109),
(89718, 701, '2015-08-12', 2, 67, 109),
(89719, 701, '2015-07-29', 3, 67, 109),
(89720, 701, '2015-08-05', 3, 67, 109),
(89721, 701, '2015-08-12', 3, 67, 109),
(89722, 705, '2015-07-30', 1, 67, 115),
(89723, 705, '2015-08-06', 1, 67, 115),
(89724, 705, '2015-08-13', 1, 67, 115),
(89725, 702, '2015-07-30', 2, 67, 125),
(89726, 702, '2015-08-06', 2, 67, 125),
(89727, 702, '2015-08-13', 2, 67, 125),
(89728, 702, '2015-07-30', 3, 67, 125),
(89729, 702, '2015-08-06', 3, 67, 125),
(89730, 702, '2015-08-13', 3, 67, 125),
(89731, 705, '2015-07-31', 1, 67, 115),
(89732, 705, '2015-08-07', 1, 67, 115),
(89733, 705, '2015-08-14', 1, 67, 115),
(89734, 702, '2015-07-31', 2, 67, 125),
(89735, 702, '2015-08-07', 2, 67, 125),
(89736, 702, '2015-08-14', 2, 67, 125),
(89737, 702, '2015-07-31', 3, 67, 125),
(89738, 702, '2015-08-07', 3, 67, 125),
(89739, 702, '2015-08-14', 3, 67, 125),
(89740, 708, '2015-05-04', 1, 70, 130),
(89741, 708, '2015-05-11', 1, 70, 130),
(89742, 708, '2015-05-18', 1, 70, 130),
(89743, 708, '2015-05-04', 2, 70, 130),
(89744, 708, '2015-05-11', 2, 70, 130),
(89745, 708, '2015-05-18', 2, 70, 130),
(89746, 709, '2015-05-05', 2, 70, 117),
(89747, 709, '2015-05-12', 2, 70, 117),
(89748, 709, '2015-05-19', 2, 70, 117),
(89749, 709, '2015-05-05', 3, 70, 117),
(89750, 709, '2015-05-12', 3, 70, 117),
(89751, 709, '2015-05-19', 3, 70, 117),
(89752, 708, '2015-05-06', 1, 70, 130),
(89753, 708, '2015-05-13', 1, 70, 130),
(89754, 708, '2015-05-20', 1, 70, 130),
(89755, 708, '2015-05-06', 2, 70, 130),
(89756, 708, '2015-05-13', 2, 70, 130),
(89757, 708, '2015-05-20', 2, 70, 130),
(89758, 709, '2015-05-07', 2, 70, 117),
(89759, 709, '2015-05-14', 2, 70, 117),
(89760, 709, '2015-05-21', 2, 70, 117),
(89761, 709, '2015-05-07', 3, 70, 117),
(89762, 709, '2015-05-14', 3, 70, 117),
(89763, 709, '2015-05-21', 3, 70, 117),
(89764, 708, '2015-05-08', 1, 70, 130),
(89765, 708, '2015-05-15', 1, 70, 130),
(89766, 708, '2015-05-22', 1, 70, 130),
(89767, 708, '2015-05-08', 2, 70, 130),
(89768, 708, '2015-05-15', 2, 70, 130),
(89769, 708, '2015-05-22', 2, 70, 130),
(89770, 708, '2015-05-25', 1, 70, 130),
(89771, 708, '2015-06-01', 1, 70, 130),
(89772, 708, '2015-06-08', 1, 70, 130),
(89773, 708, '2015-05-25', 2, 70, 130),
(89774, 708, '2015-06-01', 2, 70, 130),
(89775, 708, '2015-06-08', 2, 70, 130),
(89776, 709, '2015-05-26', 2, 70, 117),
(89777, 709, '2015-06-02', 2, 70, 117),
(89778, 709, '2015-06-09', 2, 70, 117),
(89779, 709, '2015-05-26', 3, 70, 117),
(89780, 709, '2015-06-02', 3, 70, 117),
(89781, 709, '2015-06-09', 3, 70, 117),
(89782, 708, '2015-05-27', 1, 70, 130),
(89783, 708, '2015-06-03', 1, 70, 130),
(89784, 708, '2015-06-10', 1, 70, 130),
(89785, 708, '2015-05-27', 2, 70, 130),
(89786, 708, '2015-06-03', 2, 70, 130),
(89787, 708, '2015-06-10', 2, 70, 130),
(89788, 709, '2015-05-28', 2, 70, 117),
(89789, 709, '2015-06-04', 2, 70, 117),
(89790, 709, '2015-06-11', 2, 70, 117),
(89791, 709, '2015-05-28', 3, 70, 117),
(89792, 709, '2015-06-04', 3, 70, 117),
(89793, 709, '2015-06-11', 3, 70, 117),
(89794, 709, '2015-05-29', 2, 70, 117),
(89795, 709, '2015-06-05', 2, 70, 117),
(89796, 709, '2015-06-12', 2, 70, 117),
(89797, 709, '2015-05-29', 3, 70, 117),
(89798, 709, '2015-06-05', 3, 70, 117),
(89799, 709, '2015-06-12', 3, 70, 117),
(89800, 710, '2015-07-06', 1, 70, 108),
(89801, 710, '2015-07-13', 1, 70, 108),
(89802, 710, '2015-07-20', 1, 70, 108),
(89803, 707, '2015-07-06', 2, 70, 119),
(89804, 707, '2015-07-13', 2, 70, 119),
(89805, 707, '2015-07-20', 2, 70, 119),
(89806, 707, '2015-07-06', 3, 70, 119),
(89807, 707, '2015-07-13', 3, 70, 119),
(89808, 707, '2015-07-20', 3, 70, 119),
(89809, 710, '2015-07-07', 1, 70, 108),
(89810, 710, '2015-07-14', 1, 70, 108),
(89811, 710, '2015-07-21', 1, 70, 108),
(89812, 706, '2015-07-07', 2, 70, 121),
(89813, 706, '2015-07-14', 2, 70, 121),
(89814, 706, '2015-07-21', 2, 70, 121),
(89815, 706, '2015-07-07', 3, 70, 121),
(89816, 706, '2015-07-14', 3, 70, 121),
(89817, 706, '2015-07-21', 3, 70, 121),
(89818, 710, '2015-07-08', 1, 70, 108),
(89819, 710, '2015-07-15', 1, 70, 108),
(89820, 710, '2015-07-22', 1, 70, 108),
(89821, 707, '2015-07-08', 2, 70, 119),
(89822, 707, '2015-07-15', 2, 70, 119),
(89823, 707, '2015-07-22', 2, 70, 119),
(89824, 707, '2015-07-08', 3, 70, 119),
(89825, 707, '2015-07-15', 3, 70, 119),
(89826, 707, '2015-07-22', 3, 70, 119),
(89827, 710, '2015-07-09', 1, 70, 108),
(89828, 710, '2015-07-16', 1, 70, 108),
(89829, 710, '2015-07-23', 1, 70, 108),
(89830, 706, '2015-07-09', 2, 70, 121),
(89831, 706, '2015-07-16', 2, 70, 121),
(89832, 706, '2015-07-23', 2, 70, 121),
(89833, 706, '2015-07-09', 3, 70, 121),
(89834, 706, '2015-07-16', 3, 70, 121),
(89835, 706, '2015-07-23', 3, 70, 121),
(89836, 710, '2015-07-10', 1, 70, 108),
(89837, 710, '2015-07-17', 1, 70, 108),
(89838, 710, '2015-07-24', 1, 70, 108),
(89839, 707, '2015-07-10', 2, 70, 119),
(89840, 707, '2015-07-17', 2, 70, 119),
(89841, 707, '2015-07-24', 2, 70, 119),
(89842, 707, '2015-07-10', 3, 70, 119),
(89843, 707, '2015-07-17', 3, 70, 119),
(89844, 707, '2015-07-24', 3, 70, 119),
(89845, 710, '2015-07-27', 1, 70, 108),
(89846, 710, '2015-08-03', 1, 70, 108),
(89847, 710, '2015-08-10', 1, 70, 108),
(89848, 707, '2015-07-27', 2, 70, 119),
(89849, 707, '2015-08-03', 2, 70, 119),
(89850, 707, '2015-08-10', 2, 70, 119),
(89851, 707, '2015-07-27', 3, 70, 119),
(89852, 707, '2015-08-03', 3, 70, 119),
(89853, 707, '2015-08-10', 3, 70, 119),
(89854, 710, '2015-07-28', 1, 70, 108),
(89855, 710, '2015-08-04', 1, 70, 108),
(89856, 710, '2015-08-11', 1, 70, 108),
(89857, 706, '2015-07-28', 2, 70, 121),
(89858, 706, '2015-08-04', 2, 70, 121),
(89859, 706, '2015-08-11', 2, 70, 121),
(89860, 706, '2015-07-28', 3, 70, 121),
(89861, 706, '2015-08-04', 3, 70, 121),
(89862, 706, '2015-08-11', 3, 70, 121),
(89863, 710, '2015-07-29', 1, 70, 108),
(89864, 710, '2015-08-05', 1, 70, 108),
(89865, 710, '2015-08-12', 1, 70, 108),
(89866, 707, '2015-07-29', 2, 70, 119),
(89867, 707, '2015-08-05', 2, 70, 119),
(89868, 707, '2015-08-12', 2, 70, 119),
(89869, 707, '2015-07-29', 3, 70, 119),
(89870, 707, '2015-08-05', 3, 70, 119),
(89871, 707, '2015-08-12', 3, 70, 119),
(89872, 710, '2015-07-30', 1, 70, 108),
(89873, 710, '2015-08-06', 1, 70, 108),
(89874, 710, '2015-08-13', 1, 70, 108),
(89875, 706, '2015-07-30', 2, 70, 121),
(89876, 706, '2015-08-06', 2, 70, 121),
(89877, 706, '2015-08-13', 2, 70, 121),
(89878, 706, '2015-07-30', 3, 70, 121),
(89879, 706, '2015-08-06', 3, 70, 121),
(89880, 706, '2015-08-13', 3, 70, 121),
(89881, 710, '2015-07-31', 1, 70, 108),
(89882, 710, '2015-08-07', 1, 70, 108),
(89883, 710, '2015-08-14', 1, 70, 108),
(89884, 706, '2015-07-31', 2, 70, 121),
(89885, 706, '2015-08-07', 2, 70, 121),
(89886, 706, '2015-08-14', 2, 70, 121),
(89887, 706, '2015-07-31', 3, 70, 121),
(89888, 706, '2015-08-07', 3, 70, 121),
(89889, 706, '2015-08-14', 3, 70, 121),
(89890, 713, '2015-05-04', 1, 71, 116),
(89891, 713, '2015-05-11', 1, 71, 116),
(89892, 713, '2015-05-18', 1, 71, 116),
(89893, 713, '2015-05-04', 2, 71, 116),
(89894, 713, '2015-05-11', 2, 71, 116),
(89895, 713, '2015-05-18', 2, 71, 116),
(89896, 715, '2015-05-04', 3, 71, 128),
(89897, 715, '2015-05-11', 3, 71, 128),
(89898, 715, '2015-05-18', 3, 71, 128),
(89899, 711, '2015-05-05', 1, 71, 121),
(89900, 711, '2015-05-12', 1, 71, 121),
(89901, 711, '2015-05-19', 1, 71, 121),
(89902, 711, '2015-05-05', 2, 71, 121),
(89903, 711, '2015-05-12', 2, 71, 121),
(89904, 711, '2015-05-19', 2, 71, 121),
(89905, 715, '2015-05-05', 3, 71, 128),
(89906, 715, '2015-05-12', 3, 71, 128),
(89907, 715, '2015-05-19', 3, 71, 128),
(89908, 713, '2015-05-06', 1, 71, 116),
(89909, 713, '2015-05-13', 1, 71, 116),
(89910, 713, '2015-05-20', 1, 71, 116),
(89911, 713, '2015-05-06', 2, 71, 116),
(89912, 713, '2015-05-13', 2, 71, 116),
(89913, 713, '2015-05-20', 2, 71, 116),
(89914, 715, '2015-05-06', 3, 71, 128),
(89915, 715, '2015-05-13', 3, 71, 128),
(89916, 715, '2015-05-20', 3, 71, 128),
(89917, 711, '2015-05-07', 1, 71, 121),
(89918, 711, '2015-05-14', 1, 71, 121),
(89919, 711, '2015-05-21', 1, 71, 121),
(89920, 711, '2015-05-07', 2, 71, 121),
(89921, 711, '2015-05-14', 2, 71, 121),
(89922, 711, '2015-05-21', 2, 71, 121),
(89923, 715, '2015-05-07', 3, 71, 128),
(89924, 715, '2015-05-14', 3, 71, 128),
(89925, 715, '2015-05-21', 3, 71, 128),
(89926, 713, '2015-05-08', 1, 71, 116),
(89927, 713, '2015-05-15', 1, 71, 116),
(89928, 713, '2015-05-22', 1, 71, 116),
(89929, 713, '2015-05-08', 2, 71, 116),
(89930, 713, '2015-05-15', 2, 71, 116),
(89931, 713, '2015-05-22', 2, 71, 116),
(89932, 715, '2015-05-08', 3, 71, 128),
(89933, 715, '2015-05-15', 3, 71, 128),
(89934, 715, '2015-05-22', 3, 71, 128),
(89935, 713, '2015-05-25', 1, 71, 116),
(89936, 713, '2015-06-01', 1, 71, 116),
(89937, 713, '2015-06-08', 1, 71, 116),
(89938, 713, '2015-05-25', 2, 71, 116),
(89939, 713, '2015-06-01', 2, 71, 116),
(89940, 713, '2015-06-08', 2, 71, 116),
(89941, 715, '2015-05-25', 3, 71, 128),
(89942, 715, '2015-06-01', 3, 71, 128),
(89943, 715, '2015-06-08', 3, 71, 128),
(89944, 711, '2015-05-26', 1, 71, 121),
(89945, 711, '2015-06-02', 1, 71, 121),
(89946, 711, '2015-06-09', 1, 71, 121),
(89947, 711, '2015-05-26', 2, 71, 121),
(89948, 711, '2015-06-02', 2, 71, 121),
(89949, 711, '2015-06-09', 2, 71, 121),
(89950, 715, '2015-05-26', 3, 71, 128),
(89951, 715, '2015-06-02', 3, 71, 128),
(89952, 715, '2015-06-09', 3, 71, 128),
(89953, 713, '2015-05-27', 1, 71, 116),
(89954, 713, '2015-06-03', 1, 71, 116),
(89955, 713, '2015-06-10', 1, 71, 116),
(89956, 713, '2015-05-27', 2, 71, 116),
(89957, 713, '2015-06-03', 2, 71, 116),
(89958, 713, '2015-06-10', 2, 71, 116),
(89959, 715, '2015-05-27', 3, 71, 128),
(89960, 715, '2015-06-03', 3, 71, 128),
(89961, 715, '2015-06-10', 3, 71, 128),
(89962, 711, '2015-05-28', 1, 71, 121),
(89963, 711, '2015-06-04', 1, 71, 121),
(89964, 711, '2015-06-11', 1, 71, 121),
(89965, 711, '2015-05-28', 2, 71, 121),
(89966, 711, '2015-06-04', 2, 71, 121),
(89967, 711, '2015-06-11', 2, 71, 121),
(89968, 715, '2015-05-28', 3, 71, 128),
(89969, 715, '2015-06-04', 3, 71, 128),
(89970, 715, '2015-06-11', 3, 71, 128),
(89971, 711, '2015-05-29', 1, 71, 121),
(89972, 711, '2015-06-05', 1, 71, 121),
(89973, 711, '2015-06-12', 1, 71, 121),
(89974, 711, '2015-05-29', 2, 71, 121),
(89975, 711, '2015-06-05', 2, 71, 121),
(89976, 711, '2015-06-12', 2, 71, 121),
(89977, 715, '2015-05-29', 3, 71, 128),
(89978, 715, '2015-06-05', 3, 71, 128),
(89979, 715, '2015-06-12', 3, 71, 128),
(89980, 714, '2015-07-06', 1, 71, 137),
(89981, 714, '2015-07-13', 1, 71, 137),
(89982, 714, '2015-07-20', 1, 71, 137),
(89983, 714, '2015-07-06', 2, 71, 137),
(89984, 714, '2015-07-13', 2, 71, 137),
(89985, 714, '2015-07-20', 2, 71, 137),
(89986, 712, '2015-07-07', 2, 71, 134),
(89987, 712, '2015-07-14', 2, 71, 134),
(89988, 712, '2015-07-21', 2, 71, 134),
(89989, 712, '2015-07-07', 3, 71, 134),
(89990, 712, '2015-07-14', 3, 71, 134),
(89991, 712, '2015-07-21', 3, 71, 134),
(89992, 714, '2015-07-08', 1, 71, 137),
(89993, 714, '2015-07-15', 1, 71, 137),
(89994, 714, '2015-07-22', 1, 71, 137),
(89995, 714, '2015-07-08', 2, 71, 137),
(89996, 714, '2015-07-15', 2, 71, 137),
(89997, 714, '2015-07-22', 2, 71, 137),
(89998, 712, '2015-07-09', 2, 71, 134),
(89999, 712, '2015-07-16', 2, 71, 134),
(90000, 712, '2015-07-23', 2, 71, 134),
(90001, 712, '2015-07-09', 3, 71, 134),
(90002, 712, '2015-07-16', 3, 71, 134),
(90003, 712, '2015-07-23', 3, 71, 134),
(90004, 714, '2015-07-10', 1, 71, 137),
(90005, 714, '2015-07-17', 1, 71, 137),
(90006, 714, '2015-07-24', 1, 71, 137),
(90007, 714, '2015-07-10', 2, 71, 137),
(90008, 714, '2015-07-17', 2, 71, 137),
(90009, 714, '2015-07-24', 2, 71, 137),
(90010, 714, '2015-07-27', 1, 71, 137),
(90011, 714, '2015-08-03', 1, 71, 137),
(90012, 714, '2015-08-10', 1, 71, 137),
(90013, 714, '2015-07-27', 2, 71, 137),
(90014, 714, '2015-08-03', 2, 71, 137),
(90015, 714, '2015-08-10', 2, 71, 137),
(90016, 712, '2015-07-28', 2, 71, 134),
(90017, 712, '2015-08-04', 2, 71, 134),
(90018, 712, '2015-08-11', 2, 71, 134),
(90019, 712, '2015-07-28', 3, 71, 134),
(90020, 712, '2015-08-04', 3, 71, 134),
(90021, 712, '2015-08-11', 3, 71, 134),
(90022, 714, '2015-07-29', 1, 71, 137),
(90023, 714, '2015-08-05', 1, 71, 137),
(90024, 714, '2015-08-12', 1, 71, 137),
(90025, 714, '2015-07-29', 2, 71, 137),
(90026, 714, '2015-08-05', 2, 71, 137),
(90027, 714, '2015-08-12', 2, 71, 137),
(90028, 712, '2015-07-30', 2, 71, 134),
(90029, 712, '2015-08-06', 2, 71, 134),
(90030, 712, '2015-08-13', 2, 71, 134),
(90031, 712, '2015-07-30', 3, 71, 134),
(90032, 712, '2015-08-06', 3, 71, 134),
(90033, 712, '2015-08-13', 3, 71, 134),
(90034, 712, '2015-07-31', 2, 71, 134),
(90035, 712, '2015-08-07', 2, 71, 134),
(90036, 712, '2015-08-14', 2, 71, 134),
(90037, 712, '2015-07-31', 3, 71, 134),
(90038, 712, '2015-08-07', 3, 71, 134),
(90039, 712, '2015-08-14', 3, 71, 134),
(90040, 718, '2015-05-04', 4, 67, 116),
(90041, 718, '2015-05-11', 4, 67, 116),
(90042, 718, '2015-05-18', 4, 67, 116),
(90043, 718, '2015-05-04', 5, 67, 116),
(90044, 718, '2015-05-11', 5, 67, 116),
(90045, 718, '2015-05-18', 5, 67, 116),
(90046, 719, '2015-05-05', 5, 67, 117),
(90047, 719, '2015-05-12', 5, 67, 117),
(90048, 719, '2015-05-19', 5, 67, 117),
(90049, 719, '2015-05-05', 6, 67, 117),
(90050, 719, '2015-05-12', 6, 67, 117),
(90051, 719, '2015-05-19', 6, 67, 117),
(90052, 718, '2015-05-06', 4, 67, 116),
(90053, 718, '2015-05-13', 4, 67, 116),
(90054, 718, '2015-05-20', 4, 67, 116),
(90055, 718, '2015-05-06', 5, 67, 116),
(90056, 718, '2015-05-13', 5, 67, 116),
(90057, 718, '2015-05-20', 5, 67, 116),
(90058, 719, '2015-05-07', 5, 67, 117),
(90059, 719, '2015-05-14', 5, 67, 117),
(90060, 719, '2015-05-21', 5, 67, 117),
(90061, 719, '2015-05-07', 6, 67, 117),
(90062, 719, '2015-05-14', 6, 67, 117),
(90063, 719, '2015-05-21', 6, 67, 117),
(90064, 718, '2015-05-08', 4, 67, 116),
(90065, 718, '2015-05-15', 4, 67, 116),
(90066, 718, '2015-05-22', 4, 67, 116),
(90067, 718, '2015-05-08', 5, 67, 116),
(90068, 718, '2015-05-15', 5, 67, 116),
(90069, 718, '2015-05-22', 5, 67, 116),
(90070, 718, '2015-05-25', 4, 67, 116),
(90071, 718, '2015-06-01', 4, 67, 116),
(90072, 718, '2015-06-08', 4, 67, 116),
(90073, 718, '2015-05-25', 5, 67, 116),
(90074, 718, '2015-06-01', 5, 67, 116),
(90075, 718, '2015-06-08', 5, 67, 116),
(90076, 719, '2015-05-26', 5, 67, 117),
(90077, 719, '2015-06-02', 5, 67, 117),
(90078, 719, '2015-06-09', 5, 67, 117),
(90079, 719, '2015-05-26', 6, 67, 117),
(90080, 719, '2015-06-02', 6, 67, 117),
(90081, 719, '2015-06-09', 6, 67, 117),
(90082, 718, '2015-05-27', 4, 67, 116),
(90083, 718, '2015-06-03', 4, 67, 116),
(90084, 718, '2015-06-10', 4, 67, 116),
(90085, 718, '2015-05-27', 5, 67, 116),
(90086, 718, '2015-06-03', 5, 67, 116),
(90087, 718, '2015-06-10', 5, 67, 116),
(90088, 719, '2015-05-28', 5, 67, 117),
(90089, 719, '2015-06-04', 5, 67, 117),
(90090, 719, '2015-06-11', 5, 67, 117),
(90091, 719, '2015-05-28', 6, 67, 117),
(90092, 719, '2015-06-04', 6, 67, 117),
(90093, 719, '2015-06-11', 6, 67, 117),
(90094, 719, '2015-05-29', 5, 67, 117),
(90095, 719, '2015-06-05', 5, 67, 117),
(90096, 719, '2015-06-12', 5, 67, 117),
(90097, 719, '2015-05-29', 6, 67, 117),
(90098, 719, '2015-06-05', 6, 67, 117),
(90099, 719, '2015-06-12', 6, 67, 117),
(90100, 720, '2015-07-06', 4, 67, 108),
(90101, 720, '2015-07-13', 4, 67, 108),
(90102, 720, '2015-07-20', 4, 67, 108),
(90103, 716, '2015-07-06', 5, 67, 119),
(90104, 716, '2015-07-13', 5, 67, 119),
(90105, 716, '2015-07-20', 5, 67, 119),
(90106, 716, '2015-07-06', 6, 67, 119),
(90107, 716, '2015-07-13', 6, 67, 119),
(90108, 716, '2015-07-20', 6, 67, 119),
(90109, 720, '2015-07-07', 4, 67, 108),
(90110, 720, '2015-07-14', 4, 67, 108),
(90111, 720, '2015-07-21', 4, 67, 108),
(90112, 717, '2015-07-07', 5, 67, 119),
(90113, 717, '2015-07-14', 5, 67, 119),
(90114, 717, '2015-07-21', 5, 67, 119),
(90115, 717, '2015-07-07', 6, 67, 119),
(90116, 717, '2015-07-14', 6, 67, 119),
(90117, 717, '2015-07-21', 6, 67, 119),
(90118, 720, '2015-07-08', 4, 67, 108),
(90119, 720, '2015-07-15', 4, 67, 108),
(90120, 720, '2015-07-22', 4, 67, 108),
(90121, 716, '2015-07-08', 5, 67, 119),
(90122, 716, '2015-07-15', 5, 67, 119),
(90123, 716, '2015-07-22', 5, 67, 119),
(90124, 716, '2015-07-08', 6, 67, 119),
(90125, 716, '2015-07-15', 6, 67, 119),
(90126, 716, '2015-07-22', 6, 67, 119),
(90127, 720, '2015-07-09', 4, 67, 108),
(90128, 720, '2015-07-16', 4, 67, 108),
(90129, 720, '2015-07-23', 4, 67, 108),
(90130, 717, '2015-07-09', 5, 67, 119),
(90131, 717, '2015-07-16', 5, 67, 119),
(90132, 717, '2015-07-23', 5, 67, 119),
(90133, 717, '2015-07-09', 6, 67, 119),
(90134, 717, '2015-07-16', 6, 67, 119),
(90135, 717, '2015-07-23', 6, 67, 119),
(90136, 720, '2015-07-10', 4, 67, 108),
(90137, 720, '2015-07-17', 4, 67, 108),
(90138, 720, '2015-07-24', 4, 67, 108),
(90139, 716, '2015-07-10', 5, 67, 119),
(90140, 716, '2015-07-17', 5, 67, 119),
(90141, 716, '2015-07-24', 5, 67, 119),
(90142, 716, '2015-07-10', 6, 67, 119),
(90143, 716, '2015-07-17', 6, 67, 119),
(90144, 716, '2015-07-24', 6, 67, 119),
(90145, 720, '2015-07-27', 4, 67, 108),
(90146, 720, '2015-08-03', 4, 67, 108),
(90147, 720, '2015-08-10', 4, 67, 108),
(90148, 716, '2015-07-27', 5, 67, 119),
(90149, 716, '2015-08-03', 5, 67, 119),
(90150, 716, '2015-08-10', 5, 67, 119),
(90151, 716, '2015-07-27', 6, 67, 119),
(90152, 716, '2015-08-03', 6, 67, 119),
(90153, 716, '2015-08-10', 6, 67, 119),
(90154, 720, '2015-07-28', 4, 67, 108),
(90155, 720, '2015-08-04', 4, 67, 108),
(90156, 720, '2015-08-11', 4, 67, 108),
(90157, 717, '2015-07-28', 5, 67, 119),
(90158, 717, '2015-08-04', 5, 67, 119),
(90159, 717, '2015-08-11', 5, 67, 119),
(90160, 717, '2015-07-28', 6, 67, 119),
(90161, 717, '2015-08-04', 6, 67, 119),
(90162, 717, '2015-08-11', 6, 67, 119),
(90163, 720, '2015-07-29', 4, 67, 108),
(90164, 720, '2015-08-05', 4, 67, 108),
(90165, 720, '2015-08-12', 4, 67, 108),
(90166, 716, '2015-07-29', 5, 67, 119),
(90167, 716, '2015-08-05', 5, 67, 119),
(90168, 716, '2015-08-12', 5, 67, 119),
(90169, 716, '2015-07-29', 6, 67, 119),
(90170, 716, '2015-08-05', 6, 67, 119),
(90171, 716, '2015-08-12', 6, 67, 119),
(90172, 720, '2015-07-30', 4, 67, 108),
(90173, 720, '2015-08-06', 4, 67, 108),
(90174, 720, '2015-08-13', 4, 67, 108),
(90175, 717, '2015-07-30', 5, 67, 119),
(90176, 717, '2015-08-06', 5, 67, 119),
(90177, 717, '2015-08-13', 5, 67, 119),
(90178, 717, '2015-07-30', 6, 67, 119),
(90179, 717, '2015-08-06', 6, 67, 119),
(90180, 717, '2015-08-13', 6, 67, 119),
(90181, 720, '2015-07-31', 4, 67, 108),
(90182, 720, '2015-08-07', 4, 67, 108),
(90183, 720, '2015-08-14', 4, 67, 108),
(90184, 717, '2015-07-31', 5, 67, 119),
(90185, 717, '2015-08-07', 5, 67, 119),
(90186, 717, '2015-08-14', 5, 67, 119),
(90187, 717, '2015-07-31', 6, 67, 119),
(90188, 717, '2015-08-07', 6, 67, 119),
(90189, 717, '2015-08-14', 6, 67, 119),
(90190, 725, '2015-05-04', 4, 71, 123),
(90191, 725, '2015-05-11', 4, 71, 123),
(90192, 725, '2015-05-18', 4, 71, 123),
(90193, 724, '2015-05-04', 5, 71, 122),
(90194, 724, '2015-05-11', 5, 71, 122),
(90195, 724, '2015-05-18', 5, 71, 122),
(90196, 724, '2015-05-04', 6, 71, 122),
(90197, 724, '2015-05-11', 6, 71, 122),
(90198, 724, '2015-05-18', 6, 71, 122),
(90199, 725, '2015-05-05', 4, 71, 123),
(90200, 725, '2015-05-12', 4, 71, 123),
(90201, 725, '2015-05-19', 4, 71, 123),
(90202, 721, '2015-05-05', 5, 71, 120),
(90203, 721, '2015-05-12', 5, 71, 120),
(90204, 721, '2015-05-19', 5, 71, 120),
(90205, 721, '2015-05-05', 6, 71, 120),
(90206, 721, '2015-05-12', 6, 71, 120),
(90207, 721, '2015-05-19', 6, 71, 120),
(90208, 725, '2015-05-06', 4, 71, 123),
(90209, 725, '2015-05-13', 4, 71, 123),
(90210, 725, '2015-05-20', 4, 71, 123),
(90211, 724, '2015-05-06', 5, 71, 122),
(90212, 724, '2015-05-13', 5, 71, 122),
(90213, 724, '2015-05-20', 5, 71, 122),
(90214, 724, '2015-05-06', 6, 71, 122),
(90215, 724, '2015-05-13', 6, 71, 122),
(90216, 724, '2015-05-20', 6, 71, 122),
(90217, 725, '2015-05-07', 4, 71, 123),
(90218, 725, '2015-05-14', 4, 71, 123),
(90219, 725, '2015-05-21', 4, 71, 123),
(90220, 721, '2015-05-07', 5, 71, 120),
(90221, 721, '2015-05-14', 5, 71, 120),
(90222, 721, '2015-05-21', 5, 71, 120),
(90223, 721, '2015-05-07', 6, 71, 120),
(90224, 721, '2015-05-14', 6, 71, 120),
(90225, 721, '2015-05-21', 6, 71, 120),
(90226, 725, '2015-05-08', 4, 71, 123),
(90227, 725, '2015-05-15', 4, 71, 123),
(90228, 725, '2015-05-22', 4, 71, 123),
(90229, 724, '2015-05-08', 5, 71, 122),
(90230, 724, '2015-05-15', 5, 71, 122),
(90231, 724, '2015-05-22', 5, 71, 122),
(90232, 724, '2015-05-08', 6, 71, 122),
(90233, 724, '2015-05-15', 6, 71, 122),
(90234, 724, '2015-05-22', 6, 71, 122),
(90235, 725, '2015-05-25', 4, 71, 123),
(90236, 725, '2015-06-01', 4, 71, 123),
(90237, 725, '2015-06-08', 4, 71, 123),
(90238, 724, '2015-05-25', 5, 71, 122),
(90239, 724, '2015-06-01', 5, 71, 122),
(90240, 724, '2015-06-08', 5, 71, 122),
(90241, 724, '2015-05-25', 6, 71, 122),
(90242, 724, '2015-06-01', 6, 71, 122),
(90243, 724, '2015-06-08', 6, 71, 122),
(90244, 725, '2015-05-26', 4, 71, 123),
(90245, 725, '2015-06-02', 4, 71, 123),
(90246, 725, '2015-06-09', 4, 71, 123),
(90247, 721, '2015-05-26', 5, 71, 120),
(90248, 721, '2015-06-02', 5, 71, 120),
(90249, 721, '2015-06-09', 5, 71, 120),
(90250, 721, '2015-05-26', 6, 71, 120),
(90251, 721, '2015-06-02', 6, 71, 120),
(90252, 721, '2015-06-09', 6, 71, 120),
(90253, 725, '2015-05-27', 4, 71, 123),
(90254, 725, '2015-06-03', 4, 71, 123),
(90255, 725, '2015-06-10', 4, 71, 123),
(90256, 724, '2015-05-27', 5, 71, 122),
(90257, 724, '2015-06-03', 5, 71, 122),
(90258, 724, '2015-06-10', 5, 71, 122),
(90259, 724, '2015-05-27', 6, 71, 122),
(90260, 724, '2015-06-03', 6, 71, 122),
(90261, 724, '2015-06-10', 6, 71, 122),
(90262, 725, '2015-05-28', 4, 71, 123),
(90263, 725, '2015-06-04', 4, 71, 123),
(90264, 725, '2015-06-11', 4, 71, 123),
(90265, 721, '2015-05-28', 5, 71, 120),
(90266, 721, '2015-06-04', 5, 71, 120),
(90267, 721, '2015-06-11', 5, 71, 120),
(90268, 721, '2015-05-28', 6, 71, 120),
(90269, 721, '2015-06-04', 6, 71, 120),
(90270, 721, '2015-06-11', 6, 71, 120),
(90271, 725, '2015-05-29', 4, 71, 123),
(90272, 725, '2015-06-05', 4, 71, 123),
(90273, 725, '2015-06-12', 4, 71, 123),
(90274, 721, '2015-05-29', 5, 71, 120),
(90275, 721, '2015-06-05', 5, 71, 120),
(90276, 721, '2015-06-12', 5, 71, 120),
(90277, 721, '2015-05-29', 6, 71, 120),
(90278, 721, '2015-06-05', 6, 71, 120),
(90279, 721, '2015-06-12', 6, 71, 120),
(90280, 723, '2015-07-06', 4, 71, 121),
(90281, 723, '2015-07-13', 4, 71, 121),
(90282, 723, '2015-07-20', 4, 71, 121),
(90283, 723, '2015-07-06', 5, 71, 121),
(90284, 723, '2015-07-13', 5, 71, 121),
(90285, 723, '2015-07-20', 5, 71, 121),
(90286, 722, '2015-07-07', 5, 71, 120),
(90287, 722, '2015-07-14', 5, 71, 120),
(90288, 722, '2015-07-21', 5, 71, 120),
(90289, 722, '2015-07-07', 6, 71, 120),
(90290, 722, '2015-07-14', 6, 71, 120),
(90291, 722, '2015-07-21', 6, 71, 120),
(90292, 723, '2015-07-08', 4, 71, 121),
(90293, 723, '2015-07-15', 4, 71, 121),
(90294, 723, '2015-07-22', 4, 71, 121),
(90295, 723, '2015-07-08', 5, 71, 121),
(90296, 723, '2015-07-15', 5, 71, 121),
(90297, 723, '2015-07-22', 5, 71, 121),
(90298, 722, '2015-07-09', 5, 71, 120),
(90299, 722, '2015-07-16', 5, 71, 120),
(90300, 722, '2015-07-23', 5, 71, 120),
(90301, 722, '2015-07-09', 6, 71, 120),
(90302, 722, '2015-07-16', 6, 71, 120),
(90303, 722, '2015-07-23', 6, 71, 120),
(90304, 723, '2015-07-10', 4, 71, 121),
(90305, 723, '2015-07-17', 4, 71, 121),
(90306, 723, '2015-07-24', 4, 71, 121),
(90307, 723, '2015-07-10', 5, 71, 121),
(90308, 723, '2015-07-17', 5, 71, 121),
(90309, 723, '2015-07-24', 5, 71, 121),
(90310, 723, '2015-07-27', 4, 71, 121),
(90311, 723, '2015-08-03', 4, 71, 121),
(90312, 723, '2015-08-10', 4, 71, 121),
(90313, 723, '2015-07-27', 5, 71, 121),
(90314, 723, '2015-08-03', 5, 71, 121),
(90315, 723, '2015-08-10', 5, 71, 121),
(90316, 722, '2015-07-28', 5, 71, 120),
(90317, 722, '2015-08-04', 5, 71, 120),
(90318, 722, '2015-08-11', 5, 71, 120),
(90319, 722, '2015-07-28', 6, 71, 120),
(90320, 722, '2015-08-04', 6, 71, 120),
(90321, 722, '2015-08-11', 6, 71, 120),
(90322, 723, '2015-07-29', 4, 71, 121),
(90323, 723, '2015-08-05', 4, 71, 121),
(90324, 723, '2015-08-12', 4, 71, 121),
(90325, 723, '2015-07-29', 5, 71, 121),
(90326, 723, '2015-08-05', 5, 71, 121),
(90327, 723, '2015-08-12', 5, 71, 121),
(90328, 722, '2015-07-30', 5, 71, 120),
(90329, 722, '2015-08-06', 5, 71, 120),
(90330, 722, '2015-08-13', 5, 71, 120),
(90331, 722, '2015-07-30', 6, 71, 120),
(90332, 722, '2015-08-06', 6, 71, 120),
(90333, 722, '2015-08-13', 6, 71, 120),
(90334, 722, '2015-07-31', 5, 71, 120),
(90335, 722, '2015-08-07', 5, 71, 120),
(90336, 722, '2015-08-14', 5, 71, 120),
(90337, 722, '2015-07-31', 6, 71, 120),
(90338, 722, '2015-08-07', 6, 71, 120),
(90339, 722, '2015-08-14', 6, 71, 120),
(90340, 646, '2015-05-05', 1, 57, 125),
(90341, 646, '2015-05-12', 1, 57, 125),
(90342, 646, '2015-05-19', 1, 57, 125),
(90343, 646, '2015-05-05', 2, 57, 125),
(90344, 646, '2015-05-12', 2, 57, 125),
(90345, 646, '2015-05-19', 2, 57, 125),
(90346, 646, '2015-05-07', 1, 57, 125),
(90347, 646, '2015-05-14', 1, 57, 125),
(90348, 646, '2015-05-21', 1, 57, 125),
(90349, 646, '2015-05-07', 2, 57, 125),
(90350, 646, '2015-05-14', 2, 57, 125),
(90351, 646, '2015-05-21', 2, 57, 125),
(90352, 646, '2015-05-26', 1, 57, 125),
(90353, 646, '2015-06-02', 1, 57, 125),
(90354, 646, '2015-06-09', 1, 57, 125),
(90355, 646, '2015-05-26', 2, 57, 125),
(90356, 646, '2015-06-02', 2, 57, 125),
(90357, 646, '2015-06-09', 2, 57, 125),
(90358, 646, '2015-05-28', 1, 57, 125),
(90359, 646, '2015-06-04', 1, 57, 125),
(90360, 646, '2015-06-11', 1, 57, 125),
(90361, 646, '2015-05-28', 2, 57, 125),
(90362, 646, '2015-06-04', 2, 57, 125),
(90363, 646, '2015-06-11', 2, 57, 125),
(90364, 646, '2015-05-29', 1, 57, 125),
(90365, 646, '2015-06-05', 1, 57, 125),
(90366, 646, '2015-06-12', 1, 57, 125),
(90367, 646, '2015-05-29', 2, 57, 125),
(90368, 646, '2015-06-05', 2, 57, 125),
(90369, 646, '2015-06-12', 2, 57, 125),
(90370, 647, '2015-07-06', 1, 57, 107),
(90371, 647, '2015-07-13', 1, 57, 107),
(90372, 647, '2015-07-20', 1, 57, 107),
(90373, 647, '2015-07-06', 2, 57, 107),
(90374, 647, '2015-07-13', 2, 57, 107),
(90375, 647, '2015-07-20', 2, 57, 107),
(90376, 647, '2015-07-08', 1, 57, 107),
(90377, 647, '2015-07-15', 1, 57, 107),
(90378, 647, '2015-07-22', 1, 57, 107),
(90379, 647, '2015-07-08', 2, 57, 107),
(90380, 647, '2015-07-15', 2, 57, 107),
(90381, 647, '2015-07-22', 2, 57, 107),
(90382, 647, '2015-07-10', 1, 57, 107),
(90383, 647, '2015-07-17', 1, 57, 107),
(90384, 647, '2015-07-24', 1, 57, 107),
(90385, 647, '2015-07-10', 2, 57, 107),
(90386, 647, '2015-07-17', 2, 57, 107),
(90387, 647, '2015-07-24', 2, 57, 107),
(90388, 647, '2015-07-27', 1, 57, 107),
(90389, 647, '2015-08-03', 1, 57, 107),
(90390, 647, '2015-08-10', 1, 57, 107),
(90391, 647, '2015-07-27', 2, 57, 107),
(90392, 647, '2015-08-03', 2, 57, 107),
(90393, 647, '2015-08-10', 2, 57, 107),
(90394, 647, '2015-07-29', 1, 57, 107),
(90395, 647, '2015-08-05', 1, 57, 107),
(90396, 647, '2015-08-12', 1, 57, 107),
(90397, 647, '2015-07-29', 2, 57, 107),
(90398, 647, '2015-08-05', 2, 57, 107),
(90399, 647, '2015-08-12', 2, 57, 107),
(90400, 667, '2015-07-07', 2, 60, 110),
(90401, 667, '2015-07-14', 2, 60, 110),
(90402, 667, '2015-07-21', 2, 60, 110),
(90403, 667, '2015-07-07', 3, 60, 110),
(90404, 667, '2015-07-14', 3, 60, 110),
(90405, 667, '2015-07-21', 3, 60, 110),
(90406, 667, '2015-07-09', 2, 60, 110),
(90407, 667, '2015-07-16', 2, 60, 110),
(90408, 667, '2015-07-23', 2, 60, 110),
(90409, 667, '2015-07-09', 3, 60, 110),
(90410, 667, '2015-07-16', 3, 60, 110),
(90411, 667, '2015-07-23', 3, 60, 110),
(90412, 667, '2015-07-28', 2, 60, 110),
(90413, 667, '2015-08-04', 2, 60, 110),
(90414, 667, '2015-08-11', 2, 60, 110),
(90415, 667, '2015-07-28', 3, 60, 110),
(90416, 667, '2015-08-04', 3, 60, 110),
(90417, 667, '2015-08-11', 3, 60, 110),
(90418, 667, '2015-07-30', 2, 60, 110),
(90419, 667, '2015-08-06', 2, 60, 110),
(90420, 667, '2015-08-13', 2, 60, 110),
(90421, 667, '2015-07-30', 3, 60, 110),
(90422, 667, '2015-08-06', 3, 60, 110),
(90423, 667, '2015-08-13', 3, 60, 110),
(90424, 667, '2015-07-31', 2, 60, 110),
(90425, 667, '2015-08-07', 2, 60, 110),
(90426, 667, '2015-08-14', 2, 60, 110),
(90427, 667, '2015-07-31', 3, 60, 110),
(90428, 667, '2015-08-07', 3, 60, 110),
(90429, 667, '2015-08-14', 3, 60, 110),
(90430, 668, '2015-05-05', 1, 60, 108),
(90431, 668, '2015-05-12', 1, 60, 108),
(90432, 668, '2015-05-19', 1, 60, 108),
(90433, 668, '2015-05-05', 2, 60, 108),
(90434, 668, '2015-05-12', 2, 60, 108),
(90435, 668, '2015-05-19', 2, 60, 108),
(90436, 668, '2015-05-07', 1, 60, 108),
(90437, 668, '2015-05-14', 1, 60, 108),
(90438, 668, '2015-05-21', 1, 60, 108),
(90439, 668, '2015-05-07', 2, 60, 108),
(90440, 668, '2015-05-14', 2, 60, 108),
(90441, 668, '2015-05-21', 2, 60, 108),
(90442, 668, '2015-05-26', 1, 60, 108),
(90443, 668, '2015-06-02', 1, 60, 108),
(90444, 668, '2015-06-09', 1, 60, 108),
(90445, 668, '2015-05-26', 2, 60, 108),
(90446, 668, '2015-06-02', 2, 60, 108),
(90447, 668, '2015-06-09', 2, 60, 108),
(90448, 668, '2015-05-28', 1, 60, 108),
(90449, 668, '2015-06-04', 1, 60, 108),
(90450, 668, '2015-06-11', 1, 60, 108),
(90451, 668, '2015-05-28', 2, 60, 108),
(90452, 668, '2015-06-04', 2, 60, 108),
(90453, 668, '2015-06-11', 2, 60, 108),
(90454, 668, '2015-05-29', 1, 60, 108),
(90455, 668, '2015-06-05', 1, 60, 108),
(90456, 668, '2015-06-12', 1, 60, 108),
(90457, 668, '2015-05-29', 2, 60, 108),
(90458, 668, '2015-06-05', 2, 60, 108),
(90459, 668, '2015-06-12', 2, 60, 108),
(90460, 669, '2015-05-04', 1, 60, 128),
(90461, 669, '2015-05-11', 1, 60, 128),
(90462, 669, '2015-05-18', 1, 60, 128),
(90463, 669, '2015-05-04', 2, 60, 128),
(90464, 669, '2015-05-11', 2, 60, 128),
(90465, 669, '2015-05-18', 2, 60, 128),
(90466, 669, '2015-05-06', 1, 60, 128),
(90467, 669, '2015-05-13', 1, 60, 128),
(90468, 669, '2015-05-20', 1, 60, 128),
(90469, 669, '2015-05-06', 2, 60, 128),
(90470, 669, '2015-05-13', 2, 60, 128),
(90471, 669, '2015-05-20', 2, 60, 128),
(90472, 669, '2015-05-08', 1, 60, 128),
(90473, 669, '2015-05-15', 1, 60, 128),
(90474, 669, '2015-05-22', 1, 60, 128),
(90475, 669, '2015-05-08', 2, 60, 128),
(90476, 669, '2015-05-15', 2, 60, 128),
(90477, 669, '2015-05-22', 2, 60, 128),
(90478, 669, '2015-05-25', 1, 60, 128),
(90479, 669, '2015-06-01', 1, 60, 128),
(90480, 669, '2015-06-08', 1, 60, 128),
(90481, 669, '2015-05-25', 2, 60, 128),
(90482, 669, '2015-06-01', 2, 60, 128),
(90483, 669, '2015-06-08', 2, 60, 128),
(90484, 669, '2015-05-27', 1, 60, 128),
(90485, 669, '2015-06-03', 1, 60, 128),
(90486, 669, '2015-06-10', 1, 60, 128),
(90487, 669, '2015-05-27', 2, 60, 128),
(90488, 669, '2015-06-03', 2, 60, 128),
(90489, 669, '2015-06-10', 2, 60, 128),
(90490, 650, '2015-05-04', 3, 97, NULL),
(90491, 650, '2015-05-11', 3, 97, NULL),
(90492, 650, '2015-05-18', 3, 97, NULL),
(90493, 650, '2015-05-05', 3, 97, NULL),
(90494, 650, '2015-05-12', 3, 97, NULL),
(90495, 650, '2015-05-19', 3, 97, NULL),
(90496, 650, '2015-05-06', 3, 97, NULL),
(90497, 650, '2015-05-13', 3, 97, NULL),
(90498, 650, '2015-05-20', 3, 97, NULL),
(90499, 650, '2015-05-07', 3, 97, NULL),
(90500, 650, '2015-05-14', 3, 97, NULL),
(90501, 650, '2015-05-21', 3, 97, NULL),
(90502, 650, '2015-05-08', 3, 97, NULL),
(90503, 650, '2015-05-15', 3, 97, NULL),
(90504, 650, '2015-05-22', 3, 97, NULL),
(90505, 650, '2015-05-25', 3, 97, NULL),
(90506, 650, '2015-06-01', 3, 97, NULL),
(90507, 650, '2015-06-08', 3, 97, NULL),
(90508, 650, '2015-05-26', 3, 97, NULL),
(90509, 650, '2015-06-02', 3, 97, NULL),
(90510, 650, '2015-06-09', 3, 97, NULL),
(90511, 650, '2015-05-27', 3, 97, NULL),
(90512, 650, '2015-06-03', 3, 97, NULL),
(90513, 650, '2015-06-10', 3, 97, NULL),
(90514, 650, '2015-05-28', 3, 97, NULL);
INSERT INTO `time_table` (`time_table_id`, `class_course_semester_id`, `date`, `slot`, `room_id`, `teacher_semester_id`) VALUES
(90515, 650, '2015-06-04', 3, 97, NULL),
(90516, 650, '2015-06-11', 3, 97, NULL),
(90517, 650, '2015-05-29', 3, 97, NULL),
(90518, 650, '2015-06-05', 3, 97, NULL),
(90519, 650, '2015-06-12', 3, 97, NULL),
(90520, 670, '2015-05-04', 3, NULL, 112),
(90521, 670, '2015-05-11', 3, NULL, 112),
(90522, 670, '2015-05-18', 3, NULL, 112),
(90523, 670, '2015-05-05', 3, NULL, 112),
(90524, 670, '2015-05-12', 3, NULL, 112),
(90525, 670, '2015-05-19', 3, NULL, 112),
(90526, 670, '2015-05-06', 3, NULL, 112),
(90527, 670, '2015-05-13', 3, NULL, 112),
(90528, 670, '2015-05-20', 3, NULL, 112),
(90529, 670, '2015-05-07', 3, NULL, 112),
(90530, 670, '2015-05-14', 3, NULL, 112),
(90531, 670, '2015-05-21', 3, NULL, 112),
(90532, 670, '2015-05-08', 3, NULL, 112),
(90533, 670, '2015-05-15', 3, NULL, 112),
(90534, 670, '2015-05-22', 3, NULL, 112),
(90535, 670, '2015-05-25', 3, NULL, 112),
(90536, 670, '2015-06-01', 3, NULL, 112),
(90537, 670, '2015-06-08', 3, NULL, 112),
(90538, 670, '2015-05-26', 3, NULL, 112),
(90539, 670, '2015-06-02', 3, NULL, 112),
(90540, 670, '2015-06-09', 3, NULL, 112),
(90541, 670, '2015-05-27', 3, NULL, 112),
(90542, 670, '2015-06-03', 3, NULL, 112),
(90543, 670, '2015-06-10', 3, NULL, 112),
(90544, 670, '2015-05-28', 3, NULL, 112),
(90545, 670, '2015-06-04', 3, NULL, 112),
(90546, 670, '2015-06-11', 3, NULL, 112),
(90547, 670, '2015-05-29', 3, NULL, 112),
(90548, 670, '2015-06-05', 3, NULL, 112),
(90549, 670, '2015-06-12', 3, NULL, 112),
(90550, 649, '2015-07-07', 1, 57, 117),
(90551, 649, '2015-07-14', 1, 57, 117),
(90552, 649, '2015-07-21', 1, 57, 117),
(90553, 649, '2015-07-07', 2, 57, 117),
(90554, 649, '2015-07-14', 2, 57, 117),
(90555, 649, '2015-07-21', 2, 57, 117),
(90556, 649, '2015-07-09', 1, 57, 117),
(90557, 649, '2015-07-16', 1, 57, 117),
(90558, 649, '2015-07-23', 1, 57, 117),
(90559, 649, '2015-07-09', 2, 57, 117),
(90560, 649, '2015-07-16', 2, 57, 117),
(90561, 649, '2015-07-23', 2, 57, 117),
(90562, 649, '2015-07-28', 1, 57, 117),
(90563, 649, '2015-08-04', 1, 57, 117),
(90564, 649, '2015-08-11', 1, 57, 117),
(90565, 649, '2015-07-28', 2, 57, 117),
(90566, 649, '2015-08-04', 2, 57, 117),
(90567, 649, '2015-08-11', 2, 57, 117),
(90568, 649, '2015-07-30', 1, 57, 117),
(90569, 649, '2015-08-06', 1, 57, 117),
(90570, 649, '2015-08-13', 1, 57, 117),
(90571, 649, '2015-07-30', 2, 57, 117),
(90572, 649, '2015-08-06', 2, 57, 117),
(90573, 649, '2015-08-13', 2, 57, 117),
(90574, 649, '2015-07-31', 1, 57, 117),
(90575, 649, '2015-08-07', 1, 57, 117),
(90576, 649, '2015-08-14', 1, 57, 117),
(90577, 649, '2015-07-31', 2, 57, 117),
(90578, 649, '2015-08-07', 2, 57, 117),
(90579, 649, '2015-08-14', 2, 57, 117),
(90580, 648, '2015-05-04', 4, 66, 125),
(90581, 648, '2015-05-11', 4, 66, 125),
(90582, 648, '2015-05-18', 4, 66, 125),
(90583, 648, '2015-05-04', 5, 66, 125),
(90584, 648, '2015-05-11', 5, 66, 125),
(90585, 648, '2015-05-18', 5, 66, 125),
(90586, 648, '2015-05-06', 4, 66, 125),
(90587, 648, '2015-05-13', 4, 66, 125),
(90588, 648, '2015-05-20', 4, 66, 125),
(90589, 648, '2015-05-06', 5, 66, 125),
(90590, 648, '2015-05-13', 5, 66, 125),
(90591, 648, '2015-05-20', 5, 66, 125),
(90592, 648, '2015-05-08', 4, 66, 125),
(90593, 648, '2015-05-15', 4, 66, 125),
(90594, 648, '2015-05-22', 4, 66, 125),
(90595, 648, '2015-05-08', 5, 66, 125),
(90596, 648, '2015-05-15', 5, 66, 125),
(90597, 648, '2015-05-22', 5, 66, 125),
(90598, 648, '2015-05-25', 4, 66, 125),
(90599, 648, '2015-06-01', 4, 66, 125),
(90600, 648, '2015-06-08', 4, 66, 125),
(90601, 648, '2015-05-25', 5, 66, 125),
(90602, 648, '2015-06-01', 5, 66, 125),
(90603, 648, '2015-06-08', 5, 66, 125),
(90604, 648, '2015-05-27', 4, 66, 125),
(90605, 648, '2015-06-03', 4, 66, 125),
(90606, 648, '2015-06-10', 4, 66, 125),
(90607, 648, '2015-05-27', 5, 66, 125),
(90608, 648, '2015-06-03', 5, 66, 125),
(90609, 648, '2015-06-10', 5, 66, 125);

--
-- Indexes for dumped tables
--

--
-- Indexes for table `buildings`
--
ALTER TABLE `buildings`
 ADD PRIMARY KEY (`building_id`);

--
-- Indexes for table `classes`
--
ALTER TABLE `classes`
 ADD PRIMARY KEY (`class_id`), ADD UNIQUE KEY `code` (`code`), ADD KEY `specialized_id` (`specialized_id`), ADD KEY `course_id` (`course_id`), ADD KEY `detail_specialized_id` (`detail_specialized_id`);

--
-- Indexes for table `class_course_semester`
--
ALTER TABLE `class_course_semester`
 ADD PRIMARY KEY (`class_course_semester_id`), ADD UNIQUE KEY `class_course_semester_idx` (`class_semester_id`,`course_semester_id`), ADD KEY `class_semester_id` (`class_semester_id`), ADD KEY `course_semester_id` (`course_semester_id`);

--
-- Indexes for table `class_course_semester_merge`
--
ALTER TABLE `class_course_semester_merge`
 ADD PRIMARY KEY (`class_course_semester_merge_id`), ADD KEY `class_course_semester_id_1` (`class_course_semester_id_1`), ADD KEY `class_course_semester_id_2` (`class_course_semester_id_2`);

--
-- Indexes for table `class_course_student_semester`
--
ALTER TABLE `class_course_student_semester`
 ADD PRIMARY KEY (`class_course_student_semester_id`), ADD UNIQUE KEY `class_course_student_semester_idx` (`class_course_semester_id`,`student_id`), ADD KEY `class_course_semester_id` (`class_course_semester_id`), ADD KEY `student_id` (`student_id`);

--
-- Indexes for table `class_semester`
--
ALTER TABLE `class_semester`
 ADD PRIMARY KEY (`class_semester_id`), ADD UNIQUE KEY `class_id` (`class_id`,`semester_id`), ADD KEY `semester_id` (`semester_id`);

--
-- Indexes for table `courses`
--
ALTER TABLE `courses`
 ADD PRIMARY KEY (`course_id`), ADD UNIQUE KEY `code` (`code`), ADD KEY `department_id` (`department_id`);

--
-- Indexes for table `course_semester`
--
ALTER TABLE `course_semester`
 ADD PRIMARY KEY (`course_semester_id`), ADD UNIQUE KEY `my_idx` (`course_id`,`semester_id`), ADD KEY `course_condition_id` (`course_condition_id`), ADD KEY `course_id` (`course_id`), ADD KEY `semester_id` (`semester_id`);

--
-- Indexes for table `department`
--
ALTER TABLE `department`
 ADD PRIMARY KEY (`department_id`), ADD UNIQUE KEY `code` (`code`);

--
-- Indexes for table `program_semester`
--
ALTER TABLE `program_semester`
 ADD PRIMARY KEY (`program_semester_id`), ADD UNIQUE KEY `semester_id_2` (`semester_id`,`current_semester`,`specialized_id`,`detail_specialized_id`), ADD KEY `semester_id` (`semester_id`), ADD KEY `specialized_id` (`specialized_id`), ADD KEY `detail_specialized_id` (`detail_specialized_id`);

--
-- Indexes for table `program_semester_detail`
--
ALTER TABLE `program_semester_detail`
 ADD PRIMARY KEY (`program_semester_detail_id`), ADD UNIQUE KEY `program_semester_id_2` (`program_semester_id`,`course_semester_id`), ADD KEY `program_semester_id` (`program_semester_id`), ADD KEY `course_semester_id` (`course_semester_id`);

--
-- Indexes for table `rooms`
--
ALTER TABLE `rooms`
 ADD PRIMARY KEY (`room_id`), ADD UNIQUE KEY `code` (`code`), ADD KEY `building_id` (`building_id`);

--
-- Indexes for table `semesters`
--
ALTER TABLE `semesters`
 ADD PRIMARY KEY (`semester_id`), ADD UNIQUE KEY `code` (`code`);

--
-- Indexes for table `specialized`
--
ALTER TABLE `specialized`
 ADD PRIMARY KEY (`specialized_id`), ADD UNIQUE KEY `code` (`code`);

--
-- Indexes for table `staff`
--
ALTER TABLE `staff`
 ADD PRIMARY KEY (`staff_id`), ADD UNIQUE KEY `account` (`account`,`email`);

--
-- Indexes for table `students`
--
ALTER TABLE `students`
 ADD PRIMARY KEY (`student_id`), ADD UNIQUE KEY `account` (`account`,`email`,`student_code`), ADD KEY `specialized_id` (`specialized_id`), ADD KEY `detail_specialized_id` (`detail_specialized_id`);

--
-- Indexes for table `teachers`
--
ALTER TABLE `teachers`
 ADD PRIMARY KEY (`teacher_id`), ADD UNIQUE KEY `account` (`account`), ADD UNIQUE KEY `email` (`email`);

--
-- Indexes for table `teacher_course_semester`
--
ALTER TABLE `teacher_course_semester`
 ADD PRIMARY KEY (`teacher_course_semester_id`), ADD KEY `course_semester_id` (`course_semester_id`), ADD KEY `teacher_semester_id` (`teacher_semester_id`);

--
-- Indexes for table `teacher_semester`
--
ALTER TABLE `teacher_semester`
 ADD PRIMARY KEY (`teacher_semester_id`), ADD UNIQUE KEY `teacher_id` (`teacher_id`,`semester_id`), ADD KEY `semester_id` (`semester_id`);

--
-- Indexes for table `time_table`
--
ALTER TABLE `time_table`
 ADD PRIMARY KEY (`time_table_id`), ADD UNIQUE KEY `date` (`date`,`slot`,`class_course_semester_id`), ADD KEY `class_course_semester_id` (`class_course_semester_id`), ADD KEY `room_id` (`room_id`), ADD KEY `teacher_id` (`teacher_semester_id`);

--
-- AUTO_INCREMENT for dumped tables
--

--
-- AUTO_INCREMENT for table `buildings`
--
ALTER TABLE `buildings`
MODIFY `building_id` int(11) NOT NULL AUTO_INCREMENT,AUTO_INCREMENT=5;
--
-- AUTO_INCREMENT for table `classes`
--
ALTER TABLE `classes`
MODIFY `class_id` int(11) NOT NULL AUTO_INCREMENT,AUTO_INCREMENT=111;
--
-- AUTO_INCREMENT for table `class_course_semester`
--
ALTER TABLE `class_course_semester`
MODIFY `class_course_semester_id` int(11) NOT NULL AUTO_INCREMENT,AUTO_INCREMENT=726;
--
-- AUTO_INCREMENT for table `class_course_semester_merge`
--
ALTER TABLE `class_course_semester_merge`
MODIFY `class_course_semester_merge_id` int(11) NOT NULL AUTO_INCREMENT,AUTO_INCREMENT=243;
--
-- AUTO_INCREMENT for table `class_course_student_semester`
--
ALTER TABLE `class_course_student_semester`
MODIFY `class_course_student_semester_id` int(11) NOT NULL AUTO_INCREMENT,AUTO_INCREMENT=34921;
--
-- AUTO_INCREMENT for table `class_semester`
--
ALTER TABLE `class_semester`
MODIFY `class_semester_id` int(11) NOT NULL AUTO_INCREMENT,AUTO_INCREMENT=162;
--
-- AUTO_INCREMENT for table `courses`
--
ALTER TABLE `courses`
MODIFY `course_id` int(11) NOT NULL AUTO_INCREMENT,AUTO_INCREMENT=277;
--
-- AUTO_INCREMENT for table `course_semester`
--
ALTER TABLE `course_semester`
MODIFY `course_semester_id` int(11) NOT NULL AUTO_INCREMENT,AUTO_INCREMENT=345;
--
-- AUTO_INCREMENT for table `department`
--
ALTER TABLE `department`
MODIFY `department_id` int(11) NOT NULL AUTO_INCREMENT,AUTO_INCREMENT=27;
--
-- AUTO_INCREMENT for table `program_semester`
--
ALTER TABLE `program_semester`
MODIFY `program_semester_id` int(11) NOT NULL AUTO_INCREMENT,AUTO_INCREMENT=57;
--
-- AUTO_INCREMENT for table `program_semester_detail`
--
ALTER TABLE `program_semester_detail`
MODIFY `program_semester_detail_id` int(11) NOT NULL AUTO_INCREMENT,AUTO_INCREMENT=217;
--
-- AUTO_INCREMENT for table `rooms`
--
ALTER TABLE `rooms`
MODIFY `room_id` int(11) NOT NULL AUTO_INCREMENT,AUTO_INCREMENT=98;
--
-- AUTO_INCREMENT for table `semesters`
--
ALTER TABLE `semesters`
MODIFY `semester_id` int(11) NOT NULL AUTO_INCREMENT,AUTO_INCREMENT=5;
--
-- AUTO_INCREMENT for table `specialized`
--
ALTER TABLE `specialized`
MODIFY `specialized_id` int(11) NOT NULL AUTO_INCREMENT,AUTO_INCREMENT=9;
--
-- AUTO_INCREMENT for table `staff`
--
ALTER TABLE `staff`
MODIFY `staff_id` int(11) NOT NULL AUTO_INCREMENT,AUTO_INCREMENT=7;
--
-- AUTO_INCREMENT for table `students`
--
ALTER TABLE `students`
MODIFY `student_id` int(11) NOT NULL AUTO_INCREMENT,AUTO_INCREMENT=1293;
--
-- AUTO_INCREMENT for table `teachers`
--
ALTER TABLE `teachers`
MODIFY `teacher_id` int(11) NOT NULL AUTO_INCREMENT,AUTO_INCREMENT=73;
--
-- AUTO_INCREMENT for table `teacher_course_semester`
--
ALTER TABLE `teacher_course_semester`
MODIFY `teacher_course_semester_id` int(11) NOT NULL AUTO_INCREMENT,AUTO_INCREMENT=894;
--
-- AUTO_INCREMENT for table `teacher_semester`
--
ALTER TABLE `teacher_semester`
MODIFY `teacher_semester_id` int(11) NOT NULL AUTO_INCREMENT,AUTO_INCREMENT=139;
--
-- AUTO_INCREMENT for table `time_table`
--
ALTER TABLE `time_table`
MODIFY `time_table_id` int(11) NOT NULL AUTO_INCREMENT,AUTO_INCREMENT=90610;
--
-- Constraints for dumped tables
--

--
-- Constraints for table `classes`
--
ALTER TABLE `classes`
ADD CONSTRAINT `classes_ibfk_1` FOREIGN KEY (`specialized_id`) REFERENCES `specialized` (`specialized_id`),
ADD CONSTRAINT `classes_ibfk_2` FOREIGN KEY (`course_id`) REFERENCES `courses` (`course_id`),
ADD CONSTRAINT `classes_ibfk_3` FOREIGN KEY (`detail_specialized_id`) REFERENCES `specialized` (`specialized_id`);

--
-- Constraints for table `class_course_semester`
--
ALTER TABLE `class_course_semester`
ADD CONSTRAINT `class_course_semester_ibfk_1` FOREIGN KEY (`class_semester_id`) REFERENCES `class_semester` (`class_semester_id`),
ADD CONSTRAINT `class_course_semester_ibfk_2` FOREIGN KEY (`course_semester_id`) REFERENCES `course_semester` (`course_semester_id`);

--
-- Constraints for table `class_course_semester_merge`
--
ALTER TABLE `class_course_semester_merge`
ADD CONSTRAINT `class_course_semester_merge_ibfk_1` FOREIGN KEY (`class_course_semester_id_1`) REFERENCES `class_course_semester` (`class_course_semester_id`),
ADD CONSTRAINT `class_course_semester_merge_ibfk_2` FOREIGN KEY (`class_course_semester_id_2`) REFERENCES `class_course_semester` (`class_course_semester_id`);

--
-- Constraints for table `class_course_student_semester`
--
ALTER TABLE `class_course_student_semester`
ADD CONSTRAINT `class_course_student_semester_ibfk_1` FOREIGN KEY (`class_course_semester_id`) REFERENCES `class_course_semester` (`class_course_semester_id`),
ADD CONSTRAINT `class_course_student_semester_ibfk_2` FOREIGN KEY (`student_id`) REFERENCES `students` (`student_id`);

--
-- Constraints for table `class_semester`
--
ALTER TABLE `class_semester`
ADD CONSTRAINT `class_semester_ibfk_1` FOREIGN KEY (`class_id`) REFERENCES `classes` (`class_id`),
ADD CONSTRAINT `class_semester_ibfk_2` FOREIGN KEY (`semester_id`) REFERENCES `semesters` (`semester_id`);

--
-- Constraints for table `courses`
--
ALTER TABLE `courses`
ADD CONSTRAINT `courses_ibfk_2` FOREIGN KEY (`department_id`) REFERENCES `department` (`department_id`);

--
-- Constraints for table `course_semester`
--
ALTER TABLE `course_semester`
ADD CONSTRAINT `course_semester_ibfk_3` FOREIGN KEY (`course_condition_id`) REFERENCES `courses` (`course_id`),
ADD CONSTRAINT `course_semester_ibfk_4` FOREIGN KEY (`course_id`) REFERENCES `courses` (`course_id`),
ADD CONSTRAINT `course_semester_ibfk_5` FOREIGN KEY (`semester_id`) REFERENCES `semesters` (`semester_id`);

--
-- Constraints for table `program_semester`
--
ALTER TABLE `program_semester`
ADD CONSTRAINT `program_semester_ibfk_1` FOREIGN KEY (`semester_id`) REFERENCES `semesters` (`semester_id`),
ADD CONSTRAINT `program_semester_ibfk_2` FOREIGN KEY (`specialized_id`) REFERENCES `specialized` (`specialized_id`),
ADD CONSTRAINT `program_semester_ibfk_3` FOREIGN KEY (`detail_specialized_id`) REFERENCES `specialized` (`specialized_id`);

--
-- Constraints for table `program_semester_detail`
--
ALTER TABLE `program_semester_detail`
ADD CONSTRAINT `program_semester_detail_ibfk_1` FOREIGN KEY (`program_semester_id`) REFERENCES `program_semester` (`program_semester_id`),
ADD CONSTRAINT `program_semester_detail_ibfk_2` FOREIGN KEY (`course_semester_id`) REFERENCES `course_semester` (`course_semester_id`);

--
-- Constraints for table `rooms`
--
ALTER TABLE `rooms`
ADD CONSTRAINT `rooms_ibfk_1` FOREIGN KEY (`building_id`) REFERENCES `buildings` (`building_id`);

--
-- Constraints for table `students`
--
ALTER TABLE `students`
ADD CONSTRAINT `students_ibfk_2` FOREIGN KEY (`specialized_id`) REFERENCES `specialized` (`specialized_id`),
ADD CONSTRAINT `students_ibfk_3` FOREIGN KEY (`detail_specialized_id`) REFERENCES `specialized` (`specialized_id`);

--
-- Constraints for table `teacher_course_semester`
--
ALTER TABLE `teacher_course_semester`
ADD CONSTRAINT `teacher_course_semester_ibfk_1` FOREIGN KEY (`course_semester_id`) REFERENCES `course_semester` (`course_semester_id`),
ADD CONSTRAINT `teacher_course_semester_ibfk_2` FOREIGN KEY (`teacher_semester_id`) REFERENCES `teacher_semester` (`teacher_semester_id`);

--
-- Constraints for table `teacher_semester`
--
ALTER TABLE `teacher_semester`
ADD CONSTRAINT `teacher_semester_ibfk_1` FOREIGN KEY (`teacher_id`) REFERENCES `teachers` (`teacher_id`),
ADD CONSTRAINT `teacher_semester_ibfk_2` FOREIGN KEY (`semester_id`) REFERENCES `semesters` (`semester_id`);

--
-- Constraints for table `time_table`
--
ALTER TABLE `time_table`
ADD CONSTRAINT `time_table_ibfk_1` FOREIGN KEY (`class_course_semester_id`) REFERENCES `class_course_semester` (`class_course_semester_id`),
ADD CONSTRAINT `time_table_ibfk_2` FOREIGN KEY (`room_id`) REFERENCES `rooms` (`room_id`),
ADD CONSTRAINT `time_table_ibfk_3` FOREIGN KEY (`teacher_semester_id`) REFERENCES `teacher_semester` (`teacher_semester_id`);

/*!40101 SET CHARACTER_SET_CLIENT=@OLD_CHARACTER_SET_CLIENT */;
/*!40101 SET CHARACTER_SET_RESULTS=@OLD_CHARACTER_SET_RESULTS */;
/*!40101 SET COLLATION_CONNECTION=@OLD_COLLATION_CONNECTION */;
