-- phpMyAdmin SQL Dump
-- version 4.2.11
-- http://www.phpmyadmin.net
--
-- Host: 127.0.0.1
-- Generation Time: Aug 13, 2015 at 05:58 PM
-- Server version: 5.6.21
-- PHP Version: 5.6.3

SET SQL_MODE = "NO_AUTO_VALUE_ON_ZERO";
SET time_zone = "+00:00";


/*!40101 SET @OLD_CHARACTER_SET_CLIENT=@@CHARACTER_SET_CLIENT */;
/*!40101 SET @OLD_CHARACTER_SET_RESULTS=@@CHARACTER_SET_RESULTS */;
/*!40101 SET @OLD_COLLATION_CONNECTION=@@COLLATION_CONNECTION */;
/*!40101 SET NAMES utf8 */;

--
-- Database: `academic_portal`
--
CREATE DATABASE IF NOT EXISTS `academic_portal` DEFAULT CHARACTER SET utf8 COLLATE utf8_vietnamese_ci;
USE `academic_portal`;

-- --------------------------------------------------------

--
-- Table structure for table `buildings`
--

DROP TABLE IF EXISTS `buildings`;
CREATE TABLE IF NOT EXISTS `buildings` (
`building_id` int(11) NOT NULL,
  `building_code` varchar(11) COLLATE utf8_vietnamese_ci NOT NULL
) ENGINE=InnoDB AUTO_INCREMENT=5 DEFAULT CHARSET=utf8 COLLATE=utf8_vietnamese_ci;

--
-- Dumping data for table `buildings`
--

INSERT INTO `buildings` (`building_id`, `building_code`) VALUES
(3, 'HB'),
(4, 'GD');

-- --------------------------------------------------------

--
-- Table structure for table `classes`
--

DROP TABLE IF EXISTS `classes`;
CREATE TABLE IF NOT EXISTS `classes` (
`class_id` int(11) NOT NULL,
  `code` varchar(30) NOT NULL,
  `type` varchar(11) NOT NULL,
  `specialized_id` int(11) DEFAULT NULL,
  `detail_specialized_id` int(11) DEFAULT NULL,
  `course_id` int(11) DEFAULT NULL,
  `batch` int(11) DEFAULT NULL,
  `batch_char` varchar(1) DEFAULT NULL,
  `number` int(11) DEFAULT NULL
) ENGINE=InnoDB AUTO_INCREMENT=111 DEFAULT CHARSET=latin1;

--
-- Dumping data for table `classes`
--

INSERT INTO `classes` (`class_id`, `code`, `type`, `specialized_id`, `detail_specialized_id`, `course_id`, `batch`, `batch_char`, `number`) VALUES
(84, 'SE1007', 'Specialized', 1, 1, NULL, 10, 'C', 7),
(85, 'SE1008', 'Specialized', 1, 1, NULL, 10, 'C', 8),
(86, 'SE1009', 'Specialized', 1, 1, NULL, 10, 'C', 9),
(87, 'SE1010', 'Specialized', 1, 1, NULL, 10, 'C', 10),
(88, 'SE1011', 'Specialized', 1, 1, NULL, 10, 'C', 11),
(89, 'SE1012', 'Specialized', 1, 1, NULL, 10, 'C', 12),
(90, 'EC1003', 'Specialized', 1, 8, NULL, 10, 'C', 3),
(91, 'IA1003', 'Specialized', 1, 7, NULL, 10, 'C', 3),
(92, 'SE1004', 'Specialized', 1, 1, NULL, 10, 'B', 4),
(93, 'SE1005', 'Specialized', 1, 1, NULL, 10, 'B', 5),
(94, 'SE1006', 'Specialized', 1, 1, NULL, 10, 'B', 6),
(95, 'IA1002', 'Specialized', 1, 7, NULL, 10, 'B', 2),
(96, 'SE1001', 'Specialized', 1, 1, NULL, 9, 'A', 1),
(97, 'SE1002', 'Specialized', 1, 1, NULL, 9, 'A', 2),
(98, 'SE1003', 'Specialized', 1, 1, NULL, 9, 'A', 3),
(99, 'EC1001', 'Specialized', 1, 8, NULL, 9, 'A', 1),
(100, 'SE0907', 'Specialized', 1, 1, NULL, 9, 'C', 7),
(101, 'SE0908', 'Specialized', 1, 1, NULL, 9, 'C', 8),
(102, 'SE0909', 'Specialized', 1, 1, NULL, 9, 'C', 9),
(103, 'SE0910', 'Specialized', 1, 1, NULL, 9, 'C', 10),
(104, 'SE0911', 'Specialized', 1, 1, NULL, 9, 'C', 11),
(105, 'IA0902', 'Specialized', 1, 7, NULL, 9, 'C', 2),
(106, 'IA0903', 'Specialized', 1, 7, NULL, 9, 'C', 3),
(107, 'SE0904', 'Specialized', 1, 1, NULL, 9, 'B', 4),
(108, 'SE0905', 'Specialized', 1, 1, NULL, 9, 'B', 5),
(109, 'SE0906', 'Specialized', 1, 1, NULL, 9, 'B', 6),
(110, 'IA10901', 'Specialized', 1, 7, NULL, 9, 'B', 1);

-- --------------------------------------------------------

--
-- Table structure for table `class_course_semester`
--

DROP TABLE IF EXISTS `class_course_semester`;
CREATE TABLE IF NOT EXISTS `class_course_semester` (
`class_course_semester_id` int(11) NOT NULL,
  `class_semester_id` int(11) NOT NULL,
  `course_semester_id` int(11) NOT NULL,
  `block_condition` int(11) DEFAULT NULL,
  `is_semester_long` tinyint(1) NOT NULL
) ENGINE=InnoDB AUTO_INCREMENT=456 DEFAULT CHARSET=latin1;

--
-- Dumping data for table `class_course_semester`
--

INSERT INTO `class_course_semester` (`class_course_semester_id`, `class_semester_id`, `course_semester_id`, `block_condition`, `is_semester_long`) VALUES
(321, 81, 243, 0, 0),
(322, 81, 242, 0, 0),
(323, 81, 263, 0, 0),
(324, 81, 251, 0, 0),
(325, 81, 257, 0, 1),
(326, 82, 243, 0, 0),
(327, 82, 242, 0, 0),
(328, 82, 263, 0, 0),
(329, 82, 251, 0, 0),
(330, 82, 257, 0, 1),
(331, 83, 243, 0, 0),
(332, 83, 242, 0, 0),
(333, 83, 263, 0, 0),
(334, 83, 251, 0, 0),
(335, 83, 257, 0, 1),
(336, 84, 243, 0, 0),
(337, 84, 242, 0, 0),
(338, 84, 263, 0, 0),
(339, 84, 251, 0, 0),
(340, 84, 257, 0, 1),
(341, 85, 243, 0, 0),
(342, 85, 242, 0, 0),
(343, 85, 263, 0, 0),
(344, 85, 251, 0, 0),
(345, 85, 257, 0, 1),
(346, 86, 243, 0, 0),
(347, 86, 242, 0, 0),
(348, 86, 263, 0, 0),
(349, 86, 251, 0, 0),
(350, 86, 257, 0, 1),
(351, 87, 263, 0, 0),
(352, 87, 243, 0, 0),
(353, 87, 257, 0, 0),
(354, 87, 251, 0, 0),
(355, 87, 266, 0, 1),
(356, 88, 243, 0, 0),
(357, 88, 242, 0, 0),
(358, 88, 263, 0, 0),
(359, 88, 251, 0, 0),
(360, 88, 257, 0, 1),
(361, 89, 244, 0, 0),
(362, 89, 247, 0, 0),
(363, 89, 275, 0, 0),
(364, 89, 264, 0, 0),
(365, 89, 255, 0, 1),
(366, 90, 244, 0, 0),
(367, 90, 247, 0, 0),
(368, 90, 275, 0, 0),
(369, 90, 264, 0, 0),
(370, 90, 255, 0, 1),
(371, 91, 244, 0, 0),
(372, 91, 247, 0, 0),
(373, 91, 275, 0, 0),
(374, 91, 264, 0, 0),
(375, 91, 255, 0, 1),
(376, 92, 244, 0, 0),
(377, 92, 247, 0, 0),
(378, 92, 275, 0, 0),
(379, 92, 264, 0, 0),
(380, 92, 255, 0, 1),
(381, 93, 260, 0, 0),
(382, 93, 248, 0, 0),
(383, 93, 250, 1, 0),
(384, 93, 252, 1, 0),
(385, 93, 258, 0, 1),
(386, 94, 260, 0, 0),
(387, 94, 248, 0, 0),
(388, 94, 250, 1, 0),
(389, 94, 252, 1, 0),
(390, 94, 258, 0, 1),
(391, 95, 260, 0, 0),
(392, 95, 248, 0, 0),
(393, 95, 250, 1, 0),
(394, 95, 252, 1, 0),
(395, 95, 258, 0, 1),
(396, 96, 256, 0, 0),
(397, 96, 248, 0, 0),
(398, 96, 250, 1, 0),
(399, 96, 252, 1, 0),
(400, 96, 258, 0, 1),
(401, 97, 275, 0, 0),
(402, 97, 249, 0, 0),
(403, 97, 250, 1, 0),
(404, 97, 253, 1, 0),
(405, 97, 262, 0, 1),
(406, 98, 275, 0, 0),
(407, 98, 249, 0, 0),
(408, 98, 250, 1, 0),
(409, 98, 253, 1, 0),
(410, 98, 262, 0, 1),
(411, 99, 275, 0, 0),
(412, 99, 249, 0, 0),
(413, 99, 250, 1, 0),
(414, 99, 253, 1, 0),
(415, 99, 262, 0, 1),
(416, 100, 275, 0, 0),
(417, 100, 249, 0, 0),
(418, 100, 250, 1, 0),
(419, 100, 253, 1, 0),
(420, 100, 262, 0, 1),
(421, 101, 275, 0, 0),
(422, 101, 249, 0, 0),
(423, 101, 250, 1, 0),
(424, 101, 253, 1, 0),
(425, 101, 262, 0, 1),
(426, 102, 246, 0, 0),
(427, 102, 275, 0, 0),
(428, 102, 271, 0, 0),
(429, 102, 253, 1, 0),
(430, 102, 259, 0, 1),
(431, 103, 246, 0, 0),
(432, 103, 275, 0, 0),
(433, 103, 271, 0, 0),
(434, 103, 253, 1, 0),
(435, 103, 259, 0, 1),
(436, 104, 267, 0, 0),
(437, 104, 269, 0, 0),
(438, 104, 261, 0, 0),
(439, 104, 265, 0, 0),
(440, 104, 254, 0, 1),
(441, 105, 267, 0, 0),
(442, 105, 269, 0, 0),
(443, 105, 261, 0, 0),
(444, 105, 265, 0, 0),
(445, 105, 254, 0, 1),
(446, 106, 267, 0, 0),
(447, 106, 269, 0, 0),
(448, 106, 261, 0, 0),
(449, 106, 265, 0, 0),
(450, 106, 254, 0, 1),
(451, 107, 268, 0, 0),
(452, 107, 270, 0, 0),
(453, 107, 272, 0, 0),
(454, 107, 273, 0, 0),
(455, 107, 274, 0, 1);

-- --------------------------------------------------------

--
-- Table structure for table `class_course_semester_merge`
--

DROP TABLE IF EXISTS `class_course_semester_merge`;
CREATE TABLE IF NOT EXISTS `class_course_semester_merge` (
`class_course_semester_merge_id` int(11) NOT NULL,
  `class_course_semester_id_1` int(11) NOT NULL,
  `class_course_semester_id_2` int(11) NOT NULL
) ENGINE=InnoDB AUTO_INCREMENT=2 DEFAULT CHARSET=utf8 COLLATE=utf8_vietnamese_ci;

--
-- Dumping data for table `class_course_semester_merge`
--

INSERT INTO `class_course_semester_merge` (`class_course_semester_merge_id`, `class_course_semester_id_1`, `class_course_semester_id_2`) VALUES
(1, 321, 326);

-- --------------------------------------------------------

--
-- Table structure for table `class_course_student_semester`
--

DROP TABLE IF EXISTS `class_course_student_semester`;
CREATE TABLE IF NOT EXISTS `class_course_student_semester` (
`class_course_student_semester_id` int(11) NOT NULL,
  `class_course_semester_id` int(11) NOT NULL,
  `student_id` int(11) NOT NULL
) ENGINE=InnoDB AUTO_INCREMENT=3231 DEFAULT CHARSET=latin1;

--
-- Dumping data for table `class_course_student_semester`
--

INSERT INTO `class_course_student_semester` (`class_course_student_semester_id`, `class_course_semester_id`, `student_id`) VALUES
(2326, 321, 466),
(2331, 321, 467),
(2336, 321, 468),
(2341, 321, 469),
(2346, 321, 470),
(2351, 321, 471),
(2356, 321, 472),
(2361, 321, 473),
(2366, 321, 474),
(2371, 321, 475),
(2376, 321, 476),
(2381, 321, 477),
(2386, 321, 478),
(2391, 321, 479),
(2396, 321, 480),
(2401, 321, 481),
(2406, 321, 482),
(2411, 321, 483),
(2416, 321, 484),
(2421, 321, 485),
(2426, 321, 486),
(2431, 321, 487),
(2436, 321, 488),
(2441, 321, 489),
(2446, 321, 490),
(2451, 321, 491),
(2456, 321, 492),
(2461, 321, 493),
(2466, 321, 494),
(2471, 321, 495),
(2327, 322, 466),
(2332, 322, 467),
(2337, 322, 468),
(2342, 322, 469),
(2347, 322, 470),
(2352, 322, 471),
(2357, 322, 472),
(2362, 322, 473),
(2367, 322, 474),
(2372, 322, 475),
(2377, 322, 476),
(2382, 322, 477),
(2387, 322, 478),
(2392, 322, 479),
(2397, 322, 480),
(2402, 322, 481),
(2407, 322, 482),
(2412, 322, 483),
(2417, 322, 484),
(2422, 322, 485),
(2427, 322, 486),
(2432, 322, 487),
(2437, 322, 488),
(2442, 322, 489),
(2447, 322, 490),
(2452, 322, 491),
(2457, 322, 492),
(2462, 322, 493),
(2467, 322, 494),
(2472, 322, 495),
(2328, 323, 466),
(2333, 323, 467),
(2338, 323, 468),
(2343, 323, 469),
(2348, 323, 470),
(2353, 323, 471),
(2358, 323, 472),
(2363, 323, 473),
(2368, 323, 474),
(2373, 323, 475),
(2378, 323, 476),
(2383, 323, 477),
(2388, 323, 478),
(2393, 323, 479),
(2398, 323, 480),
(2403, 323, 481),
(2408, 323, 482),
(2413, 323, 483),
(2418, 323, 484),
(2423, 323, 485),
(2428, 323, 486),
(2433, 323, 487),
(2438, 323, 488),
(2443, 323, 489),
(2448, 323, 490),
(2453, 323, 491),
(2458, 323, 492),
(2463, 323, 493),
(2468, 323, 494),
(2473, 323, 495),
(2329, 324, 466),
(2334, 324, 467),
(2339, 324, 468),
(2344, 324, 469),
(2349, 324, 470),
(2354, 324, 471),
(2359, 324, 472),
(2364, 324, 473),
(2369, 324, 474),
(2374, 324, 475),
(2379, 324, 476),
(2384, 324, 477),
(2389, 324, 478),
(2394, 324, 479),
(2399, 324, 480),
(2404, 324, 481),
(2409, 324, 482),
(2414, 324, 483),
(2419, 324, 484),
(2424, 324, 485),
(2429, 324, 486),
(2434, 324, 487),
(2439, 324, 488),
(2444, 324, 489),
(2449, 324, 490),
(2454, 324, 491),
(2459, 324, 492),
(2464, 324, 493),
(2469, 324, 494),
(2474, 324, 495),
(2330, 325, 466),
(2335, 325, 467),
(2340, 325, 468),
(2345, 325, 469),
(2350, 325, 470),
(2355, 325, 471),
(2360, 325, 472),
(2365, 325, 473),
(2370, 325, 474),
(2375, 325, 475),
(2380, 325, 476),
(2385, 325, 477),
(2390, 325, 478),
(2395, 325, 479),
(2400, 325, 480),
(2405, 325, 481),
(2410, 325, 482),
(2415, 325, 483),
(2420, 325, 484),
(2425, 325, 485),
(2430, 325, 486),
(2435, 325, 487),
(2440, 325, 488),
(2445, 325, 489),
(2450, 325, 490),
(2455, 325, 491),
(2460, 325, 492),
(2465, 325, 493),
(2470, 325, 494),
(2475, 325, 495),
(2476, 326, 496),
(2481, 326, 497),
(2486, 326, 498),
(2491, 326, 499),
(2496, 326, 500),
(2501, 326, 501),
(2506, 326, 502),
(2511, 326, 503),
(2516, 326, 504),
(2521, 326, 505),
(2526, 326, 506),
(2531, 326, 507),
(2536, 326, 508),
(2541, 326, 509),
(2546, 326, 510),
(2551, 326, 511),
(2556, 326, 512),
(2561, 326, 513),
(2566, 326, 514),
(2571, 326, 515),
(2576, 326, 516),
(2581, 326, 517),
(2586, 326, 518),
(2591, 326, 519),
(2596, 326, 520),
(2601, 326, 521),
(2606, 326, 522),
(2611, 326, 523),
(2616, 326, 524),
(2621, 326, 525),
(2477, 327, 496),
(2482, 327, 497),
(2487, 327, 498),
(2492, 327, 499),
(2497, 327, 500),
(2502, 327, 501),
(2507, 327, 502),
(2512, 327, 503),
(2517, 327, 504),
(2522, 327, 505),
(2527, 327, 506),
(2532, 327, 507),
(2537, 327, 508),
(2542, 327, 509),
(2547, 327, 510),
(2552, 327, 511),
(2557, 327, 512),
(2562, 327, 513),
(2567, 327, 514),
(2572, 327, 515),
(2577, 327, 516),
(2582, 327, 517),
(2587, 327, 518),
(2592, 327, 519),
(2597, 327, 520),
(2602, 327, 521),
(2607, 327, 522),
(2612, 327, 523),
(2617, 327, 524),
(2622, 327, 525),
(2478, 328, 496),
(2483, 328, 497),
(2488, 328, 498),
(2493, 328, 499),
(2498, 328, 500),
(2503, 328, 501),
(2508, 328, 502),
(2513, 328, 503),
(2518, 328, 504),
(2523, 328, 505),
(2528, 328, 506),
(2533, 328, 507),
(2538, 328, 508),
(2543, 328, 509),
(2548, 328, 510),
(2553, 328, 511),
(2558, 328, 512),
(2563, 328, 513),
(2568, 328, 514),
(2573, 328, 515),
(2578, 328, 516),
(2583, 328, 517),
(2588, 328, 518),
(2593, 328, 519),
(2598, 328, 520),
(2603, 328, 521),
(2608, 328, 522),
(2613, 328, 523),
(2618, 328, 524),
(2623, 328, 525),
(2479, 329, 496),
(2484, 329, 497),
(2489, 329, 498),
(2494, 329, 499),
(2499, 329, 500),
(2504, 329, 501),
(2509, 329, 502),
(2514, 329, 503),
(2519, 329, 504),
(2524, 329, 505),
(2529, 329, 506),
(2534, 329, 507),
(2539, 329, 508),
(2544, 329, 509),
(2549, 329, 510),
(2554, 329, 511),
(2559, 329, 512),
(2564, 329, 513),
(2569, 329, 514),
(2574, 329, 515),
(2579, 329, 516),
(2584, 329, 517),
(2589, 329, 518),
(2594, 329, 519),
(2599, 329, 520),
(2604, 329, 521),
(2609, 329, 522),
(2614, 329, 523),
(2619, 329, 524),
(2624, 329, 525),
(2480, 330, 496),
(2485, 330, 497),
(2490, 330, 498),
(2495, 330, 499),
(2500, 330, 500),
(2505, 330, 501),
(2510, 330, 502),
(2515, 330, 503),
(2520, 330, 504),
(2525, 330, 505),
(2530, 330, 506),
(2535, 330, 507),
(2540, 330, 508),
(2545, 330, 509),
(2550, 330, 510),
(2555, 330, 511),
(2560, 330, 512),
(2565, 330, 513),
(2570, 330, 514),
(2575, 330, 515),
(2580, 330, 516),
(2585, 330, 517),
(2590, 330, 518),
(2595, 330, 519),
(2600, 330, 520),
(2605, 330, 521),
(2610, 330, 522),
(2615, 330, 523),
(2620, 330, 524),
(2625, 330, 525),
(2626, 331, 526),
(2631, 331, 527),
(2636, 331, 528),
(2641, 331, 529),
(2646, 331, 530),
(2651, 331, 531),
(2656, 331, 532),
(2661, 331, 533),
(2666, 331, 534),
(2671, 331, 535),
(2676, 331, 536),
(2681, 331, 537),
(2686, 331, 538),
(2691, 331, 539),
(2696, 331, 540),
(2701, 331, 541),
(2706, 331, 542),
(2711, 331, 543),
(2716, 331, 544),
(2721, 331, 545),
(2726, 331, 546),
(2731, 331, 547),
(2736, 331, 548),
(2741, 331, 549),
(2746, 331, 550),
(2751, 331, 551),
(2756, 331, 552),
(2761, 331, 553),
(2766, 331, 554),
(2771, 331, 555),
(2627, 332, 526),
(2632, 332, 527),
(2637, 332, 528),
(2642, 332, 529),
(2647, 332, 530),
(2652, 332, 531),
(2657, 332, 532),
(2662, 332, 533),
(2667, 332, 534),
(2672, 332, 535),
(2677, 332, 536),
(2682, 332, 537),
(2687, 332, 538),
(2692, 332, 539),
(2697, 332, 540),
(2702, 332, 541),
(2707, 332, 542),
(2712, 332, 543),
(2717, 332, 544),
(2722, 332, 545),
(2727, 332, 546),
(2732, 332, 547),
(2737, 332, 548),
(2742, 332, 549),
(2747, 332, 550),
(2752, 332, 551),
(2757, 332, 552),
(2762, 332, 553),
(2767, 332, 554),
(2772, 332, 555),
(2628, 333, 526),
(2633, 333, 527),
(2638, 333, 528),
(2643, 333, 529),
(2648, 333, 530),
(2653, 333, 531),
(2658, 333, 532),
(2663, 333, 533),
(2668, 333, 534),
(2673, 333, 535),
(2678, 333, 536),
(2683, 333, 537),
(2688, 333, 538),
(2693, 333, 539),
(2698, 333, 540),
(2703, 333, 541),
(2708, 333, 542),
(2713, 333, 543),
(2718, 333, 544),
(2723, 333, 545),
(2728, 333, 546),
(2733, 333, 547),
(2738, 333, 548),
(2743, 333, 549),
(2748, 333, 550),
(2753, 333, 551),
(2758, 333, 552),
(2763, 333, 553),
(2768, 333, 554),
(2773, 333, 555),
(2629, 334, 526),
(2634, 334, 527),
(2639, 334, 528),
(2644, 334, 529),
(2649, 334, 530),
(2654, 334, 531),
(2659, 334, 532),
(2664, 334, 533),
(2669, 334, 534),
(2674, 334, 535),
(2679, 334, 536),
(2684, 334, 537),
(2689, 334, 538),
(2694, 334, 539),
(2699, 334, 540),
(2704, 334, 541),
(2709, 334, 542),
(2714, 334, 543),
(2719, 334, 544),
(2724, 334, 545),
(2729, 334, 546),
(2734, 334, 547),
(2739, 334, 548),
(2744, 334, 549),
(2749, 334, 550),
(2754, 334, 551),
(2759, 334, 552),
(2764, 334, 553),
(2769, 334, 554),
(2774, 334, 555),
(2630, 335, 526),
(2635, 335, 527),
(2640, 335, 528),
(2645, 335, 529),
(2650, 335, 530),
(2655, 335, 531),
(2660, 335, 532),
(2665, 335, 533),
(2670, 335, 534),
(2675, 335, 535),
(2680, 335, 536),
(2685, 335, 537),
(2690, 335, 538),
(2695, 335, 539),
(2700, 335, 540),
(2705, 335, 541),
(2710, 335, 542),
(2715, 335, 543),
(2720, 335, 544),
(2725, 335, 545),
(2730, 335, 546),
(2735, 335, 547),
(2740, 335, 548),
(2745, 335, 549),
(2750, 335, 550),
(2755, 335, 551),
(2760, 335, 552),
(2765, 335, 553),
(2770, 335, 554),
(2775, 335, 555),
(2776, 336, 556),
(2781, 336, 557),
(2786, 336, 558),
(2791, 336, 559),
(2796, 336, 560),
(2801, 336, 561),
(2806, 336, 562),
(2811, 336, 563),
(2816, 336, 564),
(2821, 336, 565),
(2826, 336, 566),
(2831, 336, 567),
(2836, 336, 568),
(2841, 336, 569),
(2846, 336, 570),
(2851, 336, 571),
(2856, 336, 572),
(2861, 336, 573),
(2866, 336, 574),
(2871, 336, 575),
(2876, 336, 576),
(2881, 336, 577),
(2886, 336, 578),
(2891, 336, 579),
(2896, 336, 580),
(2901, 336, 581),
(2906, 336, 582),
(2911, 336, 583),
(2916, 336, 584),
(2921, 336, 585),
(2777, 337, 556),
(2782, 337, 557),
(2787, 337, 558),
(2792, 337, 559),
(2797, 337, 560),
(2802, 337, 561),
(2807, 337, 562),
(2812, 337, 563),
(2817, 337, 564),
(2822, 337, 565),
(2827, 337, 566),
(2832, 337, 567),
(2837, 337, 568),
(2842, 337, 569),
(2847, 337, 570),
(2852, 337, 571),
(2857, 337, 572),
(2862, 337, 573),
(2867, 337, 574),
(2872, 337, 575),
(2877, 337, 576),
(2882, 337, 577),
(2887, 337, 578),
(2892, 337, 579),
(2897, 337, 580),
(2902, 337, 581),
(2907, 337, 582),
(2912, 337, 583),
(2917, 337, 584),
(2922, 337, 585),
(2778, 338, 556),
(2783, 338, 557),
(2788, 338, 558),
(2793, 338, 559),
(2798, 338, 560),
(2803, 338, 561),
(2808, 338, 562),
(2813, 338, 563),
(2818, 338, 564),
(2823, 338, 565),
(2828, 338, 566),
(2833, 338, 567),
(2838, 338, 568),
(2843, 338, 569),
(2848, 338, 570),
(2853, 338, 571),
(2858, 338, 572),
(2863, 338, 573),
(2868, 338, 574),
(2873, 338, 575),
(2878, 338, 576),
(2883, 338, 577),
(2888, 338, 578),
(2893, 338, 579),
(2898, 338, 580),
(2903, 338, 581),
(2908, 338, 582),
(2913, 338, 583),
(2918, 338, 584),
(2923, 338, 585),
(2779, 339, 556),
(2784, 339, 557),
(2789, 339, 558),
(2794, 339, 559),
(2799, 339, 560),
(2804, 339, 561),
(2809, 339, 562),
(2814, 339, 563),
(2819, 339, 564),
(2824, 339, 565),
(2829, 339, 566),
(2834, 339, 567),
(2839, 339, 568),
(2844, 339, 569),
(2849, 339, 570),
(2854, 339, 571),
(2859, 339, 572),
(2864, 339, 573),
(2869, 339, 574),
(2874, 339, 575),
(2879, 339, 576),
(2884, 339, 577),
(2889, 339, 578),
(2894, 339, 579),
(2899, 339, 580),
(2904, 339, 581),
(2909, 339, 582),
(2914, 339, 583),
(2919, 339, 584),
(2924, 339, 585),
(2780, 340, 556),
(2785, 340, 557),
(2790, 340, 558),
(2795, 340, 559),
(2800, 340, 560),
(2805, 340, 561),
(2810, 340, 562),
(2815, 340, 563),
(2820, 340, 564),
(2825, 340, 565),
(2830, 340, 566),
(2835, 340, 567),
(2840, 340, 568),
(2845, 340, 569),
(2850, 340, 570),
(2855, 340, 571),
(2860, 340, 572),
(2865, 340, 573),
(2870, 340, 574),
(2875, 340, 575),
(2880, 340, 576),
(2885, 340, 577),
(2890, 340, 578),
(2895, 340, 579),
(2900, 340, 580),
(2905, 340, 581),
(2910, 340, 582),
(2915, 340, 583),
(2920, 340, 584),
(2925, 340, 585),
(2926, 341, 586),
(2931, 341, 587),
(2936, 341, 588),
(2941, 341, 589),
(2946, 341, 590),
(2951, 341, 591),
(2956, 341, 592),
(2961, 341, 593),
(2966, 341, 594),
(2971, 341, 595),
(2976, 341, 596),
(2981, 341, 597),
(2986, 341, 598),
(2991, 341, 599),
(2996, 341, 600),
(3001, 341, 601),
(3006, 341, 602),
(3011, 341, 603),
(3016, 341, 604),
(3021, 341, 605),
(3026, 341, 606),
(3031, 341, 607),
(3036, 341, 608),
(3041, 341, 609),
(3046, 341, 610),
(3051, 341, 611),
(3056, 341, 612),
(3061, 341, 613),
(3066, 341, 614),
(3071, 341, 615),
(2927, 342, 586),
(2932, 342, 587),
(2937, 342, 588),
(2942, 342, 589),
(2947, 342, 590),
(2952, 342, 591),
(2957, 342, 592),
(2962, 342, 593),
(2967, 342, 594),
(2972, 342, 595),
(2977, 342, 596),
(2982, 342, 597),
(2987, 342, 598),
(2992, 342, 599),
(2997, 342, 600),
(3002, 342, 601),
(3007, 342, 602),
(3012, 342, 603),
(3017, 342, 604),
(3022, 342, 605),
(3027, 342, 606),
(3032, 342, 607),
(3037, 342, 608),
(3042, 342, 609),
(3047, 342, 610),
(3052, 342, 611),
(3057, 342, 612),
(3062, 342, 613),
(3067, 342, 614),
(3072, 342, 615),
(2928, 343, 586),
(2933, 343, 587),
(2938, 343, 588),
(2943, 343, 589),
(2948, 343, 590),
(2953, 343, 591),
(2958, 343, 592),
(2963, 343, 593),
(2968, 343, 594),
(2973, 343, 595),
(2978, 343, 596),
(2983, 343, 597),
(2988, 343, 598),
(2993, 343, 599),
(2998, 343, 600),
(3003, 343, 601),
(3008, 343, 602),
(3013, 343, 603),
(3018, 343, 604),
(3023, 343, 605),
(3028, 343, 606),
(3033, 343, 607),
(3038, 343, 608),
(3043, 343, 609),
(3048, 343, 610),
(3053, 343, 611),
(3058, 343, 612),
(3063, 343, 613),
(3068, 343, 614),
(3073, 343, 615),
(2929, 344, 586),
(2934, 344, 587),
(2939, 344, 588),
(2944, 344, 589),
(2949, 344, 590),
(2954, 344, 591),
(2959, 344, 592),
(2964, 344, 593),
(2969, 344, 594),
(2974, 344, 595),
(2979, 344, 596),
(2984, 344, 597),
(2989, 344, 598),
(2994, 344, 599),
(2999, 344, 600),
(3004, 344, 601),
(3009, 344, 602),
(3014, 344, 603),
(3019, 344, 604),
(3024, 344, 605),
(3029, 344, 606),
(3034, 344, 607),
(3039, 344, 608),
(3044, 344, 609),
(3049, 344, 610),
(3054, 344, 611),
(3059, 344, 612),
(3064, 344, 613),
(3069, 344, 614),
(3074, 344, 615),
(2930, 345, 586),
(2935, 345, 587),
(2940, 345, 588),
(2945, 345, 589),
(2950, 345, 590),
(2955, 345, 591),
(2960, 345, 592),
(2965, 345, 593),
(2970, 345, 594),
(2975, 345, 595),
(2980, 345, 596),
(2985, 345, 597),
(2990, 345, 598),
(2995, 345, 599),
(3000, 345, 600),
(3005, 345, 601),
(3010, 345, 602),
(3015, 345, 603),
(3020, 345, 604),
(3025, 345, 605),
(3030, 345, 606),
(3035, 345, 607),
(3040, 345, 608),
(3045, 345, 609),
(3050, 345, 610),
(3055, 345, 611),
(3060, 345, 612),
(3065, 345, 613),
(3070, 345, 614),
(3075, 345, 615),
(3076, 346, 616),
(3081, 346, 617),
(3086, 346, 618),
(3091, 346, 619),
(3096, 346, 620),
(3101, 346, 621),
(3106, 346, 622),
(3111, 346, 623),
(3116, 346, 624),
(3121, 346, 625),
(3126, 346, 626),
(3131, 346, 627),
(3136, 346, 628),
(3141, 346, 629),
(3146, 346, 630),
(3151, 346, 631),
(3156, 346, 632),
(3161, 346, 633),
(3166, 346, 634),
(3171, 346, 635),
(3176, 346, 636),
(3181, 346, 637),
(3186, 346, 638),
(3191, 346, 639),
(3196, 346, 640),
(3201, 346, 641),
(3206, 346, 642),
(3211, 346, 643),
(3216, 346, 644),
(3077, 347, 616),
(3082, 347, 617),
(3087, 347, 618),
(3092, 347, 619),
(3097, 347, 620),
(3102, 347, 621),
(3107, 347, 622),
(3112, 347, 623),
(3117, 347, 624),
(3122, 347, 625),
(3127, 347, 626),
(3132, 347, 627),
(3137, 347, 628),
(3142, 347, 629),
(3147, 347, 630),
(3152, 347, 631),
(3157, 347, 632),
(3162, 347, 633),
(3167, 347, 634),
(3172, 347, 635),
(3177, 347, 636),
(3182, 347, 637),
(3187, 347, 638),
(3192, 347, 639),
(3197, 347, 640),
(3202, 347, 641),
(3207, 347, 642),
(3212, 347, 643),
(3217, 347, 644),
(3078, 348, 616),
(3083, 348, 617),
(3088, 348, 618),
(3093, 348, 619),
(3098, 348, 620),
(3103, 348, 621),
(3108, 348, 622),
(3113, 348, 623),
(3118, 348, 624),
(3123, 348, 625),
(3128, 348, 626),
(3133, 348, 627),
(3138, 348, 628),
(3143, 348, 629),
(3148, 348, 630),
(3153, 348, 631),
(3158, 348, 632),
(3163, 348, 633),
(3168, 348, 634),
(3173, 348, 635),
(3178, 348, 636),
(3183, 348, 637),
(3188, 348, 638),
(3193, 348, 639),
(3198, 348, 640),
(3203, 348, 641),
(3208, 348, 642),
(3213, 348, 643),
(3218, 348, 644),
(3079, 349, 616),
(3084, 349, 617),
(3089, 349, 618),
(3094, 349, 619),
(3099, 349, 620),
(3104, 349, 621),
(3109, 349, 622),
(3114, 349, 623),
(3119, 349, 624),
(3124, 349, 625),
(3129, 349, 626),
(3134, 349, 627),
(3139, 349, 628),
(3144, 349, 629),
(3149, 349, 630),
(3154, 349, 631),
(3159, 349, 632),
(3164, 349, 633),
(3169, 349, 634),
(3174, 349, 635),
(3179, 349, 636),
(3184, 349, 637),
(3189, 349, 638),
(3194, 349, 639),
(3199, 349, 640),
(3204, 349, 641),
(3209, 349, 642),
(3214, 349, 643),
(3219, 349, 644),
(3080, 350, 616),
(3085, 350, 617),
(3090, 350, 618),
(3095, 350, 619),
(3100, 350, 620),
(3105, 350, 621),
(3110, 350, 622),
(3115, 350, 623),
(3120, 350, 624),
(3125, 350, 625),
(3130, 350, 626),
(3135, 350, 627),
(3140, 350, 628),
(3145, 350, 629),
(3150, 350, 630),
(3155, 350, 631),
(3160, 350, 632),
(3165, 350, 633),
(3170, 350, 634),
(3175, 350, 635),
(3180, 350, 636),
(3185, 350, 637),
(3190, 350, 638),
(3195, 350, 639),
(3200, 350, 640),
(3205, 350, 641),
(3210, 350, 642),
(3215, 350, 643),
(3220, 350, 644),
(1701, 351, 341),
(1706, 351, 342),
(1711, 351, 343),
(1716, 351, 344),
(1721, 351, 345),
(1726, 351, 346),
(1731, 351, 347),
(1736, 351, 348),
(1741, 351, 349),
(1746, 351, 350),
(1751, 351, 351),
(1836, 351, 368),
(1841, 351, 369),
(1846, 351, 370),
(1851, 351, 371),
(1856, 351, 372),
(1861, 351, 373),
(1866, 351, 374),
(1871, 351, 375),
(1876, 351, 376),
(1881, 351, 377),
(1886, 351, 378),
(1891, 351, 379),
(1896, 351, 380),
(1901, 351, 381),
(1906, 351, 382),
(1911, 351, 383),
(1702, 352, 341),
(1707, 352, 342),
(1712, 352, 343),
(1717, 352, 344),
(1722, 352, 345),
(1727, 352, 346),
(1732, 352, 347),
(1737, 352, 348),
(1742, 352, 349),
(1747, 352, 350),
(1752, 352, 351),
(1837, 352, 368),
(1842, 352, 369),
(1847, 352, 370),
(1852, 352, 371),
(1857, 352, 372),
(1862, 352, 373),
(1867, 352, 374),
(1872, 352, 375),
(1877, 352, 376),
(1882, 352, 377),
(1887, 352, 378),
(1892, 352, 379),
(1897, 352, 380),
(1902, 352, 381),
(1907, 352, 382),
(1912, 352, 383),
(1703, 353, 341),
(1708, 353, 342),
(1713, 353, 343),
(1718, 353, 344),
(1723, 353, 345),
(1728, 353, 346),
(1733, 353, 347),
(1738, 353, 348),
(1743, 353, 349),
(1748, 353, 350),
(1753, 353, 351),
(1838, 353, 368),
(1843, 353, 369),
(1848, 353, 370),
(1853, 353, 371),
(1858, 353, 372),
(1863, 353, 373),
(1868, 353, 374),
(1873, 353, 375),
(1878, 353, 376),
(1883, 353, 377),
(1888, 353, 378),
(1893, 353, 379),
(1898, 353, 380),
(1903, 353, 381),
(1908, 353, 382),
(1913, 353, 383),
(1704, 354, 341),
(1709, 354, 342),
(1714, 354, 343),
(1719, 354, 344),
(1724, 354, 345),
(1729, 354, 346),
(1734, 354, 347),
(1739, 354, 348),
(1744, 354, 349),
(1749, 354, 350),
(1754, 354, 351),
(1839, 354, 368),
(1844, 354, 369),
(1849, 354, 370),
(1854, 354, 371),
(1859, 354, 372),
(1864, 354, 373),
(1869, 354, 374),
(1874, 354, 375),
(1879, 354, 376),
(1884, 354, 377),
(1889, 354, 378),
(1894, 354, 379),
(1899, 354, 380),
(1904, 354, 381),
(1909, 354, 382),
(1914, 354, 383),
(1705, 355, 341),
(1710, 355, 342),
(1715, 355, 343),
(1720, 355, 344),
(1725, 355, 345),
(1730, 355, 346),
(1735, 355, 347),
(1740, 355, 348),
(1745, 355, 349),
(1750, 355, 350),
(1755, 355, 351),
(1840, 355, 368),
(1845, 355, 369),
(1850, 355, 370),
(1855, 355, 371),
(1860, 355, 372),
(1865, 355, 373),
(1870, 355, 374),
(1875, 355, 375),
(1880, 355, 376),
(1885, 355, 377),
(1890, 355, 378),
(1895, 355, 379),
(1900, 355, 380),
(1905, 355, 381),
(1910, 355, 382),
(1915, 355, 383),
(1756, 356, 352),
(1761, 356, 353),
(1766, 356, 354),
(1771, 356, 355),
(1776, 356, 356),
(1781, 356, 357),
(1786, 356, 358),
(1791, 356, 359),
(1796, 356, 360),
(1801, 356, 361),
(1806, 356, 362),
(1811, 356, 363),
(1816, 356, 364),
(1821, 356, 365),
(1826, 356, 366),
(1831, 356, 367),
(1757, 357, 352),
(1762, 357, 353),
(1767, 357, 354),
(1772, 357, 355),
(1777, 357, 356),
(1782, 357, 357),
(1787, 357, 358),
(1792, 357, 359),
(1797, 357, 360),
(1802, 357, 361),
(1807, 357, 362),
(1812, 357, 363),
(1817, 357, 364),
(1822, 357, 365),
(1827, 357, 366),
(1832, 357, 367),
(1758, 358, 352),
(1763, 358, 353),
(1768, 358, 354),
(1773, 358, 355),
(1778, 358, 356),
(1783, 358, 357),
(1788, 358, 358),
(1793, 358, 359),
(1798, 358, 360),
(1803, 358, 361),
(1808, 358, 362),
(1813, 358, 363),
(1818, 358, 364),
(1823, 358, 365),
(1828, 358, 366),
(1833, 358, 367),
(1759, 359, 352),
(1764, 359, 353),
(1769, 359, 354),
(1774, 359, 355),
(1779, 359, 356),
(1784, 359, 357),
(1789, 359, 358),
(1794, 359, 359),
(1799, 359, 360),
(1804, 359, 361),
(1809, 359, 362),
(1814, 359, 363),
(1819, 359, 364),
(1824, 359, 365),
(1829, 359, 366),
(1834, 359, 367),
(1760, 360, 352),
(1765, 360, 353),
(1770, 360, 354),
(1775, 360, 355),
(1780, 360, 356),
(1785, 360, 357),
(1790, 360, 358),
(1795, 360, 359),
(1800, 360, 360),
(1805, 360, 361),
(1810, 360, 362),
(1815, 360, 363),
(1820, 360, 364),
(1825, 360, 365),
(1830, 360, 366),
(1835, 360, 367),
(41, 361, 9),
(46, 361, 10),
(71, 361, 15),
(76, 361, 16),
(86, 361, 18),
(101, 361, 21),
(116, 361, 24),
(121, 361, 25),
(136, 361, 28),
(246, 361, 50),
(261, 361, 53),
(311, 361, 63),
(321, 361, 65),
(371, 361, 75),
(451, 361, 91),
(606, 361, 122),
(706, 361, 142),
(1406, 361, 282),
(1411, 361, 283),
(1416, 361, 284),
(1421, 361, 285),
(1426, 361, 286),
(1431, 361, 287),
(1436, 361, 288),
(1441, 361, 289),
(1446, 361, 290),
(1451, 361, 291),
(1456, 361, 292),
(1461, 361, 293),
(1466, 361, 294),
(42, 362, 9),
(47, 362, 10),
(72, 362, 15),
(77, 362, 16),
(87, 362, 18),
(102, 362, 21),
(117, 362, 24),
(122, 362, 25),
(137, 362, 28),
(247, 362, 50),
(262, 362, 53),
(312, 362, 63),
(322, 362, 65),
(372, 362, 75),
(452, 362, 91),
(607, 362, 122),
(707, 362, 142),
(1407, 362, 282),
(1412, 362, 283),
(1417, 362, 284),
(1422, 362, 285),
(1427, 362, 286),
(1432, 362, 287),
(1437, 362, 288),
(1442, 362, 289),
(1447, 362, 290),
(1452, 362, 291),
(1457, 362, 292),
(1462, 362, 293),
(1467, 362, 294),
(43, 363, 9),
(48, 363, 10),
(73, 363, 15),
(78, 363, 16),
(88, 363, 18),
(103, 363, 21),
(118, 363, 24),
(123, 363, 25),
(138, 363, 28),
(248, 363, 50),
(263, 363, 53),
(313, 363, 63),
(323, 363, 65),
(373, 363, 75),
(453, 363, 91),
(608, 363, 122),
(708, 363, 142),
(1408, 363, 282),
(1413, 363, 283),
(1418, 363, 284),
(1423, 363, 285),
(1428, 363, 286),
(1433, 363, 287),
(1438, 363, 288),
(1443, 363, 289),
(1448, 363, 290),
(1453, 363, 291),
(1458, 363, 292),
(1463, 363, 293),
(1468, 363, 294),
(44, 364, 9),
(49, 364, 10),
(74, 364, 15),
(79, 364, 16),
(89, 364, 18),
(104, 364, 21),
(119, 364, 24),
(124, 364, 25),
(139, 364, 28),
(249, 364, 50),
(264, 364, 53),
(314, 364, 63),
(324, 364, 65),
(374, 364, 75),
(454, 364, 91),
(609, 364, 122),
(709, 364, 142),
(1409, 364, 282),
(1414, 364, 283),
(1419, 364, 284),
(1424, 364, 285),
(1429, 364, 286),
(1434, 364, 287),
(1439, 364, 288),
(1444, 364, 289),
(1449, 364, 290),
(1454, 364, 291),
(1459, 364, 292),
(1464, 364, 293),
(1469, 364, 294),
(45, 365, 9),
(50, 365, 10),
(75, 365, 15),
(80, 365, 16),
(90, 365, 18),
(105, 365, 21),
(120, 365, 24),
(125, 365, 25),
(140, 365, 28),
(250, 365, 50),
(265, 365, 53),
(315, 365, 63),
(325, 365, 65),
(375, 365, 75),
(455, 365, 91),
(610, 365, 122),
(710, 365, 142),
(1410, 365, 282),
(1415, 365, 283),
(1420, 365, 284),
(1425, 365, 285),
(1430, 365, 286),
(1435, 365, 287),
(1440, 365, 288),
(1445, 365, 289),
(1450, 365, 290),
(1455, 365, 291),
(1460, 365, 292),
(1465, 365, 293),
(1470, 365, 294),
(1471, 366, 295),
(1476, 366, 296),
(1481, 366, 297),
(1486, 366, 298),
(1491, 366, 299),
(1496, 366, 300),
(1501, 366, 301),
(1506, 366, 302),
(1511, 366, 303),
(1516, 366, 304),
(1521, 366, 305),
(1526, 366, 306),
(1531, 366, 307),
(1536, 366, 308),
(1541, 366, 309),
(1546, 366, 310),
(1551, 366, 311),
(1556, 366, 312),
(1561, 366, 313),
(1566, 366, 314),
(1571, 366, 315),
(1576, 366, 316),
(1581, 366, 317),
(1586, 366, 318),
(1591, 366, 319),
(1596, 366, 320),
(1601, 366, 321),
(1606, 366, 322),
(1611, 366, 323),
(1616, 366, 324),
(1472, 367, 295),
(1477, 367, 296),
(1482, 367, 297),
(1487, 367, 298),
(1492, 367, 299),
(1497, 367, 300),
(1502, 367, 301),
(1507, 367, 302),
(1512, 367, 303),
(1517, 367, 304),
(1522, 367, 305),
(1527, 367, 306),
(1532, 367, 307),
(1537, 367, 308),
(1542, 367, 309),
(1547, 367, 310),
(1552, 367, 311),
(1557, 367, 312),
(1562, 367, 313),
(1567, 367, 314),
(1572, 367, 315),
(1577, 367, 316),
(1582, 367, 317),
(1587, 367, 318),
(1592, 367, 319),
(1597, 367, 320),
(1602, 367, 321),
(1607, 367, 322),
(1612, 367, 323),
(1617, 367, 324),
(1473, 368, 295),
(1478, 368, 296),
(1483, 368, 297),
(1488, 368, 298),
(1493, 368, 299),
(1498, 368, 300),
(1503, 368, 301),
(1508, 368, 302),
(1513, 368, 303),
(1518, 368, 304),
(1523, 368, 305),
(1528, 368, 306),
(1533, 368, 307),
(1538, 368, 308),
(1543, 368, 309),
(1548, 368, 310),
(1553, 368, 311),
(1558, 368, 312),
(1563, 368, 313),
(1568, 368, 314),
(1573, 368, 315),
(1578, 368, 316),
(1583, 368, 317),
(1588, 368, 318),
(1593, 368, 319),
(1598, 368, 320),
(1603, 368, 321),
(1608, 368, 322),
(1613, 368, 323),
(1618, 368, 324),
(1474, 369, 295),
(1479, 369, 296),
(1484, 369, 297),
(1489, 369, 298),
(1494, 369, 299),
(1499, 369, 300),
(1504, 369, 301),
(1509, 369, 302),
(1514, 369, 303),
(1519, 369, 304),
(1524, 369, 305),
(1529, 369, 306),
(1534, 369, 307),
(1539, 369, 308),
(1544, 369, 309),
(1549, 369, 310),
(1554, 369, 311),
(1559, 369, 312),
(1564, 369, 313),
(1569, 369, 314),
(1574, 369, 315),
(1579, 369, 316),
(1584, 369, 317),
(1589, 369, 318),
(1594, 369, 319),
(1599, 369, 320),
(1604, 369, 321),
(1609, 369, 322),
(1614, 369, 323),
(1619, 369, 324),
(1475, 370, 295),
(1480, 370, 296),
(1485, 370, 297),
(1490, 370, 298),
(1495, 370, 299),
(1500, 370, 300),
(1505, 370, 301),
(1510, 370, 302),
(1515, 370, 303),
(1520, 370, 304),
(1525, 370, 305),
(1530, 370, 306),
(1535, 370, 307),
(1540, 370, 308),
(1545, 370, 309),
(1550, 370, 310),
(1555, 370, 311),
(1560, 370, 312),
(1565, 370, 313),
(1570, 370, 314),
(1575, 370, 315),
(1580, 370, 316),
(1585, 370, 317),
(1590, 370, 318),
(1595, 370, 319),
(1600, 370, 320),
(1605, 370, 321),
(1610, 370, 322),
(1615, 370, 323),
(1620, 370, 324),
(1621, 371, 325),
(1626, 371, 326),
(1631, 371, 327),
(1636, 371, 328),
(1641, 371, 329),
(1651, 371, 331),
(1622, 372, 325),
(1627, 372, 326),
(1632, 372, 327),
(1637, 372, 328),
(1642, 372, 329),
(1652, 372, 331),
(1623, 373, 325),
(1628, 373, 326),
(1633, 373, 327),
(1638, 373, 328),
(1643, 373, 329),
(1653, 373, 331),
(1624, 374, 325),
(1629, 374, 326),
(1634, 374, 327),
(1639, 374, 328),
(1644, 374, 329),
(1654, 374, 331),
(1625, 375, 325),
(1630, 375, 326),
(1635, 375, 327),
(1640, 375, 328),
(1645, 375, 329),
(1655, 375, 331),
(1916, 376, 384),
(1921, 376, 385),
(1926, 376, 386),
(1931, 376, 387),
(1936, 376, 388),
(1941, 376, 389),
(1946, 376, 390),
(1951, 376, 391),
(1956, 376, 392),
(1961, 376, 393),
(1966, 376, 394),
(1971, 376, 395),
(1976, 376, 396),
(1981, 376, 397),
(1917, 377, 384),
(1922, 377, 385),
(1927, 377, 386),
(1932, 377, 387),
(1937, 377, 388),
(1942, 377, 389),
(1947, 377, 390),
(1952, 377, 391),
(1957, 377, 392),
(1962, 377, 393),
(1967, 377, 394),
(1972, 377, 395),
(1977, 377, 396),
(1982, 377, 397),
(1918, 378, 384),
(1923, 378, 385),
(1928, 378, 386),
(1933, 378, 387),
(1938, 378, 388),
(1943, 378, 389),
(1948, 378, 390),
(1953, 378, 391),
(1958, 378, 392),
(1963, 378, 393),
(1968, 378, 394),
(1973, 378, 395),
(1978, 378, 396),
(1983, 378, 397),
(1919, 379, 384),
(1924, 379, 385),
(1929, 379, 386),
(1934, 379, 387),
(1939, 379, 388),
(1944, 379, 389),
(1949, 379, 390),
(1954, 379, 391),
(1959, 379, 392),
(1964, 379, 393),
(1969, 379, 394),
(1974, 379, 395),
(1979, 379, 396),
(1984, 379, 397),
(1920, 380, 384),
(1925, 380, 385),
(1930, 380, 386),
(1935, 380, 387),
(1940, 380, 388),
(1945, 380, 389),
(1950, 380, 390),
(1955, 380, 391),
(1960, 380, 392),
(1965, 380, 393),
(1970, 380, 394),
(1975, 380, 395),
(1980, 380, 396),
(1985, 380, 397),
(1, 381, 1),
(21, 381, 5),
(51, 381, 11),
(66, 381, 14),
(81, 381, 17),
(91, 381, 19),
(96, 381, 20),
(106, 381, 22),
(111, 381, 23),
(126, 381, 26),
(131, 381, 27),
(141, 381, 29),
(146, 381, 30),
(151, 381, 31),
(156, 381, 32),
(161, 381, 33),
(166, 381, 34),
(171, 381, 35),
(176, 381, 36),
(181, 381, 37),
(186, 381, 38),
(191, 381, 39),
(196, 381, 40),
(201, 381, 41),
(206, 381, 42),
(211, 381, 43),
(216, 381, 44),
(221, 381, 45),
(226, 381, 46),
(231, 381, 47),
(2, 382, 1),
(22, 382, 5),
(52, 382, 11),
(67, 382, 14),
(82, 382, 17),
(92, 382, 19),
(97, 382, 20),
(107, 382, 22),
(112, 382, 23),
(127, 382, 26),
(132, 382, 27),
(142, 382, 29),
(147, 382, 30),
(152, 382, 31),
(157, 382, 32),
(162, 382, 33),
(167, 382, 34),
(172, 382, 35),
(177, 382, 36),
(182, 382, 37),
(187, 382, 38),
(192, 382, 39),
(197, 382, 40),
(202, 382, 41),
(207, 382, 42),
(212, 382, 43),
(217, 382, 44),
(222, 382, 45),
(227, 382, 46),
(232, 382, 47),
(3, 383, 1),
(23, 383, 5),
(53, 383, 11),
(68, 383, 14),
(83, 383, 17),
(93, 383, 19),
(98, 383, 20),
(108, 383, 22),
(113, 383, 23),
(128, 383, 26),
(133, 383, 27),
(143, 383, 29),
(148, 383, 30),
(153, 383, 31),
(158, 383, 32),
(163, 383, 33),
(168, 383, 34),
(173, 383, 35),
(178, 383, 36),
(183, 383, 37),
(188, 383, 38),
(193, 383, 39),
(198, 383, 40),
(203, 383, 41),
(208, 383, 42),
(213, 383, 43),
(218, 383, 44),
(223, 383, 45),
(228, 383, 46),
(233, 383, 47),
(4, 384, 1),
(24, 384, 5),
(54, 384, 11),
(69, 384, 14),
(84, 384, 17),
(94, 384, 19),
(99, 384, 20),
(109, 384, 22),
(114, 384, 23),
(129, 384, 26),
(134, 384, 27),
(144, 384, 29),
(149, 384, 30),
(154, 384, 31),
(159, 384, 32),
(164, 384, 33),
(169, 384, 34),
(174, 384, 35),
(179, 384, 36),
(184, 384, 37),
(189, 384, 38),
(194, 384, 39),
(199, 384, 40),
(204, 384, 41),
(209, 384, 42),
(214, 384, 43),
(219, 384, 44),
(224, 384, 45),
(229, 384, 46),
(234, 384, 47),
(5, 385, 1),
(25, 385, 5),
(55, 385, 11),
(70, 385, 14),
(85, 385, 17),
(95, 385, 19),
(100, 385, 20),
(110, 385, 22),
(115, 385, 23),
(130, 385, 26),
(135, 385, 27),
(145, 385, 29),
(150, 385, 30),
(155, 385, 31),
(160, 385, 32),
(165, 385, 33),
(170, 385, 34),
(175, 385, 35),
(180, 385, 36),
(185, 385, 37),
(190, 385, 38),
(195, 385, 39),
(200, 385, 40),
(205, 385, 41),
(210, 385, 42),
(215, 385, 43),
(220, 385, 44),
(225, 385, 45),
(230, 385, 46),
(235, 385, 47),
(236, 386, 48),
(241, 386, 49),
(251, 386, 51),
(256, 386, 52),
(266, 386, 54),
(271, 386, 55),
(276, 386, 56),
(281, 386, 57),
(286, 386, 58),
(291, 386, 59),
(296, 386, 60),
(301, 386, 61),
(306, 386, 62),
(316, 386, 64),
(326, 386, 66),
(331, 386, 67),
(336, 386, 68),
(341, 386, 69),
(346, 386, 70),
(351, 386, 71),
(356, 386, 72),
(361, 386, 73),
(366, 386, 74),
(376, 386, 76),
(381, 386, 77),
(386, 386, 78),
(391, 386, 79),
(396, 386, 80),
(401, 386, 81),
(406, 386, 82),
(237, 387, 48),
(242, 387, 49),
(252, 387, 51),
(257, 387, 52),
(267, 387, 54),
(272, 387, 55),
(277, 387, 56),
(282, 387, 57),
(287, 387, 58),
(292, 387, 59),
(297, 387, 60),
(302, 387, 61),
(307, 387, 62),
(317, 387, 64),
(327, 387, 66),
(332, 387, 67),
(337, 387, 68),
(342, 387, 69),
(347, 387, 70),
(352, 387, 71),
(357, 387, 72),
(362, 387, 73),
(367, 387, 74),
(377, 387, 76),
(382, 387, 77),
(387, 387, 78),
(392, 387, 79),
(397, 387, 80),
(402, 387, 81),
(407, 387, 82),
(238, 388, 48),
(243, 388, 49),
(253, 388, 51),
(258, 388, 52),
(268, 388, 54),
(273, 388, 55),
(278, 388, 56),
(283, 388, 57),
(288, 388, 58),
(293, 388, 59),
(298, 388, 60),
(303, 388, 61),
(308, 388, 62),
(318, 388, 64),
(328, 388, 66),
(333, 388, 67),
(338, 388, 68),
(343, 388, 69),
(348, 388, 70),
(353, 388, 71),
(358, 388, 72),
(363, 388, 73),
(368, 388, 74),
(378, 388, 76),
(383, 388, 77),
(388, 388, 78),
(393, 388, 79),
(398, 388, 80),
(403, 388, 81),
(408, 388, 82),
(239, 389, 48),
(244, 389, 49),
(254, 389, 51),
(259, 389, 52),
(269, 389, 54),
(274, 389, 55),
(279, 389, 56),
(284, 389, 57),
(289, 389, 58),
(294, 389, 59),
(299, 389, 60),
(304, 389, 61),
(309, 389, 62),
(319, 389, 64),
(329, 389, 66),
(334, 389, 67),
(339, 389, 68),
(344, 389, 69),
(349, 389, 70),
(354, 389, 71),
(359, 389, 72),
(364, 389, 73),
(369, 389, 74),
(379, 389, 76),
(384, 389, 77),
(389, 389, 78),
(394, 389, 79),
(399, 389, 80),
(404, 389, 81),
(409, 389, 82),
(240, 390, 48),
(245, 390, 49),
(255, 390, 51),
(260, 390, 52),
(270, 390, 54),
(275, 390, 55),
(280, 390, 56),
(285, 390, 57),
(290, 390, 58),
(295, 390, 59),
(300, 390, 60),
(305, 390, 61),
(310, 390, 62),
(320, 390, 64),
(330, 390, 66),
(335, 390, 67),
(340, 390, 68),
(345, 390, 69),
(350, 390, 70),
(355, 390, 71),
(360, 390, 72),
(365, 390, 73),
(370, 390, 74),
(380, 390, 76),
(385, 390, 77),
(390, 390, 78),
(395, 390, 79),
(400, 390, 80),
(405, 390, 81),
(410, 390, 82),
(411, 391, 83),
(416, 391, 84),
(421, 391, 85),
(426, 391, 86),
(441, 391, 89),
(561, 391, 113),
(661, 391, 133),
(751, 391, 151),
(816, 391, 164),
(851, 391, 171),
(936, 391, 188),
(1646, 391, 330),
(1661, 391, 333),
(1681, 391, 337),
(1686, 391, 338),
(1691, 391, 339),
(412, 392, 83),
(417, 392, 84),
(422, 392, 85),
(427, 392, 86),
(442, 392, 89),
(562, 392, 113),
(662, 392, 133),
(752, 392, 151),
(817, 392, 164),
(852, 392, 171),
(937, 392, 188),
(1647, 392, 330),
(1662, 392, 333),
(1682, 392, 337),
(1687, 392, 338),
(1692, 392, 339),
(413, 393, 83),
(418, 393, 84),
(423, 393, 85),
(428, 393, 86),
(443, 393, 89),
(563, 393, 113),
(663, 393, 133),
(753, 393, 151),
(818, 393, 164),
(853, 393, 171),
(938, 393, 188),
(1648, 393, 330),
(1663, 393, 333),
(1683, 393, 337),
(1688, 393, 338),
(1693, 393, 339),
(414, 394, 83),
(419, 394, 84),
(424, 394, 85),
(429, 394, 86),
(444, 394, 89),
(564, 394, 113),
(664, 394, 133),
(754, 394, 151),
(819, 394, 164),
(854, 394, 171),
(939, 394, 188),
(1649, 394, 330),
(1664, 394, 333),
(1684, 394, 337),
(1689, 394, 338),
(1694, 394, 339),
(415, 395, 83),
(420, 395, 84),
(425, 395, 85),
(430, 395, 86),
(445, 395, 89),
(565, 395, 113),
(665, 395, 133),
(755, 395, 151),
(820, 395, 164),
(855, 395, 171),
(940, 395, 188),
(1650, 395, 330),
(1665, 395, 333),
(1685, 395, 337),
(1690, 395, 338),
(1695, 395, 339),
(1986, 396, 398),
(1991, 396, 399),
(1996, 396, 400),
(2001, 396, 401),
(1987, 397, 398),
(1992, 397, 399),
(1997, 397, 400),
(2002, 397, 401),
(1988, 398, 398),
(1993, 398, 399),
(1998, 398, 400),
(2003, 398, 401),
(1989, 399, 398),
(1994, 399, 399),
(1999, 399, 400),
(2004, 399, 401),
(1990, 400, 398),
(1995, 400, 399),
(2000, 400, 400),
(2005, 400, 401),
(6, 401, 2),
(11, 401, 3),
(16, 401, 4),
(26, 401, 6),
(31, 401, 7),
(36, 401, 8),
(56, 401, 12),
(61, 401, 13),
(431, 401, 87),
(436, 401, 88),
(446, 401, 90),
(456, 401, 92),
(461, 401, 93),
(466, 401, 94),
(471, 401, 95),
(476, 401, 96),
(481, 401, 97),
(486, 401, 98),
(491, 401, 99),
(496, 401, 100),
(501, 401, 101),
(506, 401, 102),
(511, 401, 103),
(516, 401, 104),
(521, 401, 105),
(526, 401, 106),
(531, 401, 107),
(536, 401, 108),
(541, 401, 109),
(546, 401, 110),
(7, 402, 2),
(12, 402, 3),
(17, 402, 4),
(27, 402, 6),
(32, 402, 7),
(37, 402, 8),
(57, 402, 12),
(62, 402, 13),
(432, 402, 87),
(437, 402, 88),
(447, 402, 90),
(457, 402, 92),
(462, 402, 93),
(467, 402, 94),
(472, 402, 95),
(477, 402, 96),
(482, 402, 97),
(487, 402, 98),
(492, 402, 99),
(497, 402, 100),
(502, 402, 101),
(507, 402, 102),
(512, 402, 103),
(517, 402, 104),
(522, 402, 105),
(527, 402, 106),
(532, 402, 107),
(537, 402, 108),
(542, 402, 109),
(547, 402, 110),
(8, 403, 2),
(13, 403, 3),
(18, 403, 4),
(28, 403, 6),
(33, 403, 7),
(38, 403, 8),
(58, 403, 12),
(63, 403, 13),
(433, 403, 87),
(438, 403, 88),
(448, 403, 90),
(458, 403, 92),
(463, 403, 93),
(468, 403, 94),
(473, 403, 95),
(478, 403, 96),
(483, 403, 97),
(488, 403, 98),
(493, 403, 99),
(498, 403, 100),
(503, 403, 101),
(508, 403, 102),
(513, 403, 103),
(518, 403, 104),
(523, 403, 105),
(528, 403, 106),
(533, 403, 107),
(538, 403, 108),
(543, 403, 109),
(548, 403, 110),
(9, 404, 2),
(14, 404, 3),
(19, 404, 4),
(29, 404, 6),
(34, 404, 7),
(39, 404, 8),
(59, 404, 12),
(64, 404, 13),
(434, 404, 87),
(439, 404, 88),
(449, 404, 90),
(459, 404, 92),
(464, 404, 93),
(469, 404, 94),
(474, 404, 95),
(479, 404, 96),
(484, 404, 97),
(489, 404, 98),
(494, 404, 99),
(499, 404, 100),
(504, 404, 101),
(509, 404, 102),
(514, 404, 103),
(519, 404, 104),
(524, 404, 105),
(529, 404, 106),
(534, 404, 107),
(539, 404, 108),
(544, 404, 109),
(549, 404, 110),
(10, 405, 2),
(15, 405, 3),
(20, 405, 4),
(30, 405, 6),
(35, 405, 7),
(40, 405, 8),
(60, 405, 12),
(65, 405, 13),
(435, 405, 87),
(440, 405, 88),
(450, 405, 90),
(460, 405, 92),
(465, 405, 93),
(470, 405, 94),
(475, 405, 95),
(480, 405, 96),
(485, 405, 97),
(490, 405, 98),
(495, 405, 99),
(500, 405, 100),
(505, 405, 101),
(510, 405, 102),
(515, 405, 103),
(520, 405, 104),
(525, 405, 105),
(530, 405, 106),
(535, 405, 107),
(540, 405, 108),
(545, 405, 109),
(550, 405, 110),
(551, 406, 111),
(556, 406, 112),
(566, 406, 114),
(571, 406, 115),
(576, 406, 116),
(581, 406, 117),
(586, 406, 118),
(591, 406, 119),
(596, 406, 120),
(601, 406, 121),
(611, 406, 123),
(616, 406, 124),
(621, 406, 125),
(626, 406, 126),
(631, 406, 127),
(636, 406, 128),
(641, 406, 129),
(646, 406, 130),
(651, 406, 131),
(656, 406, 132),
(666, 406, 134),
(671, 406, 135),
(676, 406, 136),
(681, 406, 137),
(686, 406, 138),
(691, 406, 139),
(696, 406, 140),
(701, 406, 141),
(711, 406, 143),
(716, 406, 144),
(552, 407, 111),
(557, 407, 112),
(567, 407, 114),
(572, 407, 115),
(577, 407, 116),
(582, 407, 117),
(587, 407, 118),
(592, 407, 119),
(597, 407, 120),
(602, 407, 121),
(612, 407, 123),
(617, 407, 124),
(622, 407, 125),
(627, 407, 126),
(632, 407, 127),
(637, 407, 128),
(642, 407, 129),
(647, 407, 130),
(652, 407, 131),
(657, 407, 132),
(667, 407, 134),
(672, 407, 135),
(677, 407, 136),
(682, 407, 137),
(687, 407, 138),
(692, 407, 139),
(697, 407, 140),
(702, 407, 141),
(712, 407, 143),
(717, 407, 144),
(553, 408, 111),
(558, 408, 112),
(568, 408, 114),
(573, 408, 115),
(578, 408, 116),
(583, 408, 117),
(588, 408, 118),
(593, 408, 119),
(598, 408, 120),
(603, 408, 121),
(613, 408, 123),
(618, 408, 124),
(623, 408, 125),
(628, 408, 126),
(633, 408, 127),
(638, 408, 128),
(643, 408, 129),
(648, 408, 130),
(653, 408, 131),
(658, 408, 132),
(668, 408, 134),
(673, 408, 135),
(678, 408, 136),
(683, 408, 137),
(688, 408, 138),
(693, 408, 139),
(698, 408, 140),
(703, 408, 141),
(713, 408, 143),
(718, 408, 144),
(554, 409, 111),
(559, 409, 112),
(569, 409, 114),
(574, 409, 115),
(579, 409, 116),
(584, 409, 117),
(589, 409, 118),
(594, 409, 119),
(599, 409, 120),
(604, 409, 121),
(614, 409, 123),
(619, 409, 124),
(624, 409, 125),
(629, 409, 126),
(634, 409, 127),
(639, 409, 128),
(644, 409, 129),
(649, 409, 130),
(654, 409, 131),
(659, 409, 132),
(669, 409, 134),
(674, 409, 135),
(679, 409, 136),
(684, 409, 137),
(689, 409, 138),
(694, 409, 139),
(699, 409, 140),
(704, 409, 141),
(714, 409, 143),
(719, 409, 144),
(555, 410, 111),
(560, 410, 112),
(570, 410, 114),
(575, 410, 115),
(580, 410, 116),
(585, 410, 117),
(590, 410, 118),
(595, 410, 119),
(600, 410, 120),
(605, 410, 121),
(615, 410, 123),
(620, 410, 124),
(625, 410, 125),
(630, 410, 126),
(635, 410, 127),
(640, 410, 128),
(645, 410, 129),
(650, 410, 130),
(655, 410, 131),
(660, 410, 132),
(670, 410, 134),
(675, 410, 135),
(680, 410, 136),
(685, 410, 137),
(690, 410, 138),
(695, 410, 139),
(700, 410, 140),
(705, 410, 141),
(715, 410, 143),
(720, 410, 144),
(721, 411, 145),
(726, 411, 146),
(731, 411, 147),
(736, 411, 148),
(741, 411, 149),
(746, 411, 150),
(756, 411, 152),
(761, 411, 153),
(766, 411, 154),
(771, 411, 155),
(776, 411, 156),
(781, 411, 157),
(786, 411, 158),
(791, 411, 159),
(796, 411, 160),
(801, 411, 161),
(806, 411, 162),
(811, 411, 163),
(821, 411, 165),
(826, 411, 166),
(831, 411, 167),
(836, 411, 168),
(841, 411, 169),
(846, 411, 170),
(856, 411, 172),
(861, 411, 173),
(866, 411, 174),
(871, 411, 175),
(876, 411, 176),
(881, 411, 177),
(722, 412, 145),
(727, 412, 146),
(732, 412, 147),
(737, 412, 148),
(742, 412, 149),
(747, 412, 150),
(757, 412, 152),
(762, 412, 153),
(767, 412, 154),
(772, 412, 155),
(777, 412, 156),
(782, 412, 157),
(787, 412, 158),
(792, 412, 159),
(797, 412, 160),
(802, 412, 161),
(807, 412, 162),
(812, 412, 163),
(822, 412, 165),
(827, 412, 166),
(832, 412, 167),
(837, 412, 168),
(842, 412, 169),
(847, 412, 170),
(857, 412, 172),
(862, 412, 173),
(867, 412, 174),
(872, 412, 175),
(877, 412, 176),
(882, 412, 177),
(723, 413, 145),
(728, 413, 146),
(733, 413, 147),
(738, 413, 148),
(743, 413, 149),
(748, 413, 150),
(758, 413, 152),
(763, 413, 153),
(768, 413, 154),
(773, 413, 155),
(778, 413, 156),
(783, 413, 157),
(788, 413, 158),
(793, 413, 159),
(798, 413, 160),
(803, 413, 161),
(808, 413, 162),
(813, 413, 163),
(823, 413, 165),
(828, 413, 166),
(833, 413, 167),
(838, 413, 168),
(843, 413, 169),
(848, 413, 170),
(858, 413, 172),
(863, 413, 173),
(868, 413, 174),
(873, 413, 175),
(878, 413, 176),
(883, 413, 177),
(724, 414, 145),
(729, 414, 146),
(734, 414, 147),
(739, 414, 148),
(744, 414, 149),
(749, 414, 150),
(759, 414, 152),
(764, 414, 153),
(769, 414, 154),
(774, 414, 155),
(779, 414, 156),
(784, 414, 157),
(789, 414, 158),
(794, 414, 159),
(799, 414, 160),
(804, 414, 161),
(809, 414, 162),
(814, 414, 163),
(824, 414, 165),
(829, 414, 166),
(834, 414, 167),
(839, 414, 168),
(844, 414, 169),
(849, 414, 170),
(859, 414, 172),
(864, 414, 173),
(869, 414, 174),
(874, 414, 175),
(879, 414, 176),
(884, 414, 177),
(725, 415, 145),
(730, 415, 146),
(735, 415, 147),
(740, 415, 148),
(745, 415, 149),
(750, 415, 150),
(760, 415, 152),
(765, 415, 153),
(770, 415, 154),
(775, 415, 155),
(780, 415, 156),
(785, 415, 157),
(790, 415, 158),
(795, 415, 159),
(800, 415, 160),
(805, 415, 161),
(810, 415, 162),
(815, 415, 163),
(825, 415, 165),
(830, 415, 166),
(835, 415, 167),
(840, 415, 168),
(845, 415, 169),
(850, 415, 170),
(860, 415, 172),
(865, 415, 173),
(870, 415, 174),
(875, 415, 175),
(880, 415, 176),
(885, 415, 177),
(886, 416, 178),
(891, 416, 179),
(896, 416, 180),
(901, 416, 181),
(906, 416, 182),
(911, 416, 183),
(916, 416, 184),
(921, 416, 185),
(926, 416, 186),
(931, 416, 187),
(941, 416, 189),
(946, 416, 190),
(951, 416, 191),
(956, 416, 192),
(961, 416, 193),
(966, 416, 194),
(971, 416, 195),
(976, 416, 196),
(981, 416, 197),
(986, 416, 198),
(991, 416, 199),
(996, 416, 200),
(1001, 416, 201),
(1006, 416, 202),
(1011, 416, 203),
(1016, 416, 204),
(1021, 416, 205),
(1026, 416, 206),
(1031, 416, 207),
(1036, 416, 208),
(887, 417, 178),
(892, 417, 179),
(897, 417, 180),
(902, 417, 181),
(907, 417, 182),
(912, 417, 183),
(917, 417, 184),
(922, 417, 185),
(927, 417, 186),
(932, 417, 187),
(942, 417, 189),
(947, 417, 190),
(952, 417, 191),
(957, 417, 192),
(962, 417, 193),
(967, 417, 194),
(972, 417, 195),
(977, 417, 196),
(982, 417, 197),
(987, 417, 198),
(992, 417, 199),
(997, 417, 200),
(1002, 417, 201),
(1007, 417, 202),
(1012, 417, 203),
(1017, 417, 204),
(1022, 417, 205),
(1027, 417, 206),
(1032, 417, 207),
(1037, 417, 208),
(888, 418, 178),
(893, 418, 179),
(898, 418, 180),
(903, 418, 181),
(908, 418, 182),
(913, 418, 183),
(918, 418, 184),
(923, 418, 185),
(928, 418, 186),
(933, 418, 187),
(943, 418, 189),
(948, 418, 190),
(953, 418, 191),
(958, 418, 192),
(963, 418, 193),
(968, 418, 194),
(973, 418, 195),
(978, 418, 196),
(983, 418, 197),
(988, 418, 198),
(993, 418, 199),
(998, 418, 200),
(1003, 418, 201),
(1008, 418, 202),
(1013, 418, 203),
(1018, 418, 204),
(1023, 418, 205),
(1028, 418, 206),
(1033, 418, 207),
(1038, 418, 208),
(889, 419, 178),
(894, 419, 179),
(899, 419, 180),
(904, 419, 181),
(909, 419, 182),
(914, 419, 183),
(919, 419, 184),
(924, 419, 185),
(929, 419, 186),
(934, 419, 187),
(944, 419, 189),
(949, 419, 190),
(954, 419, 191),
(959, 419, 192),
(964, 419, 193),
(969, 419, 194),
(974, 419, 195),
(979, 419, 196),
(984, 419, 197),
(989, 419, 198),
(994, 419, 199),
(999, 419, 200),
(1004, 419, 201),
(1009, 419, 202),
(1014, 419, 203),
(1019, 419, 204),
(1024, 419, 205),
(1029, 419, 206),
(1034, 419, 207),
(1039, 419, 208),
(890, 420, 178),
(895, 420, 179),
(900, 420, 180),
(905, 420, 181),
(910, 420, 182),
(915, 420, 183),
(920, 420, 184),
(925, 420, 185),
(930, 420, 186),
(935, 420, 187),
(945, 420, 189),
(950, 420, 190),
(955, 420, 191),
(960, 420, 192),
(965, 420, 193),
(970, 420, 194),
(975, 420, 195),
(980, 420, 196),
(985, 420, 197),
(990, 420, 198),
(995, 420, 199),
(1000, 420, 200),
(1005, 420, 201),
(1010, 420, 202),
(1015, 420, 203),
(1020, 420, 204),
(1025, 420, 205),
(1030, 420, 206),
(1035, 420, 207),
(1040, 420, 208),
(1041, 421, 209),
(1046, 421, 210),
(1051, 421, 211),
(1056, 421, 212),
(1066, 421, 214),
(1146, 421, 230),
(1181, 421, 237),
(1241, 421, 249),
(1261, 421, 253),
(1266, 421, 254),
(1276, 421, 256),
(1316, 421, 264),
(1346, 421, 270),
(1351, 421, 271),
(1371, 421, 275),
(1656, 421, 332),
(1671, 421, 335),
(1676, 421, 336),
(1042, 422, 209),
(1047, 422, 210),
(1052, 422, 211),
(1057, 422, 212),
(1067, 422, 214),
(1147, 422, 230),
(1182, 422, 237),
(1242, 422, 249),
(1262, 422, 253),
(1267, 422, 254),
(1277, 422, 256),
(1317, 422, 264),
(1347, 422, 270),
(1352, 422, 271),
(1372, 422, 275),
(1657, 422, 332),
(1672, 422, 335),
(1677, 422, 336),
(1043, 423, 209),
(1048, 423, 210),
(1053, 423, 211),
(1058, 423, 212),
(1068, 423, 214),
(1148, 423, 230),
(1183, 423, 237),
(1243, 423, 249),
(1263, 423, 253),
(1268, 423, 254),
(1278, 423, 256),
(1318, 423, 264),
(1348, 423, 270),
(1353, 423, 271),
(1373, 423, 275),
(1658, 423, 332),
(1673, 423, 335),
(1678, 423, 336),
(1044, 424, 209),
(1049, 424, 210),
(1054, 424, 211),
(1059, 424, 212),
(1069, 424, 214),
(1149, 424, 230),
(1184, 424, 237),
(1244, 424, 249),
(1264, 424, 253),
(1269, 424, 254),
(1279, 424, 256),
(1319, 424, 264),
(1349, 424, 270),
(1354, 424, 271),
(1374, 424, 275),
(1659, 424, 332),
(1674, 424, 335),
(1679, 424, 336),
(1045, 425, 209),
(1050, 425, 210),
(1055, 425, 211),
(1060, 425, 212),
(1070, 425, 214),
(1150, 425, 230),
(1185, 425, 237),
(1245, 425, 249),
(1265, 425, 253),
(1270, 425, 254),
(1280, 425, 256),
(1320, 425, 264),
(1350, 425, 270),
(1355, 425, 271),
(1375, 425, 275),
(1660, 425, 332),
(1675, 425, 335),
(1680, 425, 336),
(2006, 426, 402),
(2011, 426, 403),
(2016, 426, 404),
(2021, 426, 405),
(2026, 426, 406),
(2031, 426, 407),
(2036, 426, 408),
(2041, 426, 409),
(2046, 426, 410),
(2051, 426, 411),
(2056, 426, 412),
(2061, 426, 413),
(2066, 426, 414),
(2071, 426, 415),
(2076, 426, 416),
(2081, 426, 417),
(2086, 426, 418),
(2091, 426, 419),
(2096, 426, 420),
(2101, 426, 421),
(2106, 426, 422),
(2111, 426, 423),
(2116, 426, 424),
(2121, 426, 425),
(2126, 426, 426),
(2131, 426, 427),
(2136, 426, 428),
(2141, 426, 429),
(2146, 426, 430),
(2151, 426, 431),
(2007, 427, 402),
(2012, 427, 403),
(2017, 427, 404),
(2022, 427, 405),
(2027, 427, 406),
(2032, 427, 407),
(2037, 427, 408),
(2042, 427, 409),
(2047, 427, 410),
(2052, 427, 411),
(2057, 427, 412),
(2062, 427, 413),
(2067, 427, 414),
(2072, 427, 415),
(2077, 427, 416),
(2082, 427, 417),
(2087, 427, 418),
(2092, 427, 419),
(2097, 427, 420),
(2102, 427, 421),
(2107, 427, 422),
(2112, 427, 423),
(2117, 427, 424),
(2122, 427, 425),
(2127, 427, 426),
(2132, 427, 427),
(2137, 427, 428),
(2142, 427, 429),
(2147, 427, 430),
(2152, 427, 431),
(2008, 428, 402),
(2013, 428, 403),
(2018, 428, 404),
(2023, 428, 405),
(2028, 428, 406),
(2033, 428, 407),
(2038, 428, 408),
(2043, 428, 409),
(2048, 428, 410),
(2053, 428, 411),
(2058, 428, 412),
(2063, 428, 413),
(2068, 428, 414),
(2073, 428, 415),
(2078, 428, 416),
(2083, 428, 417),
(2088, 428, 418),
(2093, 428, 419),
(2098, 428, 420),
(2103, 428, 421),
(2108, 428, 422),
(2113, 428, 423),
(2118, 428, 424),
(2123, 428, 425),
(2128, 428, 426),
(2133, 428, 427),
(2138, 428, 428),
(2143, 428, 429),
(2148, 428, 430),
(2153, 428, 431),
(2009, 429, 402),
(2014, 429, 403),
(2019, 429, 404),
(2024, 429, 405),
(2029, 429, 406),
(2034, 429, 407),
(2039, 429, 408),
(2044, 429, 409),
(2049, 429, 410),
(2054, 429, 411),
(2059, 429, 412),
(2064, 429, 413),
(2069, 429, 414),
(2074, 429, 415),
(2079, 429, 416),
(2084, 429, 417),
(2089, 429, 418),
(2094, 429, 419),
(2099, 429, 420),
(2104, 429, 421),
(2109, 429, 422),
(2114, 429, 423),
(2119, 429, 424),
(2124, 429, 425),
(2129, 429, 426),
(2134, 429, 427),
(2139, 429, 428),
(2144, 429, 429),
(2149, 429, 430),
(2154, 429, 431),
(2010, 430, 402),
(2015, 430, 403),
(2020, 430, 404),
(2025, 430, 405),
(2030, 430, 406),
(2035, 430, 407),
(2040, 430, 408),
(2045, 430, 409),
(2050, 430, 410),
(2055, 430, 411),
(2060, 430, 412),
(2065, 430, 413),
(2070, 430, 414),
(2075, 430, 415),
(2080, 430, 416),
(2085, 430, 417),
(2090, 430, 418),
(2095, 430, 419),
(2100, 430, 420),
(2105, 430, 421),
(2110, 430, 422),
(2115, 430, 423),
(2120, 430, 424),
(2125, 430, 425),
(2130, 430, 426),
(2135, 430, 427),
(2140, 430, 428),
(2145, 430, 429),
(2150, 430, 430),
(2155, 430, 431),
(2156, 431, 432),
(2161, 431, 433),
(2166, 431, 434),
(2171, 431, 435),
(2176, 431, 436),
(2181, 431, 437),
(2186, 431, 438),
(2191, 431, 439),
(2196, 431, 440),
(2201, 431, 441),
(2206, 431, 442),
(2157, 432, 432),
(2162, 432, 433),
(2167, 432, 434),
(2172, 432, 435),
(2177, 432, 436),
(2182, 432, 437),
(2187, 432, 438),
(2192, 432, 439),
(2197, 432, 440),
(2202, 432, 441),
(2207, 432, 442),
(2158, 433, 432),
(2163, 433, 433),
(2168, 433, 434),
(2173, 433, 435),
(2178, 433, 436),
(2183, 433, 437),
(2188, 433, 438),
(2193, 433, 439),
(2198, 433, 440),
(2203, 433, 441),
(2208, 433, 442),
(2159, 434, 432),
(2164, 434, 433),
(2169, 434, 434),
(2174, 434, 435),
(2179, 434, 436),
(2184, 434, 437),
(2189, 434, 438),
(2194, 434, 439),
(2199, 434, 440),
(2204, 434, 441),
(2209, 434, 442),
(2160, 435, 432),
(2165, 435, 433),
(2170, 435, 434),
(2175, 435, 435),
(2180, 435, 436),
(2185, 435, 437),
(2190, 435, 438),
(2195, 435, 439),
(2200, 435, 440),
(2205, 435, 441),
(2210, 435, 442),
(1061, 436, 213),
(1071, 436, 215),
(1076, 436, 216),
(1081, 436, 217),
(1086, 436, 218),
(1091, 436, 219),
(1096, 436, 220),
(1101, 436, 221),
(1106, 436, 222),
(1111, 436, 223),
(1116, 436, 224),
(1121, 436, 225),
(1126, 436, 226),
(1131, 436, 227),
(1136, 436, 228),
(1141, 436, 229),
(1151, 436, 231),
(1156, 436, 232),
(1161, 436, 233),
(1166, 436, 234),
(1171, 436, 235),
(1176, 436, 236),
(1186, 436, 238),
(1191, 436, 239),
(1196, 436, 240),
(1201, 436, 241),
(1206, 436, 242),
(1211, 436, 243),
(1216, 436, 244),
(1221, 436, 245),
(1062, 437, 213),
(1072, 437, 215),
(1077, 437, 216),
(1082, 437, 217),
(1087, 437, 218),
(1092, 437, 219),
(1097, 437, 220),
(1102, 437, 221),
(1107, 437, 222),
(1112, 437, 223),
(1117, 437, 224),
(1122, 437, 225),
(1127, 437, 226),
(1132, 437, 227),
(1137, 437, 228),
(1142, 437, 229),
(1152, 437, 231),
(1157, 437, 232),
(1162, 437, 233),
(1167, 437, 234),
(1172, 437, 235),
(1177, 437, 236),
(1187, 437, 238),
(1192, 437, 239),
(1197, 437, 240),
(1202, 437, 241),
(1207, 437, 242),
(1212, 437, 243),
(1217, 437, 244),
(1222, 437, 245),
(1063, 438, 213),
(1073, 438, 215),
(1078, 438, 216),
(1083, 438, 217),
(1088, 438, 218),
(1093, 438, 219),
(1098, 438, 220),
(1103, 438, 221),
(1108, 438, 222),
(1113, 438, 223),
(1118, 438, 224),
(1123, 438, 225),
(1128, 438, 226),
(1133, 438, 227),
(1138, 438, 228),
(1143, 438, 229),
(1153, 438, 231),
(1158, 438, 232),
(1163, 438, 233),
(1168, 438, 234),
(1173, 438, 235),
(1178, 438, 236),
(1188, 438, 238),
(1193, 438, 239),
(1198, 438, 240),
(1203, 438, 241),
(1208, 438, 242),
(1213, 438, 243),
(1218, 438, 244),
(1223, 438, 245),
(1064, 439, 213),
(1074, 439, 215),
(1079, 439, 216),
(1084, 439, 217),
(1089, 439, 218),
(1094, 439, 219),
(1099, 439, 220),
(1104, 439, 221),
(1109, 439, 222),
(1114, 439, 223),
(1119, 439, 224),
(1124, 439, 225),
(1129, 439, 226),
(1134, 439, 227),
(1139, 439, 228),
(1144, 439, 229),
(1154, 439, 231),
(1159, 439, 232),
(1164, 439, 233),
(1169, 439, 234),
(1174, 439, 235),
(1179, 439, 236),
(1189, 439, 238),
(1194, 439, 239),
(1199, 439, 240),
(1204, 439, 241),
(1209, 439, 242),
(1214, 439, 243),
(1219, 439, 244),
(1224, 439, 245),
(1065, 440, 213),
(1075, 440, 215),
(1080, 440, 216),
(1085, 440, 217),
(1090, 440, 218),
(1095, 440, 219),
(1100, 440, 220),
(1105, 440, 221),
(1110, 440, 222),
(1115, 440, 223),
(1120, 440, 224),
(1125, 440, 225),
(1130, 440, 226),
(1135, 440, 227),
(1140, 440, 228),
(1145, 440, 229),
(1155, 440, 231),
(1160, 440, 232),
(1165, 440, 233),
(1170, 440, 234),
(1175, 440, 235),
(1180, 440, 236),
(1190, 440, 238),
(1195, 440, 239),
(1200, 440, 240),
(1205, 440, 241),
(1210, 440, 242),
(1215, 440, 243),
(1220, 440, 244),
(1225, 440, 245),
(1226, 441, 246),
(1231, 441, 247),
(1236, 441, 248),
(1246, 441, 250),
(1251, 441, 251),
(1256, 441, 252),
(1271, 441, 255),
(1281, 441, 257),
(1286, 441, 258),
(1291, 441, 259),
(1296, 441, 260),
(1301, 441, 261),
(1306, 441, 262),
(1311, 441, 263),
(1321, 441, 265),
(1326, 441, 266),
(1331, 441, 267),
(1336, 441, 268),
(1341, 441, 269),
(1356, 441, 272),
(1361, 441, 273),
(1366, 441, 274),
(1376, 441, 276),
(1381, 441, 277),
(1386, 441, 278),
(1391, 441, 279),
(1396, 441, 280),
(1401, 441, 281),
(1666, 441, 334),
(1696, 441, 340),
(1227, 442, 246),
(1232, 442, 247),
(1237, 442, 248),
(1247, 442, 250),
(1252, 442, 251),
(1257, 442, 252),
(1272, 442, 255),
(1282, 442, 257),
(1287, 442, 258),
(1292, 442, 259),
(1297, 442, 260),
(1302, 442, 261),
(1307, 442, 262),
(1312, 442, 263),
(1322, 442, 265),
(1327, 442, 266),
(1332, 442, 267),
(1337, 442, 268),
(1342, 442, 269),
(1357, 442, 272),
(1362, 442, 273),
(1367, 442, 274),
(1377, 442, 276),
(1382, 442, 277),
(1387, 442, 278),
(1392, 442, 279),
(1397, 442, 280),
(1402, 442, 281),
(1667, 442, 334),
(1697, 442, 340),
(1228, 443, 246),
(1233, 443, 247),
(1238, 443, 248),
(1248, 443, 250),
(1253, 443, 251),
(1258, 443, 252),
(1273, 443, 255),
(1283, 443, 257),
(1288, 443, 258),
(1293, 443, 259),
(1298, 443, 260),
(1303, 443, 261),
(1308, 443, 262),
(1313, 443, 263),
(1323, 443, 265),
(1328, 443, 266),
(1333, 443, 267),
(1338, 443, 268),
(1343, 443, 269),
(1358, 443, 272),
(1363, 443, 273),
(1368, 443, 274),
(1378, 443, 276),
(1383, 443, 277),
(1388, 443, 278),
(1393, 443, 279),
(1398, 443, 280),
(1403, 443, 281),
(1668, 443, 334),
(1698, 443, 340),
(1229, 444, 246),
(1234, 444, 247),
(1239, 444, 248),
(1249, 444, 250),
(1254, 444, 251),
(1259, 444, 252),
(1274, 444, 255),
(1284, 444, 257),
(1289, 444, 258),
(1294, 444, 259),
(1299, 444, 260),
(1304, 444, 261),
(1309, 444, 262),
(1314, 444, 263),
(1324, 444, 265),
(1329, 444, 266),
(1334, 444, 267),
(1339, 444, 268),
(1344, 444, 269),
(1359, 444, 272),
(1364, 444, 273),
(1369, 444, 274),
(1379, 444, 276),
(1384, 444, 277),
(1389, 444, 278),
(1394, 444, 279),
(1399, 444, 280),
(1404, 444, 281),
(1669, 444, 334),
(1699, 444, 340),
(1230, 445, 246),
(1235, 445, 247),
(1240, 445, 248),
(1250, 445, 250),
(1255, 445, 251),
(1260, 445, 252),
(1275, 445, 255),
(1285, 445, 257),
(1290, 445, 258),
(1295, 445, 259),
(1300, 445, 260),
(1305, 445, 261),
(1310, 445, 262),
(1315, 445, 263),
(1325, 445, 265),
(1330, 445, 266),
(1335, 445, 267),
(1340, 445, 268),
(1345, 445, 269),
(1360, 445, 272),
(1365, 445, 273),
(1370, 445, 274),
(1380, 445, 276),
(1385, 445, 277),
(1390, 445, 278),
(1395, 445, 279),
(1400, 445, 280),
(1405, 445, 281),
(1670, 445, 334),
(1700, 445, 340),
(3221, 446, 645),
(3226, 446, 646),
(3222, 447, 645),
(3227, 447, 646),
(3223, 448, 645),
(3228, 448, 646),
(3224, 449, 645),
(3229, 449, 646),
(3225, 450, 645),
(3230, 450, 646),
(2211, 451, 443),
(2216, 451, 444),
(2221, 451, 445),
(2226, 451, 446),
(2231, 451, 447),
(2236, 451, 448),
(2241, 451, 449),
(2246, 451, 450),
(2251, 451, 451),
(2256, 451, 452),
(2261, 451, 453),
(2266, 451, 454),
(2271, 451, 455),
(2276, 451, 456),
(2281, 451, 457),
(2286, 451, 458),
(2291, 451, 459),
(2296, 451, 460),
(2301, 451, 461),
(2306, 451, 462),
(2311, 451, 463),
(2316, 451, 464),
(2321, 451, 465),
(2212, 452, 443),
(2217, 452, 444),
(2222, 452, 445),
(2227, 452, 446),
(2232, 452, 447),
(2237, 452, 448),
(2242, 452, 449),
(2247, 452, 450),
(2252, 452, 451),
(2257, 452, 452),
(2262, 452, 453),
(2267, 452, 454),
(2272, 452, 455),
(2277, 452, 456),
(2282, 452, 457),
(2287, 452, 458),
(2292, 452, 459),
(2297, 452, 460),
(2302, 452, 461),
(2307, 452, 462),
(2312, 452, 463),
(2317, 452, 464),
(2322, 452, 465),
(2213, 453, 443),
(2218, 453, 444),
(2223, 453, 445),
(2228, 453, 446),
(2233, 453, 447),
(2238, 453, 448),
(2243, 453, 449),
(2248, 453, 450),
(2253, 453, 451),
(2258, 453, 452),
(2263, 453, 453),
(2268, 453, 454),
(2273, 453, 455),
(2278, 453, 456),
(2283, 453, 457),
(2288, 453, 458),
(2293, 453, 459),
(2298, 453, 460),
(2303, 453, 461),
(2308, 453, 462),
(2313, 453, 463),
(2318, 453, 464),
(2323, 453, 465),
(2214, 454, 443),
(2219, 454, 444),
(2224, 454, 445),
(2229, 454, 446),
(2234, 454, 447),
(2239, 454, 448),
(2244, 454, 449),
(2249, 454, 450),
(2254, 454, 451),
(2259, 454, 452),
(2264, 454, 453),
(2269, 454, 454),
(2274, 454, 455),
(2279, 454, 456),
(2284, 454, 457),
(2289, 454, 458),
(2294, 454, 459),
(2299, 454, 460),
(2304, 454, 461),
(2309, 454, 462),
(2314, 454, 463),
(2319, 454, 464),
(2324, 454, 465),
(2215, 455, 443),
(2220, 455, 444),
(2225, 455, 445),
(2230, 455, 446),
(2235, 455, 447),
(2240, 455, 448),
(2245, 455, 449),
(2250, 455, 450),
(2255, 455, 451),
(2260, 455, 452),
(2265, 455, 453),
(2270, 455, 454);
INSERT INTO `class_course_student_semester` (`class_course_student_semester_id`, `class_course_semester_id`, `student_id`) VALUES
(2275, 455, 455),
(2280, 455, 456),
(2285, 455, 457),
(2290, 455, 458),
(2295, 455, 459),
(2300, 455, 460),
(2305, 455, 461),
(2310, 455, 462),
(2315, 455, 463),
(2320, 455, 464),
(2325, 455, 465);

-- --------------------------------------------------------

--
-- Table structure for table `class_course_teacher_semester`
--

DROP TABLE IF EXISTS `class_course_teacher_semester`;
CREATE TABLE IF NOT EXISTS `class_course_teacher_semester` (
`class_course_teacher_semester_id` int(11) NOT NULL,
  `class_semester_id` int(11) NOT NULL,
  `course_semester_id` int(11) NOT NULL,
  `teacher_semester_id` int(11) NOT NULL
) ENGINE=InnoDB DEFAULT CHARSET=latin1;

-- --------------------------------------------------------

--
-- Table structure for table `class_semester`
--

DROP TABLE IF EXISTS `class_semester`;
CREATE TABLE IF NOT EXISTS `class_semester` (
`class_semester_id` int(11) NOT NULL,
  `class_id` int(11) NOT NULL,
  `semester_id` int(11) NOT NULL,
  `semester` int(11) NOT NULL
) ENGINE=InnoDB AUTO_INCREMENT=108 DEFAULT CHARSET=latin1;

--
-- Dumping data for table `class_semester`
--

INSERT INTO `class_semester` (`class_semester_id`, `class_id`, `semester_id`, `semester`) VALUES
(81, 84, 2, 1),
(82, 85, 2, 1),
(83, 86, 2, 1),
(84, 87, 2, 1),
(85, 88, 2, 1),
(86, 89, 2, 1),
(87, 90, 2, 1),
(88, 91, 2, 1),
(89, 92, 2, 2),
(90, 93, 2, 2),
(91, 94, 2, 2),
(92, 95, 2, 2),
(93, 96, 2, 3),
(94, 97, 2, 3),
(95, 98, 2, 3),
(96, 99, 2, 3),
(97, 100, 2, 4),
(98, 101, 2, 4),
(99, 102, 2, 4),
(100, 103, 2, 4),
(101, 104, 2, 4),
(102, 105, 2, 4),
(103, 106, 2, 4),
(104, 107, 2, 5),
(105, 108, 2, 5),
(106, 109, 2, 5),
(107, 110, 2, 5);

-- --------------------------------------------------------

--
-- Table structure for table `courses`
--

DROP TABLE IF EXISTS `courses`;
CREATE TABLE IF NOT EXISTS `courses` (
`course_id` int(11) NOT NULL,
  `code` varchar(20) NOT NULL,
  `name` varchar(500) CHARACTER SET utf8 COLLATE utf8_vietnamese_ci NOT NULL,
  `department_id` int(11) DEFAULT NULL
) ENGINE=InnoDB AUTO_INCREMENT=277 DEFAULT CHARSET=latin1;

--
-- Dumping data for table `courses`
--

INSERT INTO `courses` (`course_id`, `code`, `name`, `department_id`) VALUES
(242, 'SSG101', 'Working in Group', 25),
(243, 'CSI101', 'Introduction to Computing', 15),
(244, 'PRO201', 'Front-end Web Development', 15),
(245, 'DBI201', 'Introduction to Databases', 15),
(246, 'CSD202', 'Data structures and algorithms (In C++)', 15),
(247, 'PRO192', 'Object-Oriented Programming with Java', 15),
(248, 'OSG202', 'Operating Systems', 15),
(249, 'PRN292', 'C# and .Net Technology', 15),
(250, 'CSD201', 'Data Structures and Algorithms', 15),
(251, 'PRF192', 'Programming fundamentals using C', 15),
(252, 'PRJ311', 'Desktop Java Applications', 15),
(253, 'NWC202', 'Computer Networking', 15),
(254, 'PRJ321', 'Web-based Java Applications', 15),
(255, 'LAB101', 'Lab 1', 18),
(256, 'IAO101', 'Information Assurance Overview', 21),
(257, 'CEA201', 'Computer Organization and Architecture', 21),
(258, 'LAB211', 'Pre-intermediate Practicing', 18),
(259, 'CES201', 'System support and Trouble shooting for Windows Server 2008', 21),
(260, 'JPD111', 'Japanese 1', 22),
(261, 'JPS132', 'Japanese 3', 22),
(262, 'JPD131', 'Industry driven course (Japanese 3)', 22),
(263, 'MAE101', 'Mathematics for Engineering', 23),
(264, 'MAD101', 'Discrete mathematics', 23),
(265, 'MAS291', 'Probability and Applied Statistics', 23),
(266, 'PHY101', 'Physics', 23),
(267, 'SWR301', 'Software Requirements', 24),
(268, 'IAA301', 'Phn tch thng tin\nIntelligence Analysics', 24),
(269, 'SWQ391', 'Software Quality Assurance and Testing', 24),
(270, 'IAA201', 'Phn tch l hng v ri ro\nRisk-Vulnerability Analysis', 24),
(271, 'IAP201', 'Privacy and IT Ethics', 24),
(272, 'IAP301', 'Pht trin chnh sch ATTT\nPolicy Development in Information Assurance', 24),
(273, 'SRE301', 'Ky thut dich ngc \nSoftware Revert Engineering', 24),
(274, 'OSP201', 'H thng ngun m v qun tr mng\nOpen Source Platform and Network Administration', 24),
(275, 'DBI202', 'DBI202', 15),
(276, 'SWD391', 'SWD391', 24);

-- --------------------------------------------------------

--
-- Table structure for table `course_semester`
--

DROP TABLE IF EXISTS `course_semester`;
CREATE TABLE IF NOT EXISTS `course_semester` (
`course_semester_id` int(11) NOT NULL,
  `course_id` int(11) NOT NULL,
  `semester_id` int(11) NOT NULL,
  `slots` int(11) NOT NULL,
  `course_condition_id` int(11) DEFAULT NULL
) ENGINE=InnoDB AUTO_INCREMENT=277 DEFAULT CHARSET=latin1;

--
-- Dumping data for table `course_semester`
--

INSERT INTO `course_semester` (`course_semester_id`, `course_id`, `semester_id`, `slots`, `course_condition_id`) VALUES
(242, 242, 2, 30, NULL),
(243, 243, 2, 30, NULL),
(244, 244, 2, 30, NULL),
(245, 245, 2, 30, NULL),
(246, 246, 2, 30, NULL),
(247, 247, 2, 30, NULL),
(248, 248, 2, 30, NULL),
(249, 249, 2, 30, NULL),
(250, 250, 2, 30, 247),
(251, 251, 2, 30, NULL),
(252, 252, 2, 30, 247),
(253, 253, 2, 30, 248),
(254, 254, 2, 30, 251),
(255, 255, 2, 30, 251),
(256, 256, 2, 30, NULL),
(257, 257, 2, 30, NULL),
(258, 258, 2, 30, 247),
(259, 259, 2, 30, NULL),
(260, 260, 2, 30, NULL),
(261, 261, 2, 30, NULL),
(262, 262, 2, 30, 260),
(263, 263, 2, 30, NULL),
(264, 264, 2, 30, NULL),
(265, 265, 2, 30, NULL),
(266, 266, 2, 30, NULL),
(267, 267, 2, 30, NULL),
(268, 268, 2, 30, NULL),
(269, 269, 2, 30, NULL),
(270, 270, 2, 30, NULL),
(271, 271, 2, 30, NULL),
(272, 272, 2, 30, NULL),
(273, 273, 2, 30, NULL),
(274, 274, 2, 30, NULL),
(275, 275, 2, 30, NULL),
(276, 276, 2, 30, NULL);

-- --------------------------------------------------------

--
-- Table structure for table `department`
--

DROP TABLE IF EXISTS `department`;
CREATE TABLE IF NOT EXISTS `department` (
`department_id` int(11) NOT NULL,
  `code` varchar(10) NOT NULL,
  `name` varchar(50) NOT NULL
) ENGINE=InnoDB AUTO_INCREMENT=27 DEFAULT CHARSET=latin1;

--
-- Dumping data for table `department`
--

INSERT INTO `department` (`department_id`, `code`, `name`) VALUES
(14, 'BA', 'BA'),
(15, 'CF', 'CF'),
(16, 'CS', 'CS'),
(17, 'ENG', 'ENG'),
(18, 'FSOFT', 'FSOFT'),
(19, 'GD', 'GD'),
(20, 'HS', 'HS'),
(21, 'ITS', 'ITS'),
(22, 'JPN', 'JPN'),
(23, 'Math', 'Math'),
(24, 'SE', 'SE'),
(25, 'SS', 'SS'),
(26, 'TI', 'TI');

-- --------------------------------------------------------

--
-- Table structure for table `program_semester`
--

DROP TABLE IF EXISTS `program_semester`;
CREATE TABLE IF NOT EXISTS `program_semester` (
`program_semester_id` int(11) NOT NULL,
  `semester_id` int(11) NOT NULL,
  `current_semester` int(11) NOT NULL,
  `specialized_id` int(11) NOT NULL,
  `detail_specialized_id` int(11) DEFAULT NULL,
  `batch` int(11) NOT NULL
) ENGINE=InnoDB AUTO_INCREMENT=24 DEFAULT CHARSET=latin1;

--
-- Dumping data for table `program_semester`
--

INSERT INTO `program_semester` (`program_semester_id`, `semester_id`, `current_semester`, `specialized_id`, `detail_specialized_id`, `batch`) VALUES
(13, 2, 1, 1, 1, 10),
(14, 2, 2, 1, 1, 10),
(15, 2, 3, 1, 1, 10),
(16, 2, 4, 1, 1, 9),
(17, 2, 5, 1, 1, 9),
(18, 2, 1, 1, 7, 10),
(19, 2, 2, 1, 7, 10),
(20, 2, 3, 1, 8, 10),
(21, 2, 4, 1, 7, 9),
(22, 2, 5, 1, 7, 9),
(23, 2, 1, 1, 8, 10);

-- --------------------------------------------------------

--
-- Table structure for table `program_semester_detail`
--

DROP TABLE IF EXISTS `program_semester_detail`;
CREATE TABLE IF NOT EXISTS `program_semester_detail` (
`program_semester_detail_id` int(11) NOT NULL,
  `program_semester_id` int(11) NOT NULL,
  `course_semester_id` int(11) NOT NULL,
  `is_semester_long` tinyint(1) NOT NULL
) ENGINE=InnoDB AUTO_INCREMENT=107 DEFAULT CHARSET=latin1;

--
-- Dumping data for table `program_semester_detail`
--

INSERT INTO `program_semester_detail` (`program_semester_detail_id`, `program_semester_id`, `course_semester_id`, `is_semester_long`) VALUES
(52, 13, 243, 0),
(53, 13, 242, 0),
(54, 13, 263, 0),
(55, 13, 251, 0),
(56, 13, 257, 1),
(57, 14, 244, 0),
(58, 14, 247, 0),
(59, 14, 275, 0),
(60, 14, 264, 0),
(61, 14, 255, 1),
(62, 15, 260, 0),
(63, 15, 248, 0),
(64, 15, 250, 0),
(65, 15, 252, 0),
(66, 15, 258, 1),
(67, 16, 275, 0),
(68, 16, 249, 0),
(69, 16, 250, 0),
(70, 16, 253, 0),
(71, 16, 262, 1),
(72, 17, 267, 0),
(73, 17, 269, 0),
(74, 17, 261, 0),
(75, 17, 265, 0),
(76, 17, 254, 1),
(77, 18, 243, 0),
(78, 18, 242, 0),
(79, 18, 263, 0),
(80, 18, 251, 0),
(81, 18, 257, 1),
(82, 19, 244, 0),
(83, 19, 247, 0),
(84, 19, 275, 0),
(85, 19, 264, 0),
(86, 19, 255, 1),
(87, 20, 256, 0),
(88, 20, 248, 0),
(89, 20, 250, 0),
(90, 20, 252, 0),
(91, 20, 258, 1),
(92, 21, 246, 0),
(93, 21, 275, 0),
(94, 21, 271, 0),
(95, 21, 253, 0),
(96, 21, 259, 1),
(97, 22, 268, 0),
(98, 22, 270, 0),
(99, 22, 272, 0),
(100, 22, 273, 0),
(101, 22, 274, 1),
(102, 23, 263, 0),
(103, 23, 243, 0),
(104, 23, 257, 0),
(105, 23, 251, 0),
(106, 23, 266, 1);

-- --------------------------------------------------------

--
-- Table structure for table `rooms`
--

DROP TABLE IF EXISTS `rooms`;
CREATE TABLE IF NOT EXISTS `rooms` (
`room_id` int(11) NOT NULL,
  `code` varchar(20) NOT NULL,
  `courses` varchar(1000) DEFAULT NULL,
  `capacity` int(11) NOT NULL,
  `building_id` int(11) DEFAULT NULL
) ENGINE=InnoDB AUTO_INCREMENT=98 DEFAULT CHARSET=latin1;

--
-- Dumping data for table `rooms`
--

INSERT INTO `rooms` (`room_id`, `code`, `courses`, `capacity`, `building_id`) VALUES
(50, 'P201', 'SSG101, SSC102, SSC101', 30, 4),
(51, 'P202', 'SSG101, SSC102, SSC101', 30, 4),
(52, 'P203', 'SSG101, SSC102, SSC101', 30, 4),
(53, 'P204', NULL, 30, 4),
(54, 'P205', NULL, 30, 4),
(55, 'P209', NULL, 30, 4),
(56, 'P211', NULL, 30, 4),
(57, 'P212', NULL, 30, 4),
(58, 'P215', NULL, 30, 4),
(59, 'P216', NULL, 30, 4),
(60, 'P217', NULL, 30, 4),
(61, 'P218', NULL, 30, 4),
(62, 'P219', NULL, 30, 4),
(63, 'P220', NULL, 30, 4),
(64, 'P221', NULL, 30, 4),
(65, 'P301', NULL, 30, 4),
(66, 'P302', NULL, 30, 4),
(67, 'P303', NULL, 30, 4),
(68, 'P304', NULL, 30, 4),
(69, 'P305', NULL, 30, 4),
(70, 'P306', NULL, 30, 4),
(71, 'P307', NULL, 30, 4),
(72, 'P308', NULL, 30, 4),
(73, 'P309', NULL, 30, 4),
(74, 'P310', NULL, 30, 4),
(75, 'P311', NULL, 31, 4),
(76, 'P312', NULL, 32, 4),
(77, 'P313', NULL, 30, 4),
(78, 'P314', NULL, 30, 4),
(79, 'P315', NULL, 30, 4),
(80, 'P316', NULL, 30, 4),
(81, 'P317', NULL, 30, 4),
(82, 'P318', NULL, 30, 4),
(83, 'P319', NULL, 30, 4),
(84, 'P320', NULL, 31, 4),
(85, 'P321', NULL, 30, 4),
(86, 'P411', NULL, 32, 4),
(87, 'HB/201L', NULL, 33, 3),
(88, 'HB/203L', NULL, 30, 3),
(89, 'HB/204L', NULL, 30, 3),
(90, 'HB/207L', NULL, 30, 3),
(91, 'HB/301R', NULL, 30, 3),
(92, 'HB/302R', NULL, 30, 3),
(93, 'HB/303R-305R', NULL, 70, 3),
(94, 'HB/304R', 'GDG401, WMT201, DRA301, GDS301, CAA201, PST201, AFA201, GDF101, HOA101, DRF201, VCM201, DRS101, DGT101, PST201, DRP101, VNC101', 30, 3),
(95, 'HB/307R', NULL, 30, 3),
(96, 'HB/309R', 'GDG401, WMT201, DRA301, GDS301, CAA201, PST201, AFA201, GDF101, HOA101, DRF201, VCM201, DRS101, DGT101, PST201, DRP101, VNC101', 30, 3),
(97, 'HB/202R', 'LAB101, LAB211', 30, 3);

-- --------------------------------------------------------

--
-- Table structure for table `semesters`
--

DROP TABLE IF EXISTS `semesters`;
CREATE TABLE IF NOT EXISTS `semesters` (
`semester_id` int(11) NOT NULL,
  `code` varchar(10) NOT NULL,
  `name` varchar(100) NOT NULL,
  `semester_year` int(11) NOT NULL,
  `start_date` date NOT NULL,
  `end_date` date NOT NULL
) ENGINE=InnoDB AUTO_INCREMENT=3 DEFAULT CHARSET=latin1;

--
-- Dumping data for table `semesters`
--

INSERT INTO `semesters` (`semester_id`, `code`, `name`, `semester_year`, `start_date`, `end_date`) VALUES
(2, 'FA15', 'Fall 2015', 0, '2015-09-07', '2016-01-02');

-- --------------------------------------------------------

--
-- Table structure for table `specialized`
--

DROP TABLE IF EXISTS `specialized`;
CREATE TABLE IF NOT EXISTS `specialized` (
`specialized_id` int(11) NOT NULL,
  `code` varchar(10) NOT NULL,
  `name` varchar(20) NOT NULL,
  `is_detail_specialized` tinyint(1) NOT NULL
) ENGINE=InnoDB AUTO_INCREMENT=9 DEFAULT CHARSET=latin1;

--
-- Dumping data for table `specialized`
--

INSERT INTO `specialized` (`specialized_id`, `code`, `name`, `is_detail_specialized`) VALUES
(1, 'SE', 'SE', 0),
(2, 'IS1', 'IS1', 1),
(3, 'IS2', 'IS2', 1),
(4, 'ES1', 'ES1', 1),
(5, 'ES2', 'ES2', 1),
(6, 'JS', 'JS', 1),
(7, 'IA', 'IA', 1),
(8, 'EC', 'EC', 1);

-- --------------------------------------------------------

--
-- Table structure for table `staff`
--

DROP TABLE IF EXISTS `staff`;
CREATE TABLE IF NOT EXISTS `staff` (
`staff_id` int(11) NOT NULL,
  `account` varchar(20) NOT NULL,
  `name` varchar(100) CHARACTER SET utf8 COLLATE utf8_vietnamese_ci NOT NULL,
  `email` varchar(50) NOT NULL
) ENGINE=InnoDB AUTO_INCREMENT=6 DEFAULT CHARSET=latin1;

--
-- Dumping data for table `staff`
--

INSERT INTO `staff` (`staff_id`, `account`, `name`, `email`) VALUES
(4, 'duchmse02551', 'Hoang Minh Duc', 'duchmse02551@fpt.edu.vn'),
(5, 'hansse02618', 'hansse02618', 'hansse02618@fpt.edu.vn');

-- --------------------------------------------------------

--
-- Table structure for table `students`
--

DROP TABLE IF EXISTS `students`;
CREATE TABLE IF NOT EXISTS `students` (
`student_id` int(11) NOT NULL,
  `account` varchar(20) CHARACTER SET latin1 NOT NULL,
  `name` varchar(100) COLLATE utf8_vietnamese_ci NOT NULL,
  `email` varchar(50) CHARACTER SET latin1 NOT NULL,
  `student_code` varchar(10) CHARACTER SET latin1 NOT NULL,
  `specialized_id` int(11) NOT NULL,
  `detail_specialized_id` int(11) DEFAULT NULL,
  `batch` varchar(10) CHARACTER SET latin1 NOT NULL,
  `semester` int(11) NOT NULL,
  `class_semester_id` int(11) DEFAULT NULL
) ENGINE=InnoDB AUTO_INCREMENT=647 DEFAULT CHARSET=utf8 COLLATE=utf8_vietnamese_ci;

--
-- Dumping data for table `students`
--

INSERT INTO `students` (`student_id`, `account`, `name`, `email`, `student_code`, `specialized_id`, `detail_specialized_id`, `batch`, `semester`, `class_semester_id`) VALUES
(1, 'DinhNTSE04486', 'Nguyn Th Dinh', 'DinhNTSE04486@fpt.edu.vn', 'SE04486', 1, 1, 'NotSet', 3, 93),
(2, 'HuynhDTSE03573', ' Thin Hunh', 'HuynhDTSE03573@fpt.edu.vn', 'SE03573', 1, 1, 'NotSet', 4, 97),
(3, 'QuyNHSE03631', 'Nguyn Hng Qu', 'QuyNHSE03631@fpt.edu.vn', 'SE03631', 1, 1, 'NotSet', 4, 97),
(4, 'TuanDASE03644', 'o Anh Tun', 'TuanDASE03644@fpt.edu.vn', 'SE03644', 1, 1, 'NotSet', 4, 97),
(5, 'LuongNVSE03673', 'Nguyn Vn Lng', 'LuongNVSE03673@fpt.edu.vn', 'SE03673', 1, 1, 'NotSet', 3, 93),
(6, 'DongNPSE03794', 'Nguyn Phng ng', 'DongNPSE03794@fpt.edu.vn', 'SE03794', 1, 1, 'NotSet', 4, 97),
(7, 'TrungNDSE03802', 'Nguyn c Trung', 'TrungNDSE03802@fpt.edu.vn', 'SE03802', 1, 1, 'NotSet', 4, 97),
(8, 'NamNPSE03883', 'Nguyn Phng Nam', 'NamNPSE03883@fpt.edu.vn', 'SE03883', 1, 1, 'NotSet', 4, 97),
(9, 'AnhPBSE04073', 'Phm Bo Anh', 'AnhPBSE04073@fpt.edu.vn', 'SE04073', 1, 1, 'NotSet', 2, 89),
(10, 'DangVHSE04121', 'V Hi ng', 'DangVHSE04121@fpt.edu.vn', 'SE04121', 1, 1, 'NotSet', 2, 89),
(11, 'MungDVSE03914', 'on Vn Mng', 'MungDVSE03914@fpt.edu.vn', 'SE03914', 1, 1, 'NotSet', 3, 93),
(12, 'DatLHSE03841', 'L Huy t', 'DatLHSE03841@fpt.edu.vn', 'SE03841', 1, 1, 'NotSet', 4, 97),
(13, 'AnhCVTSE03893', 'Chu V Tng Anh', 'AnhCVTSE03893@fpt.edu.vn', 'SE03893', 1, 1, 'NotSet', 4, 97),
(14, 'AnhNTSE03679', 'Ng Tun Anh', 'AnhNTSE03679@fpt.edu.vn', 'SE03679', 1, 1, 'NotSet', 3, 93),
(15, 'SonHHSE03835', 'H Hng Sn', 'SonHHSE03835@fpt.edu.vn', 'SE03835', 1, 1, 'NotSet', 2, 89),
(16, 'BaoNVSE03858', 'Nguyn Vn Bo', 'BaoNVSE03858@fpt.edu.vn', 'SE03858', 1, 1, 'NotSet', 2, 89),
(17, 'HungTVSE03537', 'Trn Vn Hng', 'HungTVSE03537@fpt.edu.vn', 'SE03537', 1, 1, 'NotSet', 3, 93),
(18, 'TungNDSE03588', 'Nguyn c Tng', 'TungNDSE03588@fpt.edu.vn', 'SE03588', 1, 1, 'NotSet', 2, 89),
(19, 'CuongTVSE03663', 'Thn Vn Cng', 'CuongTVSE03663@fpt.edu.vn', 'SE03663', 1, 1, 'NotSet', 3, 93),
(20, 'TuanLMSE03688', 'L Minh Tun', 'TuanLMSE03688@fpt.edu.vn', 'SE03688', 1, 1, 'NotSet', 3, 93),
(21, 'HaiPVSE03698', 'Phm Vit Hi', 'HaiPVSE03698@fpt.edu.vn', 'SE03698', 1, 1, 'NotSet', 2, 89),
(22, 'TuanHDSE03730', 'Hong ng Tun', 'TuanHDSE03730@fpt.edu.vn', 'SE03730', 1, 1, 'NotSet', 3, 93),
(23, 'TrungVHSE03751', 'V Huy Trung', 'TrungVHSE03751@fpt.edu.vn', 'SE03751', 1, 1, 'NotSet', 3, 93),
(24, 'TrongDTSE03761', 'ng Tun Trng', 'TrongDTSE03761@fpt.edu.vn', 'SE03761', 1, 1, 'NotSet', 2, 89),
(25, 'DungNDSE03796', 'Nguyn nh Dng', 'DungNDSE03796@fpt.edu.vn', 'SE03796', 1, 1, 'NotSet', 2, 89),
(26, 'ThanhPTSE03828', 'Phm Trng Thnh', 'ThanhPTSE03828@fpt.edu.vn', 'SE03828', 1, 1, 'NotSet', 3, 93),
(27, 'AnhLVSE03908', 'L Vit Anh', 'AnhLVSE03908@fpt.edu.vn', 'SE03908', 1, 1, 'NotSet', 3, 93),
(28, 'HungNTSE03913', 'Nguyn Th Hng', 'HungNTSE03913@fpt.edu.vn', 'SE03913', 1, 1, 'NotSet', 2, 89),
(29, 'TungNTSE03924', 'Nguyn Thanh Tng', 'TungNTSE03924@fpt.edu.vn', 'SE03924', 1, 1, 'NotSet', 3, 93),
(30, 'TuyenPKSE03937', 'Phm Kim Tuyn', 'TuyenPKSE03937@fpt.edu.vn', 'SE03937', 1, 1, 'NotSet', 3, 93),
(31, 'KhoaTDSE03372', 'Trn ng Khoa', 'KhoaTDSE03372@fpt.edu.vn', 'SE03372', 1, 1, 'NotSet', 3, 93),
(32, 'HieuTTSE03468', 'Trn Trung Hiu', 'HieuTTSE03468@fpt.edu.vn', 'SE03468', 1, 1, 'NotSet', 3, 93),
(33, 'AnhNCSE03485', 'Nguyn Cng Anh', 'AnhNCSE03485@fpt.edu.vn', 'SE03485', 1, 1, 'NotSet', 3, 93),
(34, 'TuanTASE03554', 'Trn Anh Tun', 'TuanTASE03554@fpt.edu.vn', 'SE03554', 1, 1, 'NotSet', 3, 93),
(35, 'HiepNHSE03561', 'Nguyn Hu Hip', 'HiepNHSE03561@fpt.edu.vn', 'SE03561', 1, 1, 'NotSet', 3, 93),
(36, 'TrungNHSE03608', 'Nguyn Hong Trung', 'TrungNHSE03608@fpt.edu.vn', 'SE03608', 1, 1, 'NotSet', 3, 93),
(37, 'HoaNKSE03609', 'Nguyn Khnh Ha', 'HoaNKSE03609@fpt.edu.vn', 'SE03609', 1, 1, 'NotSet', 3, 93),
(38, 'TruongNXSE03627', 'Nguyn Xun Trng', 'TruongNXSE03627@fpt.edu.vn', 'SE03627', 1, 1, 'NotSet', 3, 93),
(39, 'KhanhCVSE03642', 'Chu Vn Khnh', 'KhanhCVSE03642@fpt.edu.vn', 'SE03642', 1, 1, 'NotSet', 3, 93),
(40, 'DungPTSE03655', 'Phm Tun Dng', 'DungPTSE03655@fpt.edu.vn', 'SE03655', 1, 1, 'NotSet', 3, 93),
(41, 'HoangTVSE03656', 'Trn Vit Hong', 'HoangTVSE03656@fpt.edu.vn', 'SE03656', 1, 1, 'NotSet', 3, 93),
(42, 'AnhVNSE03674', 'Vn Ngc nh', 'AnhVNSE03674@fpt.edu.vn', 'SE03674', 1, 1, 'NotSet', 3, 93),
(43, 'BangNVSE03684', 'Nguyn Vn Bng', 'BangNVSE03684@fpt.edu.vn', 'SE03684', 1, 1, 'NotSet', 3, 93),
(44, 'DuongHTNSE03716', 'Hong Trn Nht Dng', 'DuongHTNSE03716@fpt.edu.vn', 'SE03716', 1, 1, 'NotSet', 3, 93),
(45, 'DucHASE03729', 'H Anh c', 'DucHASE03729@fpt.edu.vn', 'SE03729', 1, 1, 'NotSet', 3, 93),
(46, 'HiepDHSE03731', 'ng Hong Hip', 'HiepDHSE03731@fpt.edu.vn', 'SE03731', 1, 1, 'NotSet', 3, 93),
(47, 'AnhVMSE03758', 'V Minh nh', 'AnhVMSE03758@fpt.edu.vn', 'SE03758', 1, 1, 'NotSet', 3, 93),
(48, 'AnhNVSE03759', 'Nguyn Vit Anh', 'AnhNVSE03759@fpt.edu.vn', 'SE03759', 1, 1, 'NotSet', 3, 94),
(49, 'HaiNNSE03772', 'Nguyn Ngc Hi', 'HaiNNSE03772@fpt.edu.vn', 'SE03772', 1, 1, 'NotSet', 3, 94),
(50, 'QuangNHSE03792', 'Nguyn Huy Quang', 'QuangNHSE03792@fpt.edu.vn', 'SE03792', 1, 1, 'NotSet', 2, 89),
(51, 'HoanLTSE03813', 'L Trn Hon', 'HoanLTSE03813@fpt.edu.vn', 'SE03813', 1, 1, 'NotSet', 3, 94),
(52, 'TruongTVSE03815', 'Trn Vn Trng', 'TruongTVSE03815@fpt.edu.vn', 'SE03815', 1, 1, 'NotSet', 3, 94),
(53, 'AnhNNTSE03823', 'Nguyn Ngc Tun Anh', 'AnhNNTSE03823@fpt.edu.vn', 'SE03823', 1, 1, 'NotSet', 2, 89),
(54, 'TuanLASE03831', 'L Anh Tun', 'TuanLASE03831@fpt.edu.vn', 'SE03831', 1, 1, 'NotSet', 3, 94),
(55, 'NamLASE03836', 'L Anh Nam', 'NamLASE03836@fpt.edu.vn', 'SE03836', 1, 1, 'NotSet', 3, 94),
(56, 'SonPBSE03907', 'Phan Bo Sn', 'SonPBSE03907@fpt.edu.vn', 'SE03907', 1, 1, 'NotSet', 3, 94),
(57, 'ThaiHTSE03926', 'Hong Tun Thi', 'ThaiHTSE03926@fpt.edu.vn', 'SE03926', 1, 1, 'NotSet', 3, 94),
(58, 'VinhNVSE03927', 'Nguyn Vn Vinh', 'VinhNVSE03927@fpt.edu.vn', 'SE03927', 1, 1, 'NotSet', 3, 94),
(59, 'CongLDSE03929', 'L Duy Cng', 'CongLDSE03929@fpt.edu.vn', 'SE03929', 1, 1, 'NotSet', 3, 94),
(60, 'HanhNTSE03934', 'Nguyn Th Hnh', 'HanhNTSE03934@fpt.edu.vn', 'SE03934', 1, 1, 'NotSet', 3, 94),
(61, 'TinhNXSE03935', 'Nguyn Xun Tnh', 'TinhNXSE03935@fpt.edu.vn', 'SE03935', 1, 1, 'NotSet', 3, 94),
(62, 'AnhDTSE03942', ' Tun Anh', 'AnhDTSE03942@fpt.edu.vn', 'SE03942', 1, 1, 'NotSet', 3, 94),
(63, 'TungVKSE02372', 'V Khnh Tng', 'TungVKSE02372@fpt.edu.vn', 'SE02372', 1, 1, 'NotSet', 2, 89),
(64, 'TinNVSE03660', 'Nguyn Vn Tn', 'TinNVSE03660@fpt.edu.vn', 'SE03660', 1, 1, 'NotSet', 3, 94),
(65, 'QuanTDSE03667', 'Trn ng Qun', 'QuanTDSE03667@fpt.edu.vn', 'SE03667', 1, 1, 'NotSet', 2, 89),
(66, 'NgocNVSE03390', 'Nguyn Vn Ngc', 'NgocNVSE03390@fpt.edu.vn', 'SE03390', 1, 1, 'NotSet', 3, 94),
(67, 'TungNDSE03526', 'Nguyn c Tng', 'TungNDSE03526@fpt.edu.vn', 'SE03526', 1, 1, 'NotSet', 3, 94),
(68, 'LucDVSE03546', 'inh Vn Lc', 'LucDVSE03546@fpt.edu.vn', 'SE03546', 1, 1, 'NotSet', 3, 94),
(69, 'ThinhNTSE03548', 'Nguyn Tin Thnh', 'ThinhNTSE03548@fpt.edu.vn', 'SE03548', 1, 1, 'NotSet', 3, 94),
(70, 'LinhNTSE03586', 'Nguyn Th Linh', 'LinhNTSE03586@fpt.edu.vn', 'SE03586', 1, 1, 'NotSet', 3, 94),
(71, 'ManhDKSE03686', 'o Khc Mnh', 'ManhDKSE03686@fpt.edu.vn', 'SE03686', 1, 1, 'NotSet', 3, 94),
(72, 'HinhNXSE03687', 'Nguyn Xun Hinh', 'HinhNXSE03687@fpt.edu.vn', 'SE03687', 1, 1, 'NotSet', 3, 94),
(73, 'GiangNTSE03695', 'Nguyn Trng Giang', 'GiangNTSE03695@fpt.edu.vn', 'SE03695', 1, 1, 'NotSet', 3, 94),
(74, 'QuanTHSE03733', 'Trn Hng Qun', 'QuanTHSE03733@fpt.edu.vn', 'SE03733', 1, 1, 'NotSet', 3, 94),
(75, 'NamPTSE04116', 'Phan Thnh Nam', 'NamPTSE04116@fpt.edu.vn', 'SE04116', 1, 1, 'NotSet', 2, 89),
(76, 'PhuongNMSE04196', 'Nguyn Minh Phng', 'PhuongNMSE04196@fpt.edu.vn', 'SE04196', 1, 1, 'NotSet', 3, 94),
(77, 'HaDNSE04048', 'ng Nht H', 'HaDNSE04048@fpt.edu.vn', 'SE04048', 1, 1, 'NotSet', 3, 94),
(78, 'MinhNTSE04083', 'Ng Th Minh', 'MinhNTSE04083@fpt.edu.vn', 'SE04083', 1, 1, 'NotSet', 3, 94),
(79, 'TuanTASE04118', 'Trn Anh Tun', 'TuanTASE04118@fpt.edu.vn', 'SE04118', 1, 1, 'NotSet', 3, 94),
(80, 'DungLHSE04230', 'L Hong Dng', 'DungLHSE04230@fpt.edu.vn', 'SE04230', 1, 1, 'NotSet', 3, 94),
(81, 'TungVDSE04074', 'V c Tng', 'TungVDSE04074@fpt.edu.vn', 'SE04074', 1, 1, 'NotSet', 3, 94),
(82, 'TrungBDSE04114', 'Bi c Trung', 'TrungBDSE04114@fpt.edu.vn', 'SE04114', 1, 1, 'NotSet', 3, 94),
(83, 'ManhNTSE04004', 'Nguyn Tin Mnh', 'ManhNTSE04004@fpt.edu.vn', 'SE04004', 1, 1, 'NotSet', 3, 95),
(84, 'TuTHSE04063', 'Trn Hu T', 'TuTHSE04063@fpt.edu.vn', 'SE04063', 1, 1, 'NotSet', 3, 95),
(85, 'ManhHDSE04394', 'Hong c Mnh', 'ManhHDSE04394@fpt.edu.vn', 'SE04394', 1, 1, 'NotSet', 3, 95),
(86, 'HoangVVSE04088', 'Vng Vit Hong', 'HoangVVSE04088@fpt.edu.vn', 'SE04088', 1, 1, 'NotSet', 3, 95),
(87, 'CuongNTSE03238', 'Nguyn Thnh Cng', 'CuongNTSE03238@fpt.edu.vn', 'SE03238', 1, 1, 'NotSet', 4, 97),
(88, 'NguyenTCSE03248', 'Trn Cng Nguyn', 'NguyenTCSE03248@fpt.edu.vn', 'SE03248', 1, 1, 'NotSet', 4, 97),
(89, 'DungPASE03281', 'Phng Anh Dng', 'DungPASE03281@fpt.edu.vn', 'SE03281', 1, 1, 'NotSet', 3, 95),
(90, 'LongNHSE03299', 'Nguyn Hong Long', 'LongNHSE03299@fpt.edu.vn', 'SE03299', 1, 1, 'NotSet', 4, 97),
(91, 'LamNTSE03307', 'Nguyn Tng Lm', 'LamNTSE03307@fpt.edu.vn', 'SE03307', 1, 1, 'NotSet', 2, 89),
(92, 'HoangLNSE03385', 'L Nht Hong', 'HoangLNSE03385@fpt.edu.vn', 'SE03385', 1, 1, 'NotSet', 4, 97),
(93, 'LinhNTLSE04216', 'Nguyn Th L Linh', 'LinhNTLSE04216@fpt.edu.vn', 'SE04216', 1, 1, 'NotSet', 4, 97),
(94, 'AnhLTSE03448', 'L Tun Anh', 'AnhLTSE03448@fpt.edu.vn', 'SE03448', 1, 1, 'NotSet', 4, 97),
(95, 'HoangNMSE03455', 'Nguyn Minh Hong', 'HoangNMSE03455@fpt.edu.vn', 'SE03455', 1, 1, 'NotSet', 4, 97),
(96, 'VietDXSE03456', ' Xun Vit', 'VietDXSE03456@fpt.edu.vn', 'SE03456', 1, 1, 'NotSet', 4, 97),
(97, 'QuangHDSE03459', 'Hong nh Quang', 'QuangHDSE03459@fpt.edu.vn', 'SE03459', 1, 1, 'NotSet', 4, 97),
(98, 'PhuongNTMSE03461', 'Nguyn Th Mai Phng', 'PhuongNTMSE03461@fpt.edu.vn', 'SE03461', 1, 1, 'NotSet', 4, 97),
(99, 'HiepBHSE03463', 'Bi Hong Hip', 'HiepBHSE03463@fpt.edu.vn', 'SE03463', 1, 1, 'NotSet', 4, 97),
(100, 'BachVNSE03480', 'V Ngc Bch', 'BachVNSE03480@fpt.edu.vn', 'SE03480', 1, 1, 'NotSet', 4, 97),
(101, 'AnhPTSE03482', 'Phm Tun Anh', 'AnhPTSE03482@fpt.edu.vn', 'SE03482', 1, 1, 'NotSet', 4, 97),
(102, 'ChinhNDSE03483', 'Nguyn c Chnh', 'ChinhNDSE03483@fpt.edu.vn', 'SE03483', 1, 1, 'NotSet', 4, 97),
(103, 'HaNXSE03484', 'Nguyn Xun H', 'HaNXSE03484@fpt.edu.vn', 'SE03484', 1, 1, 'NotSet', 4, 97),
(104, 'ThanhNVSE03492', 'Nguyn Vn Thnh', 'ThanhNVSE03492@fpt.edu.vn', 'SE03492', 1, 1, 'NotSet', 4, 97),
(105, 'DongNASE03494', 'Nguyn  ng', 'DongNASE03494@fpt.edu.vn', 'SE03494', 1, 1, 'NotSet', 4, 97),
(106, 'TungNHHSE03498', 'Nguyn Hu Hong Tng', 'TungNHHSE03498@fpt.edu.vn', 'SE03498', 1, 1, 'NotSet', 4, 97),
(107, 'DatNTSE03522', 'Ng Tin t', 'DatNTSE03522@fpt.edu.vn', 'SE03522', 1, 1, 'NotSet', 4, 97),
(108, 'ThangLDSE03529', 'Lm c Thng', 'ThangLDSE03529@fpt.edu.vn', 'SE03529', 1, 1, 'NotSet', 4, 97),
(109, 'ManhDDSE03539', 'ng c Mnh', 'ManhDDSE03539@fpt.edu.vn', 'SE03539', 1, 1, 'NotSet', 4, 97),
(110, 'HoangVSE03540', 'V Hong', 'HoangVSE03540@fpt.edu.vn', 'SE03540', 1, 1, 'NotSet', 4, 97),
(111, 'ThuongNTHSE03542', 'Nng Th Hoi Thng', 'ThuongNTHSE03542@fpt.edu.vn', 'SE03542', 1, 1, 'NotSet', 4, 98),
(112, 'TruongDBSE03543', 'Dng B Trng', 'TruongDBSE03543@fpt.edu.vn', 'SE03543', 1, 1, 'NotSet', 4, 98),
(113, 'TuNTSE03545', 'Nguyn Tun T', 'TuNTSE03545@fpt.edu.vn', 'SE03545', 1, 1, 'NotSet', 3, 95),
(114, 'PhatNHSE03551', 'Nguyn Huy Pht', 'PhatNHSE03551@fpt.edu.vn', 'SE03551', 1, 1, 'NotSet', 4, 98),
(115, 'LongPTSE03552', 'Phm Tin Long', 'LongPTSE03552@fpt.edu.vn', 'SE03552', 1, 1, 'NotSet', 4, 98),
(116, 'SonLASE03553', 'L Anh Sn', 'SonLASE03553@fpt.edu.vn', 'SE03553', 1, 1, 'NotSet', 4, 98),
(117, 'DaiTQSE03557', 'Trnh Quang i', 'DaiTQSE03557@fpt.edu.vn', 'SE03557', 1, 1, 'NotSet', 4, 98),
(118, 'AnhTTSE03560', 'Trng Tun Anh', 'AnhTTSE03560@fpt.edu.vn', 'SE03560', 1, 1, 'NotSet', 4, 98),
(119, 'SonDCSE03564', 'ng Cng Sn', 'SonDCSE03564@fpt.edu.vn', 'SE03564', 1, 1, 'NotSet', 4, 98),
(120, 'DucNTSE03565', 'Nguyn Trung c', 'DucNTSE03565@fpt.edu.vn', 'SE03565', 1, 1, 'NotSet', 4, 98),
(121, 'TuanNASE03567', 'Nguyn Anh Tun', 'TuanNASE03567@fpt.edu.vn', 'SE03567', 1, 1, 'NotSet', 4, 98),
(122, 'ThuongTXSE03568', 'Trn Xun Thng', 'ThuongTXSE03568@fpt.edu.vn', 'SE03568', 1, 1, 'NotSet', 2, 89),
(123, 'LinhDQSE03570', 'o Quang Linh', 'LinhDQSE03570@fpt.edu.vn', 'SE03570', 1, 1, 'NotSet', 4, 98),
(124, 'HoangNASE03574', 'Nguyn Anh Hong', 'HoangNASE03574@fpt.edu.vn', 'SE03574', 1, 1, 'NotSet', 4, 98),
(125, 'QuanTMSE03575', 'Trn Mnh Qun', 'QuanTMSE03575@fpt.edu.vn', 'SE03575', 1, 1, 'NotSet', 4, 98),
(126, 'VinhKMSE03576', 'Khut Mnh Vinh', 'VinhKMSE03576@fpt.edu.vn', 'SE03576', 1, 1, 'NotSet', 4, 98),
(127, 'HungNVSE03577', 'Nguyn Vit Hng', 'HungNVSE03577@fpt.edu.vn', 'SE03577', 1, 1, 'NotSet', 4, 98),
(128, 'AnhNPSE03583', 'Nguyn Phan Anh', 'AnhNPSE03583@fpt.edu.vn', 'SE03583', 1, 1, 'NotSet', 4, 98),
(129, 'QuanTMSE03585', 'T Minh Qun', 'QuanTMSE03585@fpt.edu.vn', 'SE03585', 1, 1, 'NotSet', 4, 98),
(130, 'TriBMSE03590', 'Bi Mnh Tr', 'TriBMSE03590@fpt.edu.vn', 'SE03590', 1, 1, 'NotSet', 4, 98),
(131, 'TamNASE03594', 'Nguyn Anh Tm', 'TamNASE03594@fpt.edu.vn', 'SE03594', 1, 1, 'NotSet', 4, 98),
(132, 'NamNVSE03599', 'Nguyn Vit Nam', 'NamNVSE03599@fpt.edu.vn', 'SE03599', 1, 1, 'NotSet', 4, 98),
(133, 'ThangTCSE03602', 'Trn Cng Thng', 'ThangTCSE03602@fpt.edu.vn', 'SE03602', 1, 1, 'NotSet', 3, 95),
(134, 'AnhGTSE03603', 'Giang Tun Anh', 'AnhGTSE03603@fpt.edu.vn', 'SE03603', 1, 1, 'NotSet', 4, 98),
(135, 'AnhPTSE03615', 'Phm Tun Anh', 'AnhPTSE03615@fpt.edu.vn', 'SE03615', 1, 1, 'NotSet', 4, 98),
(136, 'KhangPQSE03624', 'Phm Quang Khang', 'KhangPQSE03624@fpt.edu.vn', 'SE03624', 1, 1, 'NotSet', 4, 98),
(137, 'HungDXSE03628', 'o Xun Hng', 'HungDXSE03628@fpt.edu.vn', 'SE03628', 1, 1, 'NotSet', 4, 98),
(138, 'VietPQSE03630', 'Phm Quc Vit', 'VietPQSE03630@fpt.edu.vn', 'SE03630', 1, 1, 'NotSet', 4, 98),
(139, 'DucNTSE03632', 'Nguyn Trung c', 'DucNTSE03632@fpt.edu.vn', 'SE03632', 1, 1, 'NotSet', 4, 98),
(140, 'TuanNSSE03635', 'Nguyn S Tun', 'TuanNSSE03635@fpt.edu.vn', 'SE03635', 1, 1, 'NotSet', 4, 98),
(141, 'TungNTSE03636', 'Nguyn Thanh Tng', 'TungNTSE03636@fpt.edu.vn', 'SE03636', 1, 1, 'NotSet', 4, 98),
(142, 'HocNNSE03646', 'Nguyn Nh Hc', 'HocNNSE03646@fpt.edu.vn', 'SE03646', 1, 1, 'NotSet', 2, 89),
(143, 'KienHTSE03661', 'Hong Trung Kin', 'KienHTSE03661@fpt.edu.vn', 'SE03661', 1, 1, 'NotSet', 4, 98),
(144, 'CuongNMSE03666', 'Nguyn Mnh Cng', 'CuongNMSE03666@fpt.edu.vn', 'SE03666', 1, 1, 'NotSet', 4, 98),
(145, 'VuNSSE03669', 'Nguyn Sn V', 'VuNSSE03669@fpt.edu.vn', 'SE03669', 1, 1, 'NotSet', 4, 99),
(146, 'ThaiNGDSE03670', 'Nguyn Gia Duy Thi', 'ThaiNGDSE03670@fpt.edu.vn', 'SE03670', 1, 1, 'NotSet', 4, 99),
(147, 'HungTNSE03671', 'Trn Ngc Hng', 'HungTNSE03671@fpt.edu.vn', 'SE03671', 1, 1, 'NotSet', 4, 99),
(148, 'ToanCVSE03675', 'Chu Vn Ton', 'ToanCVSE03675@fpt.edu.vn', 'SE03675', 1, 1, 'NotSet', 4, 99),
(149, 'QuangTMSE03677', 'Trn Minh Quang', 'QuangTMSE03677@fpt.edu.vn', 'SE03677', 1, 1, 'NotSet', 4, 99),
(150, 'GiangNDSE03680', 'Nguyn c Giang', 'GiangNDSE03680@fpt.edu.vn', 'SE03680', 1, 1, 'NotSet', 4, 99),
(151, 'CongNCSE03681', 'Nguyn Ch Cng', 'CongNCSE03681@fpt.edu.vn', 'SE03681', 1, 1, 'NotSet', 3, 95),
(152, 'DatBTSE03683', 'Bi Tt t', 'DatBTSE03683@fpt.edu.vn', 'SE03683', 1, 1, 'NotSet', 4, 99),
(153, 'LongNHSE03685', 'Nguyn Hong Long', 'LongNHSE03685@fpt.edu.vn', 'SE03685', 1, 1, 'NotSet', 4, 99),
(154, 'PhongNHSE03697', 'Nguyn Huy Phong', 'PhongNHSE03697@fpt.edu.vn', 'SE03697', 1, 1, 'NotSet', 4, 99),
(155, 'BachNKXSE03699', 'Nguyn Khc Xun Bch', 'BachNKXSE03699@fpt.edu.vn', 'SE03699', 1, 1, 'NotSet', 4, 99),
(156, 'DucLTSE03700', 'Lu Trung c', 'DucLTSE03700@fpt.edu.vn', 'SE03700', 1, 1, 'NotSet', 4, 99),
(157, 'AnhNNTSE03702', 'Nguyn Nghim Tun Anh', 'AnhNNTSE03702@fpt.edu.vn', 'SE03702', 1, 1, 'NotSet', 4, 99),
(158, 'LongMHSE03705', 'Mai Hong Long', 'LongMHSE03705@fpt.edu.vn', 'SE03705', 1, 1, 'NotSet', 4, 99),
(159, 'HuyTQSE03706', 'T Quang Huy', 'HuyTQSE03706@fpt.edu.vn', 'SE03706', 1, 1, 'NotSet', 4, 99),
(160, 'HaVKSE03708', 'Vng Khi H', 'HaVKSE03708@fpt.edu.vn', 'SE03708', 1, 1, 'NotSet', 4, 99),
(161, 'PhuongHASE03715', 'Hong Anh Phng', 'PhuongHASE03715@fpt.edu.vn', 'SE03715', 1, 1, 'NotSet', 4, 99),
(162, 'TuanHMSE03722', 'H Minh Tun', 'TuanHMSE03722@fpt.edu.vn', 'SE03722', 1, 1, 'NotSet', 4, 99),
(163, 'QuanLHSE03726', 'L Hng Qun', 'QuanLHSE03726@fpt.edu.vn', 'SE03726', 1, 1, 'NotSet', 4, 99),
(164, 'QuanNHSE03727', 'Nguyn Hu Qun', 'QuanNHSE03727@fpt.edu.vn', 'SE03727', 1, 1, 'NotSet', 3, 95),
(165, 'DatNTSE03734', 'Nguyn Thnh t', 'DatNTSE03734@fpt.edu.vn', 'SE03734', 1, 1, 'NotSet', 4, 99),
(166, 'KienNTSE03736', 'Ng Trung Kin', 'KienNTSE03736@fpt.edu.vn', 'SE03736', 1, 1, 'NotSet', 4, 99),
(167, 'TuanCASE03737', 'Cao Anh Tun', 'TuanCASE03737@fpt.edu.vn', 'SE03737', 1, 1, 'NotSet', 4, 99),
(168, 'HieuDVSE03739', 'on Vn Hiu', 'HieuDVSE03739@fpt.edu.vn', 'SE03739', 1, 1, 'NotSet', 4, 99),
(169, 'MinhVHSE03742', 'V Hong Minh', 'MinhVHSE03742@fpt.edu.vn', 'SE03742', 1, 1, 'NotSet', 4, 99),
(170, 'TungNTSE03745', 'Nguyn Tun Tng', 'TungNTSE03745@fpt.edu.vn', 'SE03745', 1, 1, 'NotSet', 4, 99),
(171, 'ThanhNNSE03750', 'Nguyn Ngc Thanh', 'ThanhNNSE03750@fpt.edu.vn', 'SE03750', 1, 1, 'NotSet', 3, 95),
(172, 'KhoaPDSE03752', 'Phm c Khoa', 'KhoaPDSE03752@fpt.edu.vn', 'SE03752', 1, 1, 'NotSet', 4, 99),
(173, 'AnhLTSE03760', 'L Tun Anh', 'AnhLTSE03760@fpt.edu.vn', 'SE03760', 1, 1, 'NotSet', 4, 99),
(174, 'PhuongPTMSE03773', 'Phm Th Minh Phng', 'PhuongPTMSE03773@fpt.edu.vn', 'SE03773', 1, 1, 'NotSet', 4, 99),
(175, 'SonDHSE03775', ' Hng Sn', 'SonDHSE03775@fpt.edu.vn', 'SE03775', 1, 1, 'NotSet', 4, 99),
(176, 'QuangNDSE03776', 'Nguyn ng Quang', 'QuangNDSE03776@fpt.edu.vn', 'SE03776', 1, 1, 'NotSet', 4, 99),
(177, 'DatDHSE03781', 'o Huy t', 'DatDHSE03781@fpt.edu.vn', 'SE03781', 1, 1, 'NotSet', 4, 99),
(178, 'ThanhNCSE03786', 'Nguyn Cng Thnh', 'ThanhNCSE03786@fpt.edu.vn', 'SE03786', 1, 1, 'NotSet', 4, 100),
(179, 'PhucLASE03793', 'L Anh Phc', 'PhucLASE03793@fpt.edu.vn', 'SE03793', 1, 1, 'NotSet', 4, 100),
(180, 'LinhTNSE03795', 'Trn Nht Linh', 'LinhTNSE03795@fpt.edu.vn', 'SE03795', 1, 1, 'NotSet', 4, 100),
(181, 'LongNBSE03804', 'Nguyn Bo Long', 'LongNBSE03804@fpt.edu.vn', 'SE03804', 1, 1, 'NotSet', 4, 100),
(182, 'CongHPASE03806', 'H Phan Anh Cng', 'CongHPASE03806@fpt.edu.vn', 'SE03806', 1, 1, 'NotSet', 4, 100),
(183, 'HieuNMSE03810', 'Nguyn Minh Hiu', 'HieuNMSE03810@fpt.edu.vn', 'SE03810', 1, 1, 'NotSet', 4, 100),
(184, 'TrinhDNSE03817', ' Ngc Trnh', 'TrinhDNSE03817@fpt.edu.vn', 'SE03817', 1, 1, 'NotSet', 4, 100),
(185, 'LoiTDSE03822', 'Trn ng Li', 'LoiTDSE03822@fpt.edu.vn', 'SE03822', 1, 1, 'NotSet', 4, 100),
(186, 'DoPKSE03824', 'Phm Khc ', 'DoPKSE03824@fpt.edu.vn', 'SE03824', 1, 1, 'NotSet', 4, 100),
(187, 'CuongNCSE03825', 'Nguyn Ch Cng', 'CuongNCSE03825@fpt.edu.vn', 'SE03825', 1, 1, 'NotSet', 4, 100),
(188, 'AnhNDSE03826', 'Nguyn Duy Anh', 'AnhNDSE03826@fpt.edu.vn', 'SE03826', 1, 1, 'NotSet', 3, 95),
(189, 'QuanNHSE03830', 'Ng Hu Qun', 'QuanNHSE03830@fpt.edu.vn', 'SE03830', 1, 1, 'NotSet', 4, 100),
(190, 'PhuocVVSE03837', 'V Vn Phc', 'PhuocVVSE03837@fpt.edu.vn', 'SE03837', 1, 1, 'NotSet', 4, 100),
(191, 'ManhHTSE03844', 'Hong Th Mnh', 'ManhHTSE03844@fpt.edu.vn', 'SE03844', 1, 1, 'NotSet', 4, 100),
(192, 'LamVTSE03846', 'V Th Lm', 'LamVTSE03846@fpt.edu.vn', 'SE03846', 1, 1, 'NotSet', 4, 100),
(193, 'VuongTVSE03854', 'Trn Vit Vng', 'VuongTVSE03854@fpt.edu.vn', 'SE03854', 1, 1, 'NotSet', 4, 100),
(194, 'HieuPVDSE03855', 'Phan V nh Hiu', 'HieuPVDSE03855@fpt.edu.vn', 'SE03855', 1, 1, 'NotSet', 4, 100),
(195, 'HaoHQSE03856', 'H Quang Ho', 'HaoHQSE03856@fpt.edu.vn', 'SE03856', 1, 1, 'NotSet', 4, 100),
(196, 'HungPPSE03862', 'Phm Phi Hng', 'HungPPSE03862@fpt.edu.vn', 'SE03862', 1, 1, 'NotSet', 4, 100),
(197, 'TuyenLASE03863', 'L Anh Tuyn', 'TuyenLASE03863@fpt.edu.vn', 'SE03863', 1, 1, 'NotSet', 4, 100),
(198, 'HieuNMSE03870', 'Nguyn Mnh Hiu', 'HieuNMSE03870@fpt.edu.vn', 'SE03870', 1, 1, 'NotSet', 4, 100),
(199, 'TuanTQSE03873', 'Trn Quc Tun', 'TuanTQSE03873@fpt.edu.vn', 'SE03873', 1, 1, 'NotSet', 4, 100),
(200, 'DatBVSE03875', 'Bi Vinh t', 'DatBVSE03875@fpt.edu.vn', 'SE03875', 1, 1, 'NotSet', 4, 100),
(201, 'TrungVTSE03880', 'V Tr Trung', 'TrungVTSE03880@fpt.edu.vn', 'SE03880', 1, 1, 'NotSet', 4, 100),
(202, 'HaNTTSE03882', 'Nguyn Th Thu H', 'HaNTTSE03882@fpt.edu.vn', 'SE03882', 1, 1, 'NotSet', 4, 100),
(203, 'QuangVNSE03887', 'V Ngc Quang', 'QuangVNSE03887@fpt.edu.vn', 'SE03887', 1, 1, 'NotSet', 4, 100),
(204, 'ChuongHVSE03891', 'Hong Vn Chng', 'ChuongHVSE03891@fpt.edu.vn', 'SE03891', 1, 1, 'NotSet', 4, 100),
(205, 'TrungNQSE03897', 'Nguyn Quang Trung', 'TrungNQSE03897@fpt.edu.vn', 'SE03897', 1, 1, 'NotSet', 4, 100),
(206, 'LinhVVSE03899', 'V Vn Linh', 'LinhVVSE03899@fpt.edu.vn', 'SE03899', 1, 1, 'NotSet', 4, 100),
(207, 'LucNVSE03901', 'Nguyn Vn Lc', 'LucNVSE03901@fpt.edu.vn', 'SE03901', 1, 1, 'NotSet', 4, 100),
(208, 'TungTTSE03909', 'Trn Thanh Tng', 'TungTTSE03909@fpt.edu.vn', 'SE03909', 1, 1, 'NotSet', 4, 100),
(209, 'HoangVTSE03931', 'V Trn Hong', 'HoangVTSE03931@fpt.edu.vn', 'SE03931', 1, 1, 'NotSet', 4, 101),
(210, 'KhoiDHSE03944', ' Hng Khi', 'KhoiDHSE03944@fpt.edu.vn', 'SE03944', 1, 1, 'NotSet', 4, 101),
(211, 'SangTMSE03273', 'Trn Minh Sng', 'SangTMSE03273@fpt.edu.vn', 'SE03273', 1, 1, 'NotSet', 4, 101),
(212, 'ThanhNHSE03110', 'Ng Hu Thnh', 'ThanhNHSE03110@fpt.edu.vn', 'SE03110', 1, 1, 'NotSet', 4, 101),
(213, 'DuyLNSE03114', 'L Ngc Duy', 'DuyLNSE03114@fpt.edu.vn', 'SE03114', 1, 1, 'NotSet', 5, 104),
(214, 'NhatLTSE03124', 'Li Th Nht', 'NhatLTSE03124@fpt.edu.vn', 'SE03124', 1, 1, 'NotSet', 4, 101),
(215, 'TruongVNSE03130', 'V Ngc Trng', 'TruongVNSE03130@fpt.edu.vn', 'SE03130', 1, 1, 'NotSet', 5, 104),
(216, 'TuanNTSE03136', 'Nguyn Ti Tun', 'TuanNTSE03136@fpt.edu.vn', 'SE03136', 1, 1, 'NotSet', 5, 104),
(217, 'ThaiNHSE03151', 'Nguyn Hu Thi', 'ThaiNHSE03151@fpt.edu.vn', 'SE03151', 1, 1, 'NotSet', 5, 104),
(218, 'TienNVSE03185', 'Nguyn Vn Tin', 'TienNVSE03185@fpt.edu.vn', 'SE03185', 1, 1, 'NotSet', 5, 104),
(219, 'PhongDCSE03196', ' Cao Phong', 'PhongDCSE03196@fpt.edu.vn', 'SE03196', 1, 1, 'NotSet', 5, 104),
(220, 'HoangLGSE03200', 'L Gia Hong', 'HoangLGSE03200@fpt.edu.vn', 'SE03200', 1, 1, 'NotSet', 5, 104),
(221, 'MinhTDSE03276', 'Trn c Minh', 'MinhTDSE03276@fpt.edu.vn', 'SE03276', 1, 1, 'NotSet', 5, 104),
(222, 'DuongLVSE03290', 'L Vn Dng', 'DuongLVSE03290@fpt.edu.vn', 'SE03290', 1, 1, 'NotSet', 5, 104),
(223, 'BachLVSE03304', 'La Vn Bch', 'BachLVSE03304@fpt.edu.vn', 'SE03304', 1, 1, 'NotSet', 5, 104),
(224, 'TruongTHSE03310', 'Trn Hn Trng', 'TruongTHSE03310@fpt.edu.vn', 'SE03310', 1, 1, 'NotSet', 5, 104),
(225, 'AnhLQDSE03347', 'L Qu c Anh', 'AnhLQDSE03347@fpt.edu.vn', 'SE03347', 1, 1, 'NotSet', 5, 104),
(226, 'HuongLXSE03388', 'L Xun Hng', 'HuongLXSE03388@fpt.edu.vn', 'SE03388', 1, 1, 'NotSet', 5, 104),
(227, 'SiDQSE03425', 'ng Quang S', 'SiDQSE03425@fpt.edu.vn', 'SE03425', 1, 1, 'NotSet', 5, 104),
(228, 'ThanhPSSE03430', 'Phm S Thanh', 'ThanhPSSE03430@fpt.edu.vn', 'SE03430', 1, 1, 'NotSet', 5, 104),
(229, 'AnhDTSE03435', 'inh Tun Anh', 'AnhDTSE03435@fpt.edu.vn', 'SE03435', 1, 1, 'NotSet', 5, 104),
(230, 'HaiPTSE02802', 'Phm Thanh Hi', 'HaiPTSE02802@fpt.edu.vn', 'SE02802', 1, 1, 'NotSet', 4, 101),
(231, 'TrinhNVSE02680', 'Nguyn Vn Trinh', 'TrinhNVSE02680@fpt.edu.vn', 'SE02680', 1, 1, 'NotSet', 5, 104),
(232, 'DucDVSE03458', ' Vn c', 'DucDVSE03458@fpt.edu.vn', 'SE03458', 1, 1, 'NotSet', 5, 104),
(233, 'HuyVKSE03478', 'V Kim Huy', 'HuyVKSE03478@fpt.edu.vn', 'SE03478', 1, 1, 'NotSet', 5, 104),
(234, 'AnhNQSE03490', 'Nguyn Quang Anh', 'AnhNQSE03490@fpt.edu.vn', 'SE03490', 1, 1, 'NotSet', 5, 104),
(235, 'NguyenVBASE03496', 'V B Anh Nguyn', 'NguyenVBASE03496@fpt.edu.vn', 'SE03496', 1, 1, 'NotSet', 5, 104),
(236, 'TruongTNSE03527', 'Trn Nht Trng', 'TruongTNSE03527@fpt.edu.vn', 'SE03527', 1, 1, 'NotSet', 5, 104),
(237, 'YenNHSE03536', 'Nguyn Hi Yn', 'YenNHSE03536@fpt.edu.vn', 'SE03536', 1, 1, 'NotSet', 4, 101),
(238, 'TuDTSE03559', 'inh Tun T', 'TuDTSE03559@fpt.edu.vn', 'SE03559', 1, 1, 'NotSet', 5, 104),
(239, 'ChauBHHSE03571', 'Bi Hong H Chu', 'ChauBHHSE03571@fpt.edu.vn', 'SE03571', 1, 1, 'NotSet', 5, 104),
(240, 'MinhNLSE03580', 'Nguyn L Minh', 'MinhNLSE03580@fpt.edu.vn', 'SE03580', 1, 1, 'NotSet', 5, 104),
(241, 'AnhNHSE03584', 'Nguyn Hong Anh', 'AnhNHSE03584@fpt.edu.vn', 'SE03584', 1, 1, 'NotSet', 5, 104),
(242, 'TuDNSE03591', 'ng Ngc T', 'TuDNSE03591@fpt.edu.vn', 'SE03591', 1, 1, 'NotSet', 5, 104),
(243, 'MinhNHSE03596', 'Nguyn Hu Minh', 'MinhNHSE03596@fpt.edu.vn', 'SE03596', 1, 1, 'NotSet', 5, 104),
(244, 'BaoPQSE03606', 'Phan Quc Bo', 'BaoPQSE03606@fpt.edu.vn', 'SE03606', 1, 1, 'NotSet', 5, 104),
(245, 'ManhNDSE03610', 'Nguyn c Mnh', 'ManhNDSE03610@fpt.edu.vn', 'SE03610', 1, 1, 'NotSet', 5, 104),
(246, 'AnhPDSE03611', 'Phm c Anh', 'AnhPDSE03611@fpt.edu.vn', 'SE03611', 1, 1, 'NotSet', 5, 105),
(247, 'ToanNVSE03619', 'Ng Vn Ton', 'ToanNVSE03619@fpt.edu.vn', 'SE03619', 1, 1, 'NotSet', 5, 105),
(248, 'TungNTSE03621', 'Nguyn Thanh Tng', 'TungNTSE03621@fpt.edu.vn', 'SE03621', 1, 1, 'NotSet', 5, 105),
(249, 'HungNDSE03647', 'Nguyn c Hng', 'HungNDSE03647@fpt.edu.vn', 'SE03647', 1, 1, 'NotSet', 4, 101),
(250, 'AnhNQSE03650', 'Nguyn Quc Anh', 'AnhNQSE03650@fpt.edu.vn', 'SE03650', 1, 1, 'NotSet', 5, 105),
(251, 'SonDNSE03703', 'on Ngc Sn', 'SonDNSE03703@fpt.edu.vn', 'SE03703', 1, 1, 'NotSet', 5, 105),
(252, 'BachNSSE03704', 'Nguyn S Bch', 'BachNSSE03704@fpt.edu.vn', 'SE03704', 1, 1, 'NotSet', 5, 105),
(253, 'HuyDNQSE03714', 'on Nguyn Quang Huy', 'HuyDNQSE03714@fpt.edu.vn', 'SE03714', 1, 1, 'NotSet', 4, 101),
(254, 'HieuLTSE03719', 'Lm Trung Hiu', 'HieuLTSE03719@fpt.edu.vn', 'SE03719', 1, 1, 'NotSet', 4, 101),
(255, 'AnhLBSE03747', 'Luyn Bo Anh', 'AnhLBSE03747@fpt.edu.vn', 'SE03747', 1, 1, 'NotSet', 5, 105),
(256, 'CuongVMSE03763', 'V Mnh Cng', 'CuongVMSE03763@fpt.edu.vn', 'SE03763', 1, 1, 'NotSet', 4, 101),
(257, 'HoangPMSE03769', 'Phm Minh Hong', 'HoangPMSE03769@fpt.edu.vn', 'SE03769', 1, 1, 'NotSet', 5, 105),
(258, 'HueNTSE03789', 'Nguyn Th Hu', 'HueNTSE03789@fpt.edu.vn', 'SE03789', 1, 1, 'NotSet', 5, 105),
(259, 'VuCLSE03800', 'Cao Lm V', 'VuCLSE03800@fpt.edu.vn', 'SE03800', 1, 1, 'NotSet', 5, 105),
(260, 'TuanDLSE03807', 'ng L Tun', 'TuanDLSE03807@fpt.edu.vn', 'SE03807', 1, 1, 'NotSet', 5, 105),
(261, 'CuongTDSE03827', 'Trn c Cng', 'CuongTDSE03827@fpt.edu.vn', 'SE03827', 1, 1, 'NotSet', 5, 105),
(262, 'HaiNMSE03832', 'Nguyn Minh Hi', 'HaiNMSE03832@fpt.edu.vn', 'SE03832', 1, 1, 'NotSet', 5, 105),
(263, 'AnhLHSE03838', 'L Hong Anh', 'AnhLHSE03838@fpt.edu.vn', 'SE03838', 1, 1, 'NotSet', 5, 105),
(264, 'HaiTPTSE03859', 'Trn Phm Triu Hi', 'HaiTPTSE03859@fpt.edu.vn', 'SE03859', 1, 1, 'NotSet', 4, 101),
(265, 'CanhNHTSE03860', 'Nguyn Hu Thanh Cnh', 'CanhNHTSE03860@fpt.edu.vn', 'SE03860', 1, 1, 'NotSet', 5, 105),
(266, 'LongNBSE03877', 'Nguyn Bo Long', 'LongNBSE03877@fpt.edu.vn', 'SE03877', 1, 1, 'NotSet', 5, 105),
(267, 'DatDMSE03884', 'on Mnh t', 'DatDMSE03884@fpt.edu.vn', 'SE03884', 1, 1, 'NotSet', 5, 105),
(268, 'NamNVSE03888', 'Nguyn Vn Nam', 'NamNVSE03888@fpt.edu.vn', 'SE03888', 1, 1, 'NotSet', 5, 105),
(269, 'LamLTSE03936', 'L Thanh Lm', 'LamLTSE03936@fpt.edu.vn', 'SE03936', 1, 1, 'NotSet', 5, 105),
(270, 'GiangTDSE03127', 'Trn i Giang', 'GiangTDSE03127@fpt.edu.vn', 'SE03127', 1, 1, 'NotSet', 4, 101),
(271, 'SonPMSE03298', 'Phm Minh Sn', 'SonPMSE03298@fpt.edu.vn', 'SE03298', 1, 1, 'NotSet', 4, 101),
(272, 'ThanhNTSE03301', 'Nguyn Trung Thnh', 'ThanhNTSE03301@fpt.edu.vn', 'SE03301', 1, 1, 'NotSet', 5, 105),
(273, 'HaTTSE03361', 'Trn Th H', 'HaTTSE03361@fpt.edu.vn', 'SE03361', 1, 1, 'NotSet', 5, 105),
(274, 'LongNVSE03428', 'Nguyn Vn Long', 'LongNVSE03428@fpt.edu.vn', 'SE03428', 1, 1, 'NotSet', 5, 105),
(275, 'TrongHDSE02889', 'Hong c Trng', 'TrongHDSE02889@fpt.edu.vn', 'SE02889', 1, 1, 'NotSet', 4, 101),
(276, 'TrungTCSE02306', 'Ta Cao Trung', 'TrungTCSE02306@fpt.edu.vn', 'SE02306', 1, 1, 'NotSet', 5, 105),
(277, 'CuongDVHSE02662', 'on Vn Hng Cng', 'CuongDVHSE02662@fpt.edu.vn', 'SE02662', 1, 1, 'NotSet', 5, 105),
(278, 'TuanLTSE02697', 'L Thanh Tun', 'TuanLTSE02697@fpt.edu.vn', 'SE02697', 1, 1, 'NotSet', 5, 105),
(279, 'TuTHSE02922', 'Trn Hong T', 'TuTHSE02922@fpt.edu.vn', 'SE02922', 1, 1, 'NotSet', 5, 105),
(280, 'ThangLTSE03240', 'L Tt Thng', 'ThangLTSE03240@fpt.edu.vn', 'SE03240', 1, 1, 'NotSet', 5, 105),
(281, 'GiangNHSE60950', 'Nguyn H Giang', 'GiangNHSE60950@fpt.edu.vn', 'SE60950', 1, 1, 'NotSet', 5, 105),
(282, 'CuongNMSE04273', 'Nguyn Mnh Cng', 'CuongNMSE04273@fpt.edu.vn', 'SE04273', 1, 1, 'NotSet', 2, 89),
(283, 'BinhNNSE04190', 'Nguyn Ngc Bnh', 'BinhNNSE04190@fpt.edu.vn', 'SE04190', 1, 1, 'NotSet', 2, 89),
(284, 'HungLTSE04132', 'Li Thnh Hng', 'HungLTSE04132@fpt.edu.vn', 'SE04132', 1, 1, 'NotSet', 2, 89),
(285, 'HiepNVSE04146', 'Nguyn V Hip', 'HiepNVSE04146@fpt.edu.vn', 'SE04146', 1, 1, 'NotSet', 2, 89),
(286, 'TuyenDDSE04046', 'Dng nh Tuyn', 'TuyenDDSE04046@fpt.edu.vn', 'SE04046', 1, 1, 'NotSet', 2, 89),
(287, 'HieuTXSE04374', 'Trnh Xun Hiu', 'HieuTXSE04374@fpt.edu.vn', 'SE04374', 1, 1, 'NotSet', 2, 89),
(288, 'HauPHSE04126', 'Phm Hu Hu', 'HauPHSE04126@fpt.edu.vn', 'SE04126', 1, 1, 'NotSet', 2, 89),
(289, 'NgocBTMSE04052', 'Bi Th Minh Ngc', 'NgocBTMSE04052@fpt.edu.vn', 'SE04052', 1, 1, 'NotSet', 2, 89),
(290, 'SonHSE04107', 'Hong Sn', 'SonHSE04107@fpt.edu.vn', 'SE04107', 1, 1, 'NotSet', 2, 89),
(291, 'HieuDCSE04338', 'inh Cng Hiu', 'HieuDCSE04338@fpt.edu.vn', 'SE04338', 1, 1, 'NotSet', 2, 89),
(292, 'HungTMSE04400', 'Trnh Minh Hng', 'HungTMSE04400@fpt.edu.vn', 'SE04400', 1, 1, 'NotSet', 2, 89),
(293, 'QuanDLSE04215', ' Long Qun', 'QuanDLSE04215@fpt.edu.vn', 'SE04215', 1, 1, 'NotSet', 2, 89),
(294, 'HungNDSE04035', 'Nguyn ng Hng', 'HungNDSE04035@fpt.edu.vn', 'SE04035', 1, 1, 'NotSet', 2, 89),
(295, 'SonVHSE04276', 'V Hong Sn', 'SonVHSE04276@fpt.edu.vn', 'SE04276', 1, 1, 'NotSet', 2, 90),
(296, 'NhungGTHSE04110', 'Gip Th Hng Nhung', 'NhungGTHSE04110@fpt.edu.vn', 'SE04110', 1, 1, 'NotSet', 2, 90),
(297, 'HienNVSE04388', 'Nguyn Vn Hin', 'HienNVSE04388@fpt.edu.vn', 'SE04388', 1, 1, 'NotSet', 2, 90),
(298, 'KhanhLXSE03999', 'L Xun Khnh', 'KhanhLXSE03999@fpt.edu.vn', 'SE03999', 1, 1, 'NotSet', 2, 90),
(299, 'CuongNVSE04047', 'Nguyn Vn Cng', 'CuongNVSE04047@fpt.edu.vn', 'SE04047', 1, 1, 'NotSet', 2, 90),
(300, 'BaoPNSE04414', 'Phan Nguyn Bo', 'BaoPNSE04414@fpt.edu.vn', 'SE04414', 1, 1, 'NotSet', 2, 90),
(301, 'LongNCSE03983', 'Nguyn Cng Long', 'LongNCSE03983@fpt.edu.vn', 'SE03983', 1, 1, 'NotSet', 2, 90),
(302, 'GiangTHSE04148', 'Trn Hong Giang', 'GiangTHSE04148@fpt.edu.vn', 'SE04148', 1, 1, 'NotSet', 2, 90),
(303, 'TrangDNPSE04416', 'ng Nguyn Phng Trang', 'TrangDNPSE04416@fpt.edu.vn', 'SE04416', 1, 1, 'NotSet', 2, 90),
(304, 'ChauDNTSE04187', 'Dng Nguyn Tho Chu', 'ChauDNTSE04187@fpt.edu.vn', 'SE04187', 1, 1, 'NotSet', 2, 90),
(305, 'DungNTKSE03989', 'Nguyn Th Kim Dung', 'DungNTKSE03989@fpt.edu.vn', 'SE03989', 1, 1, 'NotSet', 2, 90),
(306, 'HoangNLSE04303', 'Nguyn L Hong', 'HoangNLSE04303@fpt.edu.vn', 'SE04303', 1, 1, 'NotSet', 2, 90),
(307, 'TungLDSE04071', 'L ng Tng', 'TungLDSE04071@fpt.edu.vn', 'SE04071', 1, 1, 'NotSet', 2, 90),
(308, 'LanNHSE04186', 'Ng Hong Lan', 'LanNHSE04186@fpt.edu.vn', 'SE04186', 1, 1, 'NotSet', 2, 90),
(309, 'DungDCSE03691', 'o Cng Dng', 'DungDCSE03691@fpt.edu.vn', 'SE03691', 1, 1, 'NotSet', 2, 90),
(310, 'KhueNDSE03287', 'Nguyn on Khu', 'KhueNDSE03287@fpt.edu.vn', 'SE03287', 1, 1, 'NotSet', 2, 90),
(311, 'SonNVSE04038', 'Nguyn Vn Sn', 'SonNVSE04038@fpt.edu.vn', 'SE04038', 1, 1, 'NotSet', 2, 90),
(312, 'DucDHVSE04075', 'o Hong Vit c', 'DucDHVSE04075@fpt.edu.vn', 'SE04075', 1, 1, 'NotSet', 2, 90),
(313, 'ThachVNSE04094', 'V Ngc Thch', 'ThachVNSE04094@fpt.edu.vn', 'SE04094', 1, 1, 'NotSet', 2, 90),
(314, 'DatNTSE04096', 'Nguyn Trng t', 'DatNTSE04096@fpt.edu.vn', 'SE04096', 1, 1, 'NotSet', 2, 90),
(315, 'TrungNTSE04160', 'Nguyn Tin Trung', 'TrungNTSE04160@fpt.edu.vn', 'SE04160', 1, 1, 'NotSet', 2, 90),
(316, 'NghiaTTSE04301', 'Trn Tun Ngha', 'NghiaTTSE04301@fpt.edu.vn', 'SE04301', 1, 1, 'NotSet', 2, 90),
(317, 'ThinhDNSE04178', ' Ngc Thnh', 'ThinhDNSE04178@fpt.edu.vn', 'SE04178', 1, 1, 'NotSet', 2, 90),
(318, 'LongPTSE04304', 'Phm Thanh Long', 'LongPTSE04304@fpt.edu.vn', 'SE04304', 1, 1, 'NotSet', 2, 90),
(319, 'HanhLMSE04255', 'L Minh Hnh', 'HanhLMSE04255@fpt.edu.vn', 'SE04255', 1, 1, 'NotSet', 2, 90),
(320, 'ThuyPMSE03992', 'Phm Minh Thy', 'ThuyPMSE03992@fpt.edu.vn', 'SE03992', 1, 1, 'NotSet', 2, 90),
(321, 'HoangNSE03997', 'Nguyn Hong', 'HoangNSE03997@fpt.edu.vn', 'SE03997', 1, 1, 'NotSet', 2, 90),
(322, 'DuongNVSE04356', 'Nguyn Vn Dng', 'DuongNVSE04356@fpt.edu.vn', 'SE04356', 1, 1, 'NotSet', 2, 90),
(323, 'QuanNMSE04141', 'Nguyn Minh Qun', 'QuanNMSE04141@fpt.edu.vn', 'SE04141', 1, 1, 'NotSet', 2, 90),
(324, 'AnhNNSE04387', 'Nguyn Nam Anh', 'AnhNNSE04387@fpt.edu.vn', 'SE04387', 1, 1, 'NotSet', 2, 90),
(325, 'TruongNXSE04362', 'Nguyn Xun Trng', 'TruongNXSE04362@fpt.edu.vn', 'SE04362', 1, 1, 'NotSet', 2, 91),
(326, 'LinhLNSE04405', 'L Nguyn Linh', 'LinhLNSE04405@fpt.edu.vn', 'SE04405', 1, 1, 'NotSet', 2, 91),
(327, 'TungNTSE04084', 'Nguyn Tun Tng', 'TungNTSE04084@fpt.edu.vn', 'SE04084', 1, 1, 'NotSet', 2, 91),
(328, 'HungBNSE04268', 'Bi Nguyn Hng', 'HungBNSE04268@fpt.edu.vn', 'SE04268', 1, 1, 'NotSet', 2, 91),
(329, 'DungNTTSE03851', 'Nguyn Th Thy Dung', 'DungNTTSE03851@fpt.edu.vn', 'SE03851', 1, 1, 'NotSet', 2, 91),
(330, 'BachNGSE04422', 'Nguyn Gia Bch', 'BachNGSE04422@fpt.edu.vn', 'SE04422', 1, 1, 'NotSet', 3, 95),
(331, 'NghiaDPSE04444', 'ng Phc Ngha', 'NghiaDPSE04444@fpt.edu.vn', 'SE04444', 1, 1, 'NotSet', 2, 91),
(332, 'KhanhTVSE02814', 'Trn Vn Khnh', 'KhanhTVSE02814@fpt.edu.vn', 'SE02814', 1, 1, 'NotSet', 4, 101),
(333, 'ThangMPSE61502', 'Mai Phi Thng', 'ThangMPSE61502@fpt.edu.vn', 'SE61502', 1, 1, 'NotSet', 3, 95),
(334, 'LongHDSE61702', 'Hong c Long', 'LongHDSE61702@fpt.edu.vn', 'SE61702', 1, 1, 'NotSet', 5, 105),
(335, 'NhatHuyenTNSE61693', 'Trn Ngc NhtHuyn', 'NhatHuyenTNSE61693@fpt.edu.vn', 'SE61693', 1, 1, 'NotSet', 4, 101),
(336, 'NamLHSE61565', 'L Hong Nam', 'NamLHSE61565@fpt.edu.vn', 'SE61565', 1, 1, 'NotSet', 4, 101),
(337, 'QuangLVSE03783', 'Lm Vit Quang', 'QuangLVSE03783@fpt.edu.vn', 'SE03783', 1, 1, 'NotSet', 3, 95),
(338, 'BinhNTSE03718', 'Nguyn Thanh Bnh', 'BinhNTSE03718@fpt.edu.vn', 'SE03718', 1, 1, 'NotSet', 3, 95),
(339, 'LamPSE03555', 'Phan Lm', 'LamPSE03555@fpt.edu.vn', 'SE03555', 1, 1, 'NotSet', 3, 95),
(340, 'TaiNH01795', 'Nguyn Hu Ti', 'TaiNH01795@fpt.edu.vn', '01795', 1, 1, 'NotSet', 5, 105),
(341, 'KhanhPDSE03812', 'Phm Duy Khnh', 'KhanhPDSE03812@fpt.edu.vn', 'SE03812', 1, 8, 'NotSet', 1, 87),
(342, 'HoangVMSE04349', 'V Minh Hong', 'HoangVMSE04349@fpt.edu.vn', 'SE04349', 1, 8, 'NotSet', 1, 87),
(343, 'TungDVSE04367', 'ng Vn Tng', 'TungDVSE04367@fpt.edu.vn', 'SE04367', 1, 8, 'NotSet', 1, 87),
(344, 'MinhDNNSE04062', ' Nguyn Nht Minh', 'MinhDNNSE04062@fpt.edu.vn', 'SE04062', 1, 8, 'NotSet', 1, 87),
(345, 'NghiaNCSE04270', 'Nguyn Ch Ngha', 'NghiaNCSE04270@fpt.edu.vn', 'SE04270', 1, 8, 'NotSet', 1, 87),
(346, 'LucTTSE04138', 'T Tin Lc', 'LucTTSE04138@fpt.edu.vn', 'SE04138', 1, 8, 'NotSet', 1, 87),
(347, 'HieuLTSE04326', 'L Trung Hiu', 'HieuLTSE04326@fpt.edu.vn', 'SE04326', 1, 8, 'NotSet', 1, 87),
(348, 'ChiNNSE62028', 'Nguyn Ngc Ch', 'ChiNNSE62028@fpt.edu.vn', 'SE62028', 1, 8, 'NotSet', 1, 87),
(349, 'DucNTSE04072', 'Nguyn Trng c', 'DucNTSE04072@fpt.edu.vn', 'SE04072', 1, 8, 'NotSet', 1, 87),
(350, 'LamHASE04171', 'Hong Anh Lm', 'LamHASE04171@fpt.edu.vn', 'SE04171', 1, 8, 'NotSet', 1, 87),
(351, 'AnhNDPSE04235', 'Ninh i Phc Anh', 'AnhNDPSE04235@fpt.edu.vn', 'SE04235', 1, 8, 'NotSet', 1, 87),
(352, 'AnhHNSE61724', 'Hunh Nht Anh', 'AnhHNSE61724@fpt.edu.vn', 'SE61724', 1, 7, 'NotSet', 1, 88),
(353, 'AnhVQSE04377', 'V Quc Anh', 'AnhVQSE04377@fpt.edu.vn', 'SE04377', 1, 7, 'NotSet', 1, 88),
(354, 'LinhNXSE04363', 'Nguyn Xun Linh', 'LinhNXSE04363@fpt.edu.vn', 'SE04363', 1, 7, 'NotSet', 1, 88),
(355, 'AnhDDSE04067', ' c Anh', 'AnhDDSE04067@fpt.edu.vn', 'SE04067', 1, 7, 'NotSet', 1, 88),
(356, 'DatNTSE04286', 'Nguyn Tin t', 'DatNTSE04286@fpt.edu.vn', 'SE04286', 1, 7, 'NotSet', 1, 88),
(357, 'VinhNTSE04274', 'Nguyn Thnh Vinh', 'VinhNTSE04274@fpt.edu.vn', 'SE04274', 1, 7, 'NotSet', 1, 88),
(358, 'HoangNMSE03998', 'Nguyn Minh Hong', 'HoangNMSE03998@fpt.edu.vn', 'SE03998', 1, 7, 'NotSet', 1, 88),
(359, 'AnhNTSE04003', 'Nguyn Tun Anh', 'AnhNTSE04003@fpt.edu.vn', 'SE04003', 1, 7, 'NotSet', 1, 88),
(360, 'PhuNVSE04123', 'Ng Vn Ph', 'PhuNVSE04123@fpt.edu.vn', 'SE04123', 1, 7, 'NotSet', 1, 88),
(361, 'CongNTSE04104', 'Nguyn Thnh Cng', 'CongNTSE04104@fpt.edu.vn', 'SE04104', 1, 7, 'NotSet', 1, 88),
(362, 'AnhHKSE04034', 'H Kim Anh', 'AnhHKSE04034@fpt.edu.vn', 'SE04034', 1, 7, 'NotSet', 1, 88),
(363, 'QuyNCSE03957', 'Nguyn Ch Qu', 'QuyNCSE03957@fpt.edu.vn', 'SE03957', 1, 7, 'NotSet', 1, 88),
(364, 'ThangNDSE04090', 'Nguyn c Thng', 'ThangNDSE04090@fpt.edu.vn', 'SE04090', 1, 7, 'NotSet', 1, 88),
(365, 'ThanhPDSE04309', 'Phan Duy Thnh', 'ThanhPDSE04309@fpt.edu.vn', 'SE04309', 1, 7, 'NotSet', 1, 88),
(366, 'AnhVVSE04447', 'V Vit Anh', 'AnhVVSE04447@fpt.edu.vn', 'SE04447', 1, 7, 'NotSet', 1, 88),
(367, 'HoangNTSE03960', 'Nguyn Trng Hong', 'HoangNTSE03960@fpt.edu.vn', 'SE03960', 1, 7, 'NotSet', 1, 88),
(368, 'HaVMSE03868', 'V Mnh H', 'HaVMSE03868@fpt.edu.vn', 'SE03868', 1, 8, 'NotSet', 1, 87),
(369, 'TungNXSE04275', 'Nguyn Xun Tng', 'TungNXSE04275@fpt.edu.vn', 'SE04275', 1, 8, 'NotSet', 1, 87),
(370, 'ThangNVSE04385', 'Ngy Vn Thng', 'ThangNVSE04385@fpt.edu.vn', 'SE04385', 1, 8, 'NotSet', 1, 87),
(371, 'ThangTQSE04101', 'Tiu Quang Thng', 'ThangTQSE04101@fpt.edu.vn', 'SE04101', 1, 8, 'NotSet', 1, 87),
(372, 'SonNHSE03996', 'Nguyn Hng Sn', 'SonNHSE03996@fpt.edu.vn', 'SE03996', 1, 8, 'NotSet', 1, 87),
(373, 'QuangCXSE04220', 'Cn Xun Quang', 'QuangCXSE04220@fpt.edu.vn', 'SE04220', 1, 8, 'NotSet', 1, 87),
(374, 'LongNDSE04039', 'Nguyn nh Long', 'LongNDSE04039@fpt.edu.vn', 'SE04039', 1, 8, 'NotSet', 1, 87),
(375, 'DuyNDSE04192', 'Nguyn c Duy', 'DuyNDSE04192@fpt.edu.vn', 'SE04192', 1, 8, 'NotSet', 1, 87),
(376, 'ThanhPTSE04200', 'Phng Tun Thanh', 'ThanhPTSE04200@fpt.edu.vn', 'SE04200', 1, 8, 'NotSet', 1, 87),
(377, 'QuanNASE04316', 'Nguyn Anh Qun', 'QuanNASE04316@fpt.edu.vn', 'SE04316', 1, 8, 'NotSet', 1, 87),
(378, 'QuangTLSE04109', 'Trn Long Quang', 'QuangTLSE04109@fpt.edu.vn', 'SE04109', 1, 8, 'NotSet', 1, 87),
(379, 'CuongLVSE04314', 'L Vn Cng', 'CuongLVSE04314@fpt.edu.vn', 'SE04314', 1, 8, 'NotSet', 1, 87),
(380, 'LongNCSE04205', 'Nguyn Cao Long', 'LongNCSE04205@fpt.edu.vn', 'SE04205', 1, 8, 'NotSet', 1, 87),
(381, 'CanhNDSE04042', 'Nguyn c Cnh', 'CanhNDSE04042@fpt.edu.vn', 'SE04042', 1, 8, 'NotSet', 1, 87),
(382, 'HieuTMSE04225', 'Tng Minh Hiu', 'HieuTMSE04225@fpt.edu.vn', 'SE04225', 1, 8, 'NotSet', 1, 87),
(383, 'HaHTSE04467', 'Hong Trng H', 'HaHTSE04467@fpt.edu.vn', 'SE04467', 1, 8, 'NotSet', 1, 87),
(384, 'VinhBDSE04008', 'Bi c Vinh', 'VinhBDSE04008@fpt.edu.vn', 'SE04008', 1, 7, 'NotSet', 2, 92),
(385, 'HuongLTSE03949', 'Lu Th Hng', 'HuongLTSE03949@fpt.edu.vn', 'SE03949', 1, 7, 'NotSet', 2, 92),
(386, 'PhuLHDSE61898', 'Lu Hunh c Ph', 'PhuLHDSE61898@fpt.edu.vn', 'SE61898', 1, 7, 'NotSet', 2, 92),
(387, 'SonNVSE03984', 'Ng Vit Sn', 'SonNVSE03984@fpt.edu.vn', 'SE03984', 1, 7, 'NotSet', 2, 92),
(388, 'DucLHSE04203', 'L Hng c', 'DucLHSE04203@fpt.edu.vn', 'SE04203', 1, 7, 'NotSet', 2, 92),
(389, 'BinhVQSE03979', 'V Quang Bnh', 'BinhVQSE03979@fpt.edu.vn', 'SE03979', 1, 7, 'NotSet', 2, 92),
(390, 'AnhNTLSE04122', 'Nguyn Th Lan Anh', 'AnhNTLSE04122@fpt.edu.vn', 'SE04122', 1, 7, 'NotSet', 2, 92),
(391, 'PhuNDSE04284', 'Nguyn Danh Ph', 'PhuNDSE04284@fpt.edu.vn', 'SE04284', 1, 7, 'NotSet', 2, 92),
(392, 'HungTXSE04334', 'Trnh Xun Hng', 'HungTXSE04334@fpt.edu.vn', 'SE04334', 1, 7, 'NotSet', 2, 92),
(393, 'NamNHSE04050', 'Nguyn Hu Nam', 'NamNHSE04050@fpt.edu.vn', 'SE04050', 1, 7, 'NotSet', 2, 92),
(394, 'DatVVSE61792', 'Vng Vnh t', 'DatVVSE61792@fpt.edu.vn', 'SE61792', 1, 7, 'NotSet', 2, 92),
(395, 'QuyTCSE04022', 'T Chu Qu', 'QuyTCSE04022@fpt.edu.vn', 'SE04022', 1, 7, 'NotSet', 2, 92),
(396, 'HungNHSE04359', 'Nguyn Hong Hng', 'HungNHSE04359@fpt.edu.vn', 'SE04359', 1, 7, 'NotSet', 2, 92),
(397, 'DucNTSE04128', 'Nguyn Ti c', 'DucNTSE04128@fpt.edu.vn', 'SE04128', 1, 7, 'NotSet', 2, 92),
(398, 'AnhCHSE03808', 'Cao Hong Anh', 'AnhCHSE03808@fpt.edu.vn', 'SE03808', 1, 8, 'NotSet', 3, 96),
(399, 'SonPNSE03916', 'Phm Ngc Sn', 'SonPNSE03916@fpt.edu.vn', 'SE03916', 1, 8, 'NotSet', 3, 96),
(400, 'AnhNVVSE04271', 'Ng Vi Vit Anh', 'AnhNVVSE04271@fpt.edu.vn', 'SE04271', 1, 8, 'NotSet', 3, 96),
(401, 'HanhNNSE03797', 'Nguyn Ngc Hnh', 'HanhNNSE03797@fpt.edu.vn', 'SE03797', 1, 8, 'NotSet', 3, 96),
(402, 'CongNTSE03805', 'Nguyn Thnh Cng', 'CongNTSE03805@fpt.edu.vn', 'SE03805', 1, 7, 'NotSet', 4, 102),
(403, 'ToanCGKSE03814', 'Chu Gia Khnh Ton', 'ToanCGKSE03814@fpt.edu.vn', 'SE03814', 1, 7, 'NotSet', 4, 102),
(404, 'QuangTHSE03486', 'Trn Hng Quang', 'QuangTHSE03486@fpt.edu.vn', 'SE03486', 1, 7, 'NotSet', 4, 102),
(405, 'HuyPQSE03487', 'Phm Quang Huy', 'HuyPQSE03487@fpt.edu.vn', 'SE03487', 1, 7, 'NotSet', 4, 102),
(406, 'DucLASE03549', 'L Anh c', 'DucLASE03549@fpt.edu.vn', 'SE03549', 1, 7, 'NotSet', 4, 102),
(407, 'MinhNNSE03550', 'Nguyn Nht Minh', 'MinhNNSE03550@fpt.edu.vn', 'SE03550', 1, 7, 'NotSet', 4, 102),
(408, 'LeNHSE03612', 'Nguyn Hu L', 'LeNHSE03612@fpt.edu.vn', 'SE03612', 1, 7, 'NotSet', 4, 102),
(409, 'PhucNVSE03616', 'Nguyn Vn Phc', 'PhucNVSE03616@fpt.edu.vn', 'SE03616', 1, 7, 'NotSet', 4, 102),
(410, 'LinhNQSE03645', 'Nguyn Quang Linh', 'LinhNQSE03645@fpt.edu.vn', 'SE03645', 1, 7, 'NotSet', 4, 102),
(411, 'HoanNTSE03654', 'Nguyn Trng Hon', 'HoanNTSE03654@fpt.edu.vn', 'SE03654', 1, 7, 'NotSet', 4, 102),
(412, 'TuanTMSE03657', 'Trn Mnh Tun', 'TuanTMSE03657@fpt.edu.vn', 'SE03657', 1, 7, 'NotSet', 4, 102),
(413, 'HuyVDSE03665', 'V c Huy', 'HuyVDSE03665@fpt.edu.vn', 'SE03665', 1, 7, 'NotSet', 4, 102),
(414, 'DuyTTSE03672', 'Trn Trung Duy', 'DuyTTSE03672@fpt.edu.vn', 'SE03672', 1, 7, 'NotSet', 4, 102),
(415, 'HangVKSE03676', 'V Khnh Hng', 'HangVKSE03676@fpt.edu.vn', 'SE03676', 1, 7, 'NotSet', 4, 102),
(416, 'TungDXSE03682', 'inh Xun Tng', 'TungDXSE03682@fpt.edu.vn', 'SE03682', 1, 7, 'NotSet', 4, 102),
(417, 'ThaoNDSE03717', 'Ng c Tho', 'ThaoNDSE03717@fpt.edu.vn', 'SE03717', 1, 7, 'NotSet', 4, 102),
(418, 'AnhNTSE03748', 'Nguyn Th Anh', 'AnhNTSE03748@fpt.edu.vn', 'SE03748', 1, 7, 'NotSet', 4, 102),
(419, 'PhuHMSE03757', 'H Minh Ph', 'PhuHMSE03757@fpt.edu.vn', 'SE03757', 1, 7, 'NotSet', 4, 102),
(420, 'HieuNTSE03782', 'Nguyn Trung Hiu', 'HieuNTSE03782@fpt.edu.vn', 'SE03782', 1, 7, 'NotSet', 4, 102),
(421, 'CuongCHSE03788', 'Chu Hong Cng', 'CuongCHSE03788@fpt.edu.vn', 'SE03788', 1, 7, 'NotSet', 4, 102),
(422, 'ToanTVSE03872', 'Trn Vn Ton', 'ToanTVSE03872@fpt.edu.vn', 'SE03872', 1, 7, 'NotSet', 4, 102),
(423, 'MyVTSE03878', 'V Th My', 'MyVTSE03878@fpt.edu.vn', 'SE03878', 1, 7, 'NotSet', 4, 102),
(424, 'DuyDDSE03881', 'o c Duy', 'DuyDDSE03881@fpt.edu.vn', 'SE03881', 1, 7, 'NotSet', 4, 102),
(425, 'NghiaNDSE03915', 'Nguyn c Ngha', 'NghiaNDSE03915@fpt.edu.vn', 'SE03915', 1, 7, 'NotSet', 4, 102),
(426, 'LuanNTSE03925', 'Nguyn Thnh Lun', 'LuanNTSE03925@fpt.edu.vn', 'SE03925', 1, 7, 'NotSet', 4, 102),
(427, 'TruongNMSE03938', 'Nguyn Mnh Trng', 'TruongNMSE03938@fpt.edu.vn', 'SE03938', 1, 7, 'NotSet', 4, 102),
(428, 'DucNASE03952', 'Ng Anh c', 'DucNASE03952@fpt.edu.vn', 'SE03952', 1, 7, 'NotSet', 4, 102),
(429, 'AnhLDSE03953', 'L Duy Anh', 'AnhLDSE03953@fpt.edu.vn', 'SE03953', 1, 7, 'NotSet', 4, 102),
(430, 'AnhDTSE03956', 'inh Tun Anh', 'AnhDTSE03956@fpt.edu.vn', 'SE03956', 1, 7, 'NotSet', 4, 102),
(431, 'ThanhPTSE61729', 'Phm Tin Thnh', 'ThanhPTSE61729@fpt.edu.vn', 'SE61729', 1, 7, 'NotSet', 4, 102),
(432, 'HuyVTSE61529', 'V Thanh Huy', 'HuyVTSE61529@fpt.edu.vn', 'SE61529', 1, 7, 'NotSet', 4, 103),
(433, 'TrungNMQSE61433', 'Nguyn Minh Quc Trung', 'TrungNMQSE61433@fpt.edu.vn', 'SE61433', 1, 7, 'NotSet', 4, 103),
(434, 'KhoaPASE61403', 'Pham Anh Khoa', 'KhoaPASE61403@fpt.edu.vn', 'SE61403', 1, 7, 'NotSet', 4, 103),
(435, 'TrungHTSE61581', 'Huynh Thanh Trung', 'TrungHTSE61581@fpt.edu.vn', 'SE61581', 1, 7, 'NotSet', 4, 103),
(436, 'QuanNHSE61560', 'Nguyn Hoang Qun', 'QuanNHSE61560@fpt.edu.vn', 'SE61560', 1, 7, 'NotSet', 4, 103),
(437, 'SinhDBTSE61674', 'inh Ba Thi Sinh', 'SinhDBTSE61674@fpt.edu.vn', 'SE61674', 1, 7, 'NotSet', 4, 103),
(438, 'ThaoPTSE03601', 'Phm Thu Tho', 'ThaoPTSE03601@fpt.edu.vn', 'SE03601', 1, 7, 'NotSet', 4, 103),
(439, 'HieuKNSE03605', 'Kiu Ngc Hiu', 'HieuKNSE03605@fpt.edu.vn', 'SE03605', 1, 7, 'NotSet', 4, 103),
(440, 'NhatBVSE03740', 'Bi Vn Nht', 'NhatBVSE03740@fpt.edu.vn', 'SE03740', 1, 7, 'NotSet', 4, 103),
(441, 'NguyenLSE03803', 'L Nguyn', 'NguyenLSE03803@fpt.edu.vn', 'SE03803', 1, 7, 'NotSet', 4, 103),
(442, 'PhongDDSE03906', 'inh Duy Phong', 'PhongDDSE03906@fpt.edu.vn', 'SE03906', 1, 7, 'NotSet', 4, 103),
(443, 'HungVNSE03969', 'V Ngc Hng', 'HungVNSE03969@fpt.edu.vn', 'SE03969', 1, 7, 'NotSet', 5, 107),
(444, 'KhanhPBSE03453', 'Phm Bo Khnh', 'KhanhPBSE03453@fpt.edu.vn', 'SE03453', 1, 7, 'NotSet', 5, 107),
(445, 'TungTTSE03495', 'Trn Thanh Tng', 'TungTTSE03495@fpt.edu.vn', 'SE03495', 1, 7, 'NotSet', 5, 107),
(446, 'ThanhNMSE03534', 'Nguyn Minh Thnh', 'ThanhNMSE03534@fpt.edu.vn', 'SE03534', 1, 7, 'NotSet', 5, 107),
(447, 'HieuTTSE03538', 'Trn Trung Hiu', 'HieuTTSE03538@fpt.edu.vn', 'SE03538', 1, 7, 'NotSet', 5, 107),
(448, 'TriLMSE03613', 'Lu Minh Tr', 'TriLMSE03613@fpt.edu.vn', 'SE03613', 1, 7, 'NotSet', 5, 107),
(449, 'LinhDBSE03640', 'on B Linh', 'LinhDBSE03640@fpt.edu.vn', 'SE03640', 1, 7, 'NotSet', 5, 107),
(450, 'MinhHHSE03643', 'Hong Hi Minh', 'MinhHHSE03643@fpt.edu.vn', 'SE03643', 1, 7, 'NotSet', 5, 107),
(451, 'AnhLDSE03662', 'L c Anh', 'AnhLDSE03662@fpt.edu.vn', 'SE03662', 1, 7, 'NotSet', 5, 107),
(452, 'DuyDNSE03721', 'ng Ngc Duy', 'DuyDNSE03721@fpt.edu.vn', 'SE03721', 1, 7, 'NotSet', 5, 107),
(453, 'AnhHTSE03756', 'Hong Tun Anh', 'AnhHTSE03756@fpt.edu.vn', 'SE03756', 1, 7, 'NotSet', 5, 107),
(454, 'AnhHDSE03777', 'Hong c Anh', 'AnhHDSE03777@fpt.edu.vn', 'SE03777', 1, 7, 'NotSet', 5, 107),
(455, 'DungLTSE03784', 'L Trung Dng', 'DungLTSE03784@fpt.edu.vn', 'SE03784', 1, 7, 'NotSet', 5, 107),
(456, 'DucTQSE03819', 'T Quang c', 'DucTQSE03819@fpt.edu.vn', 'SE03819', 1, 7, 'NotSet', 5, 107),
(457, 'ToanPVNSE03821', 'Phm V Nht Ton', 'ToanPVNSE03821@fpt.edu.vn', 'SE03821', 1, 7, 'NotSet', 5, 107),
(458, 'HoangVMSE03833', 'V Minh  Hong', 'HoangVMSE03833@fpt.edu.vn', 'SE03833', 1, 7, 'NotSet', 5, 107),
(459, 'VinhNQSE03886', 'Nguyn Quang Vinh', 'VinhNQSE03886@fpt.edu.vn', 'SE03886', 1, 7, 'NotSet', 5, 107),
(460, 'HaVHSE03912', 'V Hng H', 'HaVHSE03912@fpt.edu.vn', 'SE03912', 1, 7, 'NotSet', 5, 107),
(461, 'HongNTSE03940', 'Ng Thu Hng', 'HongNTSE03940@fpt.edu.vn', 'SE03940', 1, 7, 'NotSet', 5, 107),
(462, 'SuongPTSSE61497', 'Phm Th Sng Sng', 'SuongPTSSE61497@fpt.edu.vn', 'SE61497', 1, 7, 'NotSet', 5, 107),
(463, 'MinhPASE61477', 'Phm Anh Minh', 'MinhPASE61477@fpt.edu.vn', 'SE61477', 1, 7, 'NotSet', 5, 107),
(464, 'DuyDTTSE61484', 'o Trn Tun Duy', 'DuyDTTSE61484@fpt.edu.vn', 'SE61484', 1, 7, 'NotSet', 5, 107),
(465, 'TruongPMSE02605', 'Phan Mnh Trng', 'TruongPMSE02605@fpt.edu.vn', 'SE02605', 1, 7, 'NotSet', 5, 107),
(466, 'DucDVSE04420', ' Vn c', 'DucDVSE04420@fpt.edu.vn', 'SE04420', 1, 1, 'NotSet', 1, 81),
(467, 'HoangNKSE04300', 'Nguyn Khc Hong', 'HoangNKSE04300@fpt.edu.vn', 'SE04300', 1, 1, 'NotSet', 1, 81);
INSERT INTO `students` (`student_id`, `account`, `name`, `email`, `student_code`, `specialized_id`, `detail_specialized_id`, `batch`, `semester`, `class_semester_id`) VALUES
(468, 'NamDVSE04360', 'm Vn Nam', 'NamDVSE04360@fpt.edu.vn', 'SE04360', 1, 1, 'NotSet', 1, 81),
(469, 'AnhNTSE03288', 'Ng Tun Anh', 'AnhNTSE03288@fpt.edu.vn', 'SE03288', 1, 1, 'NotSet', 1, 81),
(470, 'CongNNSE03402', 'Nguyn Nh Cng', 'CongNNSE03402@fpt.edu.vn', 'SE03402', 1, 1, 'NotSet', 1, 81),
(471, 'DungNVSE04017', 'Nguyn Vn Dng', 'DungNVSE04017@fpt.edu.vn', 'SE04017', 1, 1, 'NotSet', 1, 81),
(472, 'NamNHSE04018', 'Nguyn Hoi Nam', 'NamNHSE04018@fpt.edu.vn', 'SE04018', 1, 1, 'NotSet', 1, 81),
(473, 'HauTTSE04044', 'Trn Th Hu', 'HauTTSE04044@fpt.edu.vn', 'SE04044', 1, 1, 'NotSet', 1, 81),
(474, 'QuyetDVSE04265', ' Vn Quyt', 'QuyetDVSE04265@fpt.edu.vn', 'SE04265', 1, 1, 'NotSet', 1, 81),
(475, 'AnhLTSE04277', 'L Th Anh', 'AnhLTSE04277@fpt.edu.vn', 'SE04277', 1, 1, 'NotSet', 1, 81),
(476, 'PhuLQSE04278', 'L Quang Ph', 'PhuLQSE04278@fpt.edu.vn', 'SE04278', 1, 1, 'NotSet', 1, 81),
(477, 'PhuNXSE04318', 'Nguyn Xun Ph', 'PhuNXSE04318@fpt.edu.vn', 'SE04318', 1, 1, 'NotSet', 1, 81),
(478, 'TuPVSE03471', 'Phm Vn T', 'TuPVSE03471@fpt.edu.vn', 'SE03471', 1, 1, 'NotSet', 1, 81),
(479, 'NhatNDSE03653', 'Nguyn c Nht', 'NhatNDSE03653@fpt.edu.vn', 'SE03653', 1, 1, 'NotSet', 1, 81),
(480, 'NgocTDSE03898', 'T c Ngc', 'NgocTDSE03898@fpt.edu.vn', 'SE03898', 1, 1, 'NotSet', 1, 81),
(481, 'CongNTSE03790', 'Nguyn Tin Cng', 'CongNTSE03790@fpt.edu.vn', 'SE03790', 1, 1, 'NotSet', 1, 81),
(482, 'TuPASE03994', 'Phan Anh T', 'TuPASE03994@fpt.edu.vn', 'SE03994', 1, 1, 'NotSet', 1, 81),
(483, 'TienPNSE04024', 'Phan Ngc Tin', 'TienPNSE04024@fpt.edu.vn', 'SE04024', 1, 1, 'NotSet', 1, 81),
(484, 'KhanhLNSE04056', 'Lm Ngc Khnh', 'KhanhLNSE04056@fpt.edu.vn', 'SE04056', 1, 1, 'NotSet', 1, 81),
(485, 'ThiNTSE04059', 'Nguyn Tin Thi', 'ThiNTSE04059@fpt.edu.vn', 'SE04059', 1, 1, 'NotSet', 1, 81),
(486, 'VuongNVSE04060', 'Nguyn Vn Vng', 'VuongNVSE04060@fpt.edu.vn', 'SE04060', 1, 1, 'NotSet', 1, 81),
(487, 'DungNDSE04105', 'Nguyn Duy Dng', 'DungNDSE04105@fpt.edu.vn', 'SE04105', 1, 1, 'NotSet', 1, 81),
(488, 'ThangTVSE04129', 'Trn Vit Thng', 'ThangTVSE04129@fpt.edu.vn', 'SE04129', 1, 1, 'NotSet', 1, 81),
(489, 'ChienTDSE04142', 'T nh Chin', 'ChienTDSE04142@fpt.edu.vn', 'SE04142', 1, 1, 'NotSet', 1, 81),
(490, 'TrungNHHSE04279', 'Nguyn Hu Hong Trung', 'TrungNHHSE04279@fpt.edu.vn', 'SE04279', 1, 1, 'NotSet', 1, 81),
(491, 'GiangLTSE04307', 'Lng Trng Giang', 'GiangLTSE04307@fpt.edu.vn', 'SE04307', 1, 1, 'NotSet', 1, 81),
(492, 'QuynhLTSE04240', 'L Th Qunh', 'QuynhLTSE04240@fpt.edu.vn', 'SE04240', 1, 1, 'NotSet', 1, 81),
(493, 'ThangNMSE04322', 'Nguyn Minh Thng', 'ThangNMSE04322@fpt.edu.vn', 'SE04322', 1, 1, 'NotSet', 1, 81),
(494, 'TuyenNNSE04335', 'Ng Ngc Tuyn', 'TuyenNNSE04335@fpt.edu.vn', 'SE04335', 1, 1, 'NotSet', 1, 81),
(495, 'BacNTSE04111', 'Nguyn Tun Bc', 'BacNTSE04111@fpt.edu.vn', 'SE04111', 1, 1, 'NotSet', 1, 81),
(496, 'DuyAKSE04298', 'u Khng Duy', 'DuyAKSE04298@fpt.edu.vn', 'SE04298', 1, 1, 'NotSet', 1, 82),
(497, 'ThangLKDSE04320', 'L Khc c Thng', 'ThangLKDSE04320@fpt.edu.vn', 'SE04320', 1, 1, 'NotSet', 1, 82),
(498, 'YenNTHSE04366', 'Nguyn Th Hi Yn', 'YenNTHSE04366@fpt.edu.vn', 'SE04366', 1, 1, 'NotSet', 1, 82),
(499, 'NamLTSE04267', 'Lu Thnh Nam', 'NamLTSE04267@fpt.edu.vn', 'SE04267', 1, 1, 'NotSet', 1, 82),
(500, 'ThanhNCSE04005', 'Nguyn Ch Thnh', 'ThanhNCSE04005@fpt.edu.vn', 'SE04005', 1, 1, 'NotSet', 1, 82),
(501, 'HungBQSE04029', 'Bi Quang Hng', 'HungBQSE04029@fpt.edu.vn', 'SE04029', 1, 1, 'NotSet', 1, 82),
(502, 'DungNASE04066', 'Nguyn Anh Dng', 'DungNASE04066@fpt.edu.vn', 'SE04066', 1, 1, 'NotSet', 1, 82),
(503, 'SonTTSE04026', 'Trn Thi Sn', 'SonTTSE04026@fpt.edu.vn', 'SE04026', 1, 1, 'NotSet', 1, 82),
(504, 'TrungNHSE04291', 'Nguyn Hu Trung', 'TrungNHSE04291@fpt.edu.vn', 'SE04291', 1, 1, 'NotSet', 1, 82),
(505, 'PhongNHSE04112', 'Nguyn H Phong', 'PhongNHSE04112@fpt.edu.vn', 'SE04112', 1, 1, 'NotSet', 1, 82),
(506, 'AnhBVSE04380', 'Bi Vit Anh', 'AnhBVSE04380@fpt.edu.vn', 'SE04380', 1, 1, 'NotSet', 1, 82),
(507, 'HungHDSE04010', 'Hong c Hng', 'HungHDSE04010@fpt.edu.vn', 'SE04010', 1, 1, 'NotSet', 1, 82),
(508, 'PhatPXSE04208', 'Phan Xun Pht', 'PhatPXSE04208@fpt.edu.vn', 'SE04208', 1, 1, 'NotSet', 1, 82),
(509, 'QuocTTSE04253', 'Trn Trng Quc', 'QuocTTSE04253@fpt.edu.vn', 'SE04253', 1, 1, 'NotSet', 1, 82),
(510, 'DatNQSE04036', 'Nguyn Quc t', 'DatNQSE04036@fpt.edu.vn', 'SE04036', 1, 1, 'NotSet', 1, 82),
(511, 'HauLVSE04158', 'Len Vn Hu', 'HauLVSE04158@fpt.edu.vn', 'SE04158', 1, 1, 'NotSet', 1, 82),
(512, 'TuLASE04241', 'L Anh T', 'TuLASE04241@fpt.edu.vn', 'SE04241', 1, 1, 'NotSet', 1, 82),
(513, 'ManhDDSE04244', 'inh Duy Mnh', 'ManhDDSE04244@fpt.edu.vn', 'SE04244', 1, 1, 'NotSet', 1, 82),
(514, 'ThangNTSE04263', 'Nguyn Ton Thng', 'ThangNTSE04263@fpt.edu.vn', 'SE04263', 1, 1, 'NotSet', 1, 82),
(515, 'VinhPTSE04106', 'Phm Trng Vinh', 'VinhPTSE04106@fpt.edu.vn', 'SE04106', 1, 1, 'NotSet', 1, 82),
(516, 'ThanhVQSE04172', 'Vng Quc Thnh', 'ThanhVQSE04172@fpt.edu.vn', 'SE04172', 1, 1, 'NotSet', 1, 82),
(517, 'DungPTSE04212', 'Phm Tin Dng', 'DungPTSE04212@fpt.edu.vn', 'SE04212', 1, 1, 'NotSet', 1, 82),
(518, 'NamBHSE04266', 'Bi Hong Nam', 'NamBHSE04266@fpt.edu.vn', 'SE04266', 1, 1, 'NotSet', 1, 82),
(519, 'TrungNNSE04407', 'Nguyn Ngc Trung', 'TrungNNSE04407@fpt.edu.vn', 'SE04407', 1, 1, 'NotSet', 1, 82),
(520, 'DatNVSE04070', 'Nguyn Vn t', 'DatNVSE04070@fpt.edu.vn', 'SE04070', 1, 1, 'NotSet', 1, 82),
(521, 'TuPTSE04117', 'Phan Tun T', 'TuPTSE04117@fpt.edu.vn', 'SE04117', 1, 1, 'NotSet', 1, 82),
(522, 'BonVTSE04174', 'V Thnh Bn', 'BonVTSE04174@fpt.edu.vn', 'SE04174', 1, 1, 'NotSet', 1, 82),
(523, 'DuNVSE04312', 'Nguyn Vn Du', 'DuNVSE04312@fpt.edu.vn', 'SE04312', 1, 1, 'NotSet', 1, 82),
(524, 'PhuongBVSE04368', 'Bi Vit Phng', 'PhuongBVSE04368@fpt.edu.vn', 'SE04368', 1, 1, 'NotSet', 1, 82),
(525, 'PhuongVTSE04392', 'V Th Phng', 'PhuongVTSE04392@fpt.edu.vn', 'SE04392', 1, 1, 'NotSet', 1, 82),
(526, 'HungNVSE04023', 'Nguyn Vn Hng', 'HungNVSE04023@fpt.edu.vn', 'SE04023', 1, 1, 'NotSet', 1, 83),
(527, 'CongNVSE04236', 'Nguyn Vn Cng', 'CongNVSE04236@fpt.edu.vn', 'SE04236', 1, 1, 'NotSet', 1, 83),
(528, 'MinhLQSE04336', 'L Quang Minh', 'MinhLQSE04336@fpt.edu.vn', 'SE04336', 1, 1, 'NotSet', 1, 83),
(529, 'KienNTSE04344', 'Nguyn Trung Kin', 'KienNTSE04344@fpt.edu.vn', 'SE04344', 1, 1, 'NotSet', 1, 83),
(530, 'ThuyNTNSE04351', 'Nguyn Th Ngc Thy', 'ThuyNTNSE04351@fpt.edu.vn', 'SE04351', 1, 1, 'NotSet', 1, 83),
(531, 'YenNTHSE04411', 'Nguyn Th Hi Yn', 'YenNTHSE04411@fpt.edu.vn', 'SE04411', 1, 1, 'NotSet', 1, 83),
(532, 'ThangTMSE04173', 'Trn Mnh Thng', 'ThangTMSE04173@fpt.edu.vn', 'SE04173', 1, 1, 'NotSet', 1, 83),
(533, 'QuynhNHSE04030', 'Nguyn Hu Qunh', 'QuynhNHSE04030@fpt.edu.vn', 'SE04030', 1, 1, 'NotSet', 1, 83),
(534, 'HoangDDSE04370', ' nh Hong', 'HoangDDSE04370@fpt.edu.vn', 'SE04370', 1, 1, 'NotSet', 1, 83),
(535, 'NhungDHSE04065', ' Hng Nhung', 'NhungDHSE04065@fpt.edu.vn', 'SE04065', 1, 1, 'NotSet', 1, 83),
(536, 'TuanDMSE04002', 'o Mnh Tun', 'TuanDMSE04002@fpt.edu.vn', 'SE04002', 1, 1, 'NotSet', 1, 83),
(537, 'TungDSSE04019', 'ng Sn Tng', 'TungDSSE04019@fpt.edu.vn', 'SE04019', 1, 1, 'NotSet', 1, 83),
(538, 'ThaoDTPSE04341', 'o Th Phng Tho', 'ThaoDTPSE04341@fpt.edu.vn', 'SE04341', 1, 1, 'NotSet', 1, 83),
(539, 'TungNXSE04170', 'Nguyn Xun Tng', 'TungNXSE04170@fpt.edu.vn', 'SE04170', 1, 1, 'NotSet', 1, 83),
(540, 'TuanNQSE04330', 'Nguyn Qu Tun', 'TuanNQSE04330@fpt.edu.vn', 'SE04330', 1, 1, 'NotSet', 1, 83),
(541, 'ThanhLHCSE04164', 'L Huy Cng Thnh', 'ThanhLHCSE04164@fpt.edu.vn', 'SE04164', 1, 1, 'NotSet', 1, 83),
(542, 'TayLQSE04184', 'L Quang Ty', 'TayLQSE04184@fpt.edu.vn', 'SE04184', 1, 1, 'NotSet', 1, 83),
(543, 'MinhHVSE04081', 'Hong Vn Minh', 'MinhHVSE04081@fpt.edu.vn', 'SE04081', 1, 1, 'NotSet', 1, 83),
(544, 'HoanNNSE04151', 'Nguyn Nht Hon', 'HoanNNSE04151@fpt.edu.vn', 'SE04151', 1, 1, 'NotSet', 1, 83),
(545, 'ThaoNTSE04311', 'Nguyn Th Tho', 'ThaoNTSE04311@fpt.edu.vn', 'SE04311', 1, 1, 'NotSet', 1, 83),
(546, 'ToaiNTSE04189', 'Nguyn Thanh Toi', 'ToaiNTSE04189@fpt.edu.vn', 'SE04189', 1, 1, 'NotSet', 1, 83),
(547, 'MinhPCSE04098', 'Phm Cng Minh', 'MinhPCSE04098@fpt.edu.vn', 'SE04098', 1, 1, 'NotSet', 1, 83),
(548, 'GiangNTSE04376', 'Nguyn Th Giang', 'GiangNTSE04376@fpt.edu.vn', 'SE04376', 1, 1, 'NotSet', 1, 83),
(549, 'HangHTHSE04246', 'Hong Th Hng Hng', 'HangHTHSE04246@fpt.edu.vn', 'SE04246', 1, 1, 'NotSet', 1, 83),
(550, 'DanDDSE04237', 'Dng c Dn', 'DanDDSE04237@fpt.edu.vn', 'SE04237', 1, 1, 'NotSet', 1, 83),
(551, 'TrungHPSE04281', 'Hong Phan Trung', 'TrungHPSE04281@fpt.edu.vn', 'SE04281', 1, 1, 'NotSet', 1, 83),
(552, 'TienTMSE03980', 'Trn Mnh Tin', 'TienTMSE03980@fpt.edu.vn', 'SE03980', 1, 1, 'NotSet', 1, 83),
(553, 'LinhVTMSE04165', 'V Th M Linh', 'LinhVTMSE04165@fpt.edu.vn', 'SE04165', 1, 1, 'NotSet', 1, 83),
(554, 'TienNHSE04167', 'Nguyn Hu Tin', 'TienNHSE04167@fpt.edu.vn', 'SE04167', 1, 1, 'NotSet', 1, 83),
(555, 'ThinhAVSE04295', 'u Vn Thnh', 'ThinhAVSE04295@fpt.edu.vn', 'SE04295', 1, 1, 'NotSet', 1, 83),
(556, 'HoangNXSE03995', 'Nguyn Xun Hong', 'HoangNXSE03995@fpt.edu.vn', 'SE03995', 1, 1, 'NotSet', 1, 84),
(557, 'AnhPTSE04328', 'Phm Tun Anh', 'AnhPTSE04328@fpt.edu.vn', 'SE04328', 1, 1, 'NotSet', 1, 84),
(558, 'HieuNQSE04209', 'Nguyn Quang Hiu', 'HieuNQSE04209@fpt.edu.vn', 'SE04209', 1, 1, 'NotSet', 1, 84),
(559, 'HieuNMSE04319', 'Nguyn Minh Hiu', 'HieuNMSE04319@fpt.edu.vn', 'SE04319', 1, 1, 'NotSet', 1, 84),
(560, 'HuyNLQSE04182', 'Nguyn L Quang Huy', 'HuyNLQSE04182@fpt.edu.vn', 'SE04182', 1, 1, 'NotSet', 1, 84),
(561, 'LuatNTSE04140', 'Nguyn Trng Lut', 'LuatNTSE04140@fpt.edu.vn', 'SE04140', 1, 1, 'NotSet', 1, 84),
(562, 'TanNVSE03778', 'Nguyn Vn Tn', 'TanNVSE03778@fpt.edu.vn', 'SE03778', 1, 1, 'NotSet', 1, 84),
(563, 'TungVSSE04113', 'V S Tng', 'TungVSSE04113@fpt.edu.vn', 'SE04113', 1, 1, 'NotSet', 1, 84),
(564, 'DucLBTSE04211', 'L B Trung c', 'DucLBTSE04211@fpt.edu.vn', 'SE04211', 1, 1, 'NotSet', 1, 84),
(565, 'TuMGSE04012', 'Mai Gia T', 'TuMGSE04012@fpt.edu.vn', 'SE04012', 1, 1, 'NotSet', 1, 84),
(566, 'DatBTSE04115', 'Bi Tin t', 'DatBTSE04115@fpt.edu.vn', 'SE04115', 1, 1, 'NotSet', 1, 84),
(567, 'DungVQSE04406', 'V Quang Dng', 'DungVQSE04406@fpt.edu.vn', 'SE04406', 1, 1, 'NotSet', 1, 84),
(568, 'MinhNNSE04119', 'Nguyn Ngc Minh', 'MinhNNSE04119@fpt.edu.vn', 'SE04119', 1, 1, 'NotSet', 1, 84),
(569, 'SonNKSE04290', 'Nguyn Khnh Sn', 'SonNKSE04290@fpt.edu.vn', 'SE04290', 1, 1, 'NotSet', 1, 84),
(570, 'CuongDVSE03978', 'ng Vn Cng', 'CuongDVSE03978@fpt.edu.vn', 'SE03978', 1, 1, 'NotSet', 1, 84),
(571, 'NhatDTSE03990', 'Dng Tun Nht', 'NhatDTSE03990@fpt.edu.vn', 'SE03990', 1, 1, 'NotSet', 1, 84),
(572, 'TrinhPTSE04213', 'Ph Th Trinh', 'TrinhPTSE04213@fpt.edu.vn', 'SE04213', 1, 1, 'NotSet', 1, 84),
(573, 'ThuanDBSE04389', ' Bnh Thun', 'ThuanDBSE04389@fpt.edu.vn', 'SE04389', 1, 1, 'NotSet', 1, 84),
(574, 'TuNVSE04009', 'Nguyn Vn T', 'TuNVSE04009@fpt.edu.vn', 'SE04009', 1, 1, 'NotSet', 1, 84),
(575, 'TuDVSE04020', 'Dng Vn T', 'TuDVSE04020@fpt.edu.vn', 'SE04020', 1, 1, 'NotSet', 1, 84),
(576, 'HuyLVSE03982', 'L Vn Huy', 'HuyLVSE03982@fpt.edu.vn', 'SE03982', 1, 1, 'NotSet', 1, 84),
(577, 'DoanCVSE04054', 'Cn Vit on', 'DoanCVSE04054@fpt.edu.vn', 'SE04054', 1, 1, 'NotSet', 1, 84),
(578, 'HungHPSE04137', 'Hong Phi Hng', 'HungHPSE04137@fpt.edu.vn', 'SE04137', 1, 1, 'NotSet', 1, 84),
(579, 'QuanTMSE04347', 'T Minh Qun', 'QuanTMSE04347@fpt.edu.vn', 'SE04347', 1, 1, 'NotSet', 1, 84),
(580, 'TungNTSE04120', 'Nguyn Thanh Tng', 'TungNTSE04120@fpt.edu.vn', 'SE04120', 1, 1, 'NotSet', 1, 84),
(581, 'DuyNDSE04204', 'Nguyn c Duy', 'DuyNDSE04204@fpt.edu.vn', 'SE04204', 1, 1, 'NotSet', 1, 84),
(582, 'HieuVDSE04025', 'V c Hiu', 'HieuVDSE04025@fpt.edu.vn', 'SE04025', 1, 1, 'NotSet', 1, 84),
(583, 'NgocNHSE04027', 'Nguyn Hng Ngc', 'NgocNHSE04027@fpt.edu.vn', 'SE04027', 1, 1, 'NotSet', 1, 84),
(584, 'AnhDVSE04154', 'Dng Vit Anh', 'AnhDVSE04154@fpt.edu.vn', 'SE04154', 1, 1, 'NotSet', 1, 84),
(585, 'LamNTSE04379', 'Ng T Lm', 'LamNTSE04379@fpt.edu.vn', 'SE04379', 1, 1, 'NotSet', 1, 84),
(586, 'DatPTSE04037', 'Phm Tin t', 'DatPTSE04037@fpt.edu.vn', 'SE04037', 1, 1, 'NotSet', 1, 85),
(587, 'HungNVSE04053', 'Nguyn Vit Hng', 'HungNVSE04053@fpt.edu.vn', 'SE04053', 1, 1, 'NotSet', 1, 85),
(588, 'NamLTSE04085', 'L Trung Nam', 'NamLTSE04085@fpt.edu.vn', 'SE04085', 1, 1, 'NotSet', 1, 85),
(589, 'DatLTSE04086', 'L Tun t', 'DatLTSE04086@fpt.edu.vn', 'SE04086', 1, 1, 'NotSet', 1, 85),
(590, 'ThanhPKSE04131', 'Phng Khc Thnh', 'ThanhPKSE04131@fpt.edu.vn', 'SE04131', 1, 1, 'NotSet', 1, 85),
(591, 'LongNHSE04143', 'Nguyn Hong Long', 'LongNHSE04143@fpt.edu.vn', 'SE04143', 1, 1, 'NotSet', 1, 85),
(592, 'KyBHSE04210', 'Bi Hong K', 'KyBHSE04210@fpt.edu.vn', 'SE04210', 1, 1, 'NotSet', 1, 85),
(593, 'AnhKHSE04323', 'Kiu Hong Anh', 'AnhKHSE04323@fpt.edu.vn', 'SE04323', 1, 1, 'NotSet', 1, 85),
(594, 'HaiTNSE04386', 'Triu Nam Hi', 'HaiTNSE04386@fpt.edu.vn', 'SE04386', 1, 1, 'NotSet', 1, 85),
(595, 'KhoiNDSE04028', 'Nguyn ng Khi', 'KhoiNDSE04028@fpt.edu.vn', 'SE04028', 1, 1, 'NotSet', 1, 85),
(596, 'BachNVSE04221', 'Nguyn Vit Bch', 'BachNVSE04221@fpt.edu.vn', 'SE04221', 1, 1, 'NotSet', 1, 85),
(597, 'BinhPTSE04222', 'Phng Thanh Bnh', 'BinhPTSE04222@fpt.edu.vn', 'SE04222', 1, 1, 'NotSet', 1, 85),
(598, 'LamPTSE04354', 'Phm Tng Lm', 'LamPTSE04354@fpt.edu.vn', 'SE04354', 1, 1, 'NotSet', 1, 85),
(599, 'QuangTMSE04402', 'Trn Minh Quang', 'QuangTMSE04402@fpt.edu.vn', 'SE04402', 1, 1, 'NotSet', 1, 85),
(600, 'HaoDHSE04064', 'ng Ha Ho', 'HaoDHSE04064@fpt.edu.vn', 'SE04064', 1, 1, 'NotSet', 1, 85),
(601, 'TuongDVSE04317', ' Vnh Tng', 'TuongDVSE04317@fpt.edu.vn', 'SE04317', 1, 1, 'NotSet', 1, 85),
(602, 'QuynhDTTSE04133', ' Th Thu Qunh', 'QuynhDTTSE04133@fpt.edu.vn', 'SE04133', 1, 1, 'NotSet', 1, 85),
(603, 'KhoaTNSE04180', 'Trn Nguyn Khoa', 'KhoaTNSE04180@fpt.edu.vn', 'SE04180', 1, 1, 'NotSet', 1, 85),
(604, 'LamNPTSE04049', 'Nghim Ph Tng Lm', 'LamNPTSE04049@fpt.edu.vn', 'SE04049', 1, 1, 'NotSet', 1, 85),
(605, 'DatNQSE04108', 'Nguyn Quc t', 'DatNQSE04108@fpt.edu.vn', 'SE04108', 1, 1, 'NotSet', 1, 85),
(606, 'BinhNVSE04381', 'Nguyn V Bnh', 'BinhNVSE04381@fpt.edu.vn', 'SE04381', 1, 1, 'NotSet', 1, 85),
(607, 'CongNDSE04261', 'Nguyn nh Cng', 'CongNDSE04261@fpt.edu.vn', 'SE04261', 1, 1, 'NotSet', 1, 85),
(608, 'DucNVSE04287', 'Nguyn Vn c', 'DucNVSE04287@fpt.edu.vn', 'SE04287', 1, 1, 'NotSet', 1, 85),
(609, 'HaHPSE04181', 'Hunh Phng H', 'HaHPSE04181@fpt.edu.vn', 'SE04181', 1, 1, 'NotSet', 1, 85),
(610, 'DungNQSE04355', 'Nguyn Quc Dng', 'DungNQSE04355@fpt.edu.vn', 'SE04355', 1, 1, 'NotSet', 1, 85),
(611, 'TrungNSSE04051', 'Nguyn S Trung', 'TrungNSSE04051@fpt.edu.vn', 'SE04051', 1, 1, 'NotSet', 1, 85),
(612, 'KhanhNXSE04280', 'Nguyn Xun Khnh', 'KhanhNXSE04280@fpt.edu.vn', 'SE04280', 1, 1, 'NotSet', 1, 85),
(613, 'HieuNTSE04238', 'Nguyn Trung Hiu', 'HieuNTSE04238@fpt.edu.vn', 'SE04238', 1, 1, 'NotSet', 1, 85),
(614, 'KienNDSE04193', 'Nguyn c Kin', 'KienNDSE04193@fpt.edu.vn', 'SE04193', 1, 1, 'NotSet', 1, 85),
(615, 'DuyLCSE04194', 'Lu Cao Duy', 'DuyLCSE04194@fpt.edu.vn', 'SE04194', 1, 1, 'NotSet', 1, 85),
(616, 'SonTNSE04223', 'Trn Nguyn Sn', 'SonTNSE04223@fpt.edu.vn', 'SE04223', 1, 1, 'NotSet', 1, 86),
(617, 'TuanLVSE04092', 'L Vn Tun', 'TuanLVSE04092@fpt.edu.vn', 'SE04092', 1, 1, 'NotSet', 1, 86),
(618, 'DatPTSE04332', 'Phm Tin t', 'DatPTSE04332@fpt.edu.vn', 'SE04332', 1, 1, 'NotSet', 1, 86),
(619, 'LanNTMSE04069', 'Nguyn Th Mai Lan', 'LanNTMSE04069@fpt.edu.vn', 'SE04069', 1, 1, 'NotSet', 1, 86),
(620, 'HuyNGSE03985', 'Nguyn Gia Huy', 'HuyNGSE03985@fpt.edu.vn', 'SE03985', 1, 1, 'NotSet', 1, 86),
(621, 'AnhDNSE04260', 'Dng Nht Anh', 'AnhDNSE04260@fpt.edu.vn', 'SE04260', 1, 1, 'NotSet', 1, 86),
(622, 'VuNHSE04013', 'Nguyn Hi V', 'VuNHSE04013@fpt.edu.vn', 'SE04013', 1, 1, 'NotSet', 1, 86),
(623, 'MinhHVCSE04183', 'H Vit Cng Minh', 'MinhHVCSE04183@fpt.edu.vn', 'SE04183', 1, 1, 'NotSet', 1, 86),
(624, 'TamNTSE04247', 'Nguyn Thanh Tm', 'TamNTSE04247@fpt.edu.vn', 'SE04247', 1, 1, 'NotSet', 1, 86),
(625, 'KienNKSE04150', 'Nguyn Khc Kin', 'KienNKSE04150@fpt.edu.vn', 'SE04150', 1, 1, 'NotSet', 1, 86),
(626, 'DucPMSE04093', 'Phan Minh c', 'DucPMSE04093@fpt.edu.vn', 'SE04093', 1, 1, 'NotSet', 1, 86),
(627, 'ThinhLCSE04248', 'L Cng Thnh', 'ThinhLCSE04248@fpt.edu.vn', 'SE04248', 1, 1, 'NotSet', 1, 86),
(628, 'TungLTSE03911', 'L Trng Tng', 'TungLTSE03911@fpt.edu.vn', 'SE03911', 1, 1, 'NotSet', 1, 86),
(629, 'TienPMSE03947', 'Phm Minh Tin', 'TienPMSE03947@fpt.edu.vn', 'SE03947', 1, 1, 'NotSet', 1, 86),
(630, 'QuanNHSE04103', 'Nguyn H Qun', 'QuanNHSE04103@fpt.edu.vn', 'SE04103', 1, 1, 'NotSet', 1, 86),
(631, 'LamNNSE04185', 'Ng Ngc Lm', 'LamNNSE04185@fpt.edu.vn', 'SE04185', 1, 1, 'NotSet', 1, 86),
(632, 'HungUDSE04421', 'Ung ng Hng', 'HungUDSE04421@fpt.edu.vn', 'SE04421', 1, 1, 'NotSet', 1, 86),
(633, 'HungVHSE04429', 'V Hong Hng', 'HungVHSE04429@fpt.edu.vn', 'SE04429', 1, 1, 'NotSet', 1, 86),
(634, 'TanDDSE04433', ' Duy Tn', 'TanDDSE04433@fpt.edu.vn', 'SE04433', 1, 1, 'NotSet', 1, 86),
(635, 'SonTHSE04439', 'Trn Hu Sn', 'SonTHSE04439@fpt.edu.vn', 'SE04439', 1, 1, 'NotSet', 1, 86),
(636, 'ThangNDSE04441', 'Nguyn i Thng', 'ThangNDSE04441@fpt.edu.vn', 'SE04441', 1, 1, 'NotSet', 1, 86),
(637, 'LeTNSE04454', 'Trng Nht L', 'LeTNSE04454@fpt.edu.vn', 'SE04454', 1, 1, 'NotSet', 1, 86),
(638, 'LongTTSE04476', 'Trn Thi Long', 'LongTTSE04476@fpt.edu.vn', 'SE04476', 1, 1, 'NotSet', 1, 86),
(639, 'UyenPTTSE04479', 'Phan Th T Uyn', 'UyenPTTSE04479@fpt.edu.vn', 'SE04479', 1, 1, 'NotSet', 1, 86),
(640, 'ToanNVSE03701', 'Nguyn Vn Ton', 'ToanNVSE03701@fpt.edu.vn', 'SE03701', 1, 1, 'NotSet', 1, 86),
(641, 'ThuanHVSE03172', 'Hong Vn Thun', 'ThuanHVSE03172@fpt.edu.vn', 'SE03172', 1, 1, 'NotSet', 1, 86),
(642, 'MaiPDSE04409', 'Phm nh Mai', 'MaiPDSE04409@fpt.edu.vn', 'SE04409', 1, 1, 'NotSet', 1, 86),
(643, 'ThaiTTSE04258', 'Trn Th Thi', 'ThaiTTSE04258@fpt.edu.vn', 'SE04258', 1, 1, 'NotSet', 1, 86),
(644, 'TungNDSE03988', 'Nguyn ng Tng', 'TungNDSE03988@fpt.edu.vn', 'SE03988', 1, 1, 'NotSet', 1, 86),
(645, 'TungLHSE02890', 'Lu Huy Tng', 'TungLHSE02890@fpt.edu.vn', 'SE02890', 1, 1, 'NotSet', 5, 106),
(646, 'HaiLXSE03744', 'L Xun Hi', 'HaiLXSE03744@fpt.edu.vn', 'SE03744', 1, 1, 'NotSet', 5, 106);

-- --------------------------------------------------------

--
-- Table structure for table `student_course`
--

DROP TABLE IF EXISTS `student_course`;
CREATE TABLE IF NOT EXISTS `student_course` (
`student_course_id` int(11) NOT NULL,
  `student_id` int(11) NOT NULL,
  `course_id` int(11) NOT NULL,
  `class_semester_id` int(11) NOT NULL,
  `grade` int(11) NOT NULL,
  `passed` tinyint(1) NOT NULL
) ENGINE=InnoDB DEFAULT CHARSET=latin1;

-- --------------------------------------------------------

--
-- Table structure for table `teachers`
--

DROP TABLE IF EXISTS `teachers`;
CREATE TABLE IF NOT EXISTS `teachers` (
`teacher_id` int(11) NOT NULL,
  `account` varchar(20) NOT NULL,
  `name` varchar(100) CHARACTER SET utf8 COLLATE utf8_vietnamese_ci NOT NULL,
  `email` varchar(50) NOT NULL
) ENGINE=InnoDB AUTO_INCREMENT=73 DEFAULT CHARSET=latin1;

--
-- Dumping data for table `teachers`
--

INSERT INTO `teachers` (`teacher_id`, `account`, `name`, `email`) VALUES
(40, 'MaiTT', 'MaiTT', 'MaiTT@fpt.edu.vn'),
(41, 'DungLM', 'DungLM', 'DungLM@fpt.edu.vn'),
(42, 'DuyDT', 'DuyDT', 'DuyDT@fpt.edu.vn'),
(43, 'CauPD', 'CauPD', 'CauPD@fpt.edu.vn'),
(44, 'VuNH', 'VuNH', 'VuNH@fpt.edu.vn'),
(45, 'HuongNT7', 'HuongNT7', 'HuongNT7@fpt.edu.vn'),
(46, 'HaNS2', 'HaNS2', 'HaNS2@fpt.edu.vn'),
(47, 'HieuLD2', 'HieuLD2', 'HieuLD2@fpt.edu.vn'),
(48, 'HungPD', 'HungPD', 'HungPD@fpt.edu.vn'),
(49, 'TrungNQ', 'TrungNQ', 'TrungNQ@fpt.edu.vn'),
(50, 'CuongN', 'CuongN', 'CuongN@fpt.edu.vn'),
(51, 'TrungDT', 'TrungDT', 'TrungDT@fpt.edu.vn'),
(52, 'KhuongPD', 'KhuongPD', 'KhuongPD@fpt.edu.vn'),
(53, 'SangNV', 'SangNV', 'SangNV@fpt.edu.vn'),
(54, 'DucHM2', 'DucHM2', 'DucHM2@fpt.edu.vn'),
(55, 'AnhPT', 'AnhPT', 'AnhPT@fpt.edu.vn'),
(56, 'CongLT2', 'CongLT2', 'CongLT2@fpt.edu.vn'),
(57, 'HoaiNV2', 'HoaiNV2', 'HoaiNV2@fpt.edu.vn'),
(58, 'HienDTT', 'HienDTT', 'HienDTT@fpt.edu.vn'),
(59, 'ChiLP', 'ChiLP', 'ChiLP@fpt.edu.vn'),
(60, 'BangBH', 'BangBH', 'BangBH@fpt.edu.vn'),
(61, 'LamPT', 'LamPT', 'LamPT@fpt.edu.vn'),
(62, 'BinhNV2', 'BinhNV2', 'BinhNV2@fpt.edu.vn'),
(63, 'SonHX', 'SonHX', 'SonHX@fpt.edu.vn'),
(64, 'ThuLX', 'ThuLX', 'ThuLX@fpt.edu.vn'),
(65, 'MaiVTT', 'MaiVTT', 'MaiVTT@fpt.edu.vn'),
(66, 'VietNK', 'VietNK', 'VietNK@fpt.edu.vn'),
(67, 'DuanTC', 'DuanTC', 'DuanTC@fpt.edu.vn'),
(68, 'TrungNT', 'TrungNT', 'TrungNT@fpt.edu.vn'),
(69, 'VanDT', 'VanDT', 'VanDT@fpt.edu.vn'),
(70, 'QuyPH', 'QuyPH', 'QuyPH@fpt.edu.vn'),
(71, 'DungNT', 'DungNT', 'DungNT@fpt.edu.vn'),
(72, 'HuyenTT', 'HuyenTT', 'HuyenTT@fpt.edu.vn');

-- --------------------------------------------------------

--
-- Table structure for table `teacher_course_semester`
--

DROP TABLE IF EXISTS `teacher_course_semester`;
CREATE TABLE IF NOT EXISTS `teacher_course_semester` (
`teacher_course_semester_id` int(11) NOT NULL,
  `teacher_semester_id` int(11) NOT NULL,
  `course_semester_id` int(11) NOT NULL
) ENGINE=InnoDB AUTO_INCREMENT=756 DEFAULT CHARSET=latin1;

--
-- Dumping data for table `teacher_course_semester`
--

INSERT INTO `teacher_course_semester` (`teacher_course_semester_id`, `teacher_semester_id`, `course_semester_id`) VALUES
(687, 40, 242),
(688, 58, 242),
(689, 41, 243),
(690, 42, 243),
(691, 42, 244),
(692, 59, 244),
(693, 42, 275),
(694, 59, 275),
(695, 43, 246),
(696, 42, 246),
(697, 43, 247),
(698, 42, 247),
(699, 59, 247),
(700, 41, 247),
(701, 44, 248),
(702, 60, 248),
(703, 45, 249),
(704, 61, 249),
(705, 43, 250),
(706, 42, 250),
(707, 41, 251),
(708, 52, 251),
(709, 42, 252),
(710, 62, 252),
(711, 44, 252),
(712, 43, 252),
(713, 44, 253),
(714, 60, 253),
(715, 42, 254),
(716, 62, 254),
(717, 46, 255),
(718, 47, 256),
(719, 48, 257),
(720, 63, 257),
(721, 46, 258),
(722, 49, 259),
(723, 50, 260),
(724, 64, 260),
(725, 69, 260),
(726, 72, 260),
(727, 50, 261),
(728, 64, 261),
(729, 69, 261),
(730, 72, 261),
(731, 50, 262),
(732, 64, 262),
(733, 69, 262),
(734, 72, 262),
(735, 51, 263),
(736, 65, 263),
(737, 70, 263),
(738, 51, 264),
(739, 65, 264),
(740, 71, 264),
(741, 51, 265),
(742, 66, 265),
(743, 71, 265),
(744, 52, 266),
(745, 67, 266),
(746, 53, 267),
(747, 55, 267),
(748, 54, 268),
(749, 53, 269),
(750, 68, 269),
(751, 54, 270),
(752, 55, 271),
(753, 55, 272),
(754, 56, 273),
(755, 57, 274);

-- --------------------------------------------------------

--
-- Table structure for table `teacher_semester`
--

DROP TABLE IF EXISTS `teacher_semester`;
CREATE TABLE IF NOT EXISTS `teacher_semester` (
`teacher_semester_id` int(11) NOT NULL,
  `teacher_id` int(11) NOT NULL,
  `semester_id` int(11) NOT NULL
) ENGINE=InnoDB AUTO_INCREMENT=73 DEFAULT CHARSET=latin1;

--
-- Dumping data for table `teacher_semester`
--

INSERT INTO `teacher_semester` (`teacher_semester_id`, `teacher_id`, `semester_id`) VALUES
(40, 40, 2),
(41, 41, 2),
(42, 42, 2),
(43, 43, 2),
(44, 44, 2),
(45, 45, 2),
(46, 46, 2),
(47, 47, 2),
(48, 48, 2),
(49, 49, 2),
(50, 50, 2),
(51, 51, 2),
(52, 52, 2),
(53, 53, 2),
(54, 54, 2),
(55, 55, 2),
(56, 56, 2),
(57, 57, 2),
(58, 58, 2),
(59, 59, 2),
(60, 60, 2),
(61, 61, 2),
(62, 62, 2),
(63, 63, 2),
(64, 64, 2),
(65, 65, 2),
(66, 66, 2),
(67, 67, 2),
(68, 68, 2),
(69, 69, 2),
(70, 70, 2),
(71, 71, 2),
(72, 72, 2);

-- --------------------------------------------------------

--
-- Table structure for table `time_table`
--

DROP TABLE IF EXISTS `time_table`;
CREATE TABLE IF NOT EXISTS `time_table` (
`time_table_id` int(11) NOT NULL,
  `class_course_semester_id` int(11) NOT NULL,
  `date` date NOT NULL,
  `slot` int(11) NOT NULL,
  `room_id` int(11) DEFAULT NULL,
  `teacher_semester_id` int(11) DEFAULT NULL
) ENGINE=InnoDB AUTO_INCREMENT=38 DEFAULT CHARSET=latin1;

--
-- Dumping data for table `time_table`
--

INSERT INTO `time_table` (`time_table_id`, `class_course_semester_id`, `date`, `slot`, `room_id`, `teacher_semester_id`) VALUES
(33, 323, '2015-09-08', 2, NULL, NULL),
(34, 328, '2015-09-08', 2, NULL, NULL),
(35, 321, '2015-09-07', 1, 64, 41),
(36, 326, '2015-09-07', 1, 64, 41),
(37, 331, '2015-09-07', 1, NULL, NULL);

--
-- Indexes for dumped tables
--

--
-- Indexes for table `buildings`
--
ALTER TABLE `buildings`
 ADD PRIMARY KEY (`building_id`);

--
-- Indexes for table `classes`
--
ALTER TABLE `classes`
 ADD PRIMARY KEY (`class_id`), ADD UNIQUE KEY `code` (`code`), ADD KEY `specialized_id` (`specialized_id`), ADD KEY `course_id` (`course_id`), ADD KEY `detail_specialized_id` (`detail_specialized_id`);

--
-- Indexes for table `class_course_semester`
--
ALTER TABLE `class_course_semester`
 ADD PRIMARY KEY (`class_course_semester_id`), ADD UNIQUE KEY `class_course_semester_idx` (`class_semester_id`,`course_semester_id`), ADD KEY `class_semester_id` (`class_semester_id`), ADD KEY `course_semester_id` (`course_semester_id`);

--
-- Indexes for table `class_course_semester_merge`
--
ALTER TABLE `class_course_semester_merge`
 ADD PRIMARY KEY (`class_course_semester_merge_id`), ADD KEY `class_course_semester_id_1` (`class_course_semester_id_1`), ADD KEY `class_course_semester_id_2` (`class_course_semester_id_2`);

--
-- Indexes for table `class_course_student_semester`
--
ALTER TABLE `class_course_student_semester`
 ADD PRIMARY KEY (`class_course_student_semester_id`), ADD UNIQUE KEY `class_course_student_semester_idx` (`class_course_semester_id`,`student_id`), ADD KEY `class_course_semester_id` (`class_course_semester_id`), ADD KEY `student_id` (`student_id`);

--
-- Indexes for table `class_course_teacher_semester`
--
ALTER TABLE `class_course_teacher_semester`
 ADD PRIMARY KEY (`class_course_teacher_semester_id`), ADD KEY `class_semester_id` (`class_semester_id`), ADD KEY `course_semester_id` (`course_semester_id`), ADD KEY `teacher_semester_id` (`teacher_semester_id`);

--
-- Indexes for table `class_semester`
--
ALTER TABLE `class_semester`
 ADD PRIMARY KEY (`class_semester_id`), ADD UNIQUE KEY `class_id` (`class_id`,`semester_id`), ADD KEY `semester_id` (`semester_id`);

--
-- Indexes for table `courses`
--
ALTER TABLE `courses`
 ADD PRIMARY KEY (`course_id`), ADD UNIQUE KEY `code` (`code`), ADD KEY `department_id` (`department_id`);

--
-- Indexes for table `course_semester`
--
ALTER TABLE `course_semester`
 ADD PRIMARY KEY (`course_semester_id`), ADD UNIQUE KEY `my_idx` (`course_id`,`semester_id`), ADD KEY `course_condition_id` (`course_condition_id`), ADD KEY `course_id` (`course_id`), ADD KEY `semester_id` (`semester_id`);

--
-- Indexes for table `department`
--
ALTER TABLE `department`
 ADD PRIMARY KEY (`department_id`), ADD UNIQUE KEY `code` (`code`);

--
-- Indexes for table `program_semester`
--
ALTER TABLE `program_semester`
 ADD PRIMARY KEY (`program_semester_id`), ADD UNIQUE KEY `semester_id_2` (`semester_id`,`current_semester`,`specialized_id`,`detail_specialized_id`), ADD KEY `semester_id` (`semester_id`), ADD KEY `specialized_id` (`specialized_id`), ADD KEY `detail_specialized_id` (`detail_specialized_id`);

--
-- Indexes for table `program_semester_detail`
--
ALTER TABLE `program_semester_detail`
 ADD PRIMARY KEY (`program_semester_detail_id`), ADD UNIQUE KEY `program_semester_id_2` (`program_semester_id`,`course_semester_id`), ADD KEY `program_semester_id` (`program_semester_id`), ADD KEY `course_semester_id` (`course_semester_id`);

--
-- Indexes for table `rooms`
--
ALTER TABLE `rooms`
 ADD PRIMARY KEY (`room_id`), ADD UNIQUE KEY `code` (`code`), ADD KEY `building_id` (`building_id`);

--
-- Indexes for table `semesters`
--
ALTER TABLE `semesters`
 ADD PRIMARY KEY (`semester_id`), ADD UNIQUE KEY `code` (`code`);

--
-- Indexes for table `specialized`
--
ALTER TABLE `specialized`
 ADD PRIMARY KEY (`specialized_id`), ADD UNIQUE KEY `code` (`code`);

--
-- Indexes for table `staff`
--
ALTER TABLE `staff`
 ADD PRIMARY KEY (`staff_id`), ADD UNIQUE KEY `account` (`account`,`email`);

--
-- Indexes for table `students`
--
ALTER TABLE `students`
 ADD PRIMARY KEY (`student_id`), ADD UNIQUE KEY `account` (`account`,`email`,`student_code`), ADD KEY `class_semester_id` (`class_semester_id`), ADD KEY `specialized_id` (`specialized_id`), ADD KEY `detail_specialized_id` (`detail_specialized_id`);

--
-- Indexes for table `student_course`
--
ALTER TABLE `student_course`
 ADD PRIMARY KEY (`student_course_id`), ADD KEY `student_id` (`student_id`,`course_id`,`class_semester_id`), ADD KEY `course_id` (`course_id`), ADD KEY `class_semester_id` (`class_semester_id`);

--
-- Indexes for table `teachers`
--
ALTER TABLE `teachers`
 ADD PRIMARY KEY (`teacher_id`), ADD UNIQUE KEY `account` (`account`), ADD UNIQUE KEY `email` (`email`);

--
-- Indexes for table `teacher_course_semester`
--
ALTER TABLE `teacher_course_semester`
 ADD PRIMARY KEY (`teacher_course_semester_id`), ADD KEY `course_semester_id` (`course_semester_id`), ADD KEY `teacher_semester_id` (`teacher_semester_id`);

--
-- Indexes for table `teacher_semester`
--
ALTER TABLE `teacher_semester`
 ADD PRIMARY KEY (`teacher_semester_id`), ADD UNIQUE KEY `teacher_id` (`teacher_id`,`semester_id`), ADD KEY `semester_id` (`semester_id`);

--
-- Indexes for table `time_table`
--
ALTER TABLE `time_table`
 ADD PRIMARY KEY (`time_table_id`), ADD UNIQUE KEY `date` (`date`,`slot`,`class_course_semester_id`), ADD KEY `class_course_semester_id` (`class_course_semester_id`), ADD KEY `room_id` (`room_id`), ADD KEY `teacher_id` (`teacher_semester_id`);

--
-- AUTO_INCREMENT for dumped tables
--

--
-- AUTO_INCREMENT for table `buildings`
--
ALTER TABLE `buildings`
MODIFY `building_id` int(11) NOT NULL AUTO_INCREMENT,AUTO_INCREMENT=5;
--
-- AUTO_INCREMENT for table `classes`
--
ALTER TABLE `classes`
MODIFY `class_id` int(11) NOT NULL AUTO_INCREMENT,AUTO_INCREMENT=111;
--
-- AUTO_INCREMENT for table `class_course_semester`
--
ALTER TABLE `class_course_semester`
MODIFY `class_course_semester_id` int(11) NOT NULL AUTO_INCREMENT,AUTO_INCREMENT=456;
--
-- AUTO_INCREMENT for table `class_course_semester_merge`
--
ALTER TABLE `class_course_semester_merge`
MODIFY `class_course_semester_merge_id` int(11) NOT NULL AUTO_INCREMENT,AUTO_INCREMENT=2;
--
-- AUTO_INCREMENT for table `class_course_student_semester`
--
ALTER TABLE `class_course_student_semester`
MODIFY `class_course_student_semester_id` int(11) NOT NULL AUTO_INCREMENT,AUTO_INCREMENT=3231;
--
-- AUTO_INCREMENT for table `class_course_teacher_semester`
--
ALTER TABLE `class_course_teacher_semester`
MODIFY `class_course_teacher_semester_id` int(11) NOT NULL AUTO_INCREMENT;
--
-- AUTO_INCREMENT for table `class_semester`
--
ALTER TABLE `class_semester`
MODIFY `class_semester_id` int(11) NOT NULL AUTO_INCREMENT,AUTO_INCREMENT=108;
--
-- AUTO_INCREMENT for table `courses`
--
ALTER TABLE `courses`
MODIFY `course_id` int(11) NOT NULL AUTO_INCREMENT,AUTO_INCREMENT=277;
--
-- AUTO_INCREMENT for table `course_semester`
--
ALTER TABLE `course_semester`
MODIFY `course_semester_id` int(11) NOT NULL AUTO_INCREMENT,AUTO_INCREMENT=277;
--
-- AUTO_INCREMENT for table `department`
--
ALTER TABLE `department`
MODIFY `department_id` int(11) NOT NULL AUTO_INCREMENT,AUTO_INCREMENT=27;
--
-- AUTO_INCREMENT for table `program_semester`
--
ALTER TABLE `program_semester`
MODIFY `program_semester_id` int(11) NOT NULL AUTO_INCREMENT,AUTO_INCREMENT=24;
--
-- AUTO_INCREMENT for table `program_semester_detail`
--
ALTER TABLE `program_semester_detail`
MODIFY `program_semester_detail_id` int(11) NOT NULL AUTO_INCREMENT,AUTO_INCREMENT=107;
--
-- AUTO_INCREMENT for table `rooms`
--
ALTER TABLE `rooms`
MODIFY `room_id` int(11) NOT NULL AUTO_INCREMENT,AUTO_INCREMENT=98;
--
-- AUTO_INCREMENT for table `semesters`
--
ALTER TABLE `semesters`
MODIFY `semester_id` int(11) NOT NULL AUTO_INCREMENT,AUTO_INCREMENT=3;
--
-- AUTO_INCREMENT for table `specialized`
--
ALTER TABLE `specialized`
MODIFY `specialized_id` int(11) NOT NULL AUTO_INCREMENT,AUTO_INCREMENT=9;
--
-- AUTO_INCREMENT for table `staff`
--
ALTER TABLE `staff`
MODIFY `staff_id` int(11) NOT NULL AUTO_INCREMENT,AUTO_INCREMENT=6;
--
-- AUTO_INCREMENT for table `students`
--
ALTER TABLE `students`
MODIFY `student_id` int(11) NOT NULL AUTO_INCREMENT,AUTO_INCREMENT=647;
--
-- AUTO_INCREMENT for table `student_course`
--
ALTER TABLE `student_course`
MODIFY `student_course_id` int(11) NOT NULL AUTO_INCREMENT;
--
-- AUTO_INCREMENT for table `teachers`
--
ALTER TABLE `teachers`
MODIFY `teacher_id` int(11) NOT NULL AUTO_INCREMENT,AUTO_INCREMENT=73;
--
-- AUTO_INCREMENT for table `teacher_course_semester`
--
ALTER TABLE `teacher_course_semester`
MODIFY `teacher_course_semester_id` int(11) NOT NULL AUTO_INCREMENT,AUTO_INCREMENT=756;
--
-- AUTO_INCREMENT for table `teacher_semester`
--
ALTER TABLE `teacher_semester`
MODIFY `teacher_semester_id` int(11) NOT NULL AUTO_INCREMENT,AUTO_INCREMENT=73;
--
-- AUTO_INCREMENT for table `time_table`
--
ALTER TABLE `time_table`
MODIFY `time_table_id` int(11) NOT NULL AUTO_INCREMENT,AUTO_INCREMENT=38;
--
-- Constraints for dumped tables
--

--
-- Constraints for table `classes`
--
ALTER TABLE `classes`
ADD CONSTRAINT `classes_ibfk_1` FOREIGN KEY (`specialized_id`) REFERENCES `specialized` (`specialized_id`),
ADD CONSTRAINT `classes_ibfk_2` FOREIGN KEY (`course_id`) REFERENCES `courses` (`course_id`),
ADD CONSTRAINT `classes_ibfk_3` FOREIGN KEY (`detail_specialized_id`) REFERENCES `specialized` (`specialized_id`);

--
-- Constraints for table `class_course_semester`
--
ALTER TABLE `class_course_semester`
ADD CONSTRAINT `class_course_semester_ibfk_1` FOREIGN KEY (`class_semester_id`) REFERENCES `class_semester` (`class_semester_id`),
ADD CONSTRAINT `class_course_semester_ibfk_2` FOREIGN KEY (`course_semester_id`) REFERENCES `course_semester` (`course_semester_id`);

--
-- Constraints for table `class_course_semester_merge`
--
ALTER TABLE `class_course_semester_merge`
ADD CONSTRAINT `class_course_semester_merge_ibfk_1` FOREIGN KEY (`class_course_semester_id_1`) REFERENCES `class_course_semester` (`class_course_semester_id`),
ADD CONSTRAINT `class_course_semester_merge_ibfk_2` FOREIGN KEY (`class_course_semester_id_2`) REFERENCES `class_course_semester` (`class_course_semester_id`);

--
-- Constraints for table `class_course_student_semester`
--
ALTER TABLE `class_course_student_semester`
ADD CONSTRAINT `class_course_student_semester_ibfk_1` FOREIGN KEY (`class_course_semester_id`) REFERENCES `class_course_semester` (`class_course_semester_id`),
ADD CONSTRAINT `class_course_student_semester_ibfk_2` FOREIGN KEY (`student_id`) REFERENCES `students` (`student_id`);

--
-- Constraints for table `class_course_teacher_semester`
--
ALTER TABLE `class_course_teacher_semester`
ADD CONSTRAINT `class_course_teacher_semester_ibfk_1` FOREIGN KEY (`class_semester_id`) REFERENCES `class_semester` (`class_semester_id`),
ADD CONSTRAINT `class_course_teacher_semester_ibfk_2` FOREIGN KEY (`course_semester_id`) REFERENCES `course_semester` (`course_semester_id`),
ADD CONSTRAINT `class_course_teacher_semester_ibfk_3` FOREIGN KEY (`teacher_semester_id`) REFERENCES `teacher_semester` (`teacher_semester_id`);

--
-- Constraints for table `class_semester`
--
ALTER TABLE `class_semester`
ADD CONSTRAINT `class_semester_ibfk_1` FOREIGN KEY (`class_id`) REFERENCES `classes` (`class_id`),
ADD CONSTRAINT `class_semester_ibfk_2` FOREIGN KEY (`semester_id`) REFERENCES `semesters` (`semester_id`);

--
-- Constraints for table `courses`
--
ALTER TABLE `courses`
ADD CONSTRAINT `courses_ibfk_2` FOREIGN KEY (`department_id`) REFERENCES `department` (`department_id`);

--
-- Constraints for table `course_semester`
--
ALTER TABLE `course_semester`
ADD CONSTRAINT `course_semester_ibfk_3` FOREIGN KEY (`course_condition_id`) REFERENCES `courses` (`course_id`),
ADD CONSTRAINT `course_semester_ibfk_4` FOREIGN KEY (`course_id`) REFERENCES `courses` (`course_id`),
ADD CONSTRAINT `course_semester_ibfk_5` FOREIGN KEY (`semester_id`) REFERENCES `semesters` (`semester_id`);

--
-- Constraints for table `program_semester`
--
ALTER TABLE `program_semester`
ADD CONSTRAINT `program_semester_ibfk_1` FOREIGN KEY (`semester_id`) REFERENCES `semesters` (`semester_id`),
ADD CONSTRAINT `program_semester_ibfk_2` FOREIGN KEY (`specialized_id`) REFERENCES `specialized` (`specialized_id`),
ADD CONSTRAINT `program_semester_ibfk_3` FOREIGN KEY (`detail_specialized_id`) REFERENCES `specialized` (`specialized_id`);

--
-- Constraints for table `program_semester_detail`
--
ALTER TABLE `program_semester_detail`
ADD CONSTRAINT `program_semester_detail_ibfk_1` FOREIGN KEY (`program_semester_id`) REFERENCES `program_semester` (`program_semester_id`),
ADD CONSTRAINT `program_semester_detail_ibfk_2` FOREIGN KEY (`course_semester_id`) REFERENCES `course_semester` (`course_semester_id`);

--
-- Constraints for table `rooms`
--
ALTER TABLE `rooms`
ADD CONSTRAINT `rooms_ibfk_1` FOREIGN KEY (`building_id`) REFERENCES `buildings` (`building_id`);

--
-- Constraints for table `students`
--
ALTER TABLE `students`
ADD CONSTRAINT `students_ibfk_1` FOREIGN KEY (`class_semester_id`) REFERENCES `class_semester` (`class_semester_id`),
ADD CONSTRAINT `students_ibfk_2` FOREIGN KEY (`specialized_id`) REFERENCES `specialized` (`specialized_id`),
ADD CONSTRAINT `students_ibfk_3` FOREIGN KEY (`detail_specialized_id`) REFERENCES `specialized` (`specialized_id`);

--
-- Constraints for table `student_course`
--
ALTER TABLE `student_course`
ADD CONSTRAINT `student_course_ibfk_1` FOREIGN KEY (`student_id`) REFERENCES `students` (`student_id`),
ADD CONSTRAINT `student_course_ibfk_2` FOREIGN KEY (`course_id`) REFERENCES `courses` (`course_id`),
ADD CONSTRAINT `student_course_ibfk_3` FOREIGN KEY (`class_semester_id`) REFERENCES `class_semester` (`class_semester_id`);

--
-- Constraints for table `teacher_course_semester`
--
ALTER TABLE `teacher_course_semester`
ADD CONSTRAINT `teacher_course_semester_ibfk_1` FOREIGN KEY (`course_semester_id`) REFERENCES `course_semester` (`course_semester_id`),
ADD CONSTRAINT `teacher_course_semester_ibfk_2` FOREIGN KEY (`teacher_semester_id`) REFERENCES `teacher_semester` (`teacher_semester_id`);

--
-- Constraints for table `teacher_semester`
--
ALTER TABLE `teacher_semester`
ADD CONSTRAINT `teacher_semester_ibfk_1` FOREIGN KEY (`teacher_id`) REFERENCES `teachers` (`teacher_id`),
ADD CONSTRAINT `teacher_semester_ibfk_2` FOREIGN KEY (`semester_id`) REFERENCES `semesters` (`semester_id`);

--
-- Constraints for table `time_table`
--
ALTER TABLE `time_table`
ADD CONSTRAINT `time_table_ibfk_1` FOREIGN KEY (`class_course_semester_id`) REFERENCES `class_course_semester` (`class_course_semester_id`),
ADD CONSTRAINT `time_table_ibfk_2` FOREIGN KEY (`room_id`) REFERENCES `rooms` (`room_id`),
ADD CONSTRAINT `time_table_ibfk_3` FOREIGN KEY (`teacher_semester_id`) REFERENCES `teacher_semester` (`teacher_semester_id`);

/*!40101 SET CHARACTER_SET_CLIENT=@OLD_CHARACTER_SET_CLIENT */;
/*!40101 SET CHARACTER_SET_RESULTS=@OLD_CHARACTER_SET_RESULTS */;
/*!40101 SET COLLATION_CONNECTION=@OLD_COLLATION_CONNECTION */;
