-- phpMyAdmin SQL Dump
-- version 4.2.11
-- http://www.phpmyadmin.net
--
-- Host: 127.0.0.1
-- Generation Time: Aug 23, 2015 at 01:46 AM
-- Server version: 5.6.21
-- PHP Version: 5.6.3

SET SQL_MODE = "NO_AUTO_VALUE_ON_ZERO";
SET time_zone = "+00:00";


/*!40101 SET @OLD_CHARACTER_SET_CLIENT=@@CHARACTER_SET_CLIENT */;
/*!40101 SET @OLD_CHARACTER_SET_RESULTS=@@CHARACTER_SET_RESULTS */;
/*!40101 SET @OLD_COLLATION_CONNECTION=@@COLLATION_CONNECTION */;
/*!40101 SET NAMES utf8 */;

--
-- Database: `academic_portal`
--
CREATE DATABASE IF NOT EXISTS `academic_portal` DEFAULT CHARACTER SET utf8 COLLATE utf8_vietnamese_ci;
USE `academic_portal`;

-- --------------------------------------------------------

--
-- Table structure for table `buildings`
--

DROP TABLE IF EXISTS `buildings`;
CREATE TABLE IF NOT EXISTS `buildings` (
`building_id` int(11) NOT NULL,
  `building_code` varchar(11) COLLATE utf8_vietnamese_ci NOT NULL
) ENGINE=InnoDB AUTO_INCREMENT=5 DEFAULT CHARSET=utf8 COLLATE=utf8_vietnamese_ci;

--
-- Dumping data for table `buildings`
--

INSERT INTO `buildings` (`building_id`, `building_code`) VALUES
(3, 'HB'),
(4, 'GD');

-- --------------------------------------------------------

--
-- Table structure for table `classes`
--

DROP TABLE IF EXISTS `classes`;
CREATE TABLE IF NOT EXISTS `classes` (
`class_id` int(11) NOT NULL,
  `code` varchar(30) NOT NULL,
  `type` varchar(11) NOT NULL,
  `specialized_id` int(11) DEFAULT NULL,
  `detail_specialized_id` int(11) DEFAULT NULL,
  `course_id` int(11) DEFAULT NULL,
  `batch` int(11) DEFAULT NULL,
  `batch_char` varchar(1) DEFAULT NULL,
  `number` int(11) DEFAULT NULL
) ENGINE=InnoDB AUTO_INCREMENT=111 DEFAULT CHARSET=latin1;

--
-- Dumping data for table `classes`
--

INSERT INTO `classes` (`class_id`, `code`, `type`, `specialized_id`, `detail_specialized_id`, `course_id`, `batch`, `batch_char`, `number`) VALUES
(84, 'SE1007', 'Specialized', 1, 1, NULL, 10, 'C', 7),
(85, 'SE1008', 'Specialized', 1, 1, NULL, 10, 'C', 8),
(86, 'SE1009', 'Specialized', 1, 1, NULL, 10, 'C', 9),
(87, 'SE1010', 'Specialized', 1, 1, NULL, 10, 'C', 10),
(88, 'SE1011', 'Specialized', 1, 1, NULL, 10, 'C', 11),
(89, 'SE1012', 'Specialized', 1, 1, NULL, 10, 'C', 12),
(90, 'EC1003', 'Specialized', 1, 8, NULL, 10, 'C', 3),
(91, 'IA1003', 'Specialized', 1, 7, NULL, 10, 'C', 3),
(92, 'SE1004', 'Specialized', 1, 1, NULL, 10, 'B', 4),
(93, 'SE1005', 'Specialized', 1, 1, NULL, 10, 'B', 5),
(94, 'SE1006', 'Specialized', 1, 1, NULL, 10, 'B', 6),
(95, 'IA1002', 'Specialized', 1, 7, NULL, 10, 'B', 2),
(96, 'SE1001', 'Specialized', 1, 1, NULL, 9, 'A', 1),
(97, 'SE1002', 'Specialized', 1, 1, NULL, 9, 'A', 2),
(98, 'SE1003', 'Specialized', 1, 1, NULL, 9, 'A', 3),
(99, 'EC1001', 'Specialized', 1, 8, NULL, 9, 'A', 1),
(100, 'SE0907', 'Specialized', 1, 1, NULL, 9, 'C', 7),
(101, 'SE0908', 'Specialized', 1, 1, NULL, 9, 'C', 8),
(102, 'SE0909', 'Specialized', 1, 1, NULL, 9, 'C', 9),
(103, 'SE0910', 'Specialized', 1, 1, NULL, 9, 'C', 10),
(104, 'SE0911', 'Specialized', 1, 1, NULL, 9, 'C', 11),
(105, 'IA0902', 'Specialized', 1, 7, NULL, 9, 'C', 2),
(106, 'IA0903', 'Specialized', 1, 7, NULL, 9, 'C', 3),
(107, 'SE0904', 'Specialized', 1, 1, NULL, 9, 'B', 4),
(108, 'SE0905', 'Specialized', 1, 1, NULL, 9, 'B', 5),
(109, 'SE0906', 'Specialized', 1, 1, NULL, 9, 'B', 6),
(110, 'IA10901', 'Specialized', 1, 7, NULL, 9, 'B', 1);

-- --------------------------------------------------------

--
-- Table structure for table `class_course_semester`
--

DROP TABLE IF EXISTS `class_course_semester`;
CREATE TABLE IF NOT EXISTS `class_course_semester` (
`class_course_semester_id` int(11) NOT NULL,
  `class_semester_id` int(11) NOT NULL,
  `course_semester_id` int(11) NOT NULL,
  `block_condition` int(11) DEFAULT NULL,
  `is_semester_long` tinyint(1) NOT NULL
) ENGINE=InnoDB AUTO_INCREMENT=456 DEFAULT CHARSET=latin1;

--
-- Dumping data for table `class_course_semester`
--

INSERT INTO `class_course_semester` (`class_course_semester_id`, `class_semester_id`, `course_semester_id`, `block_condition`, `is_semester_long`) VALUES
(321, 81, 243, 0, 0),
(322, 81, 242, 0, 0),
(323, 81, 263, 0, 0),
(324, 81, 251, 0, 0),
(325, 81, 257, 0, 1),
(326, 82, 243, 0, 0),
(327, 82, 242, 0, 0),
(328, 82, 263, 0, 0),
(329, 82, 251, 0, 0),
(330, 82, 257, 0, 1),
(331, 83, 243, 0, 0),
(332, 83, 242, 0, 0),
(333, 83, 263, 0, 0),
(334, 83, 251, 0, 0),
(335, 83, 257, 0, 1),
(336, 84, 243, 0, 0),
(337, 84, 242, 0, 0),
(338, 84, 263, 0, 0),
(339, 84, 251, 0, 0),
(340, 84, 257, 0, 1),
(341, 85, 243, 0, 0),
(342, 85, 242, 0, 0),
(343, 85, 263, 0, 0),
(344, 85, 251, 0, 0),
(345, 85, 257, 0, 1),
(346, 86, 243, 0, 0),
(347, 86, 242, 0, 0),
(348, 86, 263, 0, 0),
(349, 86, 251, 0, 0),
(350, 86, 257, 0, 1),
(351, 87, 263, 0, 0),
(352, 87, 243, 0, 0),
(353, 87, 257, 0, 0),
(354, 87, 251, 0, 0),
(355, 87, 266, 0, 1),
(356, 88, 243, 0, 0),
(357, 88, 242, 0, 0),
(358, 88, 263, 0, 0),
(359, 88, 251, 0, 0),
(360, 88, 257, 0, 1),
(361, 89, 244, 0, 0),
(362, 89, 247, 0, 0),
(363, 89, 275, 0, 0),
(364, 89, 264, 0, 0),
(365, 89, 255, 0, 1),
(366, 90, 244, 0, 0),
(367, 90, 247, 0, 0),
(368, 90, 275, 0, 0),
(369, 90, 264, 0, 0),
(370, 90, 255, 0, 1),
(371, 91, 244, 0, 0),
(372, 91, 247, 0, 0),
(373, 91, 275, 0, 0),
(374, 91, 264, 0, 0),
(375, 91, 255, 0, 1),
(376, 92, 244, 0, 0),
(377, 92, 247, 0, 0),
(378, 92, 275, 0, 0),
(379, 92, 264, 0, 0),
(380, 92, 255, 0, 1),
(381, 93, 260, 0, 0),
(382, 93, 248, 0, 0),
(383, 93, 250, 1, 0),
(384, 93, 252, 1, 0),
(385, 93, 258, 0, 1),
(386, 94, 260, 0, 0),
(387, 94, 248, 0, 0),
(388, 94, 250, 1, 0),
(389, 94, 252, 1, 0),
(390, 94, 258, 0, 1),
(391, 95, 260, 0, 0),
(392, 95, 248, 0, 0),
(393, 95, 250, 1, 0),
(394, 95, 252, 1, 0),
(395, 95, 258, 0, 1),
(396, 96, 256, 0, 0),
(397, 96, 248, 0, 0),
(398, 96, 250, 1, 0),
(399, 96, 252, 1, 0),
(400, 96, 258, 0, 1),
(401, 97, 275, 0, 0),
(402, 97, 249, 0, 0),
(403, 97, 250, 1, 0),
(404, 97, 253, 1, 0),
(405, 97, 262, 0, 1),
(406, 98, 275, 0, 0),
(407, 98, 249, 0, 0),
(408, 98, 250, 1, 0),
(409, 98, 253, 1, 0),
(410, 98, 262, 0, 1),
(411, 99, 275, 0, 0),
(412, 99, 249, 0, 0),
(413, 99, 250, 1, 0),
(414, 99, 253, 1, 0),
(415, 99, 262, 0, 1),
(416, 100, 275, 0, 0),
(417, 100, 249, 0, 0),
(418, 100, 250, 1, 0),
(419, 100, 253, 1, 0),
(420, 100, 262, 0, 1),
(421, 101, 275, 0, 0),
(422, 101, 249, 0, 0),
(423, 101, 250, 1, 0),
(424, 101, 253, 1, 0),
(425, 101, 262, 0, 1),
(426, 102, 246, 0, 0),
(427, 102, 275, 0, 0),
(428, 102, 271, 0, 0),
(429, 102, 253, 1, 0),
(430, 102, 259, 0, 1),
(431, 103, 246, 0, 0),
(432, 103, 275, 0, 0),
(433, 103, 271, 0, 0),
(434, 103, 253, 1, 0),
(435, 103, 259, 0, 1),
(436, 104, 267, 0, 0),
(437, 104, 269, 0, 0),
(438, 104, 261, 0, 0),
(439, 104, 265, 0, 0),
(440, 104, 254, 0, 1),
(441, 105, 267, 0, 0),
(442, 105, 269, 0, 0),
(443, 105, 261, 0, 0),
(444, 105, 265, 0, 0),
(445, 105, 254, 0, 1),
(446, 106, 267, 0, 0),
(447, 106, 269, 0, 0),
(448, 106, 261, 0, 0),
(449, 106, 265, 0, 0),
(450, 106, 254, 0, 1),
(451, 107, 268, 0, 0),
(452, 107, 270, 0, 0),
(453, 107, 272, 0, 0),
(454, 107, 273, 0, 0),
(455, 107, 274, 0, 1);

-- --------------------------------------------------------

--
-- Table structure for table `class_course_semester_merge`
--

DROP TABLE IF EXISTS `class_course_semester_merge`;
CREATE TABLE IF NOT EXISTS `class_course_semester_merge` (
`class_course_semester_merge_id` int(11) NOT NULL,
  `class_course_semester_id_1` int(11) NOT NULL,
  `class_course_semester_id_2` int(11) NOT NULL
) ENGINE=InnoDB AUTO_INCREMENT=189 DEFAULT CHARSET=utf8 COLLATE=utf8_vietnamese_ci;

--
-- Dumping data for table `class_course_semester_merge`
--

INSERT INTO `class_course_semester_merge` (`class_course_semester_merge_id`, `class_course_semester_id_1`, `class_course_semester_id_2`) VALUES
(185, 387, 397),
(186, 388, 398),
(187, 394, 399),
(188, 390, 400);

-- --------------------------------------------------------

--
-- Table structure for table `class_course_student_semester`
--

DROP TABLE IF EXISTS `class_course_student_semester`;
CREATE TABLE IF NOT EXISTS `class_course_student_semester` (
`class_course_student_semester_id` int(11) NOT NULL,
  `class_course_semester_id` int(11) NOT NULL,
  `student_id` int(11) NOT NULL
) ENGINE=InnoDB AUTO_INCREMENT=16306 DEFAULT CHARSET=latin1;

--
-- Dumping data for table `class_course_student_semester`
--

INSERT INTO `class_course_student_semester` (`class_course_student_semester_id`, `class_course_semester_id`, `student_id`) VALUES
(13076, 321, 466),
(13081, 321, 467),
(13086, 321, 468),
(13091, 321, 469),
(13096, 321, 470),
(13101, 321, 471),
(13106, 321, 472),
(13111, 321, 473),
(13116, 321, 474),
(13121, 321, 475),
(13126, 321, 476),
(13131, 321, 477),
(13136, 321, 478),
(13141, 321, 479),
(13146, 321, 480),
(13151, 321, 481),
(13156, 321, 482),
(13161, 321, 483),
(13166, 321, 484),
(13171, 321, 485),
(13176, 321, 486),
(13181, 321, 487),
(13186, 321, 488),
(13191, 321, 489),
(13196, 321, 490),
(13201, 321, 491),
(13206, 321, 492),
(13211, 321, 493),
(13216, 321, 494),
(13221, 321, 495),
(13077, 322, 466),
(13082, 322, 467),
(13087, 322, 468),
(13092, 322, 469),
(13097, 322, 470),
(13102, 322, 471),
(13107, 322, 472),
(13112, 322, 473),
(13117, 322, 474),
(13122, 322, 475),
(13127, 322, 476),
(13132, 322, 477),
(13137, 322, 478),
(13142, 322, 479),
(13147, 322, 480),
(13152, 322, 481),
(13157, 322, 482),
(13162, 322, 483),
(13167, 322, 484),
(13172, 322, 485),
(13177, 322, 486),
(13182, 322, 487),
(13187, 322, 488),
(13192, 322, 489),
(13197, 322, 490),
(13202, 322, 491),
(13207, 322, 492),
(13212, 322, 493),
(13217, 322, 494),
(13222, 322, 495),
(13078, 323, 466),
(13083, 323, 467),
(13088, 323, 468),
(13093, 323, 469),
(13098, 323, 470),
(13103, 323, 471),
(13108, 323, 472),
(13113, 323, 473),
(13118, 323, 474),
(13123, 323, 475),
(13128, 323, 476),
(13133, 323, 477),
(13138, 323, 478),
(13143, 323, 479),
(13148, 323, 480),
(13153, 323, 481),
(13158, 323, 482),
(13163, 323, 483),
(13168, 323, 484),
(13173, 323, 485),
(13178, 323, 486),
(13183, 323, 487),
(13188, 323, 488),
(13193, 323, 489),
(13198, 323, 490),
(13203, 323, 491),
(13208, 323, 492),
(13213, 323, 493),
(13218, 323, 494),
(13223, 323, 495),
(13079, 324, 466),
(13084, 324, 467),
(13089, 324, 468),
(13094, 324, 469),
(13099, 324, 470),
(13104, 324, 471),
(13109, 324, 472),
(13114, 324, 473),
(13119, 324, 474),
(13124, 324, 475),
(13129, 324, 476),
(13134, 324, 477),
(13139, 324, 478),
(13144, 324, 479),
(13149, 324, 480),
(13154, 324, 481),
(13159, 324, 482),
(13164, 324, 483),
(13169, 324, 484),
(13174, 324, 485),
(13179, 324, 486),
(13184, 324, 487),
(13189, 324, 488),
(13194, 324, 489),
(13199, 324, 490),
(13204, 324, 491),
(13209, 324, 492),
(13214, 324, 493),
(13219, 324, 494),
(13224, 324, 495),
(13080, 325, 466),
(13085, 325, 467),
(13090, 325, 468),
(13095, 325, 469),
(13100, 325, 470),
(13105, 325, 471),
(13110, 325, 472),
(13115, 325, 473),
(13120, 325, 474),
(13125, 325, 475),
(13130, 325, 476),
(13135, 325, 477),
(13140, 325, 478),
(13145, 325, 479),
(13150, 325, 480),
(13155, 325, 481),
(13160, 325, 482),
(13165, 325, 483),
(13170, 325, 484),
(13175, 325, 485),
(13180, 325, 486),
(13185, 325, 487),
(13190, 325, 488),
(13195, 325, 489),
(13200, 325, 490),
(13205, 325, 491),
(13210, 325, 492),
(13215, 325, 493),
(13220, 325, 494),
(13225, 325, 495),
(13226, 326, 496),
(13231, 326, 497),
(13236, 326, 498),
(13241, 326, 499),
(13246, 326, 500),
(13251, 326, 501),
(13256, 326, 502),
(13261, 326, 503),
(13266, 326, 504),
(13271, 326, 505),
(13276, 326, 506),
(13281, 326, 507),
(13286, 326, 508),
(13291, 326, 509),
(13296, 326, 510),
(13301, 326, 511),
(13306, 326, 512),
(13311, 326, 513),
(13316, 326, 514),
(13321, 326, 515),
(13326, 326, 516),
(13331, 326, 517),
(13336, 326, 518),
(13341, 326, 519),
(13346, 326, 520),
(13351, 326, 521),
(13356, 326, 522),
(13361, 326, 523),
(13366, 326, 524),
(13371, 326, 525),
(13227, 327, 496),
(13232, 327, 497),
(13237, 327, 498),
(13242, 327, 499),
(13247, 327, 500),
(13252, 327, 501),
(13257, 327, 502),
(13262, 327, 503),
(13267, 327, 504),
(13272, 327, 505),
(13277, 327, 506),
(13282, 327, 507),
(13287, 327, 508),
(13292, 327, 509),
(13297, 327, 510),
(13302, 327, 511),
(13307, 327, 512),
(13312, 327, 513),
(13317, 327, 514),
(13322, 327, 515),
(13327, 327, 516),
(13332, 327, 517),
(13337, 327, 518),
(13342, 327, 519),
(13347, 327, 520),
(13352, 327, 521),
(13357, 327, 522),
(13362, 327, 523),
(13367, 327, 524),
(13372, 327, 525),
(13228, 328, 496),
(13233, 328, 497),
(13238, 328, 498),
(13243, 328, 499),
(13248, 328, 500),
(13253, 328, 501),
(13258, 328, 502),
(13263, 328, 503),
(13268, 328, 504),
(13273, 328, 505),
(13278, 328, 506),
(13283, 328, 507),
(13288, 328, 508),
(13293, 328, 509),
(13298, 328, 510),
(13303, 328, 511),
(13308, 328, 512),
(13313, 328, 513),
(13318, 328, 514),
(13323, 328, 515),
(13328, 328, 516),
(13333, 328, 517),
(13338, 328, 518),
(13343, 328, 519),
(13348, 328, 520),
(13353, 328, 521),
(13358, 328, 522),
(13363, 328, 523),
(13368, 328, 524),
(13373, 328, 525),
(13229, 329, 496),
(13234, 329, 497),
(13239, 329, 498),
(13244, 329, 499),
(13249, 329, 500),
(13254, 329, 501),
(13259, 329, 502),
(13264, 329, 503),
(13269, 329, 504),
(13274, 329, 505),
(13279, 329, 506),
(13284, 329, 507),
(13289, 329, 508),
(13294, 329, 509),
(13299, 329, 510),
(13304, 329, 511),
(13309, 329, 512),
(13314, 329, 513),
(13319, 329, 514),
(13324, 329, 515),
(13329, 329, 516),
(13334, 329, 517),
(13339, 329, 518),
(13344, 329, 519),
(13349, 329, 520),
(13354, 329, 521),
(13359, 329, 522),
(13364, 329, 523),
(13369, 329, 524),
(13374, 329, 525),
(13230, 330, 496),
(13235, 330, 497),
(13240, 330, 498),
(13245, 330, 499),
(13250, 330, 500),
(13255, 330, 501),
(13260, 330, 502),
(13265, 330, 503),
(13270, 330, 504),
(13275, 330, 505),
(13280, 330, 506),
(13285, 330, 507),
(13290, 330, 508),
(13295, 330, 509),
(13300, 330, 510),
(13305, 330, 511),
(13310, 330, 512),
(13315, 330, 513),
(13320, 330, 514),
(13325, 330, 515),
(13330, 330, 516),
(13335, 330, 517),
(13340, 330, 518),
(13345, 330, 519),
(13350, 330, 520),
(13355, 330, 521),
(13360, 330, 522),
(13365, 330, 523),
(13370, 330, 524),
(13375, 330, 525),
(13376, 331, 526),
(13381, 331, 527),
(13386, 331, 528),
(13391, 331, 529),
(13396, 331, 530),
(13401, 331, 531),
(13406, 331, 532),
(13411, 331, 533),
(13416, 331, 534),
(13421, 331, 535),
(13426, 331, 536),
(13431, 331, 537),
(13436, 331, 538),
(13441, 331, 539),
(13446, 331, 540),
(13451, 331, 541),
(13456, 331, 542),
(13461, 331, 543),
(13466, 331, 544),
(13471, 331, 545),
(13476, 331, 546),
(13481, 331, 547),
(13486, 331, 548),
(13491, 331, 549),
(13496, 331, 550),
(13501, 331, 551),
(13506, 331, 552),
(13511, 331, 553),
(13516, 331, 554),
(13521, 331, 555),
(13377, 332, 526),
(13382, 332, 527),
(13387, 332, 528),
(13392, 332, 529),
(13397, 332, 530),
(13402, 332, 531),
(13407, 332, 532),
(13412, 332, 533),
(13417, 332, 534),
(13422, 332, 535),
(13427, 332, 536),
(13432, 332, 537),
(13437, 332, 538),
(13442, 332, 539),
(13447, 332, 540),
(13452, 332, 541),
(13457, 332, 542),
(13462, 332, 543),
(13467, 332, 544),
(13472, 332, 545),
(13477, 332, 546),
(13482, 332, 547),
(13487, 332, 548),
(13492, 332, 549),
(13497, 332, 550),
(13502, 332, 551),
(13507, 332, 552),
(13512, 332, 553),
(13517, 332, 554),
(13522, 332, 555),
(13378, 333, 526),
(13383, 333, 527),
(13388, 333, 528),
(13393, 333, 529),
(13398, 333, 530),
(13403, 333, 531),
(13408, 333, 532),
(13413, 333, 533),
(13418, 333, 534),
(13423, 333, 535),
(13428, 333, 536),
(13433, 333, 537),
(13438, 333, 538),
(13443, 333, 539),
(13448, 333, 540),
(13453, 333, 541),
(13458, 333, 542),
(13463, 333, 543),
(13468, 333, 544),
(13473, 333, 545),
(13478, 333, 546),
(13483, 333, 547),
(13488, 333, 548),
(13493, 333, 549),
(13498, 333, 550),
(13503, 333, 551),
(13508, 333, 552),
(13513, 333, 553),
(13518, 333, 554),
(13523, 333, 555),
(13379, 334, 526),
(13384, 334, 527),
(13389, 334, 528),
(13394, 334, 529),
(13399, 334, 530),
(13404, 334, 531),
(13409, 334, 532),
(13414, 334, 533),
(13419, 334, 534),
(13424, 334, 535),
(13429, 334, 536),
(13434, 334, 537),
(13439, 334, 538),
(13444, 334, 539),
(13449, 334, 540),
(13454, 334, 541),
(13459, 334, 542),
(13464, 334, 543),
(13469, 334, 544),
(13474, 334, 545),
(13479, 334, 546),
(13484, 334, 547),
(13489, 334, 548),
(13494, 334, 549),
(13499, 334, 550),
(13504, 334, 551),
(13509, 334, 552),
(13514, 334, 553),
(13519, 334, 554),
(13524, 334, 555),
(13380, 335, 526),
(13385, 335, 527),
(13390, 335, 528),
(13395, 335, 529),
(13400, 335, 530),
(13405, 335, 531),
(13410, 335, 532),
(13415, 335, 533),
(13420, 335, 534),
(13425, 335, 535),
(13430, 335, 536),
(13435, 335, 537),
(13440, 335, 538),
(13445, 335, 539),
(13450, 335, 540),
(13455, 335, 541),
(13460, 335, 542),
(13465, 335, 543),
(13470, 335, 544),
(13475, 335, 545),
(13480, 335, 546),
(13485, 335, 547),
(13490, 335, 548),
(13495, 335, 549),
(13500, 335, 550),
(13505, 335, 551),
(13510, 335, 552),
(13515, 335, 553),
(13520, 335, 554),
(13525, 335, 555),
(13526, 336, 556),
(13531, 336, 557),
(13536, 336, 558),
(13541, 336, 559),
(13546, 336, 560),
(13551, 336, 561),
(13556, 336, 562),
(13561, 336, 563),
(13566, 336, 564),
(13571, 336, 565),
(13576, 336, 566),
(13581, 336, 567),
(13586, 336, 568),
(13591, 336, 569),
(13596, 336, 570),
(13601, 336, 571),
(13606, 336, 572),
(13611, 336, 573),
(13616, 336, 574),
(13621, 336, 575),
(13626, 336, 576),
(13631, 336, 577),
(13636, 336, 578),
(13641, 336, 579),
(13646, 336, 580),
(13651, 336, 581),
(13656, 336, 582),
(13661, 336, 583),
(13666, 336, 584),
(13671, 336, 585),
(13527, 337, 556),
(13532, 337, 557),
(13537, 337, 558),
(13542, 337, 559),
(13547, 337, 560),
(13552, 337, 561),
(13557, 337, 562),
(13562, 337, 563),
(13567, 337, 564),
(13572, 337, 565),
(13577, 337, 566),
(13582, 337, 567),
(13587, 337, 568),
(13592, 337, 569),
(13597, 337, 570),
(13602, 337, 571),
(13607, 337, 572),
(13612, 337, 573),
(13617, 337, 574),
(13622, 337, 575),
(13627, 337, 576),
(13632, 337, 577),
(13637, 337, 578),
(13642, 337, 579),
(13647, 337, 580),
(13652, 337, 581),
(13657, 337, 582),
(13662, 337, 583),
(13667, 337, 584),
(13672, 337, 585),
(13528, 338, 556),
(13533, 338, 557),
(13538, 338, 558),
(13543, 338, 559),
(13548, 338, 560),
(13553, 338, 561),
(13558, 338, 562),
(13563, 338, 563),
(13568, 338, 564),
(13573, 338, 565),
(13578, 338, 566),
(13583, 338, 567),
(13588, 338, 568),
(13593, 338, 569),
(13598, 338, 570),
(13603, 338, 571),
(13608, 338, 572),
(13613, 338, 573),
(13618, 338, 574),
(13623, 338, 575),
(13628, 338, 576),
(13633, 338, 577),
(13638, 338, 578),
(13643, 338, 579),
(13648, 338, 580),
(13653, 338, 581),
(13658, 338, 582),
(13663, 338, 583),
(13668, 338, 584),
(13673, 338, 585),
(13529, 339, 556),
(13534, 339, 557),
(13539, 339, 558),
(13544, 339, 559),
(13549, 339, 560),
(13554, 339, 561),
(13559, 339, 562),
(13564, 339, 563),
(13569, 339, 564),
(13574, 339, 565),
(13579, 339, 566),
(13584, 339, 567),
(13589, 339, 568),
(13594, 339, 569),
(13599, 339, 570),
(13604, 339, 571),
(13609, 339, 572),
(13614, 339, 573),
(13619, 339, 574),
(13624, 339, 575),
(13629, 339, 576),
(13634, 339, 577),
(13639, 339, 578),
(13644, 339, 579),
(13649, 339, 580),
(13654, 339, 581),
(13659, 339, 582),
(13664, 339, 583),
(13669, 339, 584),
(13674, 339, 585),
(13530, 340, 556),
(13535, 340, 557),
(13540, 340, 558),
(13545, 340, 559),
(13550, 340, 560),
(13555, 340, 561),
(13560, 340, 562),
(13565, 340, 563),
(13570, 340, 564),
(13575, 340, 565),
(13580, 340, 566),
(13585, 340, 567),
(13590, 340, 568),
(13595, 340, 569),
(13600, 340, 570),
(13605, 340, 571),
(13610, 340, 572),
(13615, 340, 573),
(13620, 340, 574),
(13625, 340, 575),
(13630, 340, 576),
(13635, 340, 577),
(13640, 340, 578),
(13645, 340, 579),
(13650, 340, 580),
(13655, 340, 581),
(13660, 340, 582),
(13665, 340, 583),
(13670, 340, 584),
(13675, 340, 585),
(13676, 341, 586),
(13681, 341, 587),
(13686, 341, 588),
(13691, 341, 589),
(13696, 341, 590),
(13701, 341, 591),
(13706, 341, 592),
(13711, 341, 593),
(13716, 341, 594),
(13721, 341, 595),
(13726, 341, 596),
(13731, 341, 597),
(13736, 341, 598),
(13741, 341, 599),
(13746, 341, 600),
(13751, 341, 601),
(13756, 341, 602),
(13761, 341, 603),
(13766, 341, 604),
(13771, 341, 605),
(13776, 341, 606),
(13781, 341, 607),
(13786, 341, 608),
(13791, 341, 609),
(13796, 341, 610),
(13801, 341, 611),
(13806, 341, 612),
(13811, 341, 613),
(13816, 341, 614),
(13821, 341, 615),
(13677, 342, 586),
(13682, 342, 587),
(13687, 342, 588),
(13692, 342, 589),
(13697, 342, 590),
(13702, 342, 591),
(13707, 342, 592),
(13712, 342, 593),
(13717, 342, 594),
(13722, 342, 595),
(13727, 342, 596),
(13732, 342, 597),
(13737, 342, 598),
(13742, 342, 599),
(13747, 342, 600),
(13752, 342, 601),
(13757, 342, 602),
(13762, 342, 603),
(13767, 342, 604),
(13772, 342, 605),
(13777, 342, 606),
(13782, 342, 607),
(13787, 342, 608),
(13792, 342, 609),
(13797, 342, 610),
(13802, 342, 611),
(13807, 342, 612),
(13812, 342, 613),
(13817, 342, 614),
(13822, 342, 615),
(13678, 343, 586),
(13683, 343, 587),
(13688, 343, 588),
(13693, 343, 589),
(13698, 343, 590),
(13703, 343, 591),
(13708, 343, 592),
(13713, 343, 593),
(13718, 343, 594),
(13723, 343, 595),
(13728, 343, 596),
(13733, 343, 597),
(13738, 343, 598),
(13743, 343, 599),
(13748, 343, 600),
(13753, 343, 601),
(13758, 343, 602),
(13763, 343, 603),
(13768, 343, 604),
(13773, 343, 605),
(13778, 343, 606),
(13783, 343, 607),
(13788, 343, 608),
(13793, 343, 609),
(13798, 343, 610),
(13803, 343, 611),
(13808, 343, 612),
(13813, 343, 613),
(13818, 343, 614),
(13823, 343, 615),
(13679, 344, 586),
(13684, 344, 587),
(13689, 344, 588),
(13694, 344, 589),
(13699, 344, 590),
(13704, 344, 591),
(13709, 344, 592),
(13714, 344, 593),
(13719, 344, 594),
(13724, 344, 595),
(13729, 344, 596),
(13734, 344, 597),
(13739, 344, 598),
(13744, 344, 599),
(13749, 344, 600),
(13754, 344, 601),
(13759, 344, 602),
(13764, 344, 603),
(13769, 344, 604),
(13774, 344, 605),
(13779, 344, 606),
(13784, 344, 607),
(13789, 344, 608),
(13794, 344, 609),
(13799, 344, 610),
(13804, 344, 611),
(13809, 344, 612),
(13814, 344, 613),
(13819, 344, 614),
(13824, 344, 615),
(13680, 345, 586),
(13685, 345, 587),
(13690, 345, 588),
(13695, 345, 589),
(13700, 345, 590),
(13705, 345, 591),
(13710, 345, 592),
(13715, 345, 593),
(13720, 345, 594),
(13725, 345, 595),
(13730, 345, 596),
(13735, 345, 597),
(13740, 345, 598),
(13745, 345, 599),
(13750, 345, 600),
(13755, 345, 601),
(13760, 345, 602),
(13765, 345, 603),
(13770, 345, 604),
(13775, 345, 605),
(13780, 345, 606),
(13785, 345, 607),
(13790, 345, 608),
(13795, 345, 609),
(13800, 345, 610),
(13805, 345, 611),
(13810, 345, 612),
(13815, 345, 613),
(13820, 345, 614),
(13825, 345, 615),
(13826, 346, 616),
(13831, 346, 617),
(13836, 346, 618),
(13841, 346, 619),
(13846, 346, 620),
(13851, 346, 621),
(13856, 346, 622),
(13861, 346, 623),
(13866, 346, 624),
(13871, 346, 625),
(13876, 346, 626),
(13881, 346, 627),
(13886, 346, 628),
(13891, 346, 629),
(13896, 346, 630),
(13901, 346, 631),
(13906, 346, 632),
(13911, 346, 633),
(13916, 346, 634),
(13921, 346, 635),
(13926, 346, 636),
(13931, 346, 637),
(13936, 346, 638),
(13941, 346, 639),
(13946, 346, 640),
(13951, 346, 641),
(13956, 346, 642),
(13961, 346, 643),
(13966, 346, 644),
(13827, 347, 616),
(13832, 347, 617),
(13837, 347, 618),
(13842, 347, 619),
(13847, 347, 620),
(13852, 347, 621),
(13857, 347, 622),
(13862, 347, 623),
(13867, 347, 624),
(13872, 347, 625),
(13877, 347, 626),
(13882, 347, 627),
(13887, 347, 628),
(13892, 347, 629),
(13897, 347, 630),
(13902, 347, 631),
(13907, 347, 632),
(13912, 347, 633),
(13917, 347, 634),
(13922, 347, 635),
(13927, 347, 636),
(13932, 347, 637),
(13937, 347, 638),
(13942, 347, 639),
(13947, 347, 640),
(13952, 347, 641),
(13957, 347, 642),
(13962, 347, 643),
(13967, 347, 644),
(13828, 348, 616),
(13833, 348, 617),
(13838, 348, 618),
(13843, 348, 619),
(13848, 348, 620),
(13853, 348, 621),
(13858, 348, 622),
(13863, 348, 623),
(13868, 348, 624),
(13873, 348, 625),
(13878, 348, 626),
(13883, 348, 627),
(13888, 348, 628),
(13893, 348, 629),
(13898, 348, 630),
(13903, 348, 631),
(13908, 348, 632),
(13913, 348, 633),
(13918, 348, 634),
(13923, 348, 635),
(13928, 348, 636),
(13933, 348, 637),
(13938, 348, 638),
(13943, 348, 639),
(13948, 348, 640),
(13953, 348, 641),
(13958, 348, 642),
(13963, 348, 643),
(13968, 348, 644),
(13829, 349, 616),
(13834, 349, 617),
(13839, 349, 618),
(13844, 349, 619),
(13849, 349, 620),
(13854, 349, 621),
(13859, 349, 622),
(13864, 349, 623),
(13869, 349, 624),
(13874, 349, 625),
(13879, 349, 626),
(13884, 349, 627),
(13889, 349, 628),
(13894, 349, 629),
(13899, 349, 630),
(13904, 349, 631),
(13909, 349, 632),
(13914, 349, 633),
(13919, 349, 634),
(13924, 349, 635),
(13929, 349, 636),
(13934, 349, 637),
(13939, 349, 638),
(13944, 349, 639),
(13949, 349, 640),
(13954, 349, 641),
(13959, 349, 642),
(13964, 349, 643),
(13969, 349, 644),
(13830, 350, 616),
(13835, 350, 617),
(13840, 350, 618),
(13845, 350, 619),
(13850, 350, 620),
(13855, 350, 621),
(13860, 350, 622),
(13865, 350, 623),
(13870, 350, 624),
(13875, 350, 625),
(13880, 350, 626),
(13885, 350, 627),
(13890, 350, 628),
(13895, 350, 629),
(13900, 350, 630),
(13905, 350, 631),
(13910, 350, 632),
(13915, 350, 633),
(13920, 350, 634),
(13925, 350, 635),
(13930, 350, 636),
(13935, 350, 637),
(13940, 350, 638),
(13945, 350, 639),
(13950, 350, 640),
(13955, 350, 641),
(13960, 350, 642),
(13965, 350, 643),
(13970, 350, 644),
(15976, 351, 341),
(15981, 351, 342),
(15986, 351, 343),
(15991, 351, 344),
(15996, 351, 345),
(16001, 351, 346),
(16006, 351, 347),
(16011, 351, 348),
(16016, 351, 349),
(16021, 351, 350),
(16026, 351, 351),
(16031, 351, 368),
(16036, 351, 369),
(16041, 351, 370),
(16046, 351, 371),
(16051, 351, 372),
(16056, 351, 373),
(16061, 351, 374),
(16066, 351, 375),
(16071, 351, 376),
(16076, 351, 377),
(16081, 351, 378),
(16086, 351, 379),
(16091, 351, 380),
(16096, 351, 381),
(16101, 351, 382),
(16106, 351, 383),
(15977, 352, 341),
(15982, 352, 342),
(15987, 352, 343),
(15992, 352, 344),
(15997, 352, 345),
(16002, 352, 346),
(16007, 352, 347),
(16012, 352, 348),
(16017, 352, 349),
(16022, 352, 350),
(16027, 352, 351),
(16032, 352, 368),
(16037, 352, 369),
(16042, 352, 370),
(16047, 352, 371),
(16052, 352, 372),
(16057, 352, 373),
(16062, 352, 374),
(16067, 352, 375),
(16072, 352, 376),
(16077, 352, 377),
(16082, 352, 378),
(16087, 352, 379),
(16092, 352, 380),
(16097, 352, 381),
(16102, 352, 382),
(16107, 352, 383),
(15978, 353, 341),
(15983, 353, 342),
(15988, 353, 343),
(15993, 353, 344),
(15998, 353, 345),
(16003, 353, 346),
(16008, 353, 347),
(16013, 353, 348),
(16018, 353, 349),
(16023, 353, 350),
(16028, 353, 351),
(16033, 353, 368),
(16038, 353, 369),
(16043, 353, 370),
(16048, 353, 371),
(16053, 353, 372),
(16058, 353, 373),
(16063, 353, 374),
(16068, 353, 375),
(16073, 353, 376),
(16078, 353, 377),
(16083, 353, 378),
(16088, 353, 379),
(16093, 353, 380),
(16098, 353, 381),
(16103, 353, 382),
(16108, 353, 383),
(15979, 354, 341),
(15984, 354, 342),
(15989, 354, 343),
(15994, 354, 344),
(15999, 354, 345),
(16004, 354, 346),
(16009, 354, 347),
(16014, 354, 348),
(16019, 354, 349),
(16024, 354, 350),
(16029, 354, 351),
(16034, 354, 368),
(16039, 354, 369),
(16044, 354, 370),
(16049, 354, 371),
(16054, 354, 372),
(16059, 354, 373),
(16064, 354, 374),
(16069, 354, 375),
(16074, 354, 376),
(16079, 354, 377),
(16084, 354, 378),
(16089, 354, 379),
(16094, 354, 380),
(16099, 354, 381),
(16104, 354, 382),
(16109, 354, 383),
(15980, 355, 341),
(15985, 355, 342),
(15990, 355, 343),
(15995, 355, 344),
(16000, 355, 345),
(16005, 355, 346),
(16010, 355, 347),
(16015, 355, 348),
(16020, 355, 349),
(16025, 355, 350),
(16030, 355, 351),
(16035, 355, 368),
(16040, 355, 369),
(16045, 355, 370),
(16050, 355, 371),
(16055, 355, 372),
(16060, 355, 373),
(16065, 355, 374),
(16070, 355, 375),
(16075, 355, 376),
(16080, 355, 377),
(16085, 355, 378),
(16090, 355, 379),
(16095, 355, 380),
(16100, 355, 381),
(16105, 355, 382),
(16110, 355, 383),
(16226, 356, 352),
(16231, 356, 353),
(16236, 356, 354),
(16241, 356, 355),
(16246, 356, 356),
(16251, 356, 357),
(16256, 356, 358),
(16261, 356, 359),
(16266, 356, 360),
(16271, 356, 361),
(16276, 356, 362),
(16281, 356, 363),
(16286, 356, 364),
(16291, 356, 365),
(16296, 356, 366),
(16301, 356, 367),
(16227, 357, 352),
(16232, 357, 353),
(16237, 357, 354),
(16242, 357, 355),
(16247, 357, 356),
(16252, 357, 357),
(16257, 357, 358),
(16262, 357, 359),
(16267, 357, 360),
(16272, 357, 361),
(16277, 357, 362),
(16282, 357, 363),
(16287, 357, 364),
(16292, 357, 365),
(16297, 357, 366),
(16302, 357, 367),
(16228, 358, 352),
(16233, 358, 353),
(16238, 358, 354),
(16243, 358, 355),
(16248, 358, 356),
(16253, 358, 357),
(16258, 358, 358),
(16263, 358, 359),
(16268, 358, 360),
(16273, 358, 361),
(16278, 358, 362),
(16283, 358, 363),
(16288, 358, 364),
(16293, 358, 365),
(16298, 358, 366),
(16303, 358, 367),
(16229, 359, 352),
(16234, 359, 353),
(16239, 359, 354),
(16244, 359, 355),
(16249, 359, 356),
(16254, 359, 357),
(16259, 359, 358),
(16264, 359, 359),
(16269, 359, 360),
(16274, 359, 361),
(16279, 359, 362),
(16284, 359, 363),
(16289, 359, 364),
(16294, 359, 365),
(16299, 359, 366),
(16304, 359, 367),
(16230, 360, 352),
(16235, 360, 353),
(16240, 360, 354),
(16245, 360, 355),
(16250, 360, 356),
(16255, 360, 357),
(16260, 360, 358),
(16265, 360, 359),
(16270, 360, 360),
(16275, 360, 361),
(16280, 360, 362),
(16285, 360, 363),
(16290, 360, 364),
(16295, 360, 365),
(16300, 360, 366),
(16305, 360, 367),
(13971, 361, 9),
(13976, 361, 10),
(13981, 361, 15),
(13986, 361, 16),
(13991, 361, 18),
(13996, 361, 21),
(14001, 361, 24),
(14006, 361, 25),
(14011, 361, 28),
(14016, 361, 50),
(14021, 361, 53),
(14026, 361, 63),
(14031, 361, 65),
(14036, 361, 75),
(14041, 361, 91),
(14046, 361, 122),
(14051, 361, 142),
(14056, 361, 282),
(14061, 361, 283),
(14066, 361, 284),
(14071, 361, 285),
(14076, 361, 286),
(14081, 361, 287),
(14086, 361, 288),
(14091, 361, 289),
(14096, 361, 290),
(14101, 361, 291),
(14106, 361, 292),
(14111, 361, 293),
(14116, 361, 294),
(13972, 362, 9),
(13977, 362, 10),
(13982, 362, 15),
(13987, 362, 16),
(13992, 362, 18),
(13997, 362, 21),
(14002, 362, 24),
(14007, 362, 25),
(14012, 362, 28),
(14017, 362, 50),
(14022, 362, 53),
(14027, 362, 63),
(14032, 362, 65),
(14037, 362, 75),
(14042, 362, 91),
(14047, 362, 122),
(14052, 362, 142),
(14057, 362, 282),
(14062, 362, 283),
(14067, 362, 284),
(14072, 362, 285),
(14077, 362, 286),
(14082, 362, 287),
(14087, 362, 288),
(14092, 362, 289),
(14097, 362, 290),
(14102, 362, 291),
(14107, 362, 292),
(14112, 362, 293),
(14117, 362, 294),
(13973, 363, 9),
(13978, 363, 10),
(13983, 363, 15),
(13988, 363, 16),
(13993, 363, 18),
(13998, 363, 21),
(14003, 363, 24),
(14008, 363, 25),
(14013, 363, 28),
(14018, 363, 50),
(14023, 363, 53),
(14028, 363, 63),
(14033, 363, 65),
(14038, 363, 75),
(14043, 363, 91),
(14048, 363, 122),
(14053, 363, 142),
(14058, 363, 282),
(14063, 363, 283),
(14068, 363, 284),
(14073, 363, 285),
(14078, 363, 286),
(14083, 363, 287),
(14088, 363, 288),
(14093, 363, 289),
(14098, 363, 290),
(14103, 363, 291),
(14108, 363, 292),
(14113, 363, 293),
(14118, 363, 294),
(13974, 364, 9),
(13979, 364, 10),
(13984, 364, 15),
(13989, 364, 16),
(13994, 364, 18),
(13999, 364, 21),
(14004, 364, 24),
(14009, 364, 25),
(14014, 364, 28),
(14019, 364, 50),
(14024, 364, 53),
(14029, 364, 63),
(14034, 364, 65),
(14039, 364, 75),
(14044, 364, 91),
(14049, 364, 122),
(14054, 364, 142),
(14059, 364, 282),
(14064, 364, 283),
(14069, 364, 284),
(14074, 364, 285),
(14079, 364, 286),
(14084, 364, 287),
(14089, 364, 288),
(14094, 364, 289),
(14099, 364, 290),
(14104, 364, 291),
(14109, 364, 292),
(14114, 364, 293),
(14119, 364, 294),
(13975, 365, 9),
(13980, 365, 10),
(13985, 365, 15),
(13990, 365, 16),
(13995, 365, 18),
(14000, 365, 21),
(14005, 365, 24),
(14010, 365, 25),
(14015, 365, 28),
(14020, 365, 50),
(14025, 365, 53),
(14030, 365, 63),
(14035, 365, 65),
(14040, 365, 75),
(14045, 365, 91),
(14050, 365, 122),
(14055, 365, 142),
(14060, 365, 282),
(14065, 365, 283),
(14070, 365, 284),
(14075, 365, 285),
(14080, 365, 286),
(14085, 365, 287),
(14090, 365, 288),
(14095, 365, 289),
(14100, 365, 290),
(14105, 365, 291),
(14110, 365, 292),
(14115, 365, 293),
(14120, 365, 294),
(14121, 366, 295),
(14126, 366, 296),
(14131, 366, 297),
(14136, 366, 298),
(14141, 366, 299),
(14146, 366, 300),
(14151, 366, 301),
(14156, 366, 302),
(14161, 366, 303),
(14166, 366, 304),
(14171, 366, 305),
(14176, 366, 306),
(14181, 366, 307),
(14186, 366, 308),
(14191, 366, 309),
(14196, 366, 310),
(14201, 366, 311),
(14206, 366, 312),
(14122, 367, 295),
(14127, 367, 296),
(14132, 367, 297),
(14137, 367, 298),
(14142, 367, 299),
(14147, 367, 300),
(14152, 367, 301),
(14157, 367, 302),
(14162, 367, 303),
(14167, 367, 304),
(14172, 367, 305),
(14177, 367, 306),
(14182, 367, 307),
(14187, 367, 308),
(14192, 367, 309),
(14197, 367, 310),
(14202, 367, 311),
(14207, 367, 312),
(14123, 368, 295),
(14128, 368, 296),
(14133, 368, 297),
(14138, 368, 298),
(14143, 368, 299),
(14148, 368, 300),
(14153, 368, 301),
(14158, 368, 302),
(14163, 368, 303),
(14168, 368, 304),
(14173, 368, 305),
(14178, 368, 306),
(14183, 368, 307),
(14188, 368, 308),
(14193, 368, 309),
(14198, 368, 310),
(14203, 368, 311),
(14208, 368, 312),
(14124, 369, 295),
(14129, 369, 296),
(14134, 369, 297),
(14139, 369, 298),
(14144, 369, 299),
(14149, 369, 300),
(14154, 369, 301),
(14159, 369, 302),
(14164, 369, 303),
(14169, 369, 304),
(14174, 369, 305),
(14179, 369, 306),
(14184, 369, 307),
(14189, 369, 308),
(14194, 369, 309),
(14199, 369, 310),
(14204, 369, 311),
(14209, 369, 312),
(14125, 370, 295),
(14130, 370, 296),
(14135, 370, 297),
(14140, 370, 298),
(14145, 370, 299),
(14150, 370, 300),
(14155, 370, 301),
(14160, 370, 302),
(14165, 370, 303),
(14170, 370, 304),
(14175, 370, 305),
(14180, 370, 306),
(14185, 370, 307),
(14190, 370, 308),
(14195, 370, 309),
(14200, 370, 310),
(14205, 370, 311),
(14210, 370, 312),
(14211, 371, 313),
(14216, 371, 314),
(14221, 371, 315),
(14226, 371, 316),
(14231, 371, 317),
(14236, 371, 318),
(14241, 371, 319),
(14246, 371, 320),
(14251, 371, 321),
(14256, 371, 322),
(14261, 371, 323),
(14266, 371, 324),
(14271, 371, 325),
(14276, 371, 326),
(14281, 371, 327),
(14286, 371, 328),
(14291, 371, 329),
(14296, 371, 331),
(14212, 372, 313),
(14217, 372, 314),
(14222, 372, 315),
(14227, 372, 316),
(14232, 372, 317),
(14237, 372, 318),
(14242, 372, 319),
(14247, 372, 320),
(14252, 372, 321),
(14257, 372, 322),
(14262, 372, 323),
(14267, 372, 324),
(14272, 372, 325),
(14277, 372, 326),
(14282, 372, 327),
(14287, 372, 328),
(14292, 372, 329),
(14297, 372, 331),
(14213, 373, 313),
(14218, 373, 314),
(14223, 373, 315),
(14228, 373, 316),
(14233, 373, 317),
(14238, 373, 318),
(14243, 373, 319),
(14248, 373, 320),
(14253, 373, 321),
(14258, 373, 322),
(14263, 373, 323),
(14268, 373, 324),
(14273, 373, 325),
(14278, 373, 326),
(14283, 373, 327),
(14288, 373, 328),
(14293, 373, 329),
(14298, 373, 331),
(14214, 374, 313),
(14219, 374, 314),
(14224, 374, 315),
(14229, 374, 316),
(14234, 374, 317),
(14239, 374, 318),
(14244, 374, 319),
(14249, 374, 320),
(14254, 374, 321),
(14259, 374, 322),
(14264, 374, 323),
(14269, 374, 324),
(14274, 374, 325),
(14279, 374, 326),
(14284, 374, 327),
(14289, 374, 328),
(14294, 374, 329),
(14299, 374, 331),
(14215, 375, 313),
(14220, 375, 314),
(14225, 375, 315),
(14230, 375, 316),
(14235, 375, 317),
(14240, 375, 318),
(14245, 375, 319),
(14250, 375, 320),
(14255, 375, 321),
(14260, 375, 322),
(14265, 375, 323),
(14270, 375, 324),
(14275, 375, 325),
(14280, 375, 326),
(14285, 375, 327),
(14290, 375, 328),
(14295, 375, 329),
(14300, 375, 331),
(15371, 376, 384),
(15376, 376, 385),
(15381, 376, 386),
(15386, 376, 387),
(15391, 376, 388),
(15396, 376, 389),
(15401, 376, 390),
(15406, 376, 391),
(15411, 376, 392),
(15416, 376, 393),
(15421, 376, 394),
(15426, 376, 395),
(15431, 376, 396),
(15436, 376, 397),
(15372, 377, 384),
(15377, 377, 385),
(15382, 377, 386),
(15387, 377, 387),
(15392, 377, 388),
(15397, 377, 389),
(15402, 377, 390),
(15407, 377, 391),
(15412, 377, 392),
(15417, 377, 393),
(15422, 377, 394),
(15427, 377, 395),
(15432, 377, 396),
(15437, 377, 397),
(15373, 378, 384),
(15378, 378, 385),
(15383, 378, 386),
(15388, 378, 387),
(15393, 378, 388),
(15398, 378, 389),
(15403, 378, 390),
(15408, 378, 391),
(15413, 378, 392),
(15418, 378, 393),
(15423, 378, 394),
(15428, 378, 395),
(15433, 378, 396),
(15438, 378, 397),
(15374, 379, 384),
(15379, 379, 385),
(15384, 379, 386),
(15389, 379, 387),
(15394, 379, 388),
(15399, 379, 389),
(15404, 379, 390),
(15409, 379, 391),
(15414, 379, 392),
(15419, 379, 393),
(15424, 379, 394),
(15429, 379, 395),
(15434, 379, 396),
(15439, 379, 397),
(15375, 380, 384),
(15380, 380, 385),
(15385, 380, 386),
(15390, 380, 387),
(15395, 380, 388),
(15400, 380, 389),
(15405, 380, 390),
(15410, 380, 391),
(15415, 380, 392),
(15420, 380, 393),
(15425, 380, 394),
(15430, 380, 395),
(15435, 380, 396),
(15440, 380, 397),
(14301, 381, 1),
(14306, 381, 5),
(14311, 381, 11),
(14316, 381, 14),
(14321, 381, 17),
(14326, 381, 19),
(14331, 381, 20),
(14336, 381, 22),
(14341, 381, 23),
(14346, 381, 26),
(14351, 381, 27),
(14356, 381, 29),
(14361, 381, 30),
(14366, 381, 31),
(14371, 381, 32),
(14376, 381, 33),
(14381, 381, 34),
(14386, 381, 35),
(14391, 381, 36),
(14396, 381, 37),
(14401, 381, 38),
(14406, 381, 39),
(14411, 381, 40),
(14416, 381, 41),
(14421, 381, 42),
(14426, 381, 43),
(14431, 381, 44),
(14436, 381, 45),
(14441, 381, 46),
(14446, 381, 47),
(14302, 382, 1),
(14307, 382, 5),
(14312, 382, 11),
(14317, 382, 14),
(14322, 382, 17),
(14327, 382, 19),
(14332, 382, 20),
(14337, 382, 22),
(14342, 382, 23),
(14347, 382, 26),
(14352, 382, 27),
(14357, 382, 29),
(14362, 382, 30),
(14367, 382, 31),
(14372, 382, 32),
(14377, 382, 33),
(14382, 382, 34),
(14387, 382, 35),
(14392, 382, 36),
(14397, 382, 37),
(14402, 382, 38),
(14407, 382, 39),
(14412, 382, 40),
(14417, 382, 41),
(14422, 382, 42),
(14427, 382, 43),
(14432, 382, 44),
(14437, 382, 45),
(14442, 382, 46),
(14447, 382, 47),
(14303, 383, 1),
(14308, 383, 5),
(14313, 383, 11),
(14318, 383, 14),
(14323, 383, 17),
(14328, 383, 19),
(14333, 383, 20),
(14338, 383, 22),
(14343, 383, 23),
(14348, 383, 26),
(14353, 383, 27),
(14358, 383, 29),
(14363, 383, 30),
(14368, 383, 31),
(14373, 383, 32),
(14378, 383, 33),
(14383, 383, 34),
(14388, 383, 35),
(14393, 383, 36),
(14398, 383, 37),
(14403, 383, 38),
(14408, 383, 39),
(14413, 383, 40),
(14418, 383, 41),
(14423, 383, 42),
(14428, 383, 43),
(14433, 383, 44),
(14438, 383, 45),
(14443, 383, 46),
(14448, 383, 47),
(14304, 384, 1),
(14309, 384, 5),
(14314, 384, 11),
(14319, 384, 14),
(14324, 384, 17),
(14329, 384, 19),
(14334, 384, 20),
(14339, 384, 22),
(14344, 384, 23),
(14349, 384, 26),
(14354, 384, 27),
(14359, 384, 29),
(14364, 384, 30),
(14369, 384, 31),
(14374, 384, 32),
(14379, 384, 33),
(14384, 384, 34),
(14389, 384, 35),
(14394, 384, 36),
(14399, 384, 37),
(14404, 384, 38),
(14409, 384, 39),
(14414, 384, 40),
(14419, 384, 41),
(14424, 384, 42),
(14429, 384, 43),
(14434, 384, 44),
(14439, 384, 45),
(14444, 384, 46),
(14449, 384, 47),
(14305, 385, 1),
(14310, 385, 5),
(14315, 385, 11),
(14320, 385, 14),
(14325, 385, 17),
(14330, 385, 19),
(14335, 385, 20),
(14340, 385, 22),
(14345, 385, 23),
(14350, 385, 26),
(14355, 385, 27),
(14360, 385, 29),
(14365, 385, 30),
(14370, 385, 31),
(14375, 385, 32),
(14380, 385, 33),
(14385, 385, 34),
(14390, 385, 35),
(14395, 385, 36),
(14400, 385, 37),
(14405, 385, 38),
(14410, 385, 39),
(14415, 385, 40),
(14420, 385, 41),
(14425, 385, 42),
(14430, 385, 43),
(14435, 385, 44),
(14440, 385, 45),
(14445, 385, 46),
(14450, 385, 47),
(14451, 386, 48),
(14456, 386, 49),
(14461, 386, 51),
(14466, 386, 52),
(14471, 386, 54),
(14476, 386, 55),
(14481, 386, 56),
(14486, 386, 57),
(14491, 386, 58),
(14496, 386, 59),
(14501, 386, 60),
(14506, 386, 61),
(14511, 386, 62),
(14516, 386, 64),
(14521, 386, 66),
(14526, 386, 67),
(14531, 386, 68),
(14536, 386, 69),
(14541, 386, 70),
(14546, 386, 71),
(14551, 386, 72),
(14556, 386, 73),
(14561, 386, 74),
(14452, 387, 48),
(14457, 387, 49),
(14462, 387, 51),
(14467, 387, 52),
(14472, 387, 54),
(14477, 387, 55),
(14482, 387, 56),
(14487, 387, 57),
(14492, 387, 58),
(14497, 387, 59),
(14502, 387, 60),
(14507, 387, 61),
(14512, 387, 62),
(14517, 387, 64),
(14522, 387, 66),
(14527, 387, 67),
(14532, 387, 68),
(14537, 387, 69),
(14542, 387, 70),
(14547, 387, 71),
(14552, 387, 72),
(14557, 387, 73),
(14562, 387, 74),
(14453, 388, 48),
(14458, 388, 49),
(14463, 388, 51),
(14468, 388, 52),
(14473, 388, 54),
(14478, 388, 55),
(14483, 388, 56),
(14488, 388, 57),
(14493, 388, 58),
(14498, 388, 59),
(14503, 388, 60),
(14508, 388, 61),
(14513, 388, 62),
(14518, 388, 64),
(14523, 388, 66),
(14528, 388, 67),
(14533, 388, 68),
(14538, 388, 69),
(14543, 388, 70),
(14548, 388, 71),
(14553, 388, 72),
(14558, 388, 73),
(14563, 388, 74),
(14454, 389, 48),
(14459, 389, 49),
(14464, 389, 51),
(14469, 389, 52),
(14474, 389, 54),
(14479, 389, 55),
(14484, 389, 56),
(14489, 389, 57),
(14494, 389, 58),
(14499, 389, 59),
(14504, 389, 60),
(14509, 389, 61),
(14514, 389, 62),
(14519, 389, 64),
(14524, 389, 66),
(14529, 389, 67),
(14534, 389, 68),
(14539, 389, 69),
(14544, 389, 70),
(14549, 389, 71),
(14554, 389, 72),
(14559, 389, 73),
(14564, 389, 74),
(14455, 390, 48),
(14460, 390, 49),
(14465, 390, 51),
(14470, 390, 52),
(14475, 390, 54),
(14480, 390, 55),
(14485, 390, 56),
(14490, 390, 57),
(14495, 390, 58),
(14500, 390, 59),
(14505, 390, 60),
(14510, 390, 61),
(14515, 390, 62),
(14520, 390, 64),
(14525, 390, 66),
(14530, 390, 67),
(14535, 390, 68),
(14540, 390, 69),
(14545, 390, 70),
(14550, 390, 71),
(14555, 390, 72),
(14560, 390, 73),
(14565, 390, 74),
(14566, 391, 76),
(14571, 391, 77),
(14576, 391, 78),
(14581, 391, 79),
(14586, 391, 80),
(14591, 391, 81),
(14596, 391, 82),
(14601, 391, 83),
(14606, 391, 84),
(14611, 391, 85),
(14616, 391, 86),
(14621, 391, 89),
(14626, 391, 113),
(14631, 391, 133),
(14636, 391, 151),
(14641, 391, 164),
(14646, 391, 171),
(14651, 391, 188),
(14656, 391, 330),
(14661, 391, 333),
(14666, 391, 337),
(14671, 391, 338),
(14676, 391, 339),
(14567, 392, 76),
(14572, 392, 77),
(14577, 392, 78),
(14582, 392, 79),
(14587, 392, 80),
(14592, 392, 81),
(14597, 392, 82),
(14602, 392, 83),
(14607, 392, 84),
(14612, 392, 85),
(14617, 392, 86),
(14622, 392, 89),
(14627, 392, 113),
(14632, 392, 133),
(14637, 392, 151),
(14642, 392, 164),
(14647, 392, 171),
(14652, 392, 188),
(14657, 392, 330),
(14662, 392, 333),
(14667, 392, 337),
(14672, 392, 338),
(14677, 392, 339),
(14568, 393, 76),
(14573, 393, 77),
(14578, 393, 78),
(14583, 393, 79),
(14588, 393, 80),
(14593, 393, 81),
(14598, 393, 82),
(14603, 393, 83),
(14608, 393, 84),
(14613, 393, 85),
(14618, 393, 86),
(14623, 393, 89),
(14628, 393, 113),
(14633, 393, 133),
(14638, 393, 151),
(14643, 393, 164),
(14648, 393, 171),
(14653, 393, 188),
(14658, 393, 330),
(14663, 393, 333),
(14668, 393, 337),
(14673, 393, 338),
(14678, 393, 339),
(14569, 394, 76),
(14574, 394, 77),
(14579, 394, 78),
(14584, 394, 79),
(14589, 394, 80),
(14594, 394, 81),
(14599, 394, 82),
(14604, 394, 83),
(14609, 394, 84),
(14614, 394, 85),
(14619, 394, 86),
(14624, 394, 89),
(14629, 394, 113),
(14634, 394, 133),
(14639, 394, 151),
(14644, 394, 164),
(14649, 394, 171),
(14654, 394, 188),
(14659, 394, 330),
(14664, 394, 333),
(14669, 394, 337),
(14674, 394, 338),
(14679, 394, 339),
(14570, 395, 76),
(14575, 395, 77),
(14580, 395, 78),
(14585, 395, 79),
(14590, 395, 80),
(14595, 395, 81),
(14600, 395, 82),
(14605, 395, 83),
(14610, 395, 84),
(14615, 395, 85),
(14620, 395, 86),
(14625, 395, 89),
(14630, 395, 113),
(14635, 395, 133),
(14640, 395, 151),
(14645, 395, 164),
(14650, 395, 171),
(14655, 395, 188),
(14660, 395, 330),
(14665, 395, 333),
(14670, 395, 337),
(14675, 395, 338),
(14680, 395, 339),
(15751, 396, 398),
(15756, 396, 399),
(15761, 396, 400),
(15766, 396, 401),
(15752, 397, 398),
(15757, 397, 399),
(15762, 397, 400),
(15767, 397, 401),
(15753, 398, 398),
(15758, 398, 399),
(15763, 398, 400),
(15768, 398, 401),
(15754, 399, 398),
(15759, 399, 399),
(15764, 399, 400),
(15769, 399, 401),
(15755, 400, 398),
(15760, 400, 399),
(15765, 400, 400),
(15770, 400, 401),
(14681, 401, 2),
(14686, 401, 3),
(14691, 401, 4),
(14696, 401, 6),
(14701, 401, 7),
(14706, 401, 8),
(14711, 401, 12),
(14716, 401, 13),
(14721, 401, 87),
(14726, 401, 88),
(14731, 401, 90),
(14736, 401, 92),
(14741, 401, 93),
(14746, 401, 94),
(14751, 401, 95),
(14756, 401, 96),
(14761, 401, 97),
(14766, 401, 98),
(14771, 401, 99),
(14776, 401, 100),
(14781, 401, 101),
(14786, 401, 102),
(14791, 401, 103),
(14796, 401, 104),
(14801, 401, 105),
(14806, 401, 106),
(14811, 401, 107),
(14816, 401, 108),
(14821, 401, 109),
(14826, 401, 110),
(14682, 402, 2),
(14687, 402, 3),
(14692, 402, 4),
(14697, 402, 6),
(14702, 402, 7),
(14707, 402, 8),
(14712, 402, 12),
(14717, 402, 13),
(14722, 402, 87),
(14727, 402, 88),
(14732, 402, 90),
(14737, 402, 92),
(14742, 402, 93),
(14747, 402, 94),
(14752, 402, 95),
(14757, 402, 96),
(14762, 402, 97),
(14767, 402, 98),
(14772, 402, 99),
(14777, 402, 100),
(14782, 402, 101),
(14787, 402, 102),
(14792, 402, 103),
(14797, 402, 104),
(14802, 402, 105),
(14807, 402, 106),
(14812, 402, 107),
(14817, 402, 108),
(14822, 402, 109),
(14827, 402, 110),
(14683, 403, 2),
(14688, 403, 3),
(14693, 403, 4),
(14698, 403, 6),
(14703, 403, 7),
(14708, 403, 8),
(14713, 403, 12),
(14718, 403, 13),
(14723, 403, 87),
(14728, 403, 88),
(14733, 403, 90),
(14738, 403, 92),
(14743, 403, 93),
(14748, 403, 94),
(14753, 403, 95),
(14758, 403, 96),
(14763, 403, 97),
(14768, 403, 98),
(14773, 403, 99),
(14778, 403, 100),
(14783, 403, 101),
(14788, 403, 102),
(14793, 403, 103),
(14798, 403, 104),
(14803, 403, 105),
(14808, 403, 106),
(14813, 403, 107),
(14818, 403, 108),
(14823, 403, 109),
(14828, 403, 110),
(14684, 404, 2),
(14689, 404, 3),
(14694, 404, 4),
(14699, 404, 6),
(14704, 404, 7),
(14709, 404, 8),
(14714, 404, 12),
(14719, 404, 13),
(14724, 404, 87),
(14729, 404, 88),
(14734, 404, 90),
(14739, 404, 92),
(14744, 404, 93),
(14749, 404, 94),
(14754, 404, 95),
(14759, 404, 96),
(14764, 404, 97),
(14769, 404, 98),
(14774, 404, 99),
(14779, 404, 100),
(14784, 404, 101),
(14789, 404, 102),
(14794, 404, 103),
(14799, 404, 104),
(14804, 404, 105),
(14809, 404, 106),
(14814, 404, 107),
(14819, 404, 108),
(14824, 404, 109),
(14829, 404, 110),
(14685, 405, 2),
(14690, 405, 3),
(14695, 405, 4),
(14700, 405, 6),
(14705, 405, 7),
(14710, 405, 8),
(14715, 405, 12),
(14720, 405, 13),
(14725, 405, 87),
(14730, 405, 88),
(14735, 405, 90),
(14740, 405, 92),
(14745, 405, 93),
(14750, 405, 94),
(14755, 405, 95),
(14760, 405, 96),
(14765, 405, 97),
(14770, 405, 98),
(14775, 405, 99),
(14780, 405, 100),
(14785, 405, 101),
(14790, 405, 102),
(14795, 405, 103),
(14800, 405, 104),
(14805, 405, 105),
(14810, 405, 106),
(14815, 405, 107),
(14820, 405, 108),
(14825, 405, 109),
(14830, 405, 110),
(14831, 406, 111),
(14836, 406, 112),
(14841, 406, 114),
(14846, 406, 115),
(14851, 406, 116),
(14856, 406, 117),
(14861, 406, 118),
(14866, 406, 119),
(14871, 406, 120),
(14876, 406, 121),
(14881, 406, 123),
(14886, 406, 124),
(14891, 406, 125),
(14896, 406, 126),
(14901, 406, 127),
(14906, 406, 128),
(14911, 406, 129),
(14916, 406, 130),
(14921, 406, 131),
(14926, 406, 132),
(14931, 406, 134),
(14936, 406, 135),
(14941, 406, 136),
(14946, 406, 137),
(14951, 406, 138),
(14956, 406, 139),
(14961, 406, 140),
(14966, 406, 141),
(14971, 406, 143),
(14976, 406, 144),
(14832, 407, 111),
(14837, 407, 112),
(14842, 407, 114),
(14847, 407, 115),
(14852, 407, 116),
(14857, 407, 117),
(14862, 407, 118),
(14867, 407, 119),
(14872, 407, 120),
(14877, 407, 121),
(14882, 407, 123),
(14887, 407, 124),
(14892, 407, 125),
(14897, 407, 126),
(14902, 407, 127),
(14907, 407, 128),
(14912, 407, 129),
(14917, 407, 130),
(14922, 407, 131),
(14927, 407, 132),
(14932, 407, 134),
(14937, 407, 135),
(14942, 407, 136),
(14947, 407, 137),
(14952, 407, 138),
(14957, 407, 139),
(14962, 407, 140),
(14967, 407, 141),
(14972, 407, 143),
(14977, 407, 144),
(14833, 408, 111),
(14838, 408, 112),
(14843, 408, 114),
(14848, 408, 115),
(14853, 408, 116),
(14858, 408, 117),
(14863, 408, 118),
(14868, 408, 119),
(14873, 408, 120),
(14878, 408, 121),
(14883, 408, 123),
(14888, 408, 124),
(14893, 408, 125),
(14898, 408, 126),
(14903, 408, 127),
(14908, 408, 128),
(14913, 408, 129),
(14918, 408, 130),
(14923, 408, 131),
(14928, 408, 132),
(14933, 408, 134),
(14938, 408, 135),
(14943, 408, 136),
(14948, 408, 137),
(14953, 408, 138),
(14958, 408, 139),
(14963, 408, 140),
(14968, 408, 141),
(14973, 408, 143),
(14978, 408, 144),
(14834, 409, 111),
(14839, 409, 112),
(14844, 409, 114),
(14849, 409, 115),
(14854, 409, 116),
(14859, 409, 117),
(14864, 409, 118),
(14869, 409, 119),
(14874, 409, 120),
(14879, 409, 121),
(14884, 409, 123),
(14889, 409, 124),
(14894, 409, 125),
(14899, 409, 126),
(14904, 409, 127),
(14909, 409, 128),
(14914, 409, 129),
(14919, 409, 130),
(14924, 409, 131),
(14929, 409, 132),
(14934, 409, 134),
(14939, 409, 135),
(14944, 409, 136),
(14949, 409, 137),
(14954, 409, 138),
(14959, 409, 139),
(14964, 409, 140),
(14969, 409, 141),
(14974, 409, 143),
(14979, 409, 144),
(14835, 410, 111),
(14840, 410, 112),
(14845, 410, 114),
(14850, 410, 115),
(14855, 410, 116),
(14860, 410, 117),
(14865, 410, 118),
(14870, 410, 119),
(14875, 410, 120),
(14880, 410, 121),
(14885, 410, 123),
(14890, 410, 124),
(14895, 410, 125),
(14900, 410, 126),
(14905, 410, 127),
(14910, 410, 128),
(14915, 410, 129),
(14920, 410, 130),
(14925, 410, 131),
(14930, 410, 132),
(14935, 410, 134),
(14940, 410, 135),
(14945, 410, 136),
(14950, 410, 137),
(14955, 410, 138),
(14960, 410, 139),
(14965, 410, 140),
(14970, 410, 141),
(14975, 410, 143),
(14980, 410, 144),
(14981, 411, 145),
(14986, 411, 146),
(14991, 411, 147),
(14996, 411, 148),
(15001, 411, 149),
(15006, 411, 150),
(15011, 411, 152),
(15016, 411, 153),
(15021, 411, 154),
(15026, 411, 155),
(15031, 411, 156),
(15036, 411, 157),
(15041, 411, 158),
(15046, 411, 159),
(15051, 411, 160),
(15056, 411, 161),
(15061, 411, 162),
(15066, 411, 163),
(15071, 411, 165),
(15076, 411, 166),
(15081, 411, 167),
(15086, 411, 168),
(15091, 411, 169),
(15096, 411, 170),
(15101, 411, 172),
(15106, 411, 173),
(15111, 411, 174),
(15116, 411, 175),
(15121, 411, 176),
(15126, 411, 177),
(14982, 412, 145),
(14987, 412, 146),
(14992, 412, 147),
(14997, 412, 148),
(15002, 412, 149),
(15007, 412, 150),
(15012, 412, 152),
(15017, 412, 153),
(15022, 412, 154),
(15027, 412, 155),
(15032, 412, 156),
(15037, 412, 157),
(15042, 412, 158),
(15047, 412, 159),
(15052, 412, 160),
(15057, 412, 161),
(15062, 412, 162),
(15067, 412, 163),
(15072, 412, 165),
(15077, 412, 166),
(15082, 412, 167),
(15087, 412, 168),
(15092, 412, 169),
(15097, 412, 170),
(15102, 412, 172),
(15107, 412, 173),
(15112, 412, 174),
(15117, 412, 175),
(15122, 412, 176),
(15127, 412, 177),
(14983, 413, 145),
(14988, 413, 146),
(14993, 413, 147),
(14998, 413, 148),
(15003, 413, 149),
(15008, 413, 150),
(15013, 413, 152),
(15018, 413, 153),
(15023, 413, 154),
(15028, 413, 155),
(15033, 413, 156),
(15038, 413, 157),
(15043, 413, 158),
(15048, 413, 159),
(15053, 413, 160),
(15058, 413, 161),
(15063, 413, 162),
(15068, 413, 163),
(15073, 413, 165),
(15078, 413, 166),
(15083, 413, 167),
(15088, 413, 168),
(15093, 413, 169),
(15098, 413, 170),
(15103, 413, 172),
(15108, 413, 173),
(15113, 413, 174),
(15118, 413, 175),
(15123, 413, 176),
(15128, 413, 177),
(14984, 414, 145),
(14989, 414, 146),
(14994, 414, 147),
(14999, 414, 148),
(15004, 414, 149),
(15009, 414, 150),
(15014, 414, 152),
(15019, 414, 153),
(15024, 414, 154),
(15029, 414, 155),
(15034, 414, 156),
(15039, 414, 157),
(15044, 414, 158),
(15049, 414, 159),
(15054, 414, 160),
(15059, 414, 161),
(15064, 414, 162),
(15069, 414, 163),
(15074, 414, 165),
(15079, 414, 166),
(15084, 414, 167),
(15089, 414, 168),
(15094, 414, 169),
(15099, 414, 170),
(15104, 414, 172),
(15109, 414, 173),
(15114, 414, 174),
(15119, 414, 175),
(15124, 414, 176),
(15129, 414, 177),
(14985, 415, 145),
(14990, 415, 146),
(14995, 415, 147),
(15000, 415, 148),
(15005, 415, 149),
(15010, 415, 150),
(15015, 415, 152),
(15020, 415, 153),
(15025, 415, 154),
(15030, 415, 155),
(15035, 415, 156),
(15040, 415, 157),
(15045, 415, 158),
(15050, 415, 159),
(15055, 415, 160),
(15060, 415, 161),
(15065, 415, 162),
(15070, 415, 163),
(15075, 415, 165),
(15080, 415, 166),
(15085, 415, 167),
(15090, 415, 168),
(15095, 415, 169),
(15100, 415, 170),
(15105, 415, 172),
(15110, 415, 173),
(15115, 415, 174),
(15120, 415, 175),
(15125, 415, 176),
(15130, 415, 177),
(15131, 416, 178),
(15136, 416, 179),
(15141, 416, 180),
(15146, 416, 181),
(15151, 416, 182),
(15156, 416, 183),
(15161, 416, 184),
(15166, 416, 185),
(15171, 416, 186),
(15176, 416, 187),
(15181, 416, 189),
(15186, 416, 190),
(15191, 416, 191),
(15196, 416, 192),
(15201, 416, 193),
(15206, 416, 194),
(15211, 416, 195),
(15216, 416, 196),
(15221, 416, 197),
(15226, 416, 198),
(15231, 416, 199),
(15236, 416, 200),
(15241, 416, 201),
(15246, 416, 202),
(15132, 417, 178),
(15137, 417, 179),
(15142, 417, 180),
(15147, 417, 181),
(15152, 417, 182),
(15157, 417, 183),
(15162, 417, 184),
(15167, 417, 185),
(15172, 417, 186),
(15177, 417, 187),
(15182, 417, 189),
(15187, 417, 190),
(15192, 417, 191),
(15197, 417, 192),
(15202, 417, 193),
(15207, 417, 194),
(15212, 417, 195),
(15217, 417, 196),
(15222, 417, 197),
(15227, 417, 198),
(15232, 417, 199),
(15237, 417, 200),
(15242, 417, 201),
(15247, 417, 202),
(15133, 418, 178),
(15138, 418, 179),
(15143, 418, 180),
(15148, 418, 181),
(15153, 418, 182),
(15158, 418, 183),
(15163, 418, 184),
(15168, 418, 185),
(15173, 418, 186),
(15178, 418, 187),
(15183, 418, 189),
(15188, 418, 190),
(15193, 418, 191),
(15198, 418, 192),
(15203, 418, 193),
(15208, 418, 194),
(15213, 418, 195),
(15218, 418, 196),
(15223, 418, 197),
(15228, 418, 198),
(15233, 418, 199),
(15238, 418, 200),
(15243, 418, 201),
(15248, 418, 202),
(15134, 419, 178),
(15139, 419, 179),
(15144, 419, 180),
(15149, 419, 181),
(15154, 419, 182),
(15159, 419, 183),
(15164, 419, 184),
(15169, 419, 185),
(15174, 419, 186),
(15179, 419, 187),
(15184, 419, 189),
(15189, 419, 190),
(15194, 419, 191),
(15199, 419, 192),
(15204, 419, 193),
(15209, 419, 194),
(15214, 419, 195),
(15219, 419, 196),
(15224, 419, 197),
(15229, 419, 198),
(15234, 419, 199),
(15239, 419, 200),
(15244, 419, 201),
(15249, 419, 202),
(15135, 420, 178),
(15140, 420, 179),
(15145, 420, 180),
(15150, 420, 181),
(15155, 420, 182),
(15160, 420, 183),
(15165, 420, 184),
(15170, 420, 185),
(15175, 420, 186),
(15180, 420, 187),
(15185, 420, 189),
(15190, 420, 190),
(15195, 420, 191),
(15200, 420, 192),
(15205, 420, 193),
(15210, 420, 194),
(15215, 420, 195),
(15220, 420, 196),
(15225, 420, 197),
(15230, 420, 198),
(15235, 420, 199),
(15240, 420, 200),
(15245, 420, 201),
(15250, 420, 202),
(15251, 421, 203),
(15256, 421, 204),
(15261, 421, 205),
(15266, 421, 206),
(15271, 421, 207),
(15276, 421, 208),
(15281, 421, 209),
(15286, 421, 210),
(15291, 421, 211),
(15296, 421, 212),
(15301, 421, 214),
(15306, 421, 230),
(15311, 421, 237),
(15316, 421, 249),
(15321, 421, 253),
(15326, 421, 254),
(15331, 421, 256),
(15336, 421, 264),
(15341, 421, 270),
(15346, 421, 271),
(15351, 421, 275),
(15356, 421, 332),
(15361, 421, 335),
(15366, 421, 336),
(15252, 422, 203),
(15257, 422, 204),
(15262, 422, 205),
(15267, 422, 206),
(15272, 422, 207),
(15277, 422, 208),
(15282, 422, 209),
(15287, 422, 210),
(15292, 422, 211),
(15297, 422, 212),
(15302, 422, 214),
(15307, 422, 230),
(15312, 422, 237),
(15317, 422, 249),
(15322, 422, 253),
(15327, 422, 254),
(15332, 422, 256),
(15337, 422, 264),
(15342, 422, 270),
(15347, 422, 271),
(15352, 422, 275),
(15357, 422, 332),
(15362, 422, 335),
(15367, 422, 336),
(15253, 423, 203),
(15258, 423, 204),
(15263, 423, 205),
(15268, 423, 206),
(15273, 423, 207),
(15278, 423, 208),
(15283, 423, 209),
(15288, 423, 210),
(15293, 423, 211),
(15298, 423, 212),
(15303, 423, 214),
(15308, 423, 230),
(15313, 423, 237),
(15318, 423, 249),
(15323, 423, 253),
(15328, 423, 254),
(15333, 423, 256),
(15338, 423, 264),
(15343, 423, 270),
(15348, 423, 271),
(15353, 423, 275),
(15358, 423, 332),
(15363, 423, 335),
(15368, 423, 336),
(15254, 424, 203),
(15259, 424, 204),
(15264, 424, 205),
(15269, 424, 206),
(15274, 424, 207),
(15279, 424, 208),
(15284, 424, 209),
(15289, 424, 210),
(15294, 424, 211),
(15299, 424, 212),
(15304, 424, 214),
(15309, 424, 230),
(15314, 424, 237),
(15319, 424, 249),
(15324, 424, 253),
(15329, 424, 254),
(15334, 424, 256),
(15339, 424, 264),
(15344, 424, 270),
(15349, 424, 271),
(15354, 424, 275),
(15359, 424, 332),
(15364, 424, 335),
(15369, 424, 336),
(15255, 425, 203),
(15260, 425, 204),
(15265, 425, 205),
(15270, 425, 206),
(15275, 425, 207),
(15280, 425, 208),
(15285, 425, 209),
(15290, 425, 210),
(15295, 425, 211),
(15300, 425, 212),
(15305, 425, 214),
(15310, 425, 230),
(15315, 425, 237),
(15320, 425, 249),
(15325, 425, 253),
(15330, 425, 254),
(15335, 425, 256),
(15340, 425, 264),
(15345, 425, 270),
(15350, 425, 271),
(15355, 425, 275),
(15360, 425, 332),
(15365, 425, 335),
(15370, 425, 336),
(15771, 426, 402),
(15776, 426, 403),
(15781, 426, 404),
(15786, 426, 405),
(15791, 426, 406),
(15796, 426, 407),
(15801, 426, 408),
(15806, 426, 409),
(15811, 426, 410),
(15816, 426, 411),
(15821, 426, 412),
(15826, 426, 413),
(15831, 426, 414),
(15836, 426, 415),
(15841, 426, 416),
(15846, 426, 417),
(15851, 426, 418),
(15856, 426, 419),
(15861, 426, 420),
(15866, 426, 421),
(15871, 426, 422),
(15772, 427, 402),
(15777, 427, 403),
(15782, 427, 404),
(15787, 427, 405),
(15792, 427, 406),
(15797, 427, 407),
(15802, 427, 408),
(15807, 427, 409),
(15812, 427, 410),
(15817, 427, 411),
(15822, 427, 412),
(15827, 427, 413),
(15832, 427, 414),
(15837, 427, 415),
(15842, 427, 416),
(15847, 427, 417),
(15852, 427, 418),
(15857, 427, 419),
(15862, 427, 420),
(15867, 427, 421),
(15872, 427, 422),
(15773, 428, 402),
(15778, 428, 403),
(15783, 428, 404),
(15788, 428, 405),
(15793, 428, 406),
(15798, 428, 407),
(15803, 428, 408),
(15808, 428, 409),
(15813, 428, 410),
(15818, 428, 411),
(15823, 428, 412),
(15828, 428, 413),
(15833, 428, 414),
(15838, 428, 415),
(15843, 428, 416),
(15848, 428, 417),
(15853, 428, 418),
(15858, 428, 419),
(15863, 428, 420),
(15868, 428, 421),
(15873, 428, 422),
(15774, 429, 402),
(15779, 429, 403),
(15784, 429, 404),
(15789, 429, 405),
(15794, 429, 406),
(15799, 429, 407),
(15804, 429, 408),
(15809, 429, 409),
(15814, 429, 410),
(15819, 429, 411),
(15824, 429, 412),
(15829, 429, 413),
(15834, 429, 414),
(15839, 429, 415),
(15844, 429, 416),
(15849, 429, 417),
(15854, 429, 418),
(15859, 429, 419),
(15864, 429, 420),
(15869, 429, 421),
(15874, 429, 422),
(15775, 430, 402),
(15780, 430, 403),
(15785, 430, 404),
(15790, 430, 405),
(15795, 430, 406),
(15800, 430, 407),
(15805, 430, 408),
(15810, 430, 409),
(15815, 430, 410),
(15820, 430, 411),
(15825, 430, 412),
(15830, 430, 413),
(15835, 430, 414),
(15840, 430, 415),
(15845, 430, 416),
(15850, 430, 417),
(15855, 430, 418),
(15860, 430, 419),
(15865, 430, 420),
(15870, 430, 421),
(15875, 430, 422),
(15876, 431, 423),
(15881, 431, 424),
(15886, 431, 425),
(15891, 431, 426),
(15896, 431, 427),
(15901, 431, 428),
(15906, 431, 429),
(15911, 431, 430),
(15916, 431, 431),
(15921, 431, 432),
(15926, 431, 433),
(15931, 431, 434),
(15936, 431, 435),
(15941, 431, 436),
(15946, 431, 437),
(15951, 431, 438),
(15956, 431, 439),
(15961, 431, 440),
(15966, 431, 441),
(15971, 431, 442),
(15877, 432, 423),
(15882, 432, 424),
(15887, 432, 425),
(15892, 432, 426),
(15897, 432, 427),
(15902, 432, 428),
(15907, 432, 429),
(15912, 432, 430),
(15917, 432, 431),
(15922, 432, 432),
(15927, 432, 433),
(15932, 432, 434),
(15937, 432, 435),
(15942, 432, 436),
(15947, 432, 437),
(15952, 432, 438),
(15957, 432, 439),
(15962, 432, 440),
(15967, 432, 441),
(15972, 432, 442),
(15878, 433, 423),
(15883, 433, 424),
(15888, 433, 425),
(15893, 433, 426),
(15898, 433, 427),
(15903, 433, 428),
(15908, 433, 429),
(15913, 433, 430),
(15918, 433, 431),
(15923, 433, 432),
(15928, 433, 433),
(15933, 433, 434),
(15938, 433, 435),
(15943, 433, 436),
(15948, 433, 437),
(15953, 433, 438),
(15958, 433, 439),
(15963, 433, 440),
(15968, 433, 441),
(15973, 433, 442),
(15879, 434, 423),
(15884, 434, 424),
(15889, 434, 425),
(15894, 434, 426),
(15899, 434, 427),
(15904, 434, 428),
(15909, 434, 429),
(15914, 434, 430),
(15919, 434, 431),
(15924, 434, 432),
(15929, 434, 433),
(15934, 434, 434),
(15939, 434, 435),
(15944, 434, 436),
(15949, 434, 437),
(15954, 434, 438),
(15959, 434, 439),
(15964, 434, 440),
(15969, 434, 441),
(15974, 434, 442),
(15880, 435, 423),
(15885, 435, 424),
(15890, 435, 425),
(15895, 435, 426),
(15900, 435, 427),
(15905, 435, 428),
(15910, 435, 429),
(15915, 435, 430),
(15920, 435, 431),
(15925, 435, 432),
(15930, 435, 433),
(15935, 435, 434),
(15940, 435, 435),
(15945, 435, 436),
(15950, 435, 437),
(15955, 435, 438),
(15960, 435, 439),
(15965, 435, 440),
(15970, 435, 441),
(15975, 435, 442),
(15441, 436, 213),
(15446, 436, 215),
(15451, 436, 216),
(15456, 436, 217),
(15461, 436, 218),
(15466, 436, 219),
(15471, 436, 220),
(15476, 436, 221),
(15481, 436, 222),
(15486, 436, 223),
(15491, 436, 224),
(15496, 436, 225),
(15501, 436, 226),
(15506, 436, 227),
(15511, 436, 228),
(15516, 436, 229),
(15521, 436, 231),
(15526, 436, 232),
(15531, 436, 233),
(15536, 436, 234),
(15541, 436, 235),
(15546, 436, 236),
(15551, 436, 238),
(15556, 436, 239),
(15561, 436, 240),
(15566, 436, 241),
(15571, 436, 242),
(15576, 436, 243),
(15581, 436, 244),
(15586, 436, 245),
(15442, 437, 213),
(15447, 437, 215),
(15452, 437, 216),
(15457, 437, 217),
(15462, 437, 218),
(15467, 437, 219),
(15472, 437, 220),
(15477, 437, 221),
(15482, 437, 222),
(15487, 437, 223),
(15492, 437, 224),
(15497, 437, 225),
(15502, 437, 226),
(15507, 437, 227),
(15512, 437, 228),
(15517, 437, 229),
(15522, 437, 231),
(15527, 437, 232),
(15532, 437, 233),
(15537, 437, 234),
(15542, 437, 235),
(15547, 437, 236),
(15552, 437, 238),
(15557, 437, 239),
(15562, 437, 240),
(15567, 437, 241),
(15572, 437, 242),
(15577, 437, 243),
(15582, 437, 244),
(15587, 437, 245),
(15443, 438, 213),
(15448, 438, 215),
(15453, 438, 216),
(15458, 438, 217),
(15463, 438, 218),
(15468, 438, 219),
(15473, 438, 220),
(15478, 438, 221),
(15483, 438, 222),
(15488, 438, 223),
(15493, 438, 224),
(15498, 438, 225),
(15503, 438, 226),
(15508, 438, 227),
(15513, 438, 228),
(15518, 438, 229),
(15523, 438, 231),
(15528, 438, 232),
(15533, 438, 233),
(15538, 438, 234),
(15543, 438, 235),
(15548, 438, 236),
(15553, 438, 238),
(15558, 438, 239),
(15563, 438, 240),
(15568, 438, 241),
(15573, 438, 242),
(15578, 438, 243),
(15583, 438, 244),
(15588, 438, 245),
(15444, 439, 213),
(15449, 439, 215),
(15454, 439, 216),
(15459, 439, 217),
(15464, 439, 218),
(15469, 439, 219),
(15474, 439, 220),
(15479, 439, 221),
(15484, 439, 222),
(15489, 439, 223),
(15494, 439, 224),
(15499, 439, 225),
(15504, 439, 226),
(15509, 439, 227),
(15514, 439, 228),
(15519, 439, 229),
(15524, 439, 231),
(15529, 439, 232),
(15534, 439, 233),
(15539, 439, 234),
(15544, 439, 235),
(15549, 439, 236),
(15554, 439, 238),
(15559, 439, 239),
(15564, 439, 240),
(15569, 439, 241),
(15574, 439, 242),
(15579, 439, 243),
(15584, 439, 244),
(15589, 439, 245),
(15445, 440, 213),
(15450, 440, 215),
(15455, 440, 216),
(15460, 440, 217),
(15465, 440, 218),
(15470, 440, 219),
(15475, 440, 220),
(15480, 440, 221),
(15485, 440, 222),
(15490, 440, 223),
(15495, 440, 224),
(15500, 440, 225),
(15505, 440, 226),
(15510, 440, 227),
(15515, 440, 228),
(15520, 440, 229),
(15525, 440, 231),
(15530, 440, 232),
(15535, 440, 233),
(15540, 440, 234),
(15545, 440, 235),
(15550, 440, 236),
(15555, 440, 238),
(15560, 440, 239),
(15565, 440, 240),
(15570, 440, 241),
(15575, 440, 242),
(15580, 440, 243),
(15585, 440, 244),
(15590, 440, 245),
(15591, 441, 246),
(15596, 441, 247),
(15601, 441, 248),
(15606, 441, 250),
(15611, 441, 251),
(15616, 441, 252),
(15621, 441, 255),
(15626, 441, 257),
(15631, 441, 258),
(15636, 441, 259);
INSERT INTO `class_course_student_semester` (`class_course_student_semester_id`, `class_course_semester_id`, `student_id`) VALUES
(15641, 441, 260),
(15646, 441, 261),
(15651, 441, 262),
(15656, 441, 263),
(15661, 441, 265),
(15666, 441, 266),
(15592, 442, 246),
(15597, 442, 247),
(15602, 442, 248),
(15607, 442, 250),
(15612, 442, 251),
(15617, 442, 252),
(15622, 442, 255),
(15627, 442, 257),
(15632, 442, 258),
(15637, 442, 259),
(15642, 442, 260),
(15647, 442, 261),
(15652, 442, 262),
(15657, 442, 263),
(15662, 442, 265),
(15667, 442, 266),
(15593, 443, 246),
(15598, 443, 247),
(15603, 443, 248),
(15608, 443, 250),
(15613, 443, 251),
(15618, 443, 252),
(15623, 443, 255),
(15628, 443, 257),
(15633, 443, 258),
(15638, 443, 259),
(15643, 443, 260),
(15648, 443, 261),
(15653, 443, 262),
(15658, 443, 263),
(15663, 443, 265),
(15668, 443, 266),
(15594, 444, 246),
(15599, 444, 247),
(15604, 444, 248),
(15609, 444, 250),
(15614, 444, 251),
(15619, 444, 252),
(15624, 444, 255),
(15629, 444, 257),
(15634, 444, 258),
(15639, 444, 259),
(15644, 444, 260),
(15649, 444, 261),
(15654, 444, 262),
(15659, 444, 263),
(15664, 444, 265),
(15669, 444, 266),
(15595, 445, 246),
(15600, 445, 247),
(15605, 445, 248),
(15610, 445, 250),
(15615, 445, 251),
(15620, 445, 252),
(15625, 445, 255),
(15630, 445, 257),
(15635, 445, 258),
(15640, 445, 259),
(15645, 445, 260),
(15650, 445, 261),
(15655, 445, 262),
(15660, 445, 263),
(15665, 445, 265),
(15670, 445, 266),
(15671, 446, 267),
(15676, 446, 268),
(15681, 446, 269),
(15686, 446, 272),
(15691, 446, 273),
(15696, 446, 274),
(15701, 446, 276),
(15706, 446, 277),
(15711, 446, 278),
(15716, 446, 279),
(15721, 446, 280),
(15726, 446, 281),
(15731, 446, 334),
(15736, 446, 340),
(15741, 446, 645),
(15746, 446, 646),
(15672, 447, 267),
(15677, 447, 268),
(15682, 447, 269),
(15687, 447, 272),
(15692, 447, 273),
(15697, 447, 274),
(15702, 447, 276),
(15707, 447, 277),
(15712, 447, 278),
(15717, 447, 279),
(15722, 447, 280),
(15727, 447, 281),
(15732, 447, 334),
(15737, 447, 340),
(15742, 447, 645),
(15747, 447, 646),
(15673, 448, 267),
(15678, 448, 268),
(15683, 448, 269),
(15688, 448, 272),
(15693, 448, 273),
(15698, 448, 274),
(15703, 448, 276),
(15708, 448, 277),
(15713, 448, 278),
(15718, 448, 279),
(15723, 448, 280),
(15728, 448, 281),
(15733, 448, 334),
(15738, 448, 340),
(15743, 448, 645),
(15748, 448, 646),
(15674, 449, 267),
(15679, 449, 268),
(15684, 449, 269),
(15689, 449, 272),
(15694, 449, 273),
(15699, 449, 274),
(15704, 449, 276),
(15709, 449, 277),
(15714, 449, 278),
(15719, 449, 279),
(15724, 449, 280),
(15729, 449, 281),
(15734, 449, 334),
(15739, 449, 340),
(15744, 449, 645),
(15749, 449, 646),
(15675, 450, 267),
(15680, 450, 268),
(15685, 450, 269),
(15690, 450, 272),
(15695, 450, 273),
(15700, 450, 274),
(15705, 450, 276),
(15710, 450, 277),
(15715, 450, 278),
(15720, 450, 279),
(15725, 450, 280),
(15730, 450, 281),
(15735, 450, 334),
(15740, 450, 340),
(15745, 450, 645),
(15750, 450, 646),
(16111, 451, 443),
(16116, 451, 444),
(16121, 451, 445),
(16126, 451, 446),
(16131, 451, 447),
(16136, 451, 448),
(16141, 451, 449),
(16146, 451, 450),
(16151, 451, 451),
(16156, 451, 452),
(16161, 451, 453),
(16166, 451, 454),
(16171, 451, 455),
(16176, 451, 456),
(16181, 451, 457),
(16186, 451, 458),
(16191, 451, 459),
(16196, 451, 460),
(16201, 451, 461),
(16206, 451, 462),
(16211, 451, 463),
(16216, 451, 464),
(16221, 451, 465),
(16112, 452, 443),
(16117, 452, 444),
(16122, 452, 445),
(16127, 452, 446),
(16132, 452, 447),
(16137, 452, 448),
(16142, 452, 449),
(16147, 452, 450),
(16152, 452, 451),
(16157, 452, 452),
(16162, 452, 453),
(16167, 452, 454),
(16172, 452, 455),
(16177, 452, 456),
(16182, 452, 457),
(16187, 452, 458),
(16192, 452, 459),
(16197, 452, 460),
(16202, 452, 461),
(16207, 452, 462),
(16212, 452, 463),
(16217, 452, 464),
(16222, 452, 465),
(16113, 453, 443),
(16118, 453, 444),
(16123, 453, 445),
(16128, 453, 446),
(16133, 453, 447),
(16138, 453, 448),
(16143, 453, 449),
(16148, 453, 450),
(16153, 453, 451),
(16158, 453, 452),
(16163, 453, 453),
(16168, 453, 454),
(16173, 453, 455),
(16178, 453, 456),
(16183, 453, 457),
(16188, 453, 458),
(16193, 453, 459),
(16198, 453, 460),
(16203, 453, 461),
(16208, 453, 462),
(16213, 453, 463),
(16218, 453, 464),
(16223, 453, 465),
(16114, 454, 443),
(16119, 454, 444),
(16124, 454, 445),
(16129, 454, 446),
(16134, 454, 447),
(16139, 454, 448),
(16144, 454, 449),
(16149, 454, 450),
(16154, 454, 451),
(16159, 454, 452),
(16164, 454, 453),
(16169, 454, 454),
(16174, 454, 455),
(16179, 454, 456),
(16184, 454, 457),
(16189, 454, 458),
(16194, 454, 459),
(16199, 454, 460),
(16204, 454, 461),
(16209, 454, 462),
(16214, 454, 463),
(16219, 454, 464),
(16224, 454, 465),
(16115, 455, 443),
(16120, 455, 444),
(16125, 455, 445),
(16130, 455, 446),
(16135, 455, 447),
(16140, 455, 448),
(16145, 455, 449),
(16150, 455, 450),
(16155, 455, 451),
(16160, 455, 452),
(16165, 455, 453),
(16170, 455, 454),
(16175, 455, 455),
(16180, 455, 456),
(16185, 455, 457),
(16190, 455, 458),
(16195, 455, 459),
(16200, 455, 460),
(16205, 455, 461),
(16210, 455, 462),
(16215, 455, 463),
(16220, 455, 464),
(16225, 455, 465);

-- --------------------------------------------------------

--
-- Table structure for table `class_semester`
--

DROP TABLE IF EXISTS `class_semester`;
CREATE TABLE IF NOT EXISTS `class_semester` (
`class_semester_id` int(11) NOT NULL,
  `class_id` int(11) NOT NULL,
  `semester_id` int(11) NOT NULL,
  `semester` int(11) NOT NULL
) ENGINE=InnoDB AUTO_INCREMENT=108 DEFAULT CHARSET=latin1;

--
-- Dumping data for table `class_semester`
--

INSERT INTO `class_semester` (`class_semester_id`, `class_id`, `semester_id`, `semester`) VALUES
(81, 84, 2, 1),
(82, 85, 2, 1),
(83, 86, 2, 1),
(84, 87, 2, 1),
(85, 88, 2, 1),
(86, 89, 2, 1),
(87, 90, 2, 1),
(88, 91, 2, 1),
(89, 92, 2, 2),
(90, 93, 2, 2),
(91, 94, 2, 2),
(92, 95, 2, 2),
(93, 96, 2, 3),
(94, 97, 2, 3),
(95, 98, 2, 3),
(96, 99, 2, 3),
(97, 100, 2, 4),
(98, 101, 2, 4),
(99, 102, 2, 4),
(100, 103, 2, 4),
(101, 104, 2, 4),
(102, 105, 2, 4),
(103, 106, 2, 4),
(104, 107, 2, 5),
(105, 108, 2, 5),
(106, 109, 2, 5),
(107, 110, 2, 5);

-- --------------------------------------------------------

--
-- Table structure for table `courses`
--

DROP TABLE IF EXISTS `courses`;
CREATE TABLE IF NOT EXISTS `courses` (
`course_id` int(11) NOT NULL,
  `code` varchar(20) NOT NULL,
  `name` varchar(500) CHARACTER SET utf8 COLLATE utf8_vietnamese_ci NOT NULL,
  `department_id` int(11) DEFAULT NULL
) ENGINE=InnoDB AUTO_INCREMENT=277 DEFAULT CHARSET=latin1;

--
-- Dumping data for table `courses`
--

INSERT INTO `courses` (`course_id`, `code`, `name`, `department_id`) VALUES
(242, 'SSG101', 'Working in Group', 25),
(243, 'CSI101', 'Introduction to Computing', 15),
(244, 'PRO201', 'Front-end Web Development', 15),
(245, 'DBI201', 'Introduction to Databases', 15),
(246, 'CSD202', 'Data structures and algorithms (In C++)', 15),
(247, 'PRO192', 'Object-Oriented Programming with Java', 15),
(248, 'OSG202', 'Operating Systems', 15),
(249, 'PRN292', 'C# and .Net Technology', 15),
(250, 'CSD201', 'Data Structures and Algorithms', 15),
(251, 'PRF192', 'Programming fundamentals using C', 15),
(252, 'PRJ311', 'Desktop Java Applications', 15),
(253, 'NWC202', 'Computer Networking', 15),
(254, 'PRJ321', 'Web-based Java Applications', 15),
(255, 'LAB101', 'Lab 1', 18),
(256, 'IAO101', 'Information Assurance Overview', 21),
(257, 'CEA201', 'Computer Organization and Architecture', 21),
(258, 'LAB211', 'Pre-intermediate Practicing', 18),
(259, 'CES201', 'System support and Trouble shooting for Windows Server 2008', 21),
(260, 'JPD111', 'Japanese 1', 22),
(261, 'JPS132', 'Japanese 3', 22),
(262, 'JPD131', 'Industry driven course (Japanese 3)', 22),
(263, 'MAE101', 'Mathematics for Engineering', 23),
(264, 'MAD101', 'Discrete mathematics', 23),
(265, 'MAS291', 'Probability and Applied Statistics', 23),
(266, 'PHY101', 'Physics', 23),
(267, 'SWR301', 'Software Requirements', 24),
(268, 'IAA301', 'Phn tch thng tin\nIntelligence Analysics', 24),
(269, 'SWQ391', 'Software Quality Assurance and Testing', 24),
(270, 'IAA201', 'Phn tch l hng v ri roRisk-Vulnerability Analysis', 24),
(271, 'IAP201', 'Privacy and IT Ethics', 24),
(272, 'IAP301', 'Pht trin chnh sch ATTT\nPolicy Development in Information Assurance', 24),
(273, 'SRE301', 'Ky thut dich ngc \nSoftware Revert Engineering', 24),
(274, 'OSP201', 'H thng ngun m v qun tr mng\nOpen Source Platform and Network Administration', 24),
(275, 'DBI202', 'DBI202', 15),
(276, 'SWD391', 'SWD391', 24);

-- --------------------------------------------------------

--
-- Table structure for table `course_semester`
--

DROP TABLE IF EXISTS `course_semester`;
CREATE TABLE IF NOT EXISTS `course_semester` (
`course_semester_id` int(11) NOT NULL,
  `course_id` int(11) NOT NULL,
  `semester_id` int(11) NOT NULL,
  `slots` int(11) NOT NULL,
  `course_condition_id` int(11) DEFAULT NULL
) ENGINE=InnoDB AUTO_INCREMENT=277 DEFAULT CHARSET=latin1;

--
-- Dumping data for table `course_semester`
--

INSERT INTO `course_semester` (`course_semester_id`, `course_id`, `semester_id`, `slots`, `course_condition_id`) VALUES
(242, 242, 2, 30, NULL),
(243, 243, 2, 30, NULL),
(244, 244, 2, 30, NULL),
(245, 245, 2, 30, NULL),
(246, 246, 2, 30, NULL),
(247, 247, 2, 30, NULL),
(248, 248, 2, 30, NULL),
(249, 249, 2, 30, NULL),
(250, 250, 2, 30, 247),
(251, 251, 2, 30, NULL),
(252, 252, 2, 30, 247),
(253, 253, 2, 30, 248),
(254, 254, 2, 30, 251),
(255, 255, 2, 30, 251),
(256, 256, 2, 30, NULL),
(257, 257, 2, 30, NULL),
(258, 258, 2, 30, 247),
(259, 259, 2, 30, NULL),
(260, 260, 2, 30, NULL),
(261, 261, 2, 30, NULL),
(262, 262, 2, 30, 260),
(263, 263, 2, 30, NULL),
(264, 264, 2, 30, NULL),
(265, 265, 2, 30, NULL),
(266, 266, 2, 30, NULL),
(267, 267, 2, 30, NULL),
(268, 268, 2, 30, NULL),
(269, 269, 2, 30, NULL),
(270, 270, 2, 30, NULL),
(271, 271, 2, 30, NULL),
(272, 272, 2, 30, NULL),
(273, 273, 2, 30, NULL),
(274, 274, 2, 30, NULL),
(275, 275, 2, 30, NULL),
(276, 276, 2, 30, NULL);

-- --------------------------------------------------------

--
-- Table structure for table `department`
--

DROP TABLE IF EXISTS `department`;
CREATE TABLE IF NOT EXISTS `department` (
`department_id` int(11) NOT NULL,
  `code` varchar(10) NOT NULL,
  `name` varchar(50) NOT NULL
) ENGINE=InnoDB AUTO_INCREMENT=27 DEFAULT CHARSET=latin1;

--
-- Dumping data for table `department`
--

INSERT INTO `department` (`department_id`, `code`, `name`) VALUES
(14, 'BA', 'BA'),
(15, 'CF', 'CF'),
(16, 'CS', 'CS'),
(17, 'ENG', 'ENG'),
(18, 'FSOFT', 'FSOFT'),
(19, 'GD', 'GD'),
(20, 'HS', 'HS'),
(21, 'ITS', 'ITS'),
(22, 'JPN', 'JPN'),
(23, 'Math', 'Math'),
(24, 'SE', 'SE'),
(25, 'SS', 'SS'),
(26, 'TI', 'TI');

-- --------------------------------------------------------

--
-- Table structure for table `program_semester`
--

DROP TABLE IF EXISTS `program_semester`;
CREATE TABLE IF NOT EXISTS `program_semester` (
`program_semester_id` int(11) NOT NULL,
  `semester_id` int(11) NOT NULL,
  `current_semester` int(11) NOT NULL,
  `specialized_id` int(11) NOT NULL,
  `detail_specialized_id` int(11) DEFAULT NULL,
  `batch` int(11) NOT NULL
) ENGINE=InnoDB AUTO_INCREMENT=24 DEFAULT CHARSET=latin1;

--
-- Dumping data for table `program_semester`
--

INSERT INTO `program_semester` (`program_semester_id`, `semester_id`, `current_semester`, `specialized_id`, `detail_specialized_id`, `batch`) VALUES
(13, 2, 1, 1, 1, 10),
(14, 2, 2, 1, 1, 10),
(15, 2, 3, 1, 1, 10),
(16, 2, 4, 1, 1, 9),
(17, 2, 5, 1, 1, 9),
(18, 2, 1, 1, 7, 10),
(19, 2, 2, 1, 7, 10),
(20, 2, 3, 1, 8, 10),
(21, 2, 4, 1, 7, 9),
(22, 2, 5, 1, 7, 9),
(23, 2, 1, 1, 8, 10);

-- --------------------------------------------------------

--
-- Table structure for table `program_semester_detail`
--

DROP TABLE IF EXISTS `program_semester_detail`;
CREATE TABLE IF NOT EXISTS `program_semester_detail` (
`program_semester_detail_id` int(11) NOT NULL,
  `program_semester_id` int(11) NOT NULL,
  `course_semester_id` int(11) NOT NULL,
  `is_semester_long` tinyint(1) NOT NULL
) ENGINE=InnoDB AUTO_INCREMENT=107 DEFAULT CHARSET=latin1;

--
-- Dumping data for table `program_semester_detail`
--

INSERT INTO `program_semester_detail` (`program_semester_detail_id`, `program_semester_id`, `course_semester_id`, `is_semester_long`) VALUES
(52, 13, 243, 0),
(53, 13, 242, 0),
(54, 13, 263, 0),
(55, 13, 251, 0),
(56, 13, 257, 1),
(57, 14, 244, 0),
(58, 14, 247, 0),
(59, 14, 275, 0),
(60, 14, 264, 0),
(61, 14, 255, 1),
(62, 15, 260, 0),
(63, 15, 248, 0),
(64, 15, 250, 0),
(65, 15, 252, 0),
(66, 15, 258, 1),
(67, 16, 275, 0),
(68, 16, 249, 0),
(69, 16, 250, 0),
(70, 16, 253, 0),
(71, 16, 262, 1),
(72, 17, 267, 0),
(73, 17, 269, 0),
(74, 17, 261, 0),
(75, 17, 265, 0),
(76, 17, 254, 1),
(77, 18, 243, 0),
(78, 18, 242, 0),
(79, 18, 263, 0),
(80, 18, 251, 0),
(81, 18, 257, 1),
(82, 19, 244, 0),
(83, 19, 247, 0),
(84, 19, 275, 0),
(85, 19, 264, 0),
(86, 19, 255, 1),
(87, 20, 256, 0),
(88, 20, 248, 0),
(89, 20, 250, 0),
(90, 20, 252, 0),
(91, 20, 258, 1),
(92, 21, 246, 0),
(93, 21, 275, 0),
(94, 21, 271, 0),
(95, 21, 253, 0),
(96, 21, 259, 1),
(97, 22, 268, 0),
(98, 22, 270, 0),
(99, 22, 272, 0),
(100, 22, 273, 0),
(101, 22, 274, 1),
(102, 23, 263, 0),
(103, 23, 243, 0),
(104, 23, 257, 0),
(105, 23, 251, 0),
(106, 23, 266, 1);

-- --------------------------------------------------------

--
-- Table structure for table `rooms`
--

DROP TABLE IF EXISTS `rooms`;
CREATE TABLE IF NOT EXISTS `rooms` (
`room_id` int(11) NOT NULL,
  `code` varchar(20) NOT NULL,
  `courses` varchar(1000) DEFAULT NULL,
  `capacity` int(11) NOT NULL,
  `building_id` int(11) DEFAULT NULL
) ENGINE=InnoDB AUTO_INCREMENT=98 DEFAULT CHARSET=latin1;

--
-- Dumping data for table `rooms`
--

INSERT INTO `rooms` (`room_id`, `code`, `courses`, `capacity`, `building_id`) VALUES
(50, 'P201', 'SSG101, SSC102, SSC101', 30, 4),
(51, 'P202', 'SSG101, SSC102, SSC101', 30, 4),
(52, 'P203', 'SSG101, SSC102, SSC101', 30, 4),
(53, 'P204', NULL, 30, 4),
(54, 'P205', NULL, 30, 4),
(55, 'P209', NULL, 30, 4),
(56, 'P211', NULL, 30, 4),
(57, 'P212', NULL, 30, 4),
(58, 'P215', NULL, 30, 4),
(59, 'P216', NULL, 30, 4),
(60, 'P217', NULL, 30, 4),
(61, 'P218', NULL, 30, 4),
(62, 'P219', NULL, 30, 4),
(63, 'P220', NULL, 30, 4),
(64, 'P221', NULL, 30, 4),
(65, 'P301', NULL, 30, 4),
(66, 'P302', NULL, 30, 4),
(67, 'P303', NULL, 30, 4),
(68, 'P304', NULL, 30, 4),
(69, 'P305', NULL, 30, 4),
(70, 'P306', NULL, 30, 4),
(71, 'P307', NULL, 30, 4),
(72, 'P308', NULL, 30, 4),
(73, 'P309', NULL, 30, 4),
(74, 'P310', NULL, 30, 4),
(75, 'P311', NULL, 31, 4),
(76, 'P312', NULL, 32, 4),
(77, 'P313', NULL, 30, 4),
(78, 'P314', NULL, 30, 4),
(79, 'P315', NULL, 30, 4),
(80, 'P316', NULL, 30, 4),
(81, 'P317', NULL, 30, 4),
(82, 'P318', NULL, 30, 4),
(83, 'P319', NULL, 30, 4),
(84, 'P320', NULL, 31, 4),
(85, 'P321', NULL, 30, 4),
(86, 'P411', NULL, 32, 4),
(87, 'HB/201L', NULL, 33, 3),
(88, 'HB/203L', NULL, 30, 3),
(89, 'HB/204L', NULL, 30, 3),
(90, 'HB/207L', NULL, 30, 3),
(91, 'HB/301R', NULL, 30, 3),
(92, 'HB/302R', NULL, 30, 3),
(93, 'HB/303R-305R', NULL, 70, 3),
(94, 'HB/304R', 'GDG401, WMT201, DRA301, GDS301, CAA201, PST201, AFA201, GDF101, HOA101, DRF201, VCM201, DRS101, DGT101, PST201, DRP101, VNC101', 30, 3),
(95, 'HB/307R', NULL, 30, 3),
(96, 'HB/309R', 'GDG401, WMT201, DRA301, GDS301, CAA201, PST201, AFA201, GDF101, HOA101, DRF201, VCM201, DRS101, DGT101, PST201, DRP101, VNC101', 30, 3),
(97, 'HB/202R', 'LAB101, LAB211', 30, 3);

-- --------------------------------------------------------

--
-- Table structure for table `semesters`
--

DROP TABLE IF EXISTS `semesters`;
CREATE TABLE IF NOT EXISTS `semesters` (
`semester_id` int(11) NOT NULL,
  `code` varchar(10) NOT NULL,
  `name` varchar(100) NOT NULL,
  `semester_year` int(11) NOT NULL,
  `start_date` date NOT NULL,
  `end_date` date NOT NULL
) ENGINE=InnoDB AUTO_INCREMENT=4 DEFAULT CHARSET=latin1;

--
-- Dumping data for table `semesters`
--

INSERT INTO `semesters` (`semester_id`, `code`, `name`, `semester_year`, `start_date`, `end_date`) VALUES
(2, 'FA15', 'Fall 2015', 0, '2015-09-07', '2016-01-02'),
(3, '11111', '11', 0, '2015-08-02', '2015-08-21');

-- --------------------------------------------------------

--
-- Table structure for table `specialized`
--

DROP TABLE IF EXISTS `specialized`;
CREATE TABLE IF NOT EXISTS `specialized` (
`specialized_id` int(11) NOT NULL,
  `code` varchar(10) NOT NULL,
  `name` varchar(20) NOT NULL,
  `is_detail_specialized` tinyint(1) NOT NULL
) ENGINE=InnoDB AUTO_INCREMENT=9 DEFAULT CHARSET=latin1;

--
-- Dumping data for table `specialized`
--

INSERT INTO `specialized` (`specialized_id`, `code`, `name`, `is_detail_specialized`) VALUES
(1, 'SE', 'SE', 0),
(2, 'IS1', 'IS1', 1),
(3, 'IS2', 'IS2', 1),
(4, 'ES1', 'ES1', 1),
(5, 'ES2', 'ES2', 1),
(6, 'JS', 'JS', 1),
(7, 'IA', 'IA', 1),
(8, 'EC', 'EC', 1);

-- --------------------------------------------------------

--
-- Table structure for table `staff`
--

DROP TABLE IF EXISTS `staff`;
CREATE TABLE IF NOT EXISTS `staff` (
`staff_id` int(11) NOT NULL,
  `account` varchar(20) NOT NULL,
  `name` varchar(100) CHARACTER SET utf8 COLLATE utf8_vietnamese_ci NOT NULL,
  `email` varchar(50) NOT NULL
) ENGINE=InnoDB AUTO_INCREMENT=7 DEFAULT CHARSET=latin1;

--
-- Dumping data for table `staff`
--

INSERT INTO `staff` (`staff_id`, `account`, `name`, `email`) VALUES
(4, 'duchmse02551', 'Hoang Minh Duc', 'duchmse02551@fpt.edu.vn'),
(5, 'hansse02618', 'hansse02618', 'hansse02618@fpt.edu.vn'),
(6, 'CongLTSE02543', 'Lu Thnh Cng', 'congltse02543@fpt.edu.vn');

-- --------------------------------------------------------

--
-- Table structure for table `students`
--

DROP TABLE IF EXISTS `students`;
CREATE TABLE IF NOT EXISTS `students` (
`student_id` int(11) NOT NULL,
  `account` varchar(20) CHARACTER SET latin1 NOT NULL,
  `name` varchar(100) COLLATE utf8_vietnamese_ci NOT NULL,
  `email` varchar(50) CHARACTER SET latin1 NOT NULL,
  `student_code` varchar(10) CHARACTER SET latin1 NOT NULL,
  `specialized_id` int(11) NOT NULL,
  `detail_specialized_id` int(11) DEFAULT NULL,
  `batch` varchar(10) CHARACTER SET latin1 NOT NULL,
  `semester` int(11) NOT NULL,
  `class_semester_id` int(11) DEFAULT NULL
) ENGINE=InnoDB AUTO_INCREMENT=647 DEFAULT CHARSET=utf8 COLLATE=utf8_vietnamese_ci;

--
-- Dumping data for table `students`
--

INSERT INTO `students` (`student_id`, `account`, `name`, `email`, `student_code`, `specialized_id`, `detail_specialized_id`, `batch`, `semester`, `class_semester_id`) VALUES
(1, 'DinhNTSE04486', 'Nguyn Th Dinh', 'DinhNTSE04486@fpt.edu.vn', 'SE04486', 1, 1, 'NotSet', 3, NULL),
(2, 'HuynhDTSE03573', ' Thin Hunh', 'HuynhDTSE03573@fpt.edu.vn', 'SE03573', 1, 1, 'NotSet', 4, NULL),
(3, 'QuyNHSE03631', 'Nguyn Hng Qu', 'QuyNHSE03631@fpt.edu.vn', 'SE03631', 1, 1, 'NotSet', 4, NULL),
(4, 'TuanDASE03644', 'o Anh Tun', 'TuanDASE03644@fpt.edu.vn', 'SE03644', 1, 1, 'NotSet', 4, NULL),
(5, 'LuongNVSE03673', 'Nguyn Vn Lng', 'LuongNVSE03673@fpt.edu.vn', 'SE03673', 1, 1, 'NotSet', 3, NULL),
(6, 'DongNPSE03794', 'Nguyn Phng ng', 'DongNPSE03794@fpt.edu.vn', 'SE03794', 1, 1, 'NotSet', 4, NULL),
(7, 'TrungNDSE03802', 'Nguyn c Trung', 'TrungNDSE03802@fpt.edu.vn', 'SE03802', 1, 1, 'NotSet', 4, NULL),
(8, 'NamNPSE03883', 'Nguyn Phng Nam', 'NamNPSE03883@fpt.edu.vn', 'SE03883', 1, 1, 'NotSet', 4, NULL),
(9, 'AnhPBSE04073', 'Phm Bo Anh', 'AnhPBSE04073@fpt.edu.vn', 'SE04073', 1, 1, 'NotSet', 2, NULL),
(10, 'DangVHSE04121', 'V Hi ng', 'DangVHSE04121@fpt.edu.vn', 'SE04121', 1, 1, 'NotSet', 2, NULL),
(11, 'MungDVSE03914', 'on Vn Mng', 'MungDVSE03914@fpt.edu.vn', 'SE03914', 1, 1, 'NotSet', 3, NULL),
(12, 'DatLHSE03841', 'L Huy t', 'DatLHSE03841@fpt.edu.vn', 'SE03841', 1, 1, 'NotSet', 4, NULL),
(13, 'AnhCVTSE03893', 'Chu V Tng Anh', 'AnhCVTSE03893@fpt.edu.vn', 'SE03893', 1, 1, 'NotSet', 4, NULL),
(14, 'AnhNTSE03679', 'Ng Tun Anh', 'AnhNTSE03679@fpt.edu.vn', 'SE03679', 1, 1, 'NotSet', 3, NULL),
(15, 'SonHHSE03835', 'H Hng Sn', 'SonHHSE03835@fpt.edu.vn', 'SE03835', 1, 1, 'NotSet', 2, NULL),
(16, 'BaoNVSE03858', 'Nguyn Vn Bo', 'BaoNVSE03858@fpt.edu.vn', 'SE03858', 1, 1, 'NotSet', 2, NULL),
(17, 'HungTVSE03537', 'Trn Vn Hng', 'HungTVSE03537@fpt.edu.vn', 'SE03537', 1, 1, 'NotSet', 3, NULL),
(18, 'TungNDSE03588', 'Nguyn c Tng', 'TungNDSE03588@fpt.edu.vn', 'SE03588', 1, 1, 'NotSet', 2, NULL),
(19, 'CuongTVSE03663', 'Thn Vn Cng', 'CuongTVSE03663@fpt.edu.vn', 'SE03663', 1, 1, 'NotSet', 3, NULL),
(20, 'TuanLMSE03688', 'L Minh Tun', 'TuanLMSE03688@fpt.edu.vn', 'SE03688', 1, 1, 'NotSet', 3, NULL),
(21, 'HaiPVSE03698', 'Phm Vit Hi', 'HaiPVSE03698@fpt.edu.vn', 'SE03698', 1, 1, 'NotSet', 2, NULL),
(22, 'TuanHDSE03730', 'Hong ng Tun', 'TuanHDSE03730@fpt.edu.vn', 'SE03730', 1, 1, 'NotSet', 3, NULL),
(23, 'TrungVHSE03751', 'V Huy Trung', 'TrungVHSE03751@fpt.edu.vn', 'SE03751', 1, 1, 'NotSet', 3, NULL),
(24, 'TrongDTSE03761', 'ng Tun Trng', 'TrongDTSE03761@fpt.edu.vn', 'SE03761', 1, 1, 'NotSet', 2, NULL),
(25, 'DungNDSE03796', 'Nguyn nh Dng', 'DungNDSE03796@fpt.edu.vn', 'SE03796', 1, 1, 'NotSet', 2, NULL),
(26, 'ThanhPTSE03828', 'Phm Trng Thnh', 'ThanhPTSE03828@fpt.edu.vn', 'SE03828', 1, 1, 'NotSet', 3, NULL),
(27, 'AnhLVSE03908', 'L Vit Anh', 'AnhLVSE03908@fpt.edu.vn', 'SE03908', 1, 1, 'NotSet', 3, NULL),
(28, 'HungNTSE03913', 'Nguyn Th Hng', 'HungNTSE03913@fpt.edu.vn', 'SE03913', 1, 1, 'NotSet', 2, NULL),
(29, 'TungNTSE03924', 'Nguyn Thanh Tng', 'TungNTSE03924@fpt.edu.vn', 'SE03924', 1, 1, 'NotSet', 3, NULL),
(30, 'TuyenPKSE03937', 'Phm Kim Tuyn', 'TuyenPKSE03937@fpt.edu.vn', 'SE03937', 1, 1, 'NotSet', 3, NULL),
(31, 'KhoaTDSE03372', 'Trn ng Khoa', 'KhoaTDSE03372@fpt.edu.vn', 'SE03372', 1, 1, 'NotSet', 3, NULL),
(32, 'HieuTTSE03468', 'Trn Trung Hiu', 'HieuTTSE03468@fpt.edu.vn', 'SE03468', 1, 1, 'NotSet', 3, NULL),
(33, 'AnhNCSE03485', 'Nguyn Cng Anh', 'AnhNCSE03485@fpt.edu.vn', 'SE03485', 1, 1, 'NotSet', 3, NULL),
(34, 'TuanTASE03554', 'Trn Anh Tun', 'TuanTASE03554@fpt.edu.vn', 'SE03554', 1, 1, 'NotSet', 3, NULL),
(35, 'HiepNHSE03561', 'Nguyn Hu Hip', 'HiepNHSE03561@fpt.edu.vn', 'SE03561', 1, 1, 'NotSet', 3, NULL),
(36, 'TrungNHSE03608', 'Nguyn Hong Trung', 'TrungNHSE03608@fpt.edu.vn', 'SE03608', 1, 1, 'NotSet', 3, NULL),
(37, 'HoaNKSE03609', 'Nguyn Khnh Ha', 'HoaNKSE03609@fpt.edu.vn', 'SE03609', 1, 1, 'NotSet', 3, NULL),
(38, 'TruongNXSE03627', 'Nguyn Xun Trng', 'TruongNXSE03627@fpt.edu.vn', 'SE03627', 1, 1, 'NotSet', 3, NULL),
(39, 'KhanhCVSE03642', 'Chu Vn Khnh', 'KhanhCVSE03642@fpt.edu.vn', 'SE03642', 1, 1, 'NotSet', 3, NULL),
(40, 'DungPTSE03655', 'Phm Tun Dng', 'DungPTSE03655@fpt.edu.vn', 'SE03655', 1, 1, 'NotSet', 3, NULL),
(41, 'HoangTVSE03656', 'Trn Vit Hong', 'HoangTVSE03656@fpt.edu.vn', 'SE03656', 1, 1, 'NotSet', 3, NULL),
(42, 'AnhVNSE03674', 'Vn Ngc nh', 'AnhVNSE03674@fpt.edu.vn', 'SE03674', 1, 1, 'NotSet', 3, NULL),
(43, 'BangNVSE03684', 'Nguyn Vn Bng', 'BangNVSE03684@fpt.edu.vn', 'SE03684', 1, 1, 'NotSet', 3, NULL),
(44, 'DuongHTNSE03716', 'Hong Trn Nht Dng', 'DuongHTNSE03716@fpt.edu.vn', 'SE03716', 1, 1, 'NotSet', 3, NULL),
(45, 'DucHASE03729', 'H Anh c', 'DucHASE03729@fpt.edu.vn', 'SE03729', 1, 1, 'NotSet', 3, NULL),
(46, 'HiepDHSE03731', 'ng Hong Hip', 'HiepDHSE03731@fpt.edu.vn', 'SE03731', 1, 1, 'NotSet', 3, NULL),
(47, 'AnhVMSE03758', 'V Minh nh', 'AnhVMSE03758@fpt.edu.vn', 'SE03758', 1, 1, 'NotSet', 3, NULL),
(48, 'AnhNVSE03759', 'Nguyn Vit Anh', 'AnhNVSE03759@fpt.edu.vn', 'SE03759', 1, 1, 'NotSet', 3, NULL),
(49, 'HaiNNSE03772', 'Nguyn Ngc Hi', 'HaiNNSE03772@fpt.edu.vn', 'SE03772', 1, 1, 'NotSet', 3, NULL),
(50, 'QuangNHSE03792', 'Nguyn Huy Quang', 'QuangNHSE03792@fpt.edu.vn', 'SE03792', 1, 1, 'NotSet', 2, NULL),
(51, 'HoanLTSE03813', 'L Trn Hon', 'HoanLTSE03813@fpt.edu.vn', 'SE03813', 1, 1, 'NotSet', 3, NULL),
(52, 'TruongTVSE03815', 'Trn Vn Trng', 'TruongTVSE03815@fpt.edu.vn', 'SE03815', 1, 1, 'NotSet', 3, NULL),
(53, 'AnhNNTSE03823', 'Nguyn Ngc Tun Anh', 'AnhNNTSE03823@fpt.edu.vn', 'SE03823', 1, 1, 'NotSet', 2, NULL),
(54, 'TuanLASE03831', 'L Anh Tun', 'TuanLASE03831@fpt.edu.vn', 'SE03831', 1, 1, 'NotSet', 3, NULL),
(55, 'NamLASE03836', 'L Anh Nam', 'NamLASE03836@fpt.edu.vn', 'SE03836', 1, 1, 'NotSet', 3, NULL),
(56, 'SonPBSE03907', 'Phan Bo Sn', 'SonPBSE03907@fpt.edu.vn', 'SE03907', 1, 1, 'NotSet', 3, NULL),
(57, 'ThaiHTSE03926', 'Hong Tun Thi', 'ThaiHTSE03926@fpt.edu.vn', 'SE03926', 1, 1, 'NotSet', 3, NULL),
(58, 'VinhNVSE03927', 'Nguyn Vn Vinh', 'VinhNVSE03927@fpt.edu.vn', 'SE03927', 1, 1, 'NotSet', 3, NULL),
(59, 'CongLDSE03929', 'L Duy Cng', 'CongLDSE03929@fpt.edu.vn', 'SE03929', 1, 1, 'NotSet', 3, NULL),
(60, 'HanhNTSE03934', 'Nguyn Th Hnh', 'HanhNTSE03934@fpt.edu.vn', 'SE03934', 1, 1, 'NotSet', 3, NULL),
(61, 'TinhNXSE03935', 'Nguyn Xun Tnh', 'TinhNXSE03935@fpt.edu.vn', 'SE03935', 1, 1, 'NotSet', 3, NULL),
(62, 'AnhDTSE03942', ' Tun Anh', 'AnhDTSE03942@fpt.edu.vn', 'SE03942', 1, 1, 'NotSet', 3, NULL),
(63, 'TungVKSE02372', 'V Khnh Tng', 'TungVKSE02372@fpt.edu.vn', 'SE02372', 1, 1, 'NotSet', 2, NULL),
(64, 'TinNVSE03660', 'Nguyn Vn Tn', 'TinNVSE03660@fpt.edu.vn', 'SE03660', 1, 1, 'NotSet', 3, NULL),
(65, 'QuanTDSE03667', 'Trn ng Qun', 'QuanTDSE03667@fpt.edu.vn', 'SE03667', 1, 1, 'NotSet', 2, NULL),
(66, 'NgocNVSE03390', 'Nguyn Vn Ngc', 'NgocNVSE03390@fpt.edu.vn', 'SE03390', 1, 1, 'NotSet', 3, NULL),
(67, 'TungNDSE03526', 'Nguyn c Tng', 'TungNDSE03526@fpt.edu.vn', 'SE03526', 1, 1, 'NotSet', 3, NULL),
(68, 'LucDVSE03546', 'inh Vn Lc', 'LucDVSE03546@fpt.edu.vn', 'SE03546', 1, 1, 'NotSet', 3, NULL),
(69, 'ThinhNTSE03548', 'Nguyn Tin Thnh', 'ThinhNTSE03548@fpt.edu.vn', 'SE03548', 1, 1, 'NotSet', 3, NULL),
(70, 'LinhNTSE03586', 'Nguyn Th Linh', 'LinhNTSE03586@fpt.edu.vn', 'SE03586', 1, 1, 'NotSet', 3, NULL),
(71, 'ManhDKSE03686', 'o Khc Mnh', 'ManhDKSE03686@fpt.edu.vn', 'SE03686', 1, 1, 'NotSet', 3, NULL),
(72, 'HinhNXSE03687', 'Nguyn Xun Hinh', 'HinhNXSE03687@fpt.edu.vn', 'SE03687', 1, 1, 'NotSet', 3, NULL),
(73, 'GiangNTSE03695', 'Nguyn Trng Giang', 'GiangNTSE03695@fpt.edu.vn', 'SE03695', 1, 1, 'NotSet', 3, NULL),
(74, 'QuanTHSE03733', 'Trn Hng Qun', 'QuanTHSE03733@fpt.edu.vn', 'SE03733', 1, 1, 'NotSet', 3, NULL),
(75, 'NamPTSE04116', 'Phan Thnh Nam', 'NamPTSE04116@fpt.edu.vn', 'SE04116', 1, 1, 'NotSet', 2, NULL),
(76, 'PhuongNMSE04196', 'Nguyn Minh Phng', 'PhuongNMSE04196@fpt.edu.vn', 'SE04196', 1, 1, 'NotSet', 3, NULL),
(77, 'HaDNSE04048', 'ng Nht H', 'HaDNSE04048@fpt.edu.vn', 'SE04048', 1, 1, 'NotSet', 3, NULL),
(78, 'MinhNTSE04083', 'Ng Th Minh', 'MinhNTSE04083@fpt.edu.vn', 'SE04083', 1, 1, 'NotSet', 3, NULL),
(79, 'TuanTASE04118', 'Trn Anh Tun', 'TuanTASE04118@fpt.edu.vn', 'SE04118', 1, 1, 'NotSet', 3, NULL),
(80, 'DungLHSE04230', 'L Hong Dng', 'DungLHSE04230@fpt.edu.vn', 'SE04230', 1, 1, 'NotSet', 3, NULL),
(81, 'TungVDSE04074', 'V c Tng', 'TungVDSE04074@fpt.edu.vn', 'SE04074', 1, 1, 'NotSet', 3, NULL),
(82, 'TrungBDSE04114', 'Bi c Trung', 'TrungBDSE04114@fpt.edu.vn', 'SE04114', 1, 1, 'NotSet', 3, NULL),
(83, 'ManhNTSE04004', 'Nguyn Tin Mnh', 'ManhNTSE04004@fpt.edu.vn', 'SE04004', 1, 1, 'NotSet', 3, NULL),
(84, 'TuTHSE04063', 'Trn Hu T', 'TuTHSE04063@fpt.edu.vn', 'SE04063', 1, 1, 'NotSet', 3, NULL),
(85, 'ManhHDSE04394', 'Hong c Mnh', 'ManhHDSE04394@fpt.edu.vn', 'SE04394', 1, 1, 'NotSet', 3, NULL),
(86, 'HoangVVSE04088', 'Vng Vit Hong', 'HoangVVSE04088@fpt.edu.vn', 'SE04088', 1, 1, 'NotSet', 3, NULL),
(87, 'CuongNTSE03238', 'Nguyn Thnh Cng', 'CuongNTSE03238@fpt.edu.vn', 'SE03238', 1, 1, 'NotSet', 4, NULL),
(88, 'NguyenTCSE03248', 'Trn Cng Nguyn', 'NguyenTCSE03248@fpt.edu.vn', 'SE03248', 1, 1, 'NotSet', 4, NULL),
(89, 'DungPASE03281', 'Phng Anh Dng', 'DungPASE03281@fpt.edu.vn', 'SE03281', 1, 1, 'NotSet', 3, NULL),
(90, 'LongNHSE03299', 'Nguyn Hong Long', 'LongNHSE03299@fpt.edu.vn', 'SE03299', 1, 1, 'NotSet', 4, NULL),
(91, 'LamNTSE03307', 'Nguyn Tng Lm', 'LamNTSE03307@fpt.edu.vn', 'SE03307', 1, 1, 'NotSet', 2, NULL),
(92, 'HoangLNSE03385', 'L Nht Hong', 'HoangLNSE03385@fpt.edu.vn', 'SE03385', 1, 1, 'NotSet', 4, NULL),
(93, 'LinhNTLSE04216', 'Nguyn Th L Linh', 'LinhNTLSE04216@fpt.edu.vn', 'SE04216', 1, 1, 'NotSet', 4, NULL),
(94, 'AnhLTSE03448', 'L Tun Anh', 'AnhLTSE03448@fpt.edu.vn', 'SE03448', 1, 1, 'NotSet', 4, NULL),
(95, 'HoangNMSE03455', 'Nguyn Minh Hong', 'HoangNMSE03455@fpt.edu.vn', 'SE03455', 1, 1, 'NotSet', 4, NULL),
(96, 'VietDXSE03456', ' Xun Vit', 'VietDXSE03456@fpt.edu.vn', 'SE03456', 1, 1, 'NotSet', 4, NULL),
(97, 'QuangHDSE03459', 'Hong nh Quang', 'QuangHDSE03459@fpt.edu.vn', 'SE03459', 1, 1, 'NotSet', 4, NULL),
(98, 'PhuongNTMSE03461', 'Nguyn Th Mai Phng', 'PhuongNTMSE03461@fpt.edu.vn', 'SE03461', 1, 1, 'NotSet', 4, NULL),
(99, 'HiepBHSE03463', 'Bi Hong Hip', 'HiepBHSE03463@fpt.edu.vn', 'SE03463', 1, 1, 'NotSet', 4, NULL),
(100, 'BachVNSE03480', 'V Ngc Bch', 'BachVNSE03480@fpt.edu.vn', 'SE03480', 1, 1, 'NotSet', 4, NULL),
(101, 'AnhPTSE03482', 'Phm Tun Anh', 'AnhPTSE03482@fpt.edu.vn', 'SE03482', 1, 1, 'NotSet', 4, NULL),
(102, 'ChinhNDSE03483', 'Nguyn c Chnh', 'ChinhNDSE03483@fpt.edu.vn', 'SE03483', 1, 1, 'NotSet', 4, NULL),
(103, 'HaNXSE03484', 'Nguyn Xun H', 'HaNXSE03484@fpt.edu.vn', 'SE03484', 1, 1, 'NotSet', 4, NULL),
(104, 'ThanhNVSE03492', 'Nguyn Vn Thnh', 'ThanhNVSE03492@fpt.edu.vn', 'SE03492', 1, 1, 'NotSet', 4, NULL),
(105, 'DongNASE03494', 'Nguyn  ng', 'DongNASE03494@fpt.edu.vn', 'SE03494', 1, 1, 'NotSet', 4, NULL),
(106, 'TungNHHSE03498', 'Nguyn Hu Hong Tng', 'TungNHHSE03498@fpt.edu.vn', 'SE03498', 1, 1, 'NotSet', 4, NULL),
(107, 'DatNTSE03522', 'Ng Tin t', 'DatNTSE03522@fpt.edu.vn', 'SE03522', 1, 1, 'NotSet', 4, NULL),
(108, 'ThangLDSE03529', 'Lm c Thng', 'ThangLDSE03529@fpt.edu.vn', 'SE03529', 1, 1, 'NotSet', 4, NULL),
(109, 'ManhDDSE03539', 'ng c Mnh', 'ManhDDSE03539@fpt.edu.vn', 'SE03539', 1, 1, 'NotSet', 4, NULL),
(110, 'HoangVSE03540', 'V Hong', 'HoangVSE03540@fpt.edu.vn', 'SE03540', 1, 1, 'NotSet', 4, NULL),
(111, 'ThuongNTHSE03542', 'Nng Th Hoi Thng', 'ThuongNTHSE03542@fpt.edu.vn', 'SE03542', 1, 1, 'NotSet', 4, NULL),
(112, 'TruongDBSE03543', 'Dng B Trng', 'TruongDBSE03543@fpt.edu.vn', 'SE03543', 1, 1, 'NotSet', 4, NULL),
(113, 'TuNTSE03545', 'Nguyn Tun T', 'TuNTSE03545@fpt.edu.vn', 'SE03545', 1, 1, 'NotSet', 3, NULL),
(114, 'PhatNHSE03551', 'Nguyn Huy Pht', 'PhatNHSE03551@fpt.edu.vn', 'SE03551', 1, 1, 'NotSet', 4, NULL),
(115, 'LongPTSE03552', 'Phm Tin Long', 'LongPTSE03552@fpt.edu.vn', 'SE03552', 1, 1, 'NotSet', 4, NULL),
(116, 'SonLASE03553', 'L Anh Sn', 'SonLASE03553@fpt.edu.vn', 'SE03553', 1, 1, 'NotSet', 4, NULL),
(117, 'DaiTQSE03557', 'Trnh Quang i', 'DaiTQSE03557@fpt.edu.vn', 'SE03557', 1, 1, 'NotSet', 4, NULL),
(118, 'AnhTTSE03560', 'Trng Tun Anh', 'AnhTTSE03560@fpt.edu.vn', 'SE03560', 1, 1, 'NotSet', 4, NULL),
(119, 'SonDCSE03564', 'ng Cng Sn', 'SonDCSE03564@fpt.edu.vn', 'SE03564', 1, 1, 'NotSet', 4, NULL),
(120, 'DucNTSE03565', 'Nguyn Trung c', 'DucNTSE03565@fpt.edu.vn', 'SE03565', 1, 1, 'NotSet', 4, NULL),
(121, 'TuanNASE03567', 'Nguyn Anh Tun', 'TuanNASE03567@fpt.edu.vn', 'SE03567', 1, 1, 'NotSet', 4, NULL),
(122, 'ThuongTXSE03568', 'Trn Xun Thng', 'ThuongTXSE03568@fpt.edu.vn', 'SE03568', 1, 1, 'NotSet', 2, NULL),
(123, 'LinhDQSE03570', 'o Quang Linh', 'LinhDQSE03570@fpt.edu.vn', 'SE03570', 1, 1, 'NotSet', 4, NULL),
(124, 'HoangNASE03574', 'Nguyn Anh Hong', 'HoangNASE03574@fpt.edu.vn', 'SE03574', 1, 1, 'NotSet', 4, NULL),
(125, 'QuanTMSE03575', 'Trn Mnh Qun', 'QuanTMSE03575@fpt.edu.vn', 'SE03575', 1, 1, 'NotSet', 4, NULL),
(126, 'VinhKMSE03576', 'Khut Mnh Vinh', 'VinhKMSE03576@fpt.edu.vn', 'SE03576', 1, 1, 'NotSet', 4, NULL),
(127, 'HungNVSE03577', 'Nguyn Vit Hng', 'HungNVSE03577@fpt.edu.vn', 'SE03577', 1, 1, 'NotSet', 4, NULL),
(128, 'AnhNPSE03583', 'Nguyn Phan Anh', 'AnhNPSE03583@fpt.edu.vn', 'SE03583', 1, 1, 'NotSet', 4, NULL),
(129, 'QuanTMSE03585', 'T Minh Qun', 'QuanTMSE03585@fpt.edu.vn', 'SE03585', 1, 1, 'NotSet', 4, NULL),
(130, 'TriBMSE03590', 'Bi Mnh Tr', 'TriBMSE03590@fpt.edu.vn', 'SE03590', 1, 1, 'NotSet', 4, NULL),
(131, 'TamNASE03594', 'Nguyn Anh Tm', 'TamNASE03594@fpt.edu.vn', 'SE03594', 1, 1, 'NotSet', 4, NULL),
(132, 'NamNVSE03599', 'Nguyn Vit Nam', 'NamNVSE03599@fpt.edu.vn', 'SE03599', 1, 1, 'NotSet', 4, NULL),
(133, 'ThangTCSE03602', 'Trn Cng Thng', 'ThangTCSE03602@fpt.edu.vn', 'SE03602', 1, 1, 'NotSet', 3, NULL),
(134, 'AnhGTSE03603', 'Giang Tun Anh', 'AnhGTSE03603@fpt.edu.vn', 'SE03603', 1, 1, 'NotSet', 4, NULL),
(135, 'AnhPTSE03615', 'Phm Tun Anh', 'AnhPTSE03615@fpt.edu.vn', 'SE03615', 1, 1, 'NotSet', 4, NULL),
(136, 'KhangPQSE03624', 'Phm Quang Khang', 'KhangPQSE03624@fpt.edu.vn', 'SE03624', 1, 1, 'NotSet', 4, NULL),
(137, 'HungDXSE03628', 'o Xun Hng', 'HungDXSE03628@fpt.edu.vn', 'SE03628', 1, 1, 'NotSet', 4, NULL),
(138, 'VietPQSE03630', 'Phm Quc Vit', 'VietPQSE03630@fpt.edu.vn', 'SE03630', 1, 1, 'NotSet', 4, NULL),
(139, 'DucNTSE03632', 'Nguyn Trung c', 'DucNTSE03632@fpt.edu.vn', 'SE03632', 1, 1, 'NotSet', 4, NULL),
(140, 'TuanNSSE03635', 'Nguyn S Tun', 'TuanNSSE03635@fpt.edu.vn', 'SE03635', 1, 1, 'NotSet', 4, NULL),
(141, 'TungNTSE03636', 'Nguyn Thanh Tng', 'TungNTSE03636@fpt.edu.vn', 'SE03636', 1, 1, 'NotSet', 4, NULL),
(142, 'HocNNSE03646', 'Nguyn Nh Hc', 'HocNNSE03646@fpt.edu.vn', 'SE03646', 1, 1, 'NotSet', 2, NULL),
(143, 'KienHTSE03661', 'Hong Trung Kin', 'KienHTSE03661@fpt.edu.vn', 'SE03661', 1, 1, 'NotSet', 4, NULL),
(144, 'CuongNMSE03666', 'Nguyn Mnh Cng', 'CuongNMSE03666@fpt.edu.vn', 'SE03666', 1, 1, 'NotSet', 4, NULL),
(145, 'VuNSSE03669', 'Nguyn Sn V', 'VuNSSE03669@fpt.edu.vn', 'SE03669', 1, 1, 'NotSet', 4, NULL),
(146, 'ThaiNGDSE03670', 'Nguyn Gia Duy Thi', 'ThaiNGDSE03670@fpt.edu.vn', 'SE03670', 1, 1, 'NotSet', 4, NULL),
(147, 'HungTNSE03671', 'Trn Ngc Hng', 'HungTNSE03671@fpt.edu.vn', 'SE03671', 1, 1, 'NotSet', 4, NULL),
(148, 'ToanCVSE03675', 'Chu Vn Ton', 'ToanCVSE03675@fpt.edu.vn', 'SE03675', 1, 1, 'NotSet', 4, NULL),
(149, 'QuangTMSE03677', 'Trn Minh Quang', 'QuangTMSE03677@fpt.edu.vn', 'SE03677', 1, 1, 'NotSet', 4, NULL),
(150, 'GiangNDSE03680', 'Nguyn c Giang', 'GiangNDSE03680@fpt.edu.vn', 'SE03680', 1, 1, 'NotSet', 4, NULL),
(151, 'CongNCSE03681', 'Nguyn Ch Cng', 'CongNCSE03681@fpt.edu.vn', 'SE03681', 1, 1, 'NotSet', 3, NULL),
(152, 'DatBTSE03683', 'Bi Tt t', 'DatBTSE03683@fpt.edu.vn', 'SE03683', 1, 1, 'NotSet', 4, NULL),
(153, 'LongNHSE03685', 'Nguyn Hong Long', 'LongNHSE03685@fpt.edu.vn', 'SE03685', 1, 1, 'NotSet', 4, NULL),
(154, 'PhongNHSE03697', 'Nguyn Huy Phong', 'PhongNHSE03697@fpt.edu.vn', 'SE03697', 1, 1, 'NotSet', 4, NULL),
(155, 'BachNKXSE03699', 'Nguyn Khc Xun Bch', 'BachNKXSE03699@fpt.edu.vn', 'SE03699', 1, 1, 'NotSet', 4, NULL),
(156, 'DucLTSE03700', 'Lu Trung c', 'DucLTSE03700@fpt.edu.vn', 'SE03700', 1, 1, 'NotSet', 4, NULL),
(157, 'AnhNNTSE03702', 'Nguyn Nghim Tun Anh', 'AnhNNTSE03702@fpt.edu.vn', 'SE03702', 1, 1, 'NotSet', 4, NULL),
(158, 'LongMHSE03705', 'Mai Hong Long', 'LongMHSE03705@fpt.edu.vn', 'SE03705', 1, 1, 'NotSet', 4, NULL),
(159, 'HuyTQSE03706', 'T Quang Huy', 'HuyTQSE03706@fpt.edu.vn', 'SE03706', 1, 1, 'NotSet', 4, NULL),
(160, 'HaVKSE03708', 'Vng Khi H', 'HaVKSE03708@fpt.edu.vn', 'SE03708', 1, 1, 'NotSet', 4, NULL),
(161, 'PhuongHASE03715', 'Hong Anh Phng', 'PhuongHASE03715@fpt.edu.vn', 'SE03715', 1, 1, 'NotSet', 4, NULL),
(162, 'TuanHMSE03722', 'H Minh Tun', 'TuanHMSE03722@fpt.edu.vn', 'SE03722', 1, 1, 'NotSet', 4, NULL),
(163, 'QuanLHSE03726', 'L Hng Qun', 'QuanLHSE03726@fpt.edu.vn', 'SE03726', 1, 1, 'NotSet', 4, NULL),
(164, 'QuanNHSE03727', 'Nguyn Hu Qun', 'QuanNHSE03727@fpt.edu.vn', 'SE03727', 1, 1, 'NotSet', 3, NULL),
(165, 'DatNTSE03734', 'Nguyn Thnh t', 'DatNTSE03734@fpt.edu.vn', 'SE03734', 1, 1, 'NotSet', 4, NULL),
(166, 'KienNTSE03736', 'Ng Trung Kin', 'KienNTSE03736@fpt.edu.vn', 'SE03736', 1, 1, 'NotSet', 4, NULL),
(167, 'TuanCASE03737', 'Cao Anh Tun', 'TuanCASE03737@fpt.edu.vn', 'SE03737', 1, 1, 'NotSet', 4, NULL),
(168, 'HieuDVSE03739', 'on Vn Hiu', 'HieuDVSE03739@fpt.edu.vn', 'SE03739', 1, 1, 'NotSet', 4, NULL),
(169, 'MinhVHSE03742', 'V Hong Minh', 'MinhVHSE03742@fpt.edu.vn', 'SE03742', 1, 1, 'NotSet', 4, NULL),
(170, 'TungNTSE03745', 'Nguyn Tun Tng', 'TungNTSE03745@fpt.edu.vn', 'SE03745', 1, 1, 'NotSet', 4, NULL),
(171, 'ThanhNNSE03750', 'Nguyn Ngc Thanh', 'ThanhNNSE03750@fpt.edu.vn', 'SE03750', 1, 1, 'NotSet', 3, NULL),
(172, 'KhoaPDSE03752', 'Phm c Khoa', 'KhoaPDSE03752@fpt.edu.vn', 'SE03752', 1, 1, 'NotSet', 4, NULL),
(173, 'AnhLTSE03760', 'L Tun Anh', 'AnhLTSE03760@fpt.edu.vn', 'SE03760', 1, 1, 'NotSet', 4, NULL),
(174, 'PhuongPTMSE03773', 'Phm Th Minh Phng', 'PhuongPTMSE03773@fpt.edu.vn', 'SE03773', 1, 1, 'NotSet', 4, NULL),
(175, 'SonDHSE03775', ' Hng Sn', 'SonDHSE03775@fpt.edu.vn', 'SE03775', 1, 1, 'NotSet', 4, NULL),
(176, 'QuangNDSE03776', 'Nguyn ng Quang', 'QuangNDSE03776@fpt.edu.vn', 'SE03776', 1, 1, 'NotSet', 4, NULL),
(177, 'DatDHSE03781', 'o Huy t', 'DatDHSE03781@fpt.edu.vn', 'SE03781', 1, 1, 'NotSet', 4, NULL),
(178, 'ThanhNCSE03786', 'Nguyn Cng Thnh', 'ThanhNCSE03786@fpt.edu.vn', 'SE03786', 1, 1, 'NotSet', 4, NULL),
(179, 'PhucLASE03793', 'L Anh Phc', 'PhucLASE03793@fpt.edu.vn', 'SE03793', 1, 1, 'NotSet', 4, NULL),
(180, 'LinhTNSE03795', 'Trn Nht Linh', 'LinhTNSE03795@fpt.edu.vn', 'SE03795', 1, 1, 'NotSet', 4, NULL),
(181, 'LongNBSE03804', 'Nguyn Bo Long', 'LongNBSE03804@fpt.edu.vn', 'SE03804', 1, 1, 'NotSet', 4, NULL),
(182, 'CongHPASE03806', 'H Phan Anh Cng', 'CongHPASE03806@fpt.edu.vn', 'SE03806', 1, 1, 'NotSet', 4, NULL),
(183, 'HieuNMSE03810', 'Nguyn Minh Hiu', 'HieuNMSE03810@fpt.edu.vn', 'SE03810', 1, 1, 'NotSet', 4, NULL),
(184, 'TrinhDNSE03817', ' Ngc Trnh', 'TrinhDNSE03817@fpt.edu.vn', 'SE03817', 1, 1, 'NotSet', 4, NULL),
(185, 'LoiTDSE03822', 'Trn ng Li', 'LoiTDSE03822@fpt.edu.vn', 'SE03822', 1, 1, 'NotSet', 4, NULL),
(186, 'DoPKSE03824', 'Phm Khc ', 'DoPKSE03824@fpt.edu.vn', 'SE03824', 1, 1, 'NotSet', 4, NULL),
(187, 'CuongNCSE03825', 'Nguyn Ch Cng', 'CuongNCSE03825@fpt.edu.vn', 'SE03825', 1, 1, 'NotSet', 4, NULL),
(188, 'AnhNDSE03826', 'Nguyn Duy Anh', 'AnhNDSE03826@fpt.edu.vn', 'SE03826', 1, 1, 'NotSet', 3, NULL),
(189, 'QuanNHSE03830', 'Ng Hu Qun', 'QuanNHSE03830@fpt.edu.vn', 'SE03830', 1, 1, 'NotSet', 4, NULL),
(190, 'PhuocVVSE03837', 'V Vn Phc', 'PhuocVVSE03837@fpt.edu.vn', 'SE03837', 1, 1, 'NotSet', 4, NULL),
(191, 'ManhHTSE03844', 'Hong Th Mnh', 'ManhHTSE03844@fpt.edu.vn', 'SE03844', 1, 1, 'NotSet', 4, NULL),
(192, 'LamVTSE03846', 'V Th Lm', 'LamVTSE03846@fpt.edu.vn', 'SE03846', 1, 1, 'NotSet', 4, NULL),
(193, 'VuongTVSE03854', 'Trn Vit Vng', 'VuongTVSE03854@fpt.edu.vn', 'SE03854', 1, 1, 'NotSet', 4, NULL),
(194, 'HieuPVDSE03855', 'Phan V nh Hiu', 'HieuPVDSE03855@fpt.edu.vn', 'SE03855', 1, 1, 'NotSet', 4, NULL),
(195, 'HaoHQSE03856', 'H Quang Ho', 'HaoHQSE03856@fpt.edu.vn', 'SE03856', 1, 1, 'NotSet', 4, NULL),
(196, 'HungPPSE03862', 'Phm Phi Hng', 'HungPPSE03862@fpt.edu.vn', 'SE03862', 1, 1, 'NotSet', 4, NULL),
(197, 'TuyenLASE03863', 'L Anh Tuyn', 'TuyenLASE03863@fpt.edu.vn', 'SE03863', 1, 1, 'NotSet', 4, NULL),
(198, 'HieuNMSE03870', 'Nguyn Mnh Hiu', 'HieuNMSE03870@fpt.edu.vn', 'SE03870', 1, 1, 'NotSet', 4, NULL),
(199, 'TuanTQSE03873', 'Trn Quc Tun', 'TuanTQSE03873@fpt.edu.vn', 'SE03873', 1, 1, 'NotSet', 4, NULL),
(200, 'DatBVSE03875', 'Bi Vinh t', 'DatBVSE03875@fpt.edu.vn', 'SE03875', 1, 1, 'NotSet', 4, NULL),
(201, 'TrungVTSE03880', 'V Tr Trung', 'TrungVTSE03880@fpt.edu.vn', 'SE03880', 1, 1, 'NotSet', 4, NULL),
(202, 'HaNTTSE03882', 'Nguyn Th Thu H', 'HaNTTSE03882@fpt.edu.vn', 'SE03882', 1, 1, 'NotSet', 4, NULL),
(203, 'QuangVNSE03887', 'V Ngc Quang', 'QuangVNSE03887@fpt.edu.vn', 'SE03887', 1, 1, 'NotSet', 4, NULL),
(204, 'ChuongHVSE03891', 'Hong Vn Chng', 'ChuongHVSE03891@fpt.edu.vn', 'SE03891', 1, 1, 'NotSet', 4, NULL),
(205, 'TrungNQSE03897', 'Nguyn Quang Trung', 'TrungNQSE03897@fpt.edu.vn', 'SE03897', 1, 1, 'NotSet', 4, NULL),
(206, 'LinhVVSE03899', 'V Vn Linh', 'LinhVVSE03899@fpt.edu.vn', 'SE03899', 1, 1, 'NotSet', 4, NULL),
(207, 'LucNVSE03901', 'Nguyn Vn Lc', 'LucNVSE03901@fpt.edu.vn', 'SE03901', 1, 1, 'NotSet', 4, NULL),
(208, 'TungTTSE03909', 'Trn Thanh Tng', 'TungTTSE03909@fpt.edu.vn', 'SE03909', 1, 1, 'NotSet', 4, NULL),
(209, 'HoangVTSE03931', 'V Trn Hong', 'HoangVTSE03931@fpt.edu.vn', 'SE03931', 1, 1, 'NotSet', 4, NULL),
(210, 'KhoiDHSE03944', ' Hng Khi', 'KhoiDHSE03944@fpt.edu.vn', 'SE03944', 1, 1, 'NotSet', 4, NULL),
(211, 'SangTMSE03273', 'Trn Minh Sng', 'SangTMSE03273@fpt.edu.vn', 'SE03273', 1, 1, 'NotSet', 4, NULL),
(212, 'ThanhNHSE03110', 'Ng Hu Thnh', 'ThanhNHSE03110@fpt.edu.vn', 'SE03110', 1, 1, 'NotSet', 4, NULL),
(213, 'DuyLNSE03114', 'L Ngc Duy', 'DuyLNSE03114@fpt.edu.vn', 'SE03114', 1, 1, 'NotSet', 5, NULL),
(214, 'NhatLTSE03124', 'Li Th Nht', 'NhatLTSE03124@fpt.edu.vn', 'SE03124', 1, 1, 'NotSet', 4, NULL),
(215, 'TruongVNSE03130', 'V Ngc Trng', 'TruongVNSE03130@fpt.edu.vn', 'SE03130', 1, 1, 'NotSet', 5, NULL),
(216, 'TuanNTSE03136', 'Nguyn Ti Tun', 'TuanNTSE03136@fpt.edu.vn', 'SE03136', 1, 1, 'NotSet', 5, NULL),
(217, 'ThaiNHSE03151', 'Nguyn Hu Thi', 'ThaiNHSE03151@fpt.edu.vn', 'SE03151', 1, 1, 'NotSet', 5, NULL),
(218, 'TienNVSE03185', 'Nguyn Vn Tin', 'TienNVSE03185@fpt.edu.vn', 'SE03185', 1, 1, 'NotSet', 5, NULL),
(219, 'PhongDCSE03196', ' Cao Phong', 'PhongDCSE03196@fpt.edu.vn', 'SE03196', 1, 1, 'NotSet', 5, NULL),
(220, 'HoangLGSE03200', 'L Gia Hong', 'HoangLGSE03200@fpt.edu.vn', 'SE03200', 1, 1, 'NotSet', 5, NULL),
(221, 'MinhTDSE03276', 'Trn c Minh', 'MinhTDSE03276@fpt.edu.vn', 'SE03276', 1, 1, 'NotSet', 5, NULL),
(222, 'DuongLVSE03290', 'L Vn Dng', 'DuongLVSE03290@fpt.edu.vn', 'SE03290', 1, 1, 'NotSet', 5, NULL),
(223, 'BachLVSE03304', 'La Vn Bch', 'BachLVSE03304@fpt.edu.vn', 'SE03304', 1, 1, 'NotSet', 5, NULL),
(224, 'TruongTHSE03310', 'Trn Hn Trng', 'TruongTHSE03310@fpt.edu.vn', 'SE03310', 1, 1, 'NotSet', 5, NULL),
(225, 'AnhLQDSE03347', 'L Qu c Anh', 'AnhLQDSE03347@fpt.edu.vn', 'SE03347', 1, 1, 'NotSet', 5, NULL),
(226, 'HuongLXSE03388', 'L Xun Hng', 'HuongLXSE03388@fpt.edu.vn', 'SE03388', 1, 1, 'NotSet', 5, NULL),
(227, 'SiDQSE03425', 'ng Quang S', 'SiDQSE03425@fpt.edu.vn', 'SE03425', 1, 1, 'NotSet', 5, NULL),
(228, 'ThanhPSSE03430', 'Phm S Thanh', 'ThanhPSSE03430@fpt.edu.vn', 'SE03430', 1, 1, 'NotSet', 5, NULL),
(229, 'AnhDTSE03435', 'inh Tun Anh', 'AnhDTSE03435@fpt.edu.vn', 'SE03435', 1, 1, 'NotSet', 5, NULL),
(230, 'HaiPTSE02802', 'Phm Thanh Hi', 'HaiPTSE02802@fpt.edu.vn', 'SE02802', 1, 1, 'NotSet', 4, NULL),
(231, 'TrinhNVSE02680', 'Nguyn Vn Trinh', 'TrinhNVSE02680@fpt.edu.vn', 'SE02680', 1, 1, 'NotSet', 5, NULL),
(232, 'DucDVSE03458', ' Vn c', 'DucDVSE03458@fpt.edu.vn', 'SE03458', 1, 1, 'NotSet', 5, NULL),
(233, 'HuyVKSE03478', 'V Kim Huy', 'HuyVKSE03478@fpt.edu.vn', 'SE03478', 1, 1, 'NotSet', 5, NULL),
(234, 'AnhNQSE03490', 'Nguyn Quang Anh', 'AnhNQSE03490@fpt.edu.vn', 'SE03490', 1, 1, 'NotSet', 5, NULL),
(235, 'NguyenVBASE03496', 'V B Anh Nguyn', 'NguyenVBASE03496@fpt.edu.vn', 'SE03496', 1, 1, 'NotSet', 5, NULL),
(236, 'TruongTNSE03527', 'Trn Nht Trng', 'TruongTNSE03527@fpt.edu.vn', 'SE03527', 1, 1, 'NotSet', 5, NULL),
(237, 'YenNHSE03536', 'Nguyn Hi Yn', 'YenNHSE03536@fpt.edu.vn', 'SE03536', 1, 1, 'NotSet', 4, NULL),
(238, 'TuDTSE03559', 'inh Tun T', 'TuDTSE03559@fpt.edu.vn', 'SE03559', 1, 1, 'NotSet', 5, NULL),
(239, 'ChauBHHSE03571', 'Bi Hong H Chu', 'ChauBHHSE03571@fpt.edu.vn', 'SE03571', 1, 1, 'NotSet', 5, NULL),
(240, 'MinhNLSE03580', 'Nguyn L Minh', 'MinhNLSE03580@fpt.edu.vn', 'SE03580', 1, 1, 'NotSet', 5, NULL),
(241, 'AnhNHSE03584', 'Nguyn Hong Anh', 'AnhNHSE03584@fpt.edu.vn', 'SE03584', 1, 1, 'NotSet', 5, NULL),
(242, 'TuDNSE03591', 'ng Ngc T', 'TuDNSE03591@fpt.edu.vn', 'SE03591', 1, 1, 'NotSet', 5, NULL),
(243, 'MinhNHSE03596', 'Nguyn Hu Minh', 'MinhNHSE03596@fpt.edu.vn', 'SE03596', 1, 1, 'NotSet', 5, NULL),
(244, 'BaoPQSE03606', 'Phan Quc Bo', 'BaoPQSE03606@fpt.edu.vn', 'SE03606', 1, 1, 'NotSet', 5, NULL),
(245, 'ManhNDSE03610', 'Nguyn c Mnh', 'ManhNDSE03610@fpt.edu.vn', 'SE03610', 1, 1, 'NotSet', 5, NULL),
(246, 'AnhPDSE03611', 'Phm c Anh', 'AnhPDSE03611@fpt.edu.vn', 'SE03611', 1, 1, 'NotSet', 5, NULL),
(247, 'ToanNVSE03619', 'Ng Vn Ton', 'ToanNVSE03619@fpt.edu.vn', 'SE03619', 1, 1, 'NotSet', 5, NULL),
(248, 'TungNTSE03621', 'Nguyn Thanh Tng', 'TungNTSE03621@fpt.edu.vn', 'SE03621', 1, 1, 'NotSet', 5, NULL),
(249, 'HungNDSE03647', 'Nguyn c Hng', 'HungNDSE03647@fpt.edu.vn', 'SE03647', 1, 1, 'NotSet', 4, NULL),
(250, 'AnhNQSE03650', 'Nguyn Quc Anh', 'AnhNQSE03650@fpt.edu.vn', 'SE03650', 1, 1, 'NotSet', 5, NULL),
(251, 'SonDNSE03703', 'on Ngc Sn', 'SonDNSE03703@fpt.edu.vn', 'SE03703', 1, 1, 'NotSet', 5, NULL),
(252, 'BachNSSE03704', 'Nguyn S Bch', 'BachNSSE03704@fpt.edu.vn', 'SE03704', 1, 1, 'NotSet', 5, NULL),
(253, 'HuyDNQSE03714', 'on Nguyn Quang Huy', 'HuyDNQSE03714@fpt.edu.vn', 'SE03714', 1, 1, 'NotSet', 4, NULL),
(254, 'HieuLTSE03719', 'Lm Trung Hiu', 'HieuLTSE03719@fpt.edu.vn', 'SE03719', 1, 1, 'NotSet', 4, NULL),
(255, 'AnhLBSE03747', 'Luyn Bo Anh', 'AnhLBSE03747@fpt.edu.vn', 'SE03747', 1, 1, 'NotSet', 5, NULL),
(256, 'CuongVMSE03763', 'V Mnh Cng', 'CuongVMSE03763@fpt.edu.vn', 'SE03763', 1, 1, 'NotSet', 4, NULL),
(257, 'HoangPMSE03769', 'Phm Minh Hong', 'HoangPMSE03769@fpt.edu.vn', 'SE03769', 1, 1, 'NotSet', 5, NULL),
(258, 'HueNTSE03789', 'Nguyn Th Hu', 'HueNTSE03789@fpt.edu.vn', 'SE03789', 1, 1, 'NotSet', 5, NULL),
(259, 'VuCLSE03800', 'Cao Lm V', 'VuCLSE03800@fpt.edu.vn', 'SE03800', 1, 1, 'NotSet', 5, NULL),
(260, 'TuanDLSE03807', 'ng L Tun', 'TuanDLSE03807@fpt.edu.vn', 'SE03807', 1, 1, 'NotSet', 5, NULL),
(261, 'CuongTDSE03827', 'Trn c Cng', 'CuongTDSE03827@fpt.edu.vn', 'SE03827', 1, 1, 'NotSet', 5, NULL),
(262, 'HaiNMSE03832', 'Nguyn Minh Hi', 'HaiNMSE03832@fpt.edu.vn', 'SE03832', 1, 1, 'NotSet', 5, NULL),
(263, 'AnhLHSE03838', 'L Hong Anh', 'AnhLHSE03838@fpt.edu.vn', 'SE03838', 1, 1, 'NotSet', 5, NULL),
(264, 'HaiTPTSE03859', 'Trn Phm Triu Hi', 'HaiTPTSE03859@fpt.edu.vn', 'SE03859', 1, 1, 'NotSet', 4, NULL),
(265, 'CanhNHTSE03860', 'Nguyn Hu Thanh Cnh', 'CanhNHTSE03860@fpt.edu.vn', 'SE03860', 1, 1, 'NotSet', 5, NULL),
(266, 'LongNBSE03877', 'Nguyn Bo Long', 'LongNBSE03877@fpt.edu.vn', 'SE03877', 1, 1, 'NotSet', 5, NULL),
(267, 'DatDMSE03884', 'on Mnh t', 'DatDMSE03884@fpt.edu.vn', 'SE03884', 1, 1, 'NotSet', 5, NULL),
(268, 'NamNVSE03888', 'Nguyn Vn Nam', 'NamNVSE03888@fpt.edu.vn', 'SE03888', 1, 1, 'NotSet', 5, NULL),
(269, 'LamLTSE03936', 'L Thanh Lm', 'LamLTSE03936@fpt.edu.vn', 'SE03936', 1, 1, 'NotSet', 5, NULL),
(270, 'GiangTDSE03127', 'Trn i Giang', 'GiangTDSE03127@fpt.edu.vn', 'SE03127', 1, 1, 'NotSet', 4, NULL),
(271, 'SonPMSE03298', 'Phm Minh Sn', 'SonPMSE03298@fpt.edu.vn', 'SE03298', 1, 1, 'NotSet', 4, NULL),
(272, 'ThanhNTSE03301', 'Nguyn Trung Thnh', 'ThanhNTSE03301@fpt.edu.vn', 'SE03301', 1, 1, 'NotSet', 5, NULL),
(273, 'HaTTSE03361', 'Trn Th H', 'HaTTSE03361@fpt.edu.vn', 'SE03361', 1, 1, 'NotSet', 5, NULL),
(274, 'LongNVSE03428', 'Nguyn Vn Long', 'LongNVSE03428@fpt.edu.vn', 'SE03428', 1, 1, 'NotSet', 5, NULL),
(275, 'TrongHDSE02889', 'Hong c Trng', 'TrongHDSE02889@fpt.edu.vn', 'SE02889', 1, 1, 'NotSet', 4, NULL),
(276, 'TrungTCSE02306', 'Ta Cao Trung', 'TrungTCSE02306@fpt.edu.vn', 'SE02306', 1, 1, 'NotSet', 5, NULL),
(277, 'CuongDVHSE02662', 'on Vn Hng Cng', 'CuongDVHSE02662@fpt.edu.vn', 'SE02662', 1, 1, 'NotSet', 5, NULL),
(278, 'TuanLTSE02697', 'L Thanh Tun', 'TuanLTSE02697@fpt.edu.vn', 'SE02697', 1, 1, 'NotSet', 5, NULL),
(279, 'TuTHSE02922', 'Trn Hong T', 'TuTHSE02922@fpt.edu.vn', 'SE02922', 1, 1, 'NotSet', 5, NULL),
(280, 'ThangLTSE03240', 'L Tt Thng', 'ThangLTSE03240@fpt.edu.vn', 'SE03240', 1, 1, 'NotSet', 5, NULL),
(281, 'GiangNHSE60950', 'Nguyn H Giang', 'GiangNHSE60950@fpt.edu.vn', 'SE60950', 1, 1, 'NotSet', 5, NULL),
(282, 'CuongNMSE04273', 'Nguyn Mnh Cng', 'CuongNMSE04273@fpt.edu.vn', 'SE04273', 1, 1, 'NotSet', 2, NULL),
(283, 'BinhNNSE04190', 'Nguyn Ngc Bnh', 'BinhNNSE04190@fpt.edu.vn', 'SE04190', 1, 1, 'NotSet', 2, NULL),
(284, 'HungLTSE04132', 'Li Thnh Hng', 'HungLTSE04132@fpt.edu.vn', 'SE04132', 1, 1, 'NotSet', 2, NULL),
(285, 'HiepNVSE04146', 'Nguyn V Hip', 'HiepNVSE04146@fpt.edu.vn', 'SE04146', 1, 1, 'NotSet', 2, NULL),
(286, 'TuyenDDSE04046', 'Dng nh Tuyn', 'TuyenDDSE04046@fpt.edu.vn', 'SE04046', 1, 1, 'NotSet', 2, NULL),
(287, 'HieuTXSE04374', 'Trnh Xun Hiu', 'HieuTXSE04374@fpt.edu.vn', 'SE04374', 1, 1, 'NotSet', 2, NULL),
(288, 'HauPHSE04126', 'Phm Hu Hu', 'HauPHSE04126@fpt.edu.vn', 'SE04126', 1, 1, 'NotSet', 2, NULL),
(289, 'NgocBTMSE04052', 'Bi Th Minh Ngc', 'NgocBTMSE04052@fpt.edu.vn', 'SE04052', 1, 1, 'NotSet', 2, NULL),
(290, 'SonHSE04107', 'Hong Sn', 'SonHSE04107@fpt.edu.vn', 'SE04107', 1, 1, 'NotSet', 2, NULL),
(291, 'HieuDCSE04338', 'inh Cng Hiu', 'HieuDCSE04338@fpt.edu.vn', 'SE04338', 1, 1, 'NotSet', 2, NULL),
(292, 'HungTMSE04400', 'Trnh Minh Hng', 'HungTMSE04400@fpt.edu.vn', 'SE04400', 1, 1, 'NotSet', 2, NULL),
(293, 'QuanDLSE04215', ' Long Qun', 'QuanDLSE04215@fpt.edu.vn', 'SE04215', 1, 1, 'NotSet', 2, NULL),
(294, 'HungNDSE04035', 'Nguyn ng Hng', 'HungNDSE04035@fpt.edu.vn', 'SE04035', 1, 1, 'NotSet', 2, NULL),
(295, 'SonVHSE04276', 'V Hong Sn', 'SonVHSE04276@fpt.edu.vn', 'SE04276', 1, 1, 'NotSet', 2, NULL),
(296, 'NhungGTHSE04110', 'Gip Th Hng Nhung', 'NhungGTHSE04110@fpt.edu.vn', 'SE04110', 1, 1, 'NotSet', 2, NULL),
(297, 'HienNVSE04388', 'Nguyn Vn Hin', 'HienNVSE04388@fpt.edu.vn', 'SE04388', 1, 1, 'NotSet', 2, NULL),
(298, 'KhanhLXSE03999', 'L Xun Khnh', 'KhanhLXSE03999@fpt.edu.vn', 'SE03999', 1, 1, 'NotSet', 2, NULL),
(299, 'CuongNVSE04047', 'Nguyn Vn Cng', 'CuongNVSE04047@fpt.edu.vn', 'SE04047', 1, 1, 'NotSet', 2, NULL),
(300, 'BaoPNSE04414', 'Phan Nguyn Bo', 'BaoPNSE04414@fpt.edu.vn', 'SE04414', 1, 1, 'NotSet', 2, NULL),
(301, 'LongNCSE03983', 'Nguyn Cng Long', 'LongNCSE03983@fpt.edu.vn', 'SE03983', 1, 1, 'NotSet', 2, NULL),
(302, 'GiangTHSE04148', 'Trn Hong Giang', 'GiangTHSE04148@fpt.edu.vn', 'SE04148', 1, 1, 'NotSet', 2, NULL),
(303, 'TrangDNPSE04416', 'ng Nguyn Phng Trang', 'TrangDNPSE04416@fpt.edu.vn', 'SE04416', 1, 1, 'NotSet', 2, NULL),
(304, 'ChauDNTSE04187', 'Dng Nguyn Tho Chu', 'ChauDNTSE04187@fpt.edu.vn', 'SE04187', 1, 1, 'NotSet', 2, NULL),
(305, 'DungNTKSE03989', 'Nguyn Th Kim Dung', 'DungNTKSE03989@fpt.edu.vn', 'SE03989', 1, 1, 'NotSet', 2, NULL),
(306, 'HoangNLSE04303', 'Nguyn L Hong', 'HoangNLSE04303@fpt.edu.vn', 'SE04303', 1, 1, 'NotSet', 2, NULL),
(307, 'TungLDSE04071', 'L ng Tng', 'TungLDSE04071@fpt.edu.vn', 'SE04071', 1, 1, 'NotSet', 2, NULL),
(308, 'LanNHSE04186', 'Ng Hong Lan', 'LanNHSE04186@fpt.edu.vn', 'SE04186', 1, 1, 'NotSet', 2, NULL),
(309, 'DungDCSE03691', 'o Cng Dng', 'DungDCSE03691@fpt.edu.vn', 'SE03691', 1, 1, 'NotSet', 2, NULL),
(310, 'KhueNDSE03287', 'Nguyn on Khu', 'KhueNDSE03287@fpt.edu.vn', 'SE03287', 1, 1, 'NotSet', 2, NULL),
(311, 'SonNVSE04038', 'Nguyn Vn Sn', 'SonNVSE04038@fpt.edu.vn', 'SE04038', 1, 1, 'NotSet', 2, NULL),
(312, 'DucDHVSE04075', 'o Hong Vit c', 'DucDHVSE04075@fpt.edu.vn', 'SE04075', 1, 1, 'NotSet', 2, NULL),
(313, 'ThachVNSE04094', 'V Ngc Thch', 'ThachVNSE04094@fpt.edu.vn', 'SE04094', 1, 1, 'NotSet', 2, NULL),
(314, 'DatNTSE04096', 'Nguyn Trng t', 'DatNTSE04096@fpt.edu.vn', 'SE04096', 1, 1, 'NotSet', 2, NULL),
(315, 'TrungNTSE04160', 'Nguyn Tin Trung', 'TrungNTSE04160@fpt.edu.vn', 'SE04160', 1, 1, 'NotSet', 2, NULL),
(316, 'NghiaTTSE04301', 'Trn Tun Ngha', 'NghiaTTSE04301@fpt.edu.vn', 'SE04301', 1, 1, 'NotSet', 2, NULL),
(317, 'ThinhDNSE04178', ' Ngc Thnh', 'ThinhDNSE04178@fpt.edu.vn', 'SE04178', 1, 1, 'NotSet', 2, NULL),
(318, 'LongPTSE04304', 'Phm Thanh Long', 'LongPTSE04304@fpt.edu.vn', 'SE04304', 1, 1, 'NotSet', 2, NULL),
(319, 'HanhLMSE04255', 'L Minh Hnh', 'HanhLMSE04255@fpt.edu.vn', 'SE04255', 1, 1, 'NotSet', 2, NULL),
(320, 'ThuyPMSE03992', 'Phm Minh Thy', 'ThuyPMSE03992@fpt.edu.vn', 'SE03992', 1, 1, 'NotSet', 2, NULL),
(321, 'HoangNSE03997', 'Nguyn Hong', 'HoangNSE03997@fpt.edu.vn', 'SE03997', 1, 1, 'NotSet', 2, NULL),
(322, 'DuongNVSE04356', 'Nguyn Vn Dng', 'DuongNVSE04356@fpt.edu.vn', 'SE04356', 1, 1, 'NotSet', 2, NULL),
(323, 'QuanNMSE04141', 'Nguyn Minh Qun', 'QuanNMSE04141@fpt.edu.vn', 'SE04141', 1, 1, 'NotSet', 2, NULL),
(324, 'AnhNNSE04387', 'Nguyn Nam Anh', 'AnhNNSE04387@fpt.edu.vn', 'SE04387', 1, 1, 'NotSet', 2, NULL),
(325, 'TruongNXSE04362', 'Nguyn Xun Trng', 'TruongNXSE04362@fpt.edu.vn', 'SE04362', 1, 1, 'NotSet', 2, NULL),
(326, 'LinhLNSE04405', 'L Nguyn Linh', 'LinhLNSE04405@fpt.edu.vn', 'SE04405', 1, 1, 'NotSet', 2, NULL),
(327, 'TungNTSE04084', 'Nguyn Tun Tng', 'TungNTSE04084@fpt.edu.vn', 'SE04084', 1, 1, 'NotSet', 2, NULL),
(328, 'HungBNSE04268', 'Bi Nguyn Hng', 'HungBNSE04268@fpt.edu.vn', 'SE04268', 1, 1, 'NotSet', 2, NULL),
(329, 'DungNTTSE03851', 'Nguyn Th Thy Dung', 'DungNTTSE03851@fpt.edu.vn', 'SE03851', 1, 1, 'NotSet', 2, NULL),
(330, 'BachNGSE04422', 'Nguyn Gia Bch', 'BachNGSE04422@fpt.edu.vn', 'SE04422', 1, 1, 'NotSet', 3, NULL),
(331, 'NghiaDPSE04444', 'ng Phc Ngha', 'NghiaDPSE04444@fpt.edu.vn', 'SE04444', 1, 1, 'NotSet', 2, NULL),
(332, 'KhanhTVSE02814', 'Trn Vn Khnh', 'KhanhTVSE02814@fpt.edu.vn', 'SE02814', 1, 1, 'NotSet', 4, NULL),
(333, 'ThangMPSE61502', 'Mai Phi Thng', 'ThangMPSE61502@fpt.edu.vn', 'SE61502', 1, 1, 'NotSet', 3, NULL),
(334, 'LongHDSE61702', 'Hong c Long', 'LongHDSE61702@fpt.edu.vn', 'SE61702', 1, 1, 'NotSet', 5, NULL),
(335, 'NhatHuyenTNSE61693', 'Trn Ngc NhtHuyn', 'NhatHuyenTNSE61693@fpt.edu.vn', 'SE61693', 1, 1, 'NotSet', 4, NULL),
(336, 'NamLHSE61565', 'L Hong Nam', 'NamLHSE61565@fpt.edu.vn', 'SE61565', 1, 1, 'NotSet', 4, NULL),
(337, 'QuangLVSE03783', 'Lm Vit Quang', 'QuangLVSE03783@fpt.edu.vn', 'SE03783', 1, 1, 'NotSet', 3, NULL),
(338, 'BinhNTSE03718', 'Nguyn Thanh Bnh', 'BinhNTSE03718@fpt.edu.vn', 'SE03718', 1, 1, 'NotSet', 3, NULL),
(339, 'LamPSE03555', 'Phan Lm', 'LamPSE03555@fpt.edu.vn', 'SE03555', 1, 1, 'NotSet', 3, NULL),
(340, 'TaiNH01795', 'Nguyn Hu Ti', 'TaiNH01795@fpt.edu.vn', '01795', 1, 1, 'NotSet', 5, NULL),
(341, 'KhanhPDSE03812', 'Phm Duy Khnh', 'KhanhPDSE03812@fpt.edu.vn', 'SE03812', 1, 8, 'NotSet', 1, NULL),
(342, 'HoangVMSE04349', 'V Minh Hong', 'HoangVMSE04349@fpt.edu.vn', 'SE04349', 1, 8, 'NotSet', 1, NULL),
(343, 'TungDVSE04367', 'ng Vn Tng', 'TungDVSE04367@fpt.edu.vn', 'SE04367', 1, 8, 'NotSet', 1, NULL),
(344, 'MinhDNNSE04062', ' Nguyn Nht Minh', 'MinhDNNSE04062@fpt.edu.vn', 'SE04062', 1, 8, 'NotSet', 1, NULL),
(345, 'NghiaNCSE04270', 'Nguyn Ch Ngha', 'NghiaNCSE04270@fpt.edu.vn', 'SE04270', 1, 8, 'NotSet', 1, NULL),
(346, 'LucTTSE04138', 'T Tin Lc', 'LucTTSE04138@fpt.edu.vn', 'SE04138', 1, 8, 'NotSet', 1, NULL),
(347, 'HieuLTSE04326', 'L Trung Hiu', 'HieuLTSE04326@fpt.edu.vn', 'SE04326', 1, 8, 'NotSet', 1, NULL),
(348, 'ChiNNSE62028', 'Nguyn Ngc Ch', 'ChiNNSE62028@fpt.edu.vn', 'SE62028', 1, 8, 'NotSet', 1, NULL),
(349, 'DucNTSE04072', 'Nguyn Trng c', 'DucNTSE04072@fpt.edu.vn', 'SE04072', 1, 8, 'NotSet', 1, NULL),
(350, 'LamHASE04171', 'Hong Anh Lm', 'LamHASE04171@fpt.edu.vn', 'SE04171', 1, 8, 'NotSet', 1, NULL),
(351, 'AnhNDPSE04235', 'Ninh i Phc Anh', 'AnhNDPSE04235@fpt.edu.vn', 'SE04235', 1, 8, 'NotSet', 1, NULL),
(352, 'AnhHNSE61724', 'Hunh Nht Anh', 'AnhHNSE61724@fpt.edu.vn', 'SE61724', 1, 7, 'NotSet', 1, NULL),
(353, 'AnhVQSE04377', 'V Quc Anh', 'AnhVQSE04377@fpt.edu.vn', 'SE04377', 1, 7, 'NotSet', 1, NULL),
(354, 'LinhNXSE04363', 'Nguyn Xun Linh', 'LinhNXSE04363@fpt.edu.vn', 'SE04363', 1, 7, 'NotSet', 1, NULL),
(355, 'AnhDDSE04067', ' c Anh', 'AnhDDSE04067@fpt.edu.vn', 'SE04067', 1, 7, 'NotSet', 1, NULL),
(356, 'DatNTSE04286', 'Nguyn Tin t', 'DatNTSE04286@fpt.edu.vn', 'SE04286', 1, 7, 'NotSet', 1, NULL),
(357, 'VinhNTSE04274', 'Nguyn Thnh Vinh', 'VinhNTSE04274@fpt.edu.vn', 'SE04274', 1, 7, 'NotSet', 1, NULL),
(358, 'HoangNMSE03998', 'Nguyn Minh Hong', 'HoangNMSE03998@fpt.edu.vn', 'SE03998', 1, 7, 'NotSet', 1, NULL),
(359, 'AnhNTSE04003', 'Nguyn Tun Anh', 'AnhNTSE04003@fpt.edu.vn', 'SE04003', 1, 7, 'NotSet', 1, NULL),
(360, 'PhuNVSE04123', 'Ng Vn Ph', 'PhuNVSE04123@fpt.edu.vn', 'SE04123', 1, 7, 'NotSet', 1, NULL),
(361, 'CongNTSE04104', 'Nguyn Thnh Cng', 'CongNTSE04104@fpt.edu.vn', 'SE04104', 1, 7, 'NotSet', 1, NULL),
(362, 'AnhHKSE04034', 'H Kim Anh', 'AnhHKSE04034@fpt.edu.vn', 'SE04034', 1, 7, 'NotSet', 1, NULL),
(363, 'QuyNCSE03957', 'Nguyn Ch Qu', 'QuyNCSE03957@fpt.edu.vn', 'SE03957', 1, 7, 'NotSet', 1, NULL),
(364, 'ThangNDSE04090', 'Nguyn c Thng', 'ThangNDSE04090@fpt.edu.vn', 'SE04090', 1, 7, 'NotSet', 1, NULL),
(365, 'ThanhPDSE04309', 'Phan Duy Thnh', 'ThanhPDSE04309@fpt.edu.vn', 'SE04309', 1, 7, 'NotSet', 1, NULL),
(366, 'AnhVVSE04447', 'V Vit Anh', 'AnhVVSE04447@fpt.edu.vn', 'SE04447', 1, 7, 'NotSet', 1, NULL),
(367, 'HoangNTSE03960', 'Nguyn Trng Hong', 'HoangNTSE03960@fpt.edu.vn', 'SE03960', 1, 7, 'NotSet', 1, NULL),
(368, 'HaVMSE03868', 'V Mnh H', 'HaVMSE03868@fpt.edu.vn', 'SE03868', 1, 8, 'NotSet', 1, NULL),
(369, 'TungNXSE04275', 'Nguyn Xun Tng', 'TungNXSE04275@fpt.edu.vn', 'SE04275', 1, 8, 'NotSet', 1, NULL),
(370, 'ThangNVSE04385', 'Ngy Vn Thng', 'ThangNVSE04385@fpt.edu.vn', 'SE04385', 1, 8, 'NotSet', 1, NULL),
(371, 'ThangTQSE04101', 'Tiu Quang Thng', 'ThangTQSE04101@fpt.edu.vn', 'SE04101', 1, 8, 'NotSet', 1, NULL),
(372, 'SonNHSE03996', 'Nguyn Hng Sn', 'SonNHSE03996@fpt.edu.vn', 'SE03996', 1, 8, 'NotSet', 1, NULL),
(373, 'QuangCXSE04220', 'Cn Xun Quang', 'QuangCXSE04220@fpt.edu.vn', 'SE04220', 1, 8, 'NotSet', 1, NULL),
(374, 'LongNDSE04039', 'Nguyn nh Long', 'LongNDSE04039@fpt.edu.vn', 'SE04039', 1, 8, 'NotSet', 1, NULL),
(375, 'DuyNDSE04192', 'Nguyn c Duy', 'DuyNDSE04192@fpt.edu.vn', 'SE04192', 1, 8, 'NotSet', 1, NULL),
(376, 'ThanhPTSE04200', 'Phng Tun Thanh', 'ThanhPTSE04200@fpt.edu.vn', 'SE04200', 1, 8, 'NotSet', 1, NULL),
(377, 'QuanNASE04316', 'Nguyn Anh Qun', 'QuanNASE04316@fpt.edu.vn', 'SE04316', 1, 8, 'NotSet', 1, NULL),
(378, 'QuangTLSE04109', 'Trn Long Quang', 'QuangTLSE04109@fpt.edu.vn', 'SE04109', 1, 8, 'NotSet', 1, NULL),
(379, 'CuongLVSE04314', 'L Vn Cng', 'CuongLVSE04314@fpt.edu.vn', 'SE04314', 1, 8, 'NotSet', 1, NULL),
(380, 'LongNCSE04205', 'Nguyn Cao Long', 'LongNCSE04205@fpt.edu.vn', 'SE04205', 1, 8, 'NotSet', 1, NULL),
(381, 'CanhNDSE04042', 'Nguyn c Cnh', 'CanhNDSE04042@fpt.edu.vn', 'SE04042', 1, 8, 'NotSet', 1, NULL),
(382, 'HieuTMSE04225', 'Tng Minh Hiu', 'HieuTMSE04225@fpt.edu.vn', 'SE04225', 1, 8, 'NotSet', 1, NULL),
(383, 'HaHTSE04467', 'Hong Trng H', 'HaHTSE04467@fpt.edu.vn', 'SE04467', 1, 8, 'NotSet', 1, NULL),
(384, 'VinhBDSE04008', 'Bi c Vinh', 'VinhBDSE04008@fpt.edu.vn', 'SE04008', 1, 7, 'NotSet', 2, NULL),
(385, 'HuongLTSE03949', 'Lu Th Hng', 'HuongLTSE03949@fpt.edu.vn', 'SE03949', 1, 7, 'NotSet', 2, NULL),
(386, 'PhuLHDSE61898', 'Lu Hunh c Ph', 'PhuLHDSE61898@fpt.edu.vn', 'SE61898', 1, 7, 'NotSet', 2, NULL),
(387, 'SonNVSE03984', 'Ng Vit Sn', 'SonNVSE03984@fpt.edu.vn', 'SE03984', 1, 7, 'NotSet', 2, NULL),
(388, 'DucLHSE04203', 'L Hng c', 'DucLHSE04203@fpt.edu.vn', 'SE04203', 1, 7, 'NotSet', 2, NULL),
(389, 'BinhVQSE03979', 'V Quang Bnh', 'BinhVQSE03979@fpt.edu.vn', 'SE03979', 1, 7, 'NotSet', 2, NULL),
(390, 'AnhNTLSE04122', 'Nguyn Th Lan Anh', 'AnhNTLSE04122@fpt.edu.vn', 'SE04122', 1, 7, 'NotSet', 2, NULL),
(391, 'PhuNDSE04284', 'Nguyn Danh Ph', 'PhuNDSE04284@fpt.edu.vn', 'SE04284', 1, 7, 'NotSet', 2, NULL),
(392, 'HungTXSE04334', 'Trnh Xun Hng', 'HungTXSE04334@fpt.edu.vn', 'SE04334', 1, 7, 'NotSet', 2, NULL),
(393, 'NamNHSE04050', 'Nguyn Hu Nam', 'NamNHSE04050@fpt.edu.vn', 'SE04050', 1, 7, 'NotSet', 2, NULL),
(394, 'DatVVSE61792', 'Vng Vnh t', 'DatVVSE61792@fpt.edu.vn', 'SE61792', 1, 7, 'NotSet', 2, NULL),
(395, 'QuyTCSE04022', 'T Chu Qu', 'QuyTCSE04022@fpt.edu.vn', 'SE04022', 1, 7, 'NotSet', 2, NULL),
(396, 'HungNHSE04359', 'Nguyn Hong Hng', 'HungNHSE04359@fpt.edu.vn', 'SE04359', 1, 7, 'NotSet', 2, NULL),
(397, 'DucNTSE04128', 'Nguyn Ti c', 'DucNTSE04128@fpt.edu.vn', 'SE04128', 1, 7, 'NotSet', 2, NULL),
(398, 'AnhCHSE03808', 'Cao Hong Anh', 'AnhCHSE03808@fpt.edu.vn', 'SE03808', 1, 8, 'NotSet', 3, NULL),
(399, 'SonPNSE03916', 'Phm Ngc Sn', 'SonPNSE03916@fpt.edu.vn', 'SE03916', 1, 8, 'NotSet', 3, NULL),
(400, 'AnhNVVSE04271', 'Ng Vi Vit Anh', 'AnhNVVSE04271@fpt.edu.vn', 'SE04271', 1, 8, 'NotSet', 3, NULL),
(401, 'HanhNNSE03797', 'Nguyn Ngc Hnh', 'HanhNNSE03797@fpt.edu.vn', 'SE03797', 1, 8, 'NotSet', 3, NULL),
(402, 'CongNTSE03805', 'Nguyn Thnh Cng', 'CongNTSE03805@fpt.edu.vn', 'SE03805', 1, 7, 'NotSet', 4, NULL),
(403, 'ToanCGKSE03814', 'Chu Gia Khnh Ton', 'ToanCGKSE03814@fpt.edu.vn', 'SE03814', 1, 7, 'NotSet', 4, NULL),
(404, 'QuangTHSE03486', 'Trn Hng Quang', 'QuangTHSE03486@fpt.edu.vn', 'SE03486', 1, 7, 'NotSet', 4, NULL),
(405, 'HuyPQSE03487', 'Phm Quang Huy', 'HuyPQSE03487@fpt.edu.vn', 'SE03487', 1, 7, 'NotSet', 4, NULL),
(406, 'DucLASE03549', 'L Anh c', 'DucLASE03549@fpt.edu.vn', 'SE03549', 1, 7, 'NotSet', 4, NULL),
(407, 'MinhNNSE03550', 'Nguyn Nht Minh', 'MinhNNSE03550@fpt.edu.vn', 'SE03550', 1, 7, 'NotSet', 4, NULL),
(408, 'LeNHSE03612', 'Nguyn Hu L', 'LeNHSE03612@fpt.edu.vn', 'SE03612', 1, 7, 'NotSet', 4, NULL),
(409, 'PhucNVSE03616', 'Nguyn Vn Phc', 'PhucNVSE03616@fpt.edu.vn', 'SE03616', 1, 7, 'NotSet', 4, NULL),
(410, 'LinhNQSE03645', 'Nguyn Quang Linh', 'LinhNQSE03645@fpt.edu.vn', 'SE03645', 1, 7, 'NotSet', 4, NULL),
(411, 'HoanNTSE03654', 'Nguyn Trng Hon', 'HoanNTSE03654@fpt.edu.vn', 'SE03654', 1, 7, 'NotSet', 4, NULL),
(412, 'TuanTMSE03657', 'Trn Mnh Tun', 'TuanTMSE03657@fpt.edu.vn', 'SE03657', 1, 7, 'NotSet', 4, NULL),
(413, 'HuyVDSE03665', 'V c Huy', 'HuyVDSE03665@fpt.edu.vn', 'SE03665', 1, 7, 'NotSet', 4, NULL),
(414, 'DuyTTSE03672', 'Trn Trung Duy', 'DuyTTSE03672@fpt.edu.vn', 'SE03672', 1, 7, 'NotSet', 4, NULL),
(415, 'HangVKSE03676', 'V Khnh Hng', 'HangVKSE03676@fpt.edu.vn', 'SE03676', 1, 7, 'NotSet', 4, NULL),
(416, 'TungDXSE03682', 'inh Xun Tng', 'TungDXSE03682@fpt.edu.vn', 'SE03682', 1, 7, 'NotSet', 4, NULL),
(417, 'ThaoNDSE03717', 'Ng c Tho', 'ThaoNDSE03717@fpt.edu.vn', 'SE03717', 1, 7, 'NotSet', 4, NULL),
(418, 'AnhNTSE03748', 'Nguyn Th Anh', 'AnhNTSE03748@fpt.edu.vn', 'SE03748', 1, 7, 'NotSet', 4, NULL),
(419, 'PhuHMSE03757', 'H Minh Ph', 'PhuHMSE03757@fpt.edu.vn', 'SE03757', 1, 7, 'NotSet', 4, NULL),
(420, 'HieuNTSE03782', 'Nguyn Trung Hiu', 'HieuNTSE03782@fpt.edu.vn', 'SE03782', 1, 7, 'NotSet', 4, NULL),
(421, 'CuongCHSE03788', 'Chu Hong Cng', 'CuongCHSE03788@fpt.edu.vn', 'SE03788', 1, 7, 'NotSet', 4, NULL),
(422, 'ToanTVSE03872', 'Trn Vn Ton', 'ToanTVSE03872@fpt.edu.vn', 'SE03872', 1, 7, 'NotSet', 4, NULL),
(423, 'MyVTSE03878', 'V Th My', 'MyVTSE03878@fpt.edu.vn', 'SE03878', 1, 7, 'NotSet', 4, NULL),
(424, 'DuyDDSE03881', 'o c Duy', 'DuyDDSE03881@fpt.edu.vn', 'SE03881', 1, 7, 'NotSet', 4, NULL),
(425, 'NghiaNDSE03915', 'Nguyn c Ngha', 'NghiaNDSE03915@fpt.edu.vn', 'SE03915', 1, 7, 'NotSet', 4, NULL),
(426, 'LuanNTSE03925', 'Nguyn Thnh Lun', 'LuanNTSE03925@fpt.edu.vn', 'SE03925', 1, 7, 'NotSet', 4, NULL),
(427, 'TruongNMSE03938', 'Nguyn Mnh Trng', 'TruongNMSE03938@fpt.edu.vn', 'SE03938', 1, 7, 'NotSet', 4, NULL),
(428, 'DucNASE03952', 'Ng Anh c', 'DucNASE03952@fpt.edu.vn', 'SE03952', 1, 7, 'NotSet', 4, NULL),
(429, 'AnhLDSE03953', 'L Duy Anh', 'AnhLDSE03953@fpt.edu.vn', 'SE03953', 1, 7, 'NotSet', 4, NULL),
(430, 'AnhDTSE03956', 'inh Tun Anh', 'AnhDTSE03956@fpt.edu.vn', 'SE03956', 1, 7, 'NotSet', 4, NULL),
(431, 'ThanhPTSE61729', 'Phm Tin Thnh', 'ThanhPTSE61729@fpt.edu.vn', 'SE61729', 1, 7, 'NotSet', 4, NULL),
(432, 'HuyVTSE61529', 'V Thanh Huy', 'HuyVTSE61529@fpt.edu.vn', 'SE61529', 1, 7, 'NotSet', 4, NULL),
(433, 'TrungNMQSE61433', 'Nguyn Minh Quc Trung', 'TrungNMQSE61433@fpt.edu.vn', 'SE61433', 1, 7, 'NotSet', 4, NULL),
(434, 'KhoaPASE61403', 'Pham Anh Khoa', 'KhoaPASE61403@fpt.edu.vn', 'SE61403', 1, 7, 'NotSet', 4, NULL),
(435, 'TrungHTSE61581', 'Huynh Thanh Trung', 'TrungHTSE61581@fpt.edu.vn', 'SE61581', 1, 7, 'NotSet', 4, NULL),
(436, 'QuanNHSE61560', 'Nguyn Hoang Qun', 'QuanNHSE61560@fpt.edu.vn', 'SE61560', 1, 7, 'NotSet', 4, NULL),
(437, 'SinhDBTSE61674', 'inh Ba Thi Sinh', 'SinhDBTSE61674@fpt.edu.vn', 'SE61674', 1, 7, 'NotSet', 4, NULL),
(438, 'ThaoPTSE03601', 'Phm Thu Tho', 'ThaoPTSE03601@fpt.edu.vn', 'SE03601', 1, 7, 'NotSet', 4, NULL),
(439, 'HieuKNSE03605', 'Kiu Ngc Hiu', 'HieuKNSE03605@fpt.edu.vn', 'SE03605', 1, 7, 'NotSet', 4, NULL),
(440, 'NhatBVSE03740', 'Bi Vn Nht', 'NhatBVSE03740@fpt.edu.vn', 'SE03740', 1, 7, 'NotSet', 4, NULL),
(441, 'NguyenLSE03803', 'L Nguyn', 'NguyenLSE03803@fpt.edu.vn', 'SE03803', 1, 7, 'NotSet', 4, NULL),
(442, 'PhongDDSE03906', 'inh Duy Phong', 'PhongDDSE03906@fpt.edu.vn', 'SE03906', 1, 7, 'NotSet', 4, NULL),
(443, 'HungVNSE03969', 'V Ngc Hng', 'HungVNSE03969@fpt.edu.vn', 'SE03969', 1, 7, 'NotSet', 5, NULL),
(444, 'KhanhPBSE03453', 'Phm Bo Khnh', 'KhanhPBSE03453@fpt.edu.vn', 'SE03453', 1, 7, 'NotSet', 5, NULL),
(445, 'TungTTSE03495', 'Trn Thanh Tng', 'TungTTSE03495@fpt.edu.vn', 'SE03495', 1, 7, 'NotSet', 5, NULL),
(446, 'ThanhNMSE03534', 'Nguyn Minh Thnh', 'ThanhNMSE03534@fpt.edu.vn', 'SE03534', 1, 7, 'NotSet', 5, NULL),
(447, 'HieuTTSE03538', 'Trn Trung Hiu', 'HieuTTSE03538@fpt.edu.vn', 'SE03538', 1, 7, 'NotSet', 5, NULL),
(448, 'TriLMSE03613', 'Lu Minh Tr', 'TriLMSE03613@fpt.edu.vn', 'SE03613', 1, 7, 'NotSet', 5, NULL),
(449, 'LinhDBSE03640', 'on B Linh', 'LinhDBSE03640@fpt.edu.vn', 'SE03640', 1, 7, 'NotSet', 5, NULL),
(450, 'MinhHHSE03643', 'Hong Hi Minh', 'MinhHHSE03643@fpt.edu.vn', 'SE03643', 1, 7, 'NotSet', 5, NULL),
(451, 'AnhLDSE03662', 'L c Anh', 'AnhLDSE03662@fpt.edu.vn', 'SE03662', 1, 7, 'NotSet', 5, NULL),
(452, 'DuyDNSE03721', 'ng Ngc Duy', 'DuyDNSE03721@fpt.edu.vn', 'SE03721', 1, 7, 'NotSet', 5, NULL),
(453, 'AnhHTSE03756', 'Hong Tun Anh', 'AnhHTSE03756@fpt.edu.vn', 'SE03756', 1, 7, 'NotSet', 5, NULL),
(454, 'AnhHDSE03777', 'Hong c Anh', 'AnhHDSE03777@fpt.edu.vn', 'SE03777', 1, 7, 'NotSet', 5, NULL),
(455, 'DungLTSE03784', 'L Trung Dng', 'DungLTSE03784@fpt.edu.vn', 'SE03784', 1, 7, 'NotSet', 5, NULL),
(456, 'DucTQSE03819', 'T Quang c', 'DucTQSE03819@fpt.edu.vn', 'SE03819', 1, 7, 'NotSet', 5, NULL),
(457, 'ToanPVNSE03821', 'Phm V Nht Ton', 'ToanPVNSE03821@fpt.edu.vn', 'SE03821', 1, 7, 'NotSet', 5, NULL),
(458, 'HoangVMSE03833', 'V Minh  Hong', 'HoangVMSE03833@fpt.edu.vn', 'SE03833', 1, 7, 'NotSet', 5, NULL),
(459, 'VinhNQSE03886', 'Nguyn Quang Vinh', 'VinhNQSE03886@fpt.edu.vn', 'SE03886', 1, 7, 'NotSet', 5, NULL),
(460, 'HaVHSE03912', 'V Hng H', 'HaVHSE03912@fpt.edu.vn', 'SE03912', 1, 7, 'NotSet', 5, NULL);
INSERT INTO `students` (`student_id`, `account`, `name`, `email`, `student_code`, `specialized_id`, `detail_specialized_id`, `batch`, `semester`, `class_semester_id`) VALUES
(461, 'HongNTSE03940', 'Ng Thu Hng', 'HongNTSE03940@fpt.edu.vn', 'SE03940', 1, 7, 'NotSet', 5, NULL),
(462, 'SuongPTSSE61497', 'Phm Th Sng Sng', 'SuongPTSSE61497@fpt.edu.vn', 'SE61497', 1, 7, 'NotSet', 5, NULL),
(463, 'MinhPASE61477', 'Phm Anh Minh', 'MinhPASE61477@fpt.edu.vn', 'SE61477', 1, 7, 'NotSet', 5, NULL),
(464, 'DuyDTTSE61484', 'o Trn Tun Duy', 'DuyDTTSE61484@fpt.edu.vn', 'SE61484', 1, 7, 'NotSet', 5, NULL),
(465, 'TruongPMSE02605', 'Phan Mnh Trng', 'TruongPMSE02605@fpt.edu.vn', 'SE02605', 1, 7, 'NotSet', 5, NULL),
(466, 'DucDVSE04420', ' Vn c', 'DucDVSE04420@fpt.edu.vn', 'SE04420', 1, 1, 'NotSet', 1, NULL),
(467, 'HoangNKSE04300', 'Nguyn Khc Hong', 'HoangNKSE04300@fpt.edu.vn', 'SE04300', 1, 1, 'NotSet', 1, NULL),
(468, 'NamDVSE04360', 'm Vn Nam', 'NamDVSE04360@fpt.edu.vn', 'SE04360', 1, 1, 'NotSet', 1, NULL),
(469, 'AnhNTSE03288', 'Ng Tun Anh', 'AnhNTSE03288@fpt.edu.vn', 'SE03288', 1, 1, 'NotSet', 1, NULL),
(470, 'CongNNSE03402', 'Nguyn Nh Cng', 'CongNNSE03402@fpt.edu.vn', 'SE03402', 1, 1, 'NotSet', 1, NULL),
(471, 'DungNVSE04017', 'Nguyn Vn Dng', 'DungNVSE04017@fpt.edu.vn', 'SE04017', 1, 1, 'NotSet', 1, NULL),
(472, 'NamNHSE04018', 'Nguyn Hoi Nam', 'NamNHSE04018@fpt.edu.vn', 'SE04018', 1, 1, 'NotSet', 1, NULL),
(473, 'HauTTSE04044', 'Trn Th Hu', 'HauTTSE04044@fpt.edu.vn', 'SE04044', 1, 1, 'NotSet', 1, NULL),
(474, 'QuyetDVSE04265', ' Vn Quyt', 'QuyetDVSE04265@fpt.edu.vn', 'SE04265', 1, 1, 'NotSet', 1, NULL),
(475, 'AnhLTSE04277', 'L Th Anh', 'AnhLTSE04277@fpt.edu.vn', 'SE04277', 1, 1, 'NotSet', 1, NULL),
(476, 'PhuLQSE04278', 'L Quang Ph', 'PhuLQSE04278@fpt.edu.vn', 'SE04278', 1, 1, 'NotSet', 1, NULL),
(477, 'PhuNXSE04318', 'Nguyn Xun Ph', 'PhuNXSE04318@fpt.edu.vn', 'SE04318', 1, 1, 'NotSet', 1, NULL),
(478, 'TuPVSE03471', 'Phm Vn T', 'TuPVSE03471@fpt.edu.vn', 'SE03471', 1, 1, 'NotSet', 1, NULL),
(479, 'NhatNDSE03653', 'Nguyn c Nht', 'NhatNDSE03653@fpt.edu.vn', 'SE03653', 1, 1, 'NotSet', 1, NULL),
(480, 'NgocTDSE03898', 'T c Ngc', 'NgocTDSE03898@fpt.edu.vn', 'SE03898', 1, 1, 'NotSet', 1, NULL),
(481, 'CongNTSE03790', 'Nguyn Tin Cng', 'CongNTSE03790@fpt.edu.vn', 'SE03790', 1, 1, 'NotSet', 1, NULL),
(482, 'TuPASE03994', 'Phan Anh T', 'TuPASE03994@fpt.edu.vn', 'SE03994', 1, 1, 'NotSet', 1, NULL),
(483, 'TienPNSE04024', 'Phan Ngc Tin', 'TienPNSE04024@fpt.edu.vn', 'SE04024', 1, 1, 'NotSet', 1, NULL),
(484, 'KhanhLNSE04056', 'Lm Ngc Khnh', 'KhanhLNSE04056@fpt.edu.vn', 'SE04056', 1, 1, 'NotSet', 1, NULL),
(485, 'ThiNTSE04059', 'Nguyn Tin Thi', 'ThiNTSE04059@fpt.edu.vn', 'SE04059', 1, 1, 'NotSet', 1, NULL),
(486, 'VuongNVSE04060', 'Nguyn Vn Vng', 'VuongNVSE04060@fpt.edu.vn', 'SE04060', 1, 1, 'NotSet', 1, NULL),
(487, 'DungNDSE04105', 'Nguyn Duy Dng', 'DungNDSE04105@fpt.edu.vn', 'SE04105', 1, 1, 'NotSet', 1, NULL),
(488, 'ThangTVSE04129', 'Trn Vit Thng', 'ThangTVSE04129@fpt.edu.vn', 'SE04129', 1, 1, 'NotSet', 1, NULL),
(489, 'ChienTDSE04142', 'T nh Chin', 'ChienTDSE04142@fpt.edu.vn', 'SE04142', 1, 1, 'NotSet', 1, NULL),
(490, 'TrungNHHSE04279', 'Nguyn Hu Hong Trung', 'TrungNHHSE04279@fpt.edu.vn', 'SE04279', 1, 1, 'NotSet', 1, NULL),
(491, 'GiangLTSE04307', 'Lng Trng Giang', 'GiangLTSE04307@fpt.edu.vn', 'SE04307', 1, 1, 'NotSet', 1, NULL),
(492, 'QuynhLTSE04240', 'L Th Qunh', 'QuynhLTSE04240@fpt.edu.vn', 'SE04240', 1, 1, 'NotSet', 1, NULL),
(493, 'ThangNMSE04322', 'Nguyn Minh Thng', 'ThangNMSE04322@fpt.edu.vn', 'SE04322', 1, 1, 'NotSet', 1, NULL),
(494, 'TuyenNNSE04335', 'Ng Ngc Tuyn', 'TuyenNNSE04335@fpt.edu.vn', 'SE04335', 1, 1, 'NotSet', 1, NULL),
(495, 'BacNTSE04111', 'Nguyn Tun Bc', 'BacNTSE04111@fpt.edu.vn', 'SE04111', 1, 1, 'NotSet', 1, NULL),
(496, 'DuyAKSE04298', 'u Khng Duy', 'DuyAKSE04298@fpt.edu.vn', 'SE04298', 1, 1, 'NotSet', 1, NULL),
(497, 'ThangLKDSE04320', 'L Khc c Thng', 'ThangLKDSE04320@fpt.edu.vn', 'SE04320', 1, 1, 'NotSet', 1, NULL),
(498, 'YenNTHSE04366', 'Nguyn Th Hi Yn', 'YenNTHSE04366@fpt.edu.vn', 'SE04366', 1, 1, 'NotSet', 1, NULL),
(499, 'NamLTSE04267', 'Lu Thnh Nam', 'NamLTSE04267@fpt.edu.vn', 'SE04267', 1, 1, 'NotSet', 1, NULL),
(500, 'ThanhNCSE04005', 'Nguyn Ch Thnh', 'ThanhNCSE04005@fpt.edu.vn', 'SE04005', 1, 1, 'NotSet', 1, NULL),
(501, 'HungBQSE04029', 'Bi Quang Hng', 'HungBQSE04029@fpt.edu.vn', 'SE04029', 1, 1, 'NotSet', 1, NULL),
(502, 'DungNASE04066', 'Nguyn Anh Dng', 'DungNASE04066@fpt.edu.vn', 'SE04066', 1, 1, 'NotSet', 1, NULL),
(503, 'SonTTSE04026', 'Trn Thi Sn', 'SonTTSE04026@fpt.edu.vn', 'SE04026', 1, 1, 'NotSet', 1, NULL),
(504, 'TrungNHSE04291', 'Nguyn Hu Trung', 'TrungNHSE04291@fpt.edu.vn', 'SE04291', 1, 1, 'NotSet', 1, NULL),
(505, 'PhongNHSE04112', 'Nguyn H Phong', 'PhongNHSE04112@fpt.edu.vn', 'SE04112', 1, 1, 'NotSet', 1, NULL),
(506, 'AnhBVSE04380', 'Bi Vit Anh', 'AnhBVSE04380@fpt.edu.vn', 'SE04380', 1, 1, 'NotSet', 1, NULL),
(507, 'HungHDSE04010', 'Hong c Hng', 'HungHDSE04010@fpt.edu.vn', 'SE04010', 1, 1, 'NotSet', 1, NULL),
(508, 'PhatPXSE04208', 'Phan Xun Pht', 'PhatPXSE04208@fpt.edu.vn', 'SE04208', 1, 1, 'NotSet', 1, NULL),
(509, 'QuocTTSE04253', 'Trn Trng Quc', 'QuocTTSE04253@fpt.edu.vn', 'SE04253', 1, 1, 'NotSet', 1, NULL),
(510, 'DatNQSE04036', 'Nguyn Quc t', 'DatNQSE04036@fpt.edu.vn', 'SE04036', 1, 1, 'NotSet', 1, NULL),
(511, 'HauLVSE04158', 'Len Vn Hu', 'HauLVSE04158@fpt.edu.vn', 'SE04158', 1, 1, 'NotSet', 1, NULL),
(512, 'TuLASE04241', 'L Anh T', 'TuLASE04241@fpt.edu.vn', 'SE04241', 1, 1, 'NotSet', 1, NULL),
(513, 'ManhDDSE04244', 'inh Duy Mnh', 'ManhDDSE04244@fpt.edu.vn', 'SE04244', 1, 1, 'NotSet', 1, NULL),
(514, 'ThangNTSE04263', 'Nguyn Ton Thng', 'ThangNTSE04263@fpt.edu.vn', 'SE04263', 1, 1, 'NotSet', 1, NULL),
(515, 'VinhPTSE04106', 'Phm Trng Vinh', 'VinhPTSE04106@fpt.edu.vn', 'SE04106', 1, 1, 'NotSet', 1, NULL),
(516, 'ThanhVQSE04172', 'Vng Quc Thnh', 'ThanhVQSE04172@fpt.edu.vn', 'SE04172', 1, 1, 'NotSet', 1, NULL),
(517, 'DungPTSE04212', 'Phm Tin Dng', 'DungPTSE04212@fpt.edu.vn', 'SE04212', 1, 1, 'NotSet', 1, NULL),
(518, 'NamBHSE04266', 'Bi Hong Nam', 'NamBHSE04266@fpt.edu.vn', 'SE04266', 1, 1, 'NotSet', 1, NULL),
(519, 'TrungNNSE04407', 'Nguyn Ngc Trung', 'TrungNNSE04407@fpt.edu.vn', 'SE04407', 1, 1, 'NotSet', 1, NULL),
(520, 'DatNVSE04070', 'Nguyn Vn t', 'DatNVSE04070@fpt.edu.vn', 'SE04070', 1, 1, 'NotSet', 1, NULL),
(521, 'TuPTSE04117', 'Phan Tun T', 'TuPTSE04117@fpt.edu.vn', 'SE04117', 1, 1, 'NotSet', 1, NULL),
(522, 'BonVTSE04174', 'V Thnh Bn', 'BonVTSE04174@fpt.edu.vn', 'SE04174', 1, 1, 'NotSet', 1, NULL),
(523, 'DuNVSE04312', 'Nguyn Vn Du', 'DuNVSE04312@fpt.edu.vn', 'SE04312', 1, 1, 'NotSet', 1, NULL),
(524, 'PhuongBVSE04368', 'Bi Vit Phng', 'PhuongBVSE04368@fpt.edu.vn', 'SE04368', 1, 1, 'NotSet', 1, NULL),
(525, 'PhuongVTSE04392', 'V Th Phng', 'PhuongVTSE04392@fpt.edu.vn', 'SE04392', 1, 1, 'NotSet', 1, NULL),
(526, 'HungNVSE04023', 'Nguyn Vn Hng', 'HungNVSE04023@fpt.edu.vn', 'SE04023', 1, 1, 'NotSet', 1, NULL),
(527, 'CongNVSE04236', 'Nguyn Vn Cng', 'CongNVSE04236@fpt.edu.vn', 'SE04236', 1, 1, 'NotSet', 1, NULL),
(528, 'MinhLQSE04336', 'L Quang Minh', 'MinhLQSE04336@fpt.edu.vn', 'SE04336', 1, 1, 'NotSet', 1, NULL),
(529, 'KienNTSE04344', 'Nguyn Trung Kin', 'KienNTSE04344@fpt.edu.vn', 'SE04344', 1, 1, 'NotSet', 1, NULL),
(530, 'ThuyNTNSE04351', 'Nguyn Th Ngc Thy', 'ThuyNTNSE04351@fpt.edu.vn', 'SE04351', 1, 1, 'NotSet', 1, NULL),
(531, 'YenNTHSE04411', 'Nguyn Th Hi Yn', 'YenNTHSE04411@fpt.edu.vn', 'SE04411', 1, 1, 'NotSet', 1, NULL),
(532, 'ThangTMSE04173', 'Trn Mnh Thng', 'ThangTMSE04173@fpt.edu.vn', 'SE04173', 1, 1, 'NotSet', 1, NULL),
(533, 'QuynhNHSE04030', 'Nguyn Hu Qunh', 'QuynhNHSE04030@fpt.edu.vn', 'SE04030', 1, 1, 'NotSet', 1, NULL),
(534, 'HoangDDSE04370', ' nh Hong', 'HoangDDSE04370@fpt.edu.vn', 'SE04370', 1, 1, 'NotSet', 1, NULL),
(535, 'NhungDHSE04065', ' Hng Nhung', 'NhungDHSE04065@fpt.edu.vn', 'SE04065', 1, 1, 'NotSet', 1, NULL),
(536, 'TuanDMSE04002', 'o Mnh Tun', 'TuanDMSE04002@fpt.edu.vn', 'SE04002', 1, 1, 'NotSet', 1, NULL),
(537, 'TungDSSE04019', 'ng Sn Tng', 'TungDSSE04019@fpt.edu.vn', 'SE04019', 1, 1, 'NotSet', 1, NULL),
(538, 'ThaoDTPSE04341', 'o Th Phng Tho', 'ThaoDTPSE04341@fpt.edu.vn', 'SE04341', 1, 1, 'NotSet', 1, NULL),
(539, 'TungNXSE04170', 'Nguyn Xun Tng', 'TungNXSE04170@fpt.edu.vn', 'SE04170', 1, 1, 'NotSet', 1, NULL),
(540, 'TuanNQSE04330', 'Nguyn Qu Tun', 'TuanNQSE04330@fpt.edu.vn', 'SE04330', 1, 1, 'NotSet', 1, NULL),
(541, 'ThanhLHCSE04164', 'L Huy Cng Thnh', 'ThanhLHCSE04164@fpt.edu.vn', 'SE04164', 1, 1, 'NotSet', 1, NULL),
(542, 'TayLQSE04184', 'L Quang Ty', 'TayLQSE04184@fpt.edu.vn', 'SE04184', 1, 1, 'NotSet', 1, NULL),
(543, 'MinhHVSE04081', 'Hong Vn Minh', 'MinhHVSE04081@fpt.edu.vn', 'SE04081', 1, 1, 'NotSet', 1, NULL),
(544, 'HoanNNSE04151', 'Nguyn Nht Hon', 'HoanNNSE04151@fpt.edu.vn', 'SE04151', 1, 1, 'NotSet', 1, NULL),
(545, 'ThaoNTSE04311', 'Nguyn Th Tho', 'ThaoNTSE04311@fpt.edu.vn', 'SE04311', 1, 1, 'NotSet', 1, NULL),
(546, 'ToaiNTSE04189', 'Nguyn Thanh Toi', 'ToaiNTSE04189@fpt.edu.vn', 'SE04189', 1, 1, 'NotSet', 1, NULL),
(547, 'MinhPCSE04098', 'Phm Cng Minh', 'MinhPCSE04098@fpt.edu.vn', 'SE04098', 1, 1, 'NotSet', 1, NULL),
(548, 'GiangNTSE04376', 'Nguyn Th Giang', 'GiangNTSE04376@fpt.edu.vn', 'SE04376', 1, 1, 'NotSet', 1, NULL),
(549, 'HangHTHSE04246', 'Hong Th Hng Hng', 'HangHTHSE04246@fpt.edu.vn', 'SE04246', 1, 1, 'NotSet', 1, NULL),
(550, 'DanDDSE04237', 'Dng c Dn', 'DanDDSE04237@fpt.edu.vn', 'SE04237', 1, 1, 'NotSet', 1, NULL),
(551, 'TrungHPSE04281', 'Hong Phan Trung', 'TrungHPSE04281@fpt.edu.vn', 'SE04281', 1, 1, 'NotSet', 1, NULL),
(552, 'TienTMSE03980', 'Trn Mnh Tin', 'TienTMSE03980@fpt.edu.vn', 'SE03980', 1, 1, 'NotSet', 1, NULL),
(553, 'LinhVTMSE04165', 'V Th M Linh', 'LinhVTMSE04165@fpt.edu.vn', 'SE04165', 1, 1, 'NotSet', 1, NULL),
(554, 'TienNHSE04167', 'Nguyn Hu Tin', 'TienNHSE04167@fpt.edu.vn', 'SE04167', 1, 1, 'NotSet', 1, NULL),
(555, 'ThinhAVSE04295', 'u Vn Thnh', 'ThinhAVSE04295@fpt.edu.vn', 'SE04295', 1, 1, 'NotSet', 1, NULL),
(556, 'HoangNXSE03995', 'Nguyn Xun Hong', 'HoangNXSE03995@fpt.edu.vn', 'SE03995', 1, 1, 'NotSet', 1, NULL),
(557, 'AnhPTSE04328', 'Phm Tun Anh', 'AnhPTSE04328@fpt.edu.vn', 'SE04328', 1, 1, 'NotSet', 1, NULL),
(558, 'HieuNQSE04209', 'Nguyn Quang Hiu', 'HieuNQSE04209@fpt.edu.vn', 'SE04209', 1, 1, 'NotSet', 1, NULL),
(559, 'HieuNMSE04319', 'Nguyn Minh Hiu', 'HieuNMSE04319@fpt.edu.vn', 'SE04319', 1, 1, 'NotSet', 1, NULL),
(560, 'HuyNLQSE04182', 'Nguyn L Quang Huy', 'HuyNLQSE04182@fpt.edu.vn', 'SE04182', 1, 1, 'NotSet', 1, NULL),
(561, 'LuatNTSE04140', 'Nguyn Trng Lut', 'LuatNTSE04140@fpt.edu.vn', 'SE04140', 1, 1, 'NotSet', 1, NULL),
(562, 'TanNVSE03778', 'Nguyn Vn Tn', 'TanNVSE03778@fpt.edu.vn', 'SE03778', 1, 1, 'NotSet', 1, NULL),
(563, 'TungVSSE04113', 'V S Tng', 'TungVSSE04113@fpt.edu.vn', 'SE04113', 1, 1, 'NotSet', 1, NULL),
(564, 'DucLBTSE04211', 'L B Trung c', 'DucLBTSE04211@fpt.edu.vn', 'SE04211', 1, 1, 'NotSet', 1, NULL),
(565, 'TuMGSE04012', 'Mai Gia T', 'TuMGSE04012@fpt.edu.vn', 'SE04012', 1, 1, 'NotSet', 1, NULL),
(566, 'DatBTSE04115', 'Bi Tin t', 'DatBTSE04115@fpt.edu.vn', 'SE04115', 1, 1, 'NotSet', 1, NULL),
(567, 'DungVQSE04406', 'V Quang Dng', 'DungVQSE04406@fpt.edu.vn', 'SE04406', 1, 1, 'NotSet', 1, NULL),
(568, 'MinhNNSE04119', 'Nguyn Ngc Minh', 'MinhNNSE04119@fpt.edu.vn', 'SE04119', 1, 1, 'NotSet', 1, NULL),
(569, 'SonNKSE04290', 'Nguyn Khnh Sn', 'SonNKSE04290@fpt.edu.vn', 'SE04290', 1, 1, 'NotSet', 1, NULL),
(570, 'CuongDVSE03978', 'ng Vn Cng', 'CuongDVSE03978@fpt.edu.vn', 'SE03978', 1, 1, 'NotSet', 1, NULL),
(571, 'NhatDTSE03990', 'Dng Tun Nht', 'NhatDTSE03990@fpt.edu.vn', 'SE03990', 1, 1, 'NotSet', 1, NULL),
(572, 'TrinhPTSE04213', 'Ph Th Trinh', 'TrinhPTSE04213@fpt.edu.vn', 'SE04213', 1, 1, 'NotSet', 1, NULL),
(573, 'ThuanDBSE04389', ' Bnh Thun', 'ThuanDBSE04389@fpt.edu.vn', 'SE04389', 1, 1, 'NotSet', 1, NULL),
(574, 'TuNVSE04009', 'Nguyn Vn T', 'TuNVSE04009@fpt.edu.vn', 'SE04009', 1, 1, 'NotSet', 1, NULL),
(575, 'TuDVSE04020', 'Dng Vn T', 'TuDVSE04020@fpt.edu.vn', 'SE04020', 1, 1, 'NotSet', 1, NULL),
(576, 'HuyLVSE03982', 'L Vn Huy', 'HuyLVSE03982@fpt.edu.vn', 'SE03982', 1, 1, 'NotSet', 1, NULL),
(577, 'DoanCVSE04054', 'Cn Vit on', 'DoanCVSE04054@fpt.edu.vn', 'SE04054', 1, 1, 'NotSet', 1, NULL),
(578, 'HungHPSE04137', 'Hong Phi Hng', 'HungHPSE04137@fpt.edu.vn', 'SE04137', 1, 1, 'NotSet', 1, NULL),
(579, 'QuanTMSE04347', 'T Minh Qun', 'QuanTMSE04347@fpt.edu.vn', 'SE04347', 1, 1, 'NotSet', 1, NULL),
(580, 'TungNTSE04120', 'Nguyn Thanh Tng', 'TungNTSE04120@fpt.edu.vn', 'SE04120', 1, 1, 'NotSet', 1, NULL),
(581, 'DuyNDSE04204', 'Nguyn c Duy', 'DuyNDSE04204@fpt.edu.vn', 'SE04204', 1, 1, 'NotSet', 1, NULL),
(582, 'HieuVDSE04025', 'V c Hiu', 'HieuVDSE04025@fpt.edu.vn', 'SE04025', 1, 1, 'NotSet', 1, NULL),
(583, 'NgocNHSE04027', 'Nguyn Hng Ngc', 'NgocNHSE04027@fpt.edu.vn', 'SE04027', 1, 1, 'NotSet', 1, NULL),
(584, 'AnhDVSE04154', 'Dng Vit Anh', 'AnhDVSE04154@fpt.edu.vn', 'SE04154', 1, 1, 'NotSet', 1, NULL),
(585, 'LamNTSE04379', 'Ng T Lm', 'LamNTSE04379@fpt.edu.vn', 'SE04379', 1, 1, 'NotSet', 1, NULL),
(586, 'DatPTSE04037', 'Phm Tin t', 'DatPTSE04037@fpt.edu.vn', 'SE04037', 1, 1, 'NotSet', 1, NULL),
(587, 'HungNVSE04053', 'Nguyn Vit Hng', 'HungNVSE04053@fpt.edu.vn', 'SE04053', 1, 1, 'NotSet', 1, NULL),
(588, 'NamLTSE04085', 'L Trung Nam', 'NamLTSE04085@fpt.edu.vn', 'SE04085', 1, 1, 'NotSet', 1, NULL),
(589, 'DatLTSE04086', 'L Tun t', 'DatLTSE04086@fpt.edu.vn', 'SE04086', 1, 1, 'NotSet', 1, NULL),
(590, 'ThanhPKSE04131', 'Phng Khc Thnh', 'ThanhPKSE04131@fpt.edu.vn', 'SE04131', 1, 1, 'NotSet', 1, NULL),
(591, 'LongNHSE04143', 'Nguyn Hong Long', 'LongNHSE04143@fpt.edu.vn', 'SE04143', 1, 1, 'NotSet', 1, NULL),
(592, 'KyBHSE04210', 'Bi Hong K', 'KyBHSE04210@fpt.edu.vn', 'SE04210', 1, 1, 'NotSet', 1, NULL),
(593, 'AnhKHSE04323', 'Kiu Hong Anh', 'AnhKHSE04323@fpt.edu.vn', 'SE04323', 1, 1, 'NotSet', 1, NULL),
(594, 'HaiTNSE04386', 'Triu Nam Hi', 'HaiTNSE04386@fpt.edu.vn', 'SE04386', 1, 1, 'NotSet', 1, NULL),
(595, 'KhoiNDSE04028', 'Nguyn ng Khi', 'KhoiNDSE04028@fpt.edu.vn', 'SE04028', 1, 1, 'NotSet', 1, NULL),
(596, 'BachNVSE04221', 'Nguyn Vit Bch', 'BachNVSE04221@fpt.edu.vn', 'SE04221', 1, 1, 'NotSet', 1, NULL),
(597, 'BinhPTSE04222', 'Phng Thanh Bnh', 'BinhPTSE04222@fpt.edu.vn', 'SE04222', 1, 1, 'NotSet', 1, NULL),
(598, 'LamPTSE04354', 'Phm Tng Lm', 'LamPTSE04354@fpt.edu.vn', 'SE04354', 1, 1, 'NotSet', 1, NULL),
(599, 'QuangTMSE04402', 'Trn Minh Quang', 'QuangTMSE04402@fpt.edu.vn', 'SE04402', 1, 1, 'NotSet', 1, NULL),
(600, 'HaoDHSE04064', 'ng Ha Ho', 'HaoDHSE04064@fpt.edu.vn', 'SE04064', 1, 1, 'NotSet', 1, NULL),
(601, 'TuongDVSE04317', ' Vnh Tng', 'TuongDVSE04317@fpt.edu.vn', 'SE04317', 1, 1, 'NotSet', 1, NULL),
(602, 'QuynhDTTSE04133', ' Th Thu Qunh', 'QuynhDTTSE04133@fpt.edu.vn', 'SE04133', 1, 1, 'NotSet', 1, NULL),
(603, 'KhoaTNSE04180', 'Trn Nguyn Khoa', 'KhoaTNSE04180@fpt.edu.vn', 'SE04180', 1, 1, 'NotSet', 1, NULL),
(604, 'LamNPTSE04049', 'Nghim Ph Tng Lm', 'LamNPTSE04049@fpt.edu.vn', 'SE04049', 1, 1, 'NotSet', 1, NULL),
(605, 'DatNQSE04108', 'Nguyn Quc t', 'DatNQSE04108@fpt.edu.vn', 'SE04108', 1, 1, 'NotSet', 1, NULL),
(606, 'BinhNVSE04381', 'Nguyn V Bnh', 'BinhNVSE04381@fpt.edu.vn', 'SE04381', 1, 1, 'NotSet', 1, NULL),
(607, 'CongNDSE04261', 'Nguyn nh Cng', 'CongNDSE04261@fpt.edu.vn', 'SE04261', 1, 1, 'NotSet', 1, NULL),
(608, 'DucNVSE04287', 'Nguyn Vn c', 'DucNVSE04287@fpt.edu.vn', 'SE04287', 1, 1, 'NotSet', 1, NULL),
(609, 'HaHPSE04181', 'Hunh Phng H', 'HaHPSE04181@fpt.edu.vn', 'SE04181', 1, 1, 'NotSet', 1, NULL),
(610, 'DungNQSE04355', 'Nguyn Quc Dng', 'DungNQSE04355@fpt.edu.vn', 'SE04355', 1, 1, 'NotSet', 1, NULL),
(611, 'TrungNSSE04051', 'Nguyn S Trung', 'TrungNSSE04051@fpt.edu.vn', 'SE04051', 1, 1, 'NotSet', 1, NULL),
(612, 'KhanhNXSE04280', 'Nguyn Xun Khnh', 'KhanhNXSE04280@fpt.edu.vn', 'SE04280', 1, 1, 'NotSet', 1, NULL),
(613, 'HieuNTSE04238', 'Nguyn Trung Hiu', 'HieuNTSE04238@fpt.edu.vn', 'SE04238', 1, 1, 'NotSet', 1, NULL),
(614, 'KienNDSE04193', 'Nguyn c Kin', 'KienNDSE04193@fpt.edu.vn', 'SE04193', 1, 1, 'NotSet', 1, NULL),
(615, 'DuyLCSE04194', 'Lu Cao Duy', 'DuyLCSE04194@fpt.edu.vn', 'SE04194', 1, 1, 'NotSet', 1, NULL),
(616, 'SonTNSE04223', 'Trn Nguyn Sn', 'SonTNSE04223@fpt.edu.vn', 'SE04223', 1, 1, 'NotSet', 1, NULL),
(617, 'TuanLVSE04092', 'L Vn Tun', 'TuanLVSE04092@fpt.edu.vn', 'SE04092', 1, 1, 'NotSet', 1, NULL),
(618, 'DatPTSE04332', 'Phm Tin t', 'DatPTSE04332@fpt.edu.vn', 'SE04332', 1, 1, 'NotSet', 1, NULL),
(619, 'LanNTMSE04069', 'Nguyn Th Mai Lan', 'LanNTMSE04069@fpt.edu.vn', 'SE04069', 1, 1, 'NotSet', 1, NULL),
(620, 'HuyNGSE03985', 'Nguyn Gia Huy', 'HuyNGSE03985@fpt.edu.vn', 'SE03985', 1, 1, 'NotSet', 1, NULL),
(621, 'AnhDNSE04260', 'Dng Nht Anh', 'AnhDNSE04260@fpt.edu.vn', 'SE04260', 1, 1, 'NotSet', 1, NULL),
(622, 'VuNHSE04013', 'Nguyn Hi V', 'VuNHSE04013@fpt.edu.vn', 'SE04013', 1, 1, 'NotSet', 1, NULL),
(623, 'MinhHVCSE04183', 'H Vit Cng Minh', 'MinhHVCSE04183@fpt.edu.vn', 'SE04183', 1, 1, 'NotSet', 1, NULL),
(624, 'TamNTSE04247', 'Nguyn Thanh Tm', 'TamNTSE04247@fpt.edu.vn', 'SE04247', 1, 1, 'NotSet', 1, NULL),
(625, 'KienNKSE04150', 'Nguyn Khc Kin', 'KienNKSE04150@fpt.edu.vn', 'SE04150', 1, 1, 'NotSet', 1, NULL),
(626, 'DucPMSE04093', 'Phan Minh c', 'DucPMSE04093@fpt.edu.vn', 'SE04093', 1, 1, 'NotSet', 1, NULL),
(627, 'ThinhLCSE04248', 'L Cng Thnh', 'ThinhLCSE04248@fpt.edu.vn', 'SE04248', 1, 1, 'NotSet', 1, NULL),
(628, 'TungLTSE03911', 'L Trng Tng', 'TungLTSE03911@fpt.edu.vn', 'SE03911', 1, 1, 'NotSet', 1, NULL),
(629, 'TienPMSE03947', 'Phm Minh Tin', 'TienPMSE03947@fpt.edu.vn', 'SE03947', 1, 1, 'NotSet', 1, NULL),
(630, 'QuanNHSE04103', 'Nguyn H Qun', 'QuanNHSE04103@fpt.edu.vn', 'SE04103', 1, 1, 'NotSet', 1, NULL),
(631, 'LamNNSE04185', 'Ng Ngc Lm', 'LamNNSE04185@fpt.edu.vn', 'SE04185', 1, 1, 'NotSet', 1, NULL),
(632, 'HungUDSE04421', 'Ung ng Hng', 'HungUDSE04421@fpt.edu.vn', 'SE04421', 1, 1, 'NotSet', 1, NULL),
(633, 'HungVHSE04429', 'V Hong Hng', 'HungVHSE04429@fpt.edu.vn', 'SE04429', 1, 1, 'NotSet', 1, NULL),
(634, 'TanDDSE04433', ' Duy Tn', 'TanDDSE04433@fpt.edu.vn', 'SE04433', 1, 1, 'NotSet', 1, NULL),
(635, 'SonTHSE04439', 'Trn Hu Sn', 'SonTHSE04439@fpt.edu.vn', 'SE04439', 1, 1, 'NotSet', 1, NULL),
(636, 'ThangNDSE04441', 'Nguyn i Thng', 'ThangNDSE04441@fpt.edu.vn', 'SE04441', 1, 1, 'NotSet', 1, NULL),
(637, 'LeTNSE04454', 'Trng Nht L', 'LeTNSE04454@fpt.edu.vn', 'SE04454', 1, 1, 'NotSet', 1, NULL),
(638, 'LongTTSE04476', 'Trn Thi Long', 'LongTTSE04476@fpt.edu.vn', 'SE04476', 1, 1, 'NotSet', 1, NULL),
(639, 'UyenPTTSE04479', 'Phan Th T Uyn', 'UyenPTTSE04479@fpt.edu.vn', 'SE04479', 1, 1, 'NotSet', 1, NULL),
(640, 'ToanNVSE03701', 'Nguyn Vn Ton', 'ToanNVSE03701@fpt.edu.vn', 'SE03701', 1, 1, 'NotSet', 1, NULL),
(641, 'ThuanHVSE03172', 'Hong Vn Thun', 'ThuanHVSE03172@fpt.edu.vn', 'SE03172', 1, 1, 'NotSet', 1, NULL),
(642, 'MaiPDSE04409', 'Phm nh Mai', 'MaiPDSE04409@fpt.edu.vn', 'SE04409', 1, 1, 'NotSet', 1, NULL),
(643, 'ThaiTTSE04258', 'Trn Th Thi', 'ThaiTTSE04258@fpt.edu.vn', 'SE04258', 1, 1, 'NotSet', 1, NULL),
(644, 'TungNDSE03988', 'Nguyn ng Tng', 'TungNDSE03988@fpt.edu.vn', 'SE03988', 1, 1, 'NotSet', 1, NULL),
(645, 'TungLHSE02890', 'Lu Huy Tng', 'TungLHSE02890@fpt.edu.vn', 'SE02890', 1, 1, 'NotSet', 5, NULL),
(646, 'HaiLXSE03744', 'L Xun Hi', 'HaiLXSE03744@fpt.edu.vn', 'SE03744', 1, 1, 'NotSet', 5, NULL);

-- --------------------------------------------------------

--
-- Table structure for table `teachers`
--

DROP TABLE IF EXISTS `teachers`;
CREATE TABLE IF NOT EXISTS `teachers` (
`teacher_id` int(11) NOT NULL,
  `account` varchar(20) NOT NULL,
  `name` varchar(100) CHARACTER SET utf8 COLLATE utf8_vietnamese_ci NOT NULL,
  `email` varchar(50) NOT NULL
) ENGINE=InnoDB AUTO_INCREMENT=73 DEFAULT CHARSET=latin1;

--
-- Dumping data for table `teachers`
--

INSERT INTO `teachers` (`teacher_id`, `account`, `name`, `email`) VALUES
(40, 'MaiTT', 'MaiTT', 'MaiTT@fpt.edu.vn'),
(41, 'DungLM', 'DungLM', 'DungLM@fpt.edu.vn'),
(42, 'DuyDT', 'DuyDT', 'DuyDT@fpt.edu.vn'),
(43, 'CauPD', 'CauPD', 'CauPD@fpt.edu.vn'),
(44, 'VuNH', 'VuNH', 'VuNH@fpt.edu.vn'),
(45, 'HuongNT7', 'HuongNT7', 'HuongNT7@fpt.edu.vn'),
(46, 'HaNS2', 'HaNS2', 'HaNS2@fpt.edu.vn'),
(47, 'HieuLD2', 'HieuLD2', 'HieuLD2@fpt.edu.vn'),
(48, 'HungPD', 'HungPD', 'HungPD@fpt.edu.vn'),
(49, 'TrungNQ', 'TrungNQ', 'TrungNQ@fpt.edu.vn'),
(50, 'CuongN', 'CuongN', 'CuongN@fpt.edu.vn'),
(51, 'TrungDT', 'TrungDT', 'TrungDT@fpt.edu.vn'),
(52, 'KhuongPD', 'KhuongPD', 'KhuongPD@fpt.edu.vn'),
(53, 'SangNV', 'SangNV', 'SangNV@fpt.edu.vn'),
(54, 'DucHM2', 'DucHM2', 'DucHM2@fpt.edu.vn'),
(55, 'AnhPT', 'AnhPT', 'AnhPT@fpt.edu.vn'),
(56, 'CongLT2', 'CongLT2', 'CongLT2@fpt.edu.vn'),
(57, 'HoaiNV2', 'HoaiNV2', 'HoaiNV2@fpt.edu.vn'),
(58, 'HienDTT', 'HienDTT', 'HienDTT@fpt.edu.vn'),
(59, 'ChiLP', 'ChiLP', 'ChiLP@fpt.edu.vn'),
(60, 'BangBH', 'BangBH', 'BangBH@fpt.edu.vn'),
(61, 'LamPT', 'LamPT', 'LamPT@fpt.edu.vn'),
(62, 'BinhNV2', 'BinhNV2', 'BinhNV2@fpt.edu.vn'),
(63, 'SonHX', 'SonHX', 'SonHX@fpt.edu.vn'),
(64, 'ThuLX', 'ThuLX', 'ThuLX@fpt.edu.vn'),
(65, 'MaiVTT', 'MaiVTT', 'MaiVTT@fpt.edu.vn'),
(66, 'VietNK', 'VietNK', 'VietNK@fpt.edu.vn'),
(67, 'DuanTC', 'DuanTC', 'DuanTC@fpt.edu.vn'),
(68, 'TrungNT', 'TrungNT', 'TrungNT@fpt.edu.vn'),
(69, 'VanDT', 'VanDT', 'VanDT@fpt.edu.vn'),
(70, 'QuyPH', 'QuyPH', 'QuyPH@fpt.edu.vn'),
(71, 'DungNT', 'DungNT', 'DungNT@fpt.edu.vn'),
(72, 'HuyenTT', 'HuyenTT', 'HuyenTT@fpt.edu.vn');

-- --------------------------------------------------------

--
-- Table structure for table `teacher_course_semester`
--

DROP TABLE IF EXISTS `teacher_course_semester`;
CREATE TABLE IF NOT EXISTS `teacher_course_semester` (
`teacher_course_semester_id` int(11) NOT NULL,
  `teacher_semester_id` int(11) NOT NULL,
  `course_semester_id` int(11) NOT NULL
) ENGINE=InnoDB AUTO_INCREMENT=756 DEFAULT CHARSET=latin1;

--
-- Dumping data for table `teacher_course_semester`
--

INSERT INTO `teacher_course_semester` (`teacher_course_semester_id`, `teacher_semester_id`, `course_semester_id`) VALUES
(687, 40, 242),
(688, 58, 242),
(689, 41, 243),
(690, 42, 243),
(691, 42, 244),
(692, 59, 244),
(693, 42, 275),
(694, 59, 275),
(695, 43, 246),
(696, 42, 246),
(697, 43, 247),
(698, 42, 247),
(699, 59, 247),
(700, 41, 247),
(701, 44, 248),
(702, 60, 248),
(703, 45, 249),
(704, 61, 249),
(705, 43, 250),
(706, 42, 250),
(707, 41, 251),
(708, 52, 251),
(709, 42, 252),
(710, 62, 252),
(711, 44, 252),
(712, 43, 252),
(713, 44, 253),
(714, 60, 253),
(715, 42, 254),
(716, 62, 254),
(717, 46, 255),
(718, 47, 256),
(719, 48, 257),
(720, 63, 257),
(721, 46, 258),
(722, 49, 259),
(723, 50, 260),
(724, 64, 260),
(725, 69, 260),
(726, 72, 260),
(727, 50, 261),
(728, 64, 261),
(729, 69, 261),
(730, 72, 261),
(731, 50, 262),
(732, 64, 262),
(733, 69, 262),
(734, 72, 262),
(735, 51, 263),
(736, 65, 263),
(737, 70, 263),
(738, 51, 264),
(739, 65, 264),
(740, 71, 264),
(741, 51, 265),
(742, 66, 265),
(743, 71, 265),
(744, 52, 266),
(745, 67, 266),
(746, 53, 267),
(747, 55, 267),
(748, 54, 268),
(749, 53, 269),
(750, 68, 269),
(751, 54, 270),
(752, 55, 271),
(753, 55, 272),
(754, 56, 273),
(755, 57, 274);

-- --------------------------------------------------------

--
-- Table structure for table `teacher_semester`
--

DROP TABLE IF EXISTS `teacher_semester`;
CREATE TABLE IF NOT EXISTS `teacher_semester` (
`teacher_semester_id` int(11) NOT NULL,
  `teacher_id` int(11) NOT NULL,
  `semester_id` int(11) NOT NULL
) ENGINE=InnoDB AUTO_INCREMENT=73 DEFAULT CHARSET=latin1;

--
-- Dumping data for table `teacher_semester`
--

INSERT INTO `teacher_semester` (`teacher_semester_id`, `teacher_id`, `semester_id`) VALUES
(40, 40, 2),
(41, 41, 2),
(42, 42, 2),
(43, 43, 2),
(44, 44, 2),
(45, 45, 2),
(46, 46, 2),
(47, 47, 2),
(48, 48, 2),
(49, 49, 2),
(50, 50, 2),
(51, 51, 2),
(52, 52, 2),
(53, 53, 2),
(54, 54, 2),
(55, 55, 2),
(56, 56, 2),
(57, 57, 2),
(58, 58, 2),
(59, 59, 2),
(60, 60, 2),
(61, 61, 2),
(62, 62, 2),
(63, 63, 2),
(64, 64, 2),
(65, 65, 2),
(66, 66, 2),
(67, 67, 2),
(68, 68, 2),
(69, 69, 2),
(70, 70, 2),
(71, 71, 2),
(72, 72, 2);

-- --------------------------------------------------------

--
-- Table structure for table `time_table`
--

DROP TABLE IF EXISTS `time_table`;
CREATE TABLE IF NOT EXISTS `time_table` (
`time_table_id` int(11) NOT NULL,
  `class_course_semester_id` int(11) NOT NULL,
  `date` datetime NOT NULL,
  `slot` int(11) NOT NULL,
  `room_id` int(11) DEFAULT NULL,
  `teacher_semester_id` int(11) DEFAULT NULL
) ENGINE=InnoDB AUTO_INCREMENT=66490 DEFAULT CHARSET=latin1;

--
-- Dumping data for table `time_table`
--

INSERT INTO `time_table` (`time_table_id`, `class_course_semester_id`, `date`, `slot`, `room_id`, `teacher_semester_id`) VALUES
(62620, 324, '2015-09-07 12:50:00', 4, 53, 41),
(62621, 324, '2015-09-14 12:50:00', 4, 53, 41),
(62622, 324, '2015-09-21 12:50:00', 4, 53, 41),
(62623, 324, '2015-09-07 14:30:00', 5, 53, 41),
(62624, 324, '2015-09-14 14:30:00', 5, 53, 41),
(62625, 324, '2015-09-21 14:30:00', 5, 53, 41),
(62626, 322, '2015-09-08 12:50:00', 4, 50, 40),
(62627, 322, '2015-09-15 12:50:00', 4, 50, 40),
(62628, 322, '2015-09-22 12:50:00', 4, 50, 40),
(62629, 322, '2015-09-08 14:30:00', 5, 50, 40),
(62630, 322, '2015-09-15 14:30:00', 5, 50, 40),
(62631, 322, '2015-09-22 14:30:00', 5, 50, 40),
(62632, 324, '2015-09-09 12:50:00', 4, 53, 41),
(62633, 324, '2015-09-16 12:50:00', 4, 53, 41),
(62634, 324, '2015-09-23 12:50:00', 4, 53, 41),
(62635, 324, '2015-09-09 14:30:00', 5, 53, 41),
(62636, 324, '2015-09-16 14:30:00', 5, 53, 41),
(62637, 324, '2015-09-23 14:30:00', 5, 53, 41),
(62638, 322, '2015-09-10 12:50:00', 4, 50, 40),
(62639, 322, '2015-09-17 12:50:00', 4, 50, 40),
(62640, 322, '2015-09-24 12:50:00', 4, 50, 40),
(62641, 322, '2015-09-10 14:30:00', 5, 50, 40),
(62642, 322, '2015-09-17 14:30:00', 5, 50, 40),
(62643, 322, '2015-09-24 14:30:00', 5, 50, 40),
(62644, 324, '2015-09-11 12:50:00', 4, 53, 41),
(62645, 324, '2015-09-18 12:50:00', 4, 53, 41),
(62646, 324, '2015-09-25 12:50:00', 4, 53, 41),
(62647, 324, '2015-09-11 14:30:00', 5, 53, 41),
(62648, 324, '2015-09-18 14:30:00', 5, 53, 41),
(62649, 324, '2015-09-25 14:30:00', 5, 53, 41),
(62650, 324, '2015-09-28 12:50:00', 4, 53, 41),
(62651, 324, '2015-10-05 12:50:00', 4, 53, 41),
(62652, 324, '2015-10-12 12:50:00', 4, 53, 41),
(62653, 324, '2015-09-28 14:30:00', 5, 53, 41),
(62654, 324, '2015-10-05 14:30:00', 5, 53, 41),
(62655, 324, '2015-10-12 14:30:00', 5, 53, 41),
(62656, 322, '2015-09-29 12:50:00', 4, 50, 40),
(62657, 322, '2015-10-06 12:50:00', 4, 50, 40),
(62658, 322, '2015-10-13 12:50:00', 4, 50, 40),
(62659, 322, '2015-09-29 14:30:00', 5, 50, 40),
(62660, 322, '2015-10-06 14:30:00', 5, 50, 40),
(62661, 322, '2015-10-13 14:30:00', 5, 50, 40),
(62662, 324, '2015-09-30 12:50:00', 4, 53, 41),
(62663, 324, '2015-10-07 12:50:00', 4, 53, 41),
(62664, 324, '2015-10-14 12:50:00', 4, 53, 41),
(62665, 324, '2015-09-30 14:30:00', 5, 53, 41),
(62666, 324, '2015-10-07 14:30:00', 5, 53, 41),
(62667, 324, '2015-10-14 14:30:00', 5, 53, 41),
(62668, 322, '2015-10-01 12:50:00', 4, 50, 40),
(62669, 322, '2015-10-08 12:50:00', 4, 50, 40),
(62670, 322, '2015-10-15 12:50:00', 4, 50, 40),
(62671, 322, '2015-10-01 14:30:00', 5, 50, 40),
(62672, 322, '2015-10-08 14:30:00', 5, 50, 40),
(62673, 322, '2015-10-15 14:30:00', 5, 50, 40),
(62674, 322, '2015-10-02 12:50:00', 4, 50, 40),
(62675, 322, '2015-10-09 12:50:00', 4, 50, 40),
(62676, 322, '2015-10-16 12:50:00', 4, 50, 40),
(62677, 322, '2015-10-02 14:30:00', 5, 50, 40),
(62678, 322, '2015-10-09 14:30:00', 5, 50, 40),
(62679, 322, '2015-10-16 14:30:00', 5, 50, 40),
(62680, 323, '2015-11-09 12:50:00', 4, 53, 65),
(62681, 323, '2015-11-16 12:50:00', 4, 53, 65),
(62682, 323, '2015-11-23 12:50:00', 4, 53, 65),
(62683, 323, '2015-11-09 14:30:00', 5, 53, 65),
(62684, 323, '2015-11-16 14:30:00', 5, 53, 65),
(62685, 323, '2015-11-23 14:30:00', 5, 53, 65),
(62686, 325, '2015-11-09 16:10:00', 6, 53, 48),
(62687, 325, '2015-11-16 16:10:00', 6, 53, 48),
(62688, 325, '2015-11-23 16:10:00', 6, 53, 48),
(62689, 321, '2015-11-10 12:50:00', 4, 53, NULL),
(62690, 321, '2015-11-17 12:50:00', 4, 53, NULL),
(62691, 321, '2015-11-24 12:50:00', 4, 53, NULL),
(62692, 321, '2015-11-10 14:30:00', 5, 53, NULL),
(62693, 321, '2015-11-17 14:30:00', 5, 53, NULL),
(62694, 321, '2015-11-24 14:30:00', 5, 53, NULL),
(62695, 325, '2015-11-10 16:10:00', 6, 53, 48),
(62696, 325, '2015-11-17 16:10:00', 6, 53, 48),
(62697, 325, '2015-11-24 16:10:00', 6, 53, 48),
(62698, 323, '2015-11-11 12:50:00', 4, 53, 65),
(62699, 323, '2015-11-18 12:50:00', 4, 53, 65),
(62700, 323, '2015-11-25 12:50:00', 4, 53, 65),
(62701, 323, '2015-11-11 14:30:00', 5, 53, 65),
(62702, 323, '2015-11-18 14:30:00', 5, 53, 65),
(62703, 323, '2015-11-25 14:30:00', 5, 53, 65),
(62704, 325, '2015-11-11 16:10:00', 6, 53, 48),
(62705, 325, '2015-11-18 16:10:00', 6, 53, 48),
(62706, 325, '2015-11-25 16:10:00', 6, 53, 48),
(62707, 321, '2015-11-12 12:50:00', 4, 53, NULL),
(62708, 321, '2015-11-19 12:50:00', 4, 53, NULL),
(62709, 321, '2015-11-26 12:50:00', 4, 53, NULL),
(62710, 321, '2015-11-12 14:30:00', 5, 53, NULL),
(62711, 321, '2015-11-19 14:30:00', 5, 53, NULL),
(62712, 321, '2015-11-26 14:30:00', 5, 53, NULL),
(62713, 325, '2015-11-12 16:10:00', 6, 53, 48),
(62714, 325, '2015-11-19 16:10:00', 6, 53, 48),
(62715, 325, '2015-11-26 16:10:00', 6, 53, 48),
(62716, 323, '2015-11-13 12:50:00', 4, 53, 65),
(62717, 323, '2015-11-20 12:50:00', 4, 53, 65),
(62718, 323, '2015-11-27 12:50:00', 4, 53, 65),
(62719, 323, '2015-11-13 14:30:00', 5, 53, 65),
(62720, 323, '2015-11-20 14:30:00', 5, 53, 65),
(62721, 323, '2015-11-27 14:30:00', 5, 53, 65),
(62722, 325, '2015-11-13 16:10:00', 6, 53, 48),
(62723, 325, '2015-11-20 16:10:00', 6, 53, 48),
(62724, 325, '2015-11-27 16:10:00', 6, 53, 48),
(62725, 323, '2015-11-30 12:50:00', 4, 53, 65),
(62726, 323, '2015-12-07 12:50:00', 4, 53, 65),
(62727, 323, '2015-12-14 12:50:00', 4, 53, 65),
(62728, 323, '2015-11-30 14:30:00', 5, 53, 65),
(62729, 323, '2015-12-07 14:30:00', 5, 53, 65),
(62730, 323, '2015-12-14 14:30:00', 5, 53, 65),
(62731, 325, '2015-11-30 16:10:00', 6, 53, 48),
(62732, 325, '2015-12-07 16:10:00', 6, 53, 48),
(62733, 325, '2015-12-14 16:10:00', 6, 53, 48),
(62734, 321, '2015-12-01 12:50:00', 4, 53, NULL),
(62735, 321, '2015-12-08 12:50:00', 4, 53, NULL),
(62736, 321, '2015-12-15 12:50:00', 4, 53, NULL),
(62737, 321, '2015-12-01 14:30:00', 5, 53, NULL),
(62738, 321, '2015-12-08 14:30:00', 5, 53, NULL),
(62739, 321, '2015-12-15 14:30:00', 5, 53, NULL),
(62740, 325, '2015-12-01 16:10:00', 6, 53, 48),
(62741, 325, '2015-12-08 16:10:00', 6, 53, 48),
(62742, 325, '2015-12-15 16:10:00', 6, 53, 48),
(62743, 323, '2015-12-02 12:50:00', 4, 53, 65),
(62744, 323, '2015-12-09 12:50:00', 4, 53, 65),
(62745, 323, '2015-12-16 12:50:00', 4, 53, 65),
(62746, 323, '2015-12-02 14:30:00', 5, 53, 65),
(62747, 323, '2015-12-09 14:30:00', 5, 53, 65),
(62748, 323, '2015-12-16 14:30:00', 5, 53, 65),
(62749, 325, '2015-12-02 16:10:00', 6, 53, 48),
(62750, 325, '2015-12-09 16:10:00', 6, 53, 48),
(62751, 325, '2015-12-16 16:10:00', 6, 53, 48),
(62752, 321, '2015-12-03 12:50:00', 4, 53, NULL),
(62753, 321, '2015-12-10 12:50:00', 4, 53, NULL),
(62754, 321, '2015-12-17 12:50:00', 4, 53, NULL),
(62755, 321, '2015-12-03 14:30:00', 5, 53, NULL),
(62756, 321, '2015-12-10 14:30:00', 5, 53, NULL),
(62757, 321, '2015-12-17 14:30:00', 5, 53, NULL),
(62758, 325, '2015-12-03 16:10:00', 6, 53, 48),
(62759, 325, '2015-12-10 16:10:00', 6, 53, 48),
(62760, 325, '2015-12-17 16:10:00', 6, 53, 48),
(62761, 321, '2015-12-04 12:50:00', 4, 53, NULL),
(62762, 321, '2015-12-11 12:50:00', 4, 53, NULL),
(62763, 321, '2015-12-18 12:50:00', 4, 53, NULL),
(62764, 321, '2015-12-04 14:30:00', 5, 53, NULL),
(62765, 321, '2015-12-11 14:30:00', 5, 53, NULL),
(62766, 321, '2015-12-18 14:30:00', 5, 53, NULL),
(62767, 325, '2015-12-04 16:10:00', 6, 53, 48),
(62768, 325, '2015-12-11 16:10:00', 6, 53, 48),
(62769, 325, '2015-12-18 16:10:00', 6, 53, 48),
(62770, 329, '2015-09-07 12:50:00', 4, 54, 52),
(62771, 329, '2015-09-14 12:50:00', 4, 54, 52),
(62772, 329, '2015-09-21 12:50:00', 4, 54, 52),
(62773, 329, '2015-09-07 14:30:00', 5, 54, 52),
(62774, 329, '2015-09-14 14:30:00', 5, 54, 52),
(62775, 329, '2015-09-21 14:30:00', 5, 54, 52),
(62776, 327, '2015-09-08 14:30:00', 5, 51, 58),
(62777, 327, '2015-09-15 14:30:00', 5, 51, 58),
(62778, 327, '2015-09-22 14:30:00', 5, 51, 58),
(62779, 327, '2015-09-08 16:10:00', 6, 51, 58),
(62780, 327, '2015-09-15 16:10:00', 6, 51, 58),
(62781, 327, '2015-09-22 16:10:00', 6, 51, 58),
(62782, 329, '2015-09-09 12:50:00', 4, 54, 52),
(62783, 329, '2015-09-16 12:50:00', 4, 54, 52),
(62784, 329, '2015-09-23 12:50:00', 4, 54, 52),
(62785, 329, '2015-09-09 14:30:00', 5, 54, 52),
(62786, 329, '2015-09-16 14:30:00', 5, 54, 52),
(62787, 329, '2015-09-23 14:30:00', 5, 54, 52),
(62788, 327, '2015-09-10 14:30:00', 5, 51, 58),
(62789, 327, '2015-09-17 14:30:00', 5, 51, 58),
(62790, 327, '2015-09-24 14:30:00', 5, 51, 58),
(62791, 327, '2015-09-10 16:10:00', 6, 51, 58),
(62792, 327, '2015-09-17 16:10:00', 6, 51, 58),
(62793, 327, '2015-09-24 16:10:00', 6, 51, 58),
(62794, 329, '2015-09-11 12:50:00', 4, 54, 52),
(62795, 329, '2015-09-18 12:50:00', 4, 54, 52),
(62796, 329, '2015-09-25 12:50:00', 4, 54, 52),
(62797, 329, '2015-09-11 14:30:00', 5, 54, 52),
(62798, 329, '2015-09-18 14:30:00', 5, 54, 52),
(62799, 329, '2015-09-25 14:30:00', 5, 54, 52),
(62800, 329, '2015-09-28 12:50:00', 4, 54, 52),
(62801, 329, '2015-10-05 12:50:00', 4, 54, 52),
(62802, 329, '2015-10-12 12:50:00', 4, 54, 52),
(62803, 329, '2015-09-28 14:30:00', 5, 54, 52),
(62804, 329, '2015-10-05 14:30:00', 5, 54, 52),
(62805, 329, '2015-10-12 14:30:00', 5, 54, 52),
(62806, 327, '2015-09-29 14:30:00', 5, 51, 58),
(62807, 327, '2015-10-06 14:30:00', 5, 51, 58),
(62808, 327, '2015-10-13 14:30:00', 5, 51, 58),
(62809, 327, '2015-09-29 16:10:00', 6, 51, 58),
(62810, 327, '2015-10-06 16:10:00', 6, 51, 58),
(62811, 327, '2015-10-13 16:10:00', 6, 51, 58),
(62812, 329, '2015-09-30 12:50:00', 4, 54, 52),
(62813, 329, '2015-10-07 12:50:00', 4, 54, 52),
(62814, 329, '2015-10-14 12:50:00', 4, 54, 52),
(62815, 329, '2015-09-30 14:30:00', 5, 54, 52),
(62816, 329, '2015-10-07 14:30:00', 5, 54, 52),
(62817, 329, '2015-10-14 14:30:00', 5, 54, 52),
(62818, 327, '2015-10-01 14:30:00', 5, 51, 58),
(62819, 327, '2015-10-08 14:30:00', 5, 51, 58),
(62820, 327, '2015-10-15 14:30:00', 5, 51, 58),
(62821, 327, '2015-10-01 16:10:00', 6, 51, 58),
(62822, 327, '2015-10-08 16:10:00', 6, 51, 58),
(62823, 327, '2015-10-15 16:10:00', 6, 51, 58),
(62824, 327, '2015-10-02 14:30:00', 5, 51, 58),
(62825, 327, '2015-10-09 14:30:00', 5, 51, 58),
(62826, 327, '2015-10-16 14:30:00', 5, 51, 58),
(62827, 327, '2015-10-02 16:10:00', 6, 51, 58),
(62828, 327, '2015-10-09 16:10:00', 6, 51, 58),
(62829, 327, '2015-10-16 16:10:00', 6, 51, 58),
(62830, 330, '2015-11-09 12:50:00', 4, 54, 63),
(62831, 330, '2015-11-16 12:50:00', 4, 54, 63),
(62832, 330, '2015-11-23 12:50:00', 4, 54, 63),
(62833, 328, '2015-11-09 14:30:00', 5, 54, 70),
(62834, 328, '2015-11-16 14:30:00', 5, 54, 70),
(62835, 328, '2015-11-23 14:30:00', 5, 54, 70),
(62836, 328, '2015-11-09 16:10:00', 6, 54, 70),
(62837, 328, '2015-11-16 16:10:00', 6, 54, 70),
(62838, 328, '2015-11-23 16:10:00', 6, 54, 70),
(62839, 330, '2015-11-10 12:50:00', 4, 54, 63),
(62840, 330, '2015-11-17 12:50:00', 4, 54, 63),
(62841, 330, '2015-11-24 12:50:00', 4, 54, 63),
(62842, 326, '2015-11-10 14:30:00', 5, 54, NULL),
(62843, 326, '2015-11-17 14:30:00', 5, 54, NULL),
(62844, 326, '2015-11-24 14:30:00', 5, 54, NULL),
(62845, 326, '2015-11-10 16:10:00', 6, 54, NULL),
(62846, 326, '2015-11-17 16:10:00', 6, 54, NULL),
(62847, 326, '2015-11-24 16:10:00', 6, 54, NULL),
(62848, 330, '2015-11-11 12:50:00', 4, 54, 63),
(62849, 330, '2015-11-18 12:50:00', 4, 54, 63),
(62850, 330, '2015-11-25 12:50:00', 4, 54, 63),
(62851, 328, '2015-11-11 14:30:00', 5, 54, 70),
(62852, 328, '2015-11-18 14:30:00', 5, 54, 70),
(62853, 328, '2015-11-25 14:30:00', 5, 54, 70),
(62854, 328, '2015-11-11 16:10:00', 6, 54, 70),
(62855, 328, '2015-11-18 16:10:00', 6, 54, 70),
(62856, 328, '2015-11-25 16:10:00', 6, 54, 70),
(62857, 330, '2015-11-12 12:50:00', 4, 54, 63),
(62858, 330, '2015-11-19 12:50:00', 4, 54, 63),
(62859, 330, '2015-11-26 12:50:00', 4, 54, 63),
(62860, 326, '2015-11-12 14:30:00', 5, 54, NULL),
(62861, 326, '2015-11-19 14:30:00', 5, 54, NULL),
(62862, 326, '2015-11-26 14:30:00', 5, 54, NULL),
(62863, 326, '2015-11-12 16:10:00', 6, 54, NULL),
(62864, 326, '2015-11-19 16:10:00', 6, 54, NULL),
(62865, 326, '2015-11-26 16:10:00', 6, 54, NULL),
(62866, 330, '2015-11-13 12:50:00', 4, 54, 63),
(62867, 330, '2015-11-20 12:50:00', 4, 54, 63),
(62868, 330, '2015-11-27 12:50:00', 4, 54, 63),
(62869, 328, '2015-11-13 14:30:00', 5, 54, 70),
(62870, 328, '2015-11-20 14:30:00', 5, 54, 70),
(62871, 328, '2015-11-27 14:30:00', 5, 54, 70),
(62872, 328, '2015-11-13 16:10:00', 6, 54, 70),
(62873, 328, '2015-11-20 16:10:00', 6, 54, 70),
(62874, 328, '2015-11-27 16:10:00', 6, 54, 70),
(62875, 330, '2015-11-30 12:50:00', 4, 54, 63),
(62876, 330, '2015-12-07 12:50:00', 4, 54, 63),
(62877, 330, '2015-12-14 12:50:00', 4, 54, 63),
(62878, 328, '2015-11-30 14:30:00', 5, 54, 70),
(62879, 328, '2015-12-07 14:30:00', 5, 54, 70),
(62880, 328, '2015-12-14 14:30:00', 5, 54, 70),
(62881, 328, '2015-11-30 16:10:00', 6, 54, 70),
(62882, 328, '2015-12-07 16:10:00', 6, 54, 70),
(62883, 328, '2015-12-14 16:10:00', 6, 54, 70),
(62884, 330, '2015-12-01 12:50:00', 4, 54, 63),
(62885, 330, '2015-12-08 12:50:00', 4, 54, 63),
(62886, 330, '2015-12-15 12:50:00', 4, 54, 63),
(62887, 326, '2015-12-01 14:30:00', 5, 54, NULL),
(62888, 326, '2015-12-08 14:30:00', 5, 54, NULL),
(62889, 326, '2015-12-15 14:30:00', 5, 54, NULL),
(62890, 326, '2015-12-01 16:10:00', 6, 54, NULL),
(62891, 326, '2015-12-08 16:10:00', 6, 54, NULL),
(62892, 326, '2015-12-15 16:10:00', 6, 54, NULL),
(62893, 330, '2015-12-02 12:50:00', 4, 54, 63),
(62894, 330, '2015-12-09 12:50:00', 4, 54, 63),
(62895, 330, '2015-12-16 12:50:00', 4, 54, 63),
(62896, 328, '2015-12-02 14:30:00', 5, 54, 70),
(62897, 328, '2015-12-09 14:30:00', 5, 54, 70),
(62898, 328, '2015-12-16 14:30:00', 5, 54, 70),
(62899, 328, '2015-12-02 16:10:00', 6, 54, 70),
(62900, 328, '2015-12-09 16:10:00', 6, 54, 70),
(62901, 328, '2015-12-16 16:10:00', 6, 54, 70),
(62902, 330, '2015-12-03 12:50:00', 4, 54, 63),
(62903, 330, '2015-12-10 12:50:00', 4, 54, 63),
(62904, 330, '2015-12-17 12:50:00', 4, 54, 63),
(62905, 326, '2015-12-03 14:30:00', 5, 54, NULL),
(62906, 326, '2015-12-10 14:30:00', 5, 54, NULL),
(62907, 326, '2015-12-17 14:30:00', 5, 54, NULL),
(62908, 326, '2015-12-03 16:10:00', 6, 54, NULL),
(62909, 326, '2015-12-10 16:10:00', 6, 54, NULL),
(62910, 326, '2015-12-17 16:10:00', 6, 54, NULL),
(62911, 330, '2015-12-04 12:50:00', 4, 54, 63),
(62912, 330, '2015-12-11 12:50:00', 4, 54, 63),
(62913, 330, '2015-12-18 12:50:00', 4, 54, 63),
(62914, 326, '2015-12-04 14:30:00', 5, 54, NULL),
(62915, 326, '2015-12-11 14:30:00', 5, 54, NULL),
(62916, 326, '2015-12-18 14:30:00', 5, 54, NULL),
(62917, 326, '2015-12-04 16:10:00', 6, 54, NULL),
(62918, 326, '2015-12-11 16:10:00', 6, 54, NULL),
(62919, 326, '2015-12-18 16:10:00', 6, 54, NULL),
(62920, 333, '2015-09-07 12:50:00', 4, 55, 51),
(62921, 333, '2015-09-14 12:50:00', 4, 55, 51),
(62922, 333, '2015-09-21 12:50:00', 4, 55, 51),
(62923, 333, '2015-09-07 14:30:00', 5, 55, 51),
(62924, 333, '2015-09-14 14:30:00', 5, 55, 51),
(62925, 333, '2015-09-21 14:30:00', 5, 55, 51),
(62926, 334, '2015-09-08 14:30:00', 5, 55, 41),
(62927, 334, '2015-09-15 14:30:00', 5, 55, 41),
(62928, 334, '2015-09-22 14:30:00', 5, 55, 41),
(62929, 334, '2015-09-08 16:10:00', 6, 55, 41),
(62930, 334, '2015-09-15 16:10:00', 6, 55, 41),
(62931, 334, '2015-09-22 16:10:00', 6, 55, 41),
(62932, 333, '2015-09-09 12:50:00', 4, 55, 51),
(62933, 333, '2015-09-16 12:50:00', 4, 55, 51),
(62934, 333, '2015-09-23 12:50:00', 4, 55, 51),
(62935, 333, '2015-09-09 14:30:00', 5, 55, 51),
(62936, 333, '2015-09-16 14:30:00', 5, 55, 51),
(62937, 333, '2015-09-23 14:30:00', 5, 55, 51),
(62938, 334, '2015-09-10 14:30:00', 5, 55, 41),
(62939, 334, '2015-09-17 14:30:00', 5, 55, 41),
(62940, 334, '2015-09-24 14:30:00', 5, 55, 41),
(62941, 334, '2015-09-10 16:10:00', 6, 55, 41),
(62942, 334, '2015-09-17 16:10:00', 6, 55, 41),
(62943, 334, '2015-09-24 16:10:00', 6, 55, 41),
(62944, 333, '2015-09-11 12:50:00', 4, 55, 51),
(62945, 333, '2015-09-18 12:50:00', 4, 55, 51),
(62946, 333, '2015-09-25 12:50:00', 4, 55, 51),
(62947, 333, '2015-09-11 14:30:00', 5, 55, 51),
(62948, 333, '2015-09-18 14:30:00', 5, 55, 51),
(62949, 333, '2015-09-25 14:30:00', 5, 55, 51),
(62950, 333, '2015-09-28 12:50:00', 4, 55, 51),
(62951, 333, '2015-10-05 12:50:00', 4, 55, 51),
(62952, 333, '2015-10-12 12:50:00', 4, 55, 51),
(62953, 333, '2015-09-28 14:30:00', 5, 55, 51),
(62954, 333, '2015-10-05 14:30:00', 5, 55, 51),
(62955, 333, '2015-10-12 14:30:00', 5, 55, 51),
(62956, 334, '2015-09-29 14:30:00', 5, 55, 41),
(62957, 334, '2015-10-06 14:30:00', 5, 55, 41),
(62958, 334, '2015-10-13 14:30:00', 5, 55, 41),
(62959, 334, '2015-09-29 16:10:00', 6, 55, 41),
(62960, 334, '2015-10-06 16:10:00', 6, 55, 41),
(62961, 334, '2015-10-13 16:10:00', 6, 55, 41),
(62962, 333, '2015-09-30 12:50:00', 4, 55, 51),
(62963, 333, '2015-10-07 12:50:00', 4, 55, 51),
(62964, 333, '2015-10-14 12:50:00', 4, 55, 51),
(62965, 333, '2015-09-30 14:30:00', 5, 55, 51),
(62966, 333, '2015-10-07 14:30:00', 5, 55, 51),
(62967, 333, '2015-10-14 14:30:00', 5, 55, 51),
(62968, 334, '2015-10-01 14:30:00', 5, 55, 41),
(62969, 334, '2015-10-08 14:30:00', 5, 55, 41),
(62970, 334, '2015-10-15 14:30:00', 5, 55, 41),
(62971, 334, '2015-10-01 16:10:00', 6, 55, 41),
(62972, 334, '2015-10-08 16:10:00', 6, 55, 41),
(62973, 334, '2015-10-15 16:10:00', 6, 55, 41),
(62974, 334, '2015-10-02 14:30:00', 5, 55, 41),
(62975, 334, '2015-10-09 14:30:00', 5, 55, 41),
(62976, 334, '2015-10-16 14:30:00', 5, 55, 41),
(62977, 334, '2015-10-02 16:10:00', 6, 55, 41),
(62978, 334, '2015-10-09 16:10:00', 6, 55, 41),
(62979, 334, '2015-10-16 16:10:00', 6, 55, 41),
(62980, 335, '2015-11-09 12:50:00', 4, 55, 48),
(62981, 335, '2015-11-16 12:50:00', 4, 55, 48),
(62982, 335, '2015-11-23 12:50:00', 4, 55, 48),
(62983, 332, '2015-11-09 14:30:00', 5, 50, 40),
(62984, 332, '2015-11-16 14:30:00', 5, 50, 40),
(62985, 332, '2015-11-23 14:30:00', 5, 50, 40),
(62986, 332, '2015-11-09 16:10:00', 6, 50, 40),
(62987, 332, '2015-11-16 16:10:00', 6, 50, 40),
(62988, 332, '2015-11-23 16:10:00', 6, 50, 40),
(62989, 335, '2015-11-10 12:50:00', 4, 55, 48),
(62990, 335, '2015-11-17 12:50:00', 4, 55, 48),
(62991, 335, '2015-11-24 12:50:00', 4, 55, 48),
(62992, 331, '2015-11-10 14:30:00', 5, 55, NULL),
(62993, 331, '2015-11-17 14:30:00', 5, 55, NULL),
(62994, 331, '2015-11-24 14:30:00', 5, 55, NULL),
(62995, 331, '2015-11-10 16:10:00', 6, 55, NULL),
(62996, 331, '2015-11-17 16:10:00', 6, 55, NULL),
(62997, 331, '2015-11-24 16:10:00', 6, 55, NULL),
(62998, 335, '2015-11-11 12:50:00', 4, 55, 48),
(62999, 335, '2015-11-18 12:50:00', 4, 55, 48),
(63000, 335, '2015-11-25 12:50:00', 4, 55, 48),
(63001, 332, '2015-11-11 14:30:00', 5, 50, 40),
(63002, 332, '2015-11-18 14:30:00', 5, 50, 40),
(63003, 332, '2015-11-25 14:30:00', 5, 50, 40),
(63004, 332, '2015-11-11 16:10:00', 6, 50, 40),
(63005, 332, '2015-11-18 16:10:00', 6, 50, 40),
(63006, 332, '2015-11-25 16:10:00', 6, 50, 40),
(63007, 335, '2015-11-12 12:50:00', 4, 55, 48),
(63008, 335, '2015-11-19 12:50:00', 4, 55, 48),
(63009, 335, '2015-11-26 12:50:00', 4, 55, 48),
(63010, 331, '2015-11-12 14:30:00', 5, 55, NULL),
(63011, 331, '2015-11-19 14:30:00', 5, 55, NULL),
(63012, 331, '2015-11-26 14:30:00', 5, 55, NULL),
(63013, 331, '2015-11-12 16:10:00', 6, 55, NULL),
(63014, 331, '2015-11-19 16:10:00', 6, 55, NULL),
(63015, 331, '2015-11-26 16:10:00', 6, 55, NULL),
(63016, 335, '2015-11-13 12:50:00', 4, 55, 48),
(63017, 335, '2015-11-20 12:50:00', 4, 55, 48),
(63018, 335, '2015-11-27 12:50:00', 4, 55, 48),
(63019, 332, '2015-11-13 14:30:00', 5, 50, 40),
(63020, 332, '2015-11-20 14:30:00', 5, 50, 40),
(63021, 332, '2015-11-27 14:30:00', 5, 50, 40),
(63022, 332, '2015-11-13 16:10:00', 6, 50, 40),
(63023, 332, '2015-11-20 16:10:00', 6, 50, 40),
(63024, 332, '2015-11-27 16:10:00', 6, 50, 40),
(63025, 335, '2015-11-30 12:50:00', 4, 55, 48),
(63026, 335, '2015-12-07 12:50:00', 4, 55, 48),
(63027, 335, '2015-12-14 12:50:00', 4, 55, 48),
(63028, 332, '2015-11-30 14:30:00', 5, 50, 40),
(63029, 332, '2015-12-07 14:30:00', 5, 50, 40),
(63030, 332, '2015-12-14 14:30:00', 5, 50, 40),
(63031, 332, '2015-11-30 16:10:00', 6, 50, 40),
(63032, 332, '2015-12-07 16:10:00', 6, 50, 40),
(63033, 332, '2015-12-14 16:10:00', 6, 50, 40),
(63034, 335, '2015-12-01 12:50:00', 4, 55, 48),
(63035, 335, '2015-12-08 12:50:00', 4, 55, 48),
(63036, 335, '2015-12-15 12:50:00', 4, 55, 48),
(63037, 331, '2015-12-01 14:30:00', 5, 55, NULL),
(63038, 331, '2015-12-08 14:30:00', 5, 55, NULL),
(63039, 331, '2015-12-15 14:30:00', 5, 55, NULL),
(63040, 331, '2015-12-01 16:10:00', 6, 55, NULL),
(63041, 331, '2015-12-08 16:10:00', 6, 55, NULL),
(63042, 331, '2015-12-15 16:10:00', 6, 55, NULL),
(63043, 335, '2015-12-02 12:50:00', 4, 55, 48),
(63044, 335, '2015-12-09 12:50:00', 4, 55, 48),
(63045, 335, '2015-12-16 12:50:00', 4, 55, 48),
(63046, 332, '2015-12-02 14:30:00', 5, 50, 40),
(63047, 332, '2015-12-09 14:30:00', 5, 50, 40),
(63048, 332, '2015-12-16 14:30:00', 5, 50, 40),
(63049, 332, '2015-12-02 16:10:00', 6, 50, 40),
(63050, 332, '2015-12-09 16:10:00', 6, 50, 40),
(63051, 332, '2015-12-16 16:10:00', 6, 50, 40),
(63052, 335, '2015-12-03 12:50:00', 4, 55, 48),
(63053, 335, '2015-12-10 12:50:00', 4, 55, 48),
(63054, 335, '2015-12-17 12:50:00', 4, 55, 48),
(63055, 331, '2015-12-03 14:30:00', 5, 55, NULL),
(63056, 331, '2015-12-10 14:30:00', 5, 55, NULL),
(63057, 331, '2015-12-17 14:30:00', 5, 55, NULL),
(63058, 331, '2015-12-03 16:10:00', 6, 55, NULL),
(63059, 331, '2015-12-10 16:10:00', 6, 55, NULL),
(63060, 331, '2015-12-17 16:10:00', 6, 55, NULL),
(63061, 335, '2015-12-04 12:50:00', 4, 55, 48),
(63062, 335, '2015-12-11 12:50:00', 4, 55, 48),
(63063, 335, '2015-12-18 12:50:00', 4, 55, 48),
(63064, 331, '2015-12-04 14:30:00', 5, 55, NULL),
(63065, 331, '2015-12-11 14:30:00', 5, 55, NULL),
(63066, 331, '2015-12-18 14:30:00', 5, 55, NULL),
(63067, 331, '2015-12-04 16:10:00', 6, 55, NULL),
(63068, 331, '2015-12-11 16:10:00', 6, 55, NULL),
(63069, 331, '2015-12-18 16:10:00', 6, 55, NULL),
(63070, 340, '2015-09-07 07:30:00', 1, 53, 63),
(63071, 340, '2015-09-14 07:30:00', 1, 53, 63),
(63072, 340, '2015-09-21 07:30:00', 1, 53, 63),
(63073, 339, '2015-09-07 09:10:00', 2, 53, 52),
(63074, 339, '2015-09-14 09:10:00', 2, 53, 52),
(63075, 339, '2015-09-21 09:10:00', 2, 53, 52),
(63076, 339, '2015-09-07 10:50:00', 3, 53, 52),
(63077, 339, '2015-09-14 10:50:00', 3, 53, 52),
(63078, 339, '2015-09-21 10:50:00', 3, 53, 52),
(63079, 340, '2015-09-08 07:30:00', 1, 53, 63),
(63080, 340, '2015-09-15 07:30:00', 1, 53, 63),
(63081, 340, '2015-09-22 07:30:00', 1, 53, 63),
(63082, 337, '2015-09-08 09:10:00', 2, 50, 58),
(63083, 337, '2015-09-15 09:10:00', 2, 50, 58),
(63084, 337, '2015-09-22 09:10:00', 2, 50, 58),
(63085, 337, '2015-09-08 10:50:00', 3, 50, 58),
(63086, 337, '2015-09-15 10:50:00', 3, 50, 58),
(63087, 337, '2015-09-22 10:50:00', 3, 50, 58),
(63088, 340, '2015-09-09 07:30:00', 1, 53, 63),
(63089, 340, '2015-09-16 07:30:00', 1, 53, 63),
(63090, 340, '2015-09-23 07:30:00', 1, 53, 63),
(63091, 339, '2015-09-09 09:10:00', 2, 53, 52),
(63092, 339, '2015-09-16 09:10:00', 2, 53, 52),
(63093, 339, '2015-09-23 09:10:00', 2, 53, 52),
(63094, 339, '2015-09-09 10:50:00', 3, 53, 52),
(63095, 339, '2015-09-16 10:50:00', 3, 53, 52),
(63096, 339, '2015-09-23 10:50:00', 3, 53, 52),
(63097, 340, '2015-09-10 07:30:00', 1, 53, 63),
(63098, 340, '2015-09-17 07:30:00', 1, 53, 63),
(63099, 340, '2015-09-24 07:30:00', 1, 53, 63),
(63100, 337, '2015-09-10 09:10:00', 2, 50, 58),
(63101, 337, '2015-09-17 09:10:00', 2, 50, 58),
(63102, 337, '2015-09-24 09:10:00', 2, 50, 58),
(63103, 337, '2015-09-10 10:50:00', 3, 50, 58),
(63104, 337, '2015-09-17 10:50:00', 3, 50, 58),
(63105, 337, '2015-09-24 10:50:00', 3, 50, 58),
(63106, 340, '2015-09-11 07:30:00', 1, 53, 63),
(63107, 340, '2015-09-18 07:30:00', 1, 53, 63),
(63108, 340, '2015-09-25 07:30:00', 1, 53, 63),
(63109, 339, '2015-09-11 09:10:00', 2, 53, 52),
(63110, 339, '2015-09-18 09:10:00', 2, 53, 52),
(63111, 339, '2015-09-25 09:10:00', 2, 53, 52),
(63112, 339, '2015-09-11 10:50:00', 3, 53, 52),
(63113, 339, '2015-09-18 10:50:00', 3, 53, 52),
(63114, 339, '2015-09-25 10:50:00', 3, 53, 52),
(63115, 340, '2015-09-28 07:30:00', 1, 53, 63),
(63116, 340, '2015-10-05 07:30:00', 1, 53, 63),
(63117, 340, '2015-10-12 07:30:00', 1, 53, 63),
(63118, 339, '2015-09-28 09:10:00', 2, 53, 52),
(63119, 339, '2015-10-05 09:10:00', 2, 53, 52),
(63120, 339, '2015-10-12 09:10:00', 2, 53, 52),
(63121, 339, '2015-09-28 10:50:00', 3, 53, 52),
(63122, 339, '2015-10-05 10:50:00', 3, 53, 52),
(63123, 339, '2015-10-12 10:50:00', 3, 53, 52),
(63124, 340, '2015-09-29 07:30:00', 1, 53, 63),
(63125, 340, '2015-10-06 07:30:00', 1, 53, 63),
(63126, 340, '2015-10-13 07:30:00', 1, 53, 63),
(63127, 337, '2015-09-29 09:10:00', 2, 50, 58),
(63128, 337, '2015-10-06 09:10:00', 2, 50, 58),
(63129, 337, '2015-10-13 09:10:00', 2, 50, 58),
(63130, 337, '2015-09-29 10:50:00', 3, 50, 58),
(63131, 337, '2015-10-06 10:50:00', 3, 50, 58),
(63132, 337, '2015-10-13 10:50:00', 3, 50, 58),
(63133, 340, '2015-09-30 07:30:00', 1, 53, 63),
(63134, 340, '2015-10-07 07:30:00', 1, 53, 63),
(63135, 340, '2015-10-14 07:30:00', 1, 53, 63),
(63136, 339, '2015-09-30 09:10:00', 2, 53, 52),
(63137, 339, '2015-10-07 09:10:00', 2, 53, 52),
(63138, 339, '2015-10-14 09:10:00', 2, 53, 52),
(63139, 339, '2015-09-30 10:50:00', 3, 53, 52),
(63140, 339, '2015-10-07 10:50:00', 3, 53, 52),
(63141, 339, '2015-10-14 10:50:00', 3, 53, 52),
(63142, 340, '2015-10-01 07:30:00', 1, 53, 63),
(63143, 340, '2015-10-08 07:30:00', 1, 53, 63),
(63144, 340, '2015-10-15 07:30:00', 1, 53, 63),
(63145, 337, '2015-10-01 09:10:00', 2, 50, 58),
(63146, 337, '2015-10-08 09:10:00', 2, 50, 58),
(63147, 337, '2015-10-15 09:10:00', 2, 50, 58),
(63148, 337, '2015-10-01 10:50:00', 3, 50, 58),
(63149, 337, '2015-10-08 10:50:00', 3, 50, 58),
(63150, 337, '2015-10-15 10:50:00', 3, 50, 58),
(63151, 340, '2015-10-02 07:30:00', 1, 53, 63),
(63152, 340, '2015-10-09 07:30:00', 1, 53, 63),
(63153, 340, '2015-10-16 07:30:00', 1, 53, 63),
(63154, 337, '2015-10-02 09:10:00', 2, 50, 58),
(63155, 337, '2015-10-09 09:10:00', 2, 50, 58),
(63156, 337, '2015-10-16 09:10:00', 2, 50, 58),
(63157, 337, '2015-10-02 10:50:00', 3, 50, 58),
(63158, 337, '2015-10-09 10:50:00', 3, 50, 58),
(63159, 337, '2015-10-16 10:50:00', 3, 50, 58),
(63160, 336, '2015-11-09 07:30:00', 1, 53, 41),
(63161, 336, '2015-11-16 07:30:00', 1, 53, 41),
(63162, 336, '2015-11-23 07:30:00', 1, 53, 41),
(63163, 336, '2015-11-09 09:10:00', 2, 53, 41),
(63164, 336, '2015-11-16 09:10:00', 2, 53, 41),
(63165, 336, '2015-11-23 09:10:00', 2, 53, 41),
(63166, 338, '2015-11-10 09:10:00', 2, 53, 65),
(63167, 338, '2015-11-17 09:10:00', 2, 53, 65),
(63168, 338, '2015-11-24 09:10:00', 2, 53, 65),
(63169, 338, '2015-11-10 10:50:00', 3, 53, 65),
(63170, 338, '2015-11-17 10:50:00', 3, 53, 65),
(63171, 338, '2015-11-24 10:50:00', 3, 53, 65),
(63172, 336, '2015-11-11 07:30:00', 1, 53, 41),
(63173, 336, '2015-11-18 07:30:00', 1, 53, 41),
(63174, 336, '2015-11-25 07:30:00', 1, 53, 41),
(63175, 336, '2015-11-11 09:10:00', 2, 53, 41),
(63176, 336, '2015-11-18 09:10:00', 2, 53, 41),
(63177, 336, '2015-11-25 09:10:00', 2, 53, 41),
(63178, 338, '2015-11-12 09:10:00', 2, 53, 65),
(63179, 338, '2015-11-19 09:10:00', 2, 53, 65),
(63180, 338, '2015-11-26 09:10:00', 2, 53, 65),
(63181, 338, '2015-11-12 10:50:00', 3, 53, 65),
(63182, 338, '2015-11-19 10:50:00', 3, 53, 65),
(63183, 338, '2015-11-26 10:50:00', 3, 53, 65),
(63184, 336, '2015-11-13 07:30:00', 1, 53, 41),
(63185, 336, '2015-11-20 07:30:00', 1, 53, 41),
(63186, 336, '2015-11-27 07:30:00', 1, 53, 41),
(63187, 336, '2015-11-13 09:10:00', 2, 53, 41),
(63188, 336, '2015-11-20 09:10:00', 2, 53, 41),
(63189, 336, '2015-11-27 09:10:00', 2, 53, 41),
(63190, 336, '2015-11-30 07:30:00', 1, 53, 41),
(63191, 336, '2015-12-07 07:30:00', 1, 53, 41),
(63192, 336, '2015-12-14 07:30:00', 1, 53, 41),
(63193, 336, '2015-11-30 09:10:00', 2, 53, 41),
(63194, 336, '2015-12-07 09:10:00', 2, 53, 41),
(63195, 336, '2015-12-14 09:10:00', 2, 53, 41),
(63196, 338, '2015-12-01 09:10:00', 2, 53, 65),
(63197, 338, '2015-12-08 09:10:00', 2, 53, 65),
(63198, 338, '2015-12-15 09:10:00', 2, 53, 65),
(63199, 338, '2015-12-01 10:50:00', 3, 53, 65),
(63200, 338, '2015-12-08 10:50:00', 3, 53, 65),
(63201, 338, '2015-12-15 10:50:00', 3, 53, 65),
(63202, 336, '2015-12-02 07:30:00', 1, 53, 41),
(63203, 336, '2015-12-09 07:30:00', 1, 53, 41),
(63204, 336, '2015-12-16 07:30:00', 1, 53, 41),
(63205, 336, '2015-12-02 09:10:00', 2, 53, 41),
(63206, 336, '2015-12-09 09:10:00', 2, 53, 41),
(63207, 336, '2015-12-16 09:10:00', 2, 53, 41),
(63208, 338, '2015-12-03 09:10:00', 2, 53, 65),
(63209, 338, '2015-12-10 09:10:00', 2, 53, 65),
(63210, 338, '2015-12-17 09:10:00', 2, 53, 65),
(63211, 338, '2015-12-03 10:50:00', 3, 53, 65),
(63212, 338, '2015-12-10 10:50:00', 3, 53, 65),
(63213, 338, '2015-12-17 10:50:00', 3, 53, 65),
(63214, 338, '2015-12-04 09:10:00', 2, 53, 65),
(63215, 338, '2015-12-11 09:10:00', 2, 53, 65),
(63216, 338, '2015-12-18 09:10:00', 2, 53, 65),
(63217, 338, '2015-12-04 10:50:00', 3, 53, 65),
(63218, 338, '2015-12-11 10:50:00', 3, 53, 65),
(63219, 338, '2015-12-18 10:50:00', 3, 53, 65),
(63220, 342, '2015-09-07 12:50:00', 4, 50, 40),
(63221, 342, '2015-09-14 12:50:00', 4, 50, 40),
(63222, 342, '2015-09-21 12:50:00', 4, 50, 40),
(63223, 342, '2015-09-07 14:30:00', 5, 50, 40),
(63224, 342, '2015-09-14 14:30:00', 5, 50, 40),
(63225, 342, '2015-09-21 14:30:00', 5, 50, 40),
(63226, 345, '2015-09-07 16:10:00', 6, 56, 63),
(63227, 345, '2015-09-14 16:10:00', 6, 56, 63),
(63228, 345, '2015-09-21 16:10:00', 6, 56, 63),
(63229, 343, '2015-09-08 12:50:00', 4, 56, 70),
(63230, 343, '2015-09-15 12:50:00', 4, 56, 70),
(63231, 343, '2015-09-22 12:50:00', 4, 56, 70),
(63232, 343, '2015-09-08 14:30:00', 5, 56, 70),
(63233, 343, '2015-09-15 14:30:00', 5, 56, 70),
(63234, 343, '2015-09-22 14:30:00', 5, 56, 70),
(63235, 345, '2015-09-08 16:10:00', 6, 56, 63),
(63236, 345, '2015-09-15 16:10:00', 6, 56, 63),
(63237, 345, '2015-09-22 16:10:00', 6, 56, 63),
(63238, 342, '2015-09-09 12:50:00', 4, 50, 40),
(63239, 342, '2015-09-16 12:50:00', 4, 50, 40),
(63240, 342, '2015-09-23 12:50:00', 4, 50, 40),
(63241, 342, '2015-09-09 14:30:00', 5, 50, 40),
(63242, 342, '2015-09-16 14:30:00', 5, 50, 40),
(63243, 342, '2015-09-23 14:30:00', 5, 50, 40),
(63244, 345, '2015-09-09 16:10:00', 6, 56, 63),
(63245, 345, '2015-09-16 16:10:00', 6, 56, 63),
(63246, 345, '2015-09-23 16:10:00', 6, 56, 63),
(63247, 343, '2015-09-10 12:50:00', 4, 56, 70),
(63248, 343, '2015-09-17 12:50:00', 4, 56, 70),
(63249, 343, '2015-09-24 12:50:00', 4, 56, 70),
(63250, 343, '2015-09-10 14:30:00', 5, 56, 70),
(63251, 343, '2015-09-17 14:30:00', 5, 56, 70),
(63252, 343, '2015-09-24 14:30:00', 5, 56, 70),
(63253, 345, '2015-09-10 16:10:00', 6, 56, 63),
(63254, 345, '2015-09-17 16:10:00', 6, 56, 63),
(63255, 345, '2015-09-24 16:10:00', 6, 56, 63),
(63256, 342, '2015-09-11 12:50:00', 4, 50, 40),
(63257, 342, '2015-09-18 12:50:00', 4, 50, 40),
(63258, 342, '2015-09-25 12:50:00', 4, 50, 40),
(63259, 342, '2015-09-11 14:30:00', 5, 50, 40),
(63260, 342, '2015-09-18 14:30:00', 5, 50, 40),
(63261, 342, '2015-09-25 14:30:00', 5, 50, 40),
(63262, 345, '2015-09-11 16:10:00', 6, 56, 63),
(63263, 345, '2015-09-18 16:10:00', 6, 56, 63),
(63264, 345, '2015-09-25 16:10:00', 6, 56, 63),
(63265, 342, '2015-09-28 12:50:00', 4, 50, 40),
(63266, 342, '2015-10-05 12:50:00', 4, 50, 40),
(63267, 342, '2015-10-12 12:50:00', 4, 50, 40),
(63268, 342, '2015-09-28 14:30:00', 5, 50, 40),
(63269, 342, '2015-10-05 14:30:00', 5, 50, 40),
(63270, 342, '2015-10-12 14:30:00', 5, 50, 40),
(63271, 345, '2015-09-28 16:10:00', 6, 56, 63),
(63272, 345, '2015-10-05 16:10:00', 6, 56, 63),
(63273, 345, '2015-10-12 16:10:00', 6, 56, 63),
(63274, 343, '2015-09-29 12:50:00', 4, 56, 70),
(63275, 343, '2015-10-06 12:50:00', 4, 56, 70),
(63276, 343, '2015-10-13 12:50:00', 4, 56, 70),
(63277, 343, '2015-09-29 14:30:00', 5, 56, 70),
(63278, 343, '2015-10-06 14:30:00', 5, 56, 70),
(63279, 343, '2015-10-13 14:30:00', 5, 56, 70),
(63280, 345, '2015-09-29 16:10:00', 6, 56, 63),
(63281, 345, '2015-10-06 16:10:00', 6, 56, 63),
(63282, 345, '2015-10-13 16:10:00', 6, 56, 63),
(63283, 342, '2015-09-30 12:50:00', 4, 50, 40),
(63284, 342, '2015-10-07 12:50:00', 4, 50, 40),
(63285, 342, '2015-10-14 12:50:00', 4, 50, 40),
(63286, 342, '2015-09-30 14:30:00', 5, 50, 40),
(63287, 342, '2015-10-07 14:30:00', 5, 50, 40),
(63288, 342, '2015-10-14 14:30:00', 5, 50, 40),
(63289, 345, '2015-09-30 16:10:00', 6, 56, 63),
(63290, 345, '2015-10-07 16:10:00', 6, 56, 63),
(63291, 345, '2015-10-14 16:10:00', 6, 56, 63),
(63292, 343, '2015-10-01 12:50:00', 4, 56, 70),
(63293, 343, '2015-10-08 12:50:00', 4, 56, 70),
(63294, 343, '2015-10-15 12:50:00', 4, 56, 70),
(63295, 343, '2015-10-01 14:30:00', 5, 56, 70),
(63296, 343, '2015-10-08 14:30:00', 5, 56, 70),
(63297, 343, '2015-10-15 14:30:00', 5, 56, 70),
(63298, 345, '2015-10-01 16:10:00', 6, 56, 63),
(63299, 345, '2015-10-08 16:10:00', 6, 56, 63),
(63300, 345, '2015-10-15 16:10:00', 6, 56, 63),
(63301, 343, '2015-10-02 12:50:00', 4, 56, 70),
(63302, 343, '2015-10-09 12:50:00', 4, 56, 70),
(63303, 343, '2015-10-16 12:50:00', 4, 56, 70),
(63304, 343, '2015-10-02 14:30:00', 5, 56, 70),
(63305, 343, '2015-10-09 14:30:00', 5, 56, 70),
(63306, 343, '2015-10-16 14:30:00', 5, 56, 70),
(63307, 345, '2015-10-02 16:10:00', 6, 56, 63),
(63308, 345, '2015-10-09 16:10:00', 6, 56, 63),
(63309, 345, '2015-10-16 16:10:00', 6, 56, 63),
(63310, 341, '2015-11-09 12:50:00', 4, 56, NULL),
(63311, 341, '2015-11-16 12:50:00', 4, 56, NULL),
(63312, 341, '2015-11-23 12:50:00', 4, 56, NULL),
(63313, 341, '2015-11-09 14:30:00', 5, 56, NULL),
(63314, 341, '2015-11-16 14:30:00', 5, 56, NULL),
(63315, 341, '2015-11-23 14:30:00', 5, 56, NULL),
(63316, 344, '2015-11-10 12:50:00', 4, 56, 52),
(63317, 344, '2015-11-17 12:50:00', 4, 56, 52),
(63318, 344, '2015-11-24 12:50:00', 4, 56, 52),
(63319, 344, '2015-11-10 14:30:00', 5, 56, 52),
(63320, 344, '2015-11-17 14:30:00', 5, 56, 52),
(63321, 344, '2015-11-24 14:30:00', 5, 56, 52),
(63322, 341, '2015-11-11 12:50:00', 4, 56, NULL),
(63323, 341, '2015-11-18 12:50:00', 4, 56, NULL),
(63324, 341, '2015-11-25 12:50:00', 4, 56, NULL),
(63325, 341, '2015-11-11 14:30:00', 5, 56, NULL),
(63326, 341, '2015-11-18 14:30:00', 5, 56, NULL),
(63327, 341, '2015-11-25 14:30:00', 5, 56, NULL),
(63328, 344, '2015-11-12 12:50:00', 4, 56, 52),
(63329, 344, '2015-11-19 12:50:00', 4, 56, 52),
(63330, 344, '2015-11-26 12:50:00', 4, 56, 52),
(63331, 344, '2015-11-12 14:30:00', 5, 56, 52),
(63332, 344, '2015-11-19 14:30:00', 5, 56, 52),
(63333, 344, '2015-11-26 14:30:00', 5, 56, 52),
(63334, 341, '2015-11-13 12:50:00', 4, 56, NULL),
(63335, 341, '2015-11-20 12:50:00', 4, 56, NULL),
(63336, 341, '2015-11-27 12:50:00', 4, 56, NULL),
(63337, 341, '2015-11-13 14:30:00', 5, 56, NULL),
(63338, 341, '2015-11-20 14:30:00', 5, 56, NULL),
(63339, 341, '2015-11-27 14:30:00', 5, 56, NULL),
(63340, 341, '2015-11-30 12:50:00', 4, 56, NULL),
(63341, 341, '2015-12-07 12:50:00', 4, 56, NULL),
(63342, 341, '2015-12-14 12:50:00', 4, 56, NULL),
(63343, 341, '2015-11-30 14:30:00', 5, 56, NULL),
(63344, 341, '2015-12-07 14:30:00', 5, 56, NULL),
(63345, 341, '2015-12-14 14:30:00', 5, 56, NULL),
(63346, 344, '2015-12-01 12:50:00', 4, 56, 52),
(63347, 344, '2015-12-08 12:50:00', 4, 56, 52),
(63348, 344, '2015-12-15 12:50:00', 4, 56, 52),
(63349, 344, '2015-12-01 14:30:00', 5, 56, 52),
(63350, 344, '2015-12-08 14:30:00', 5, 56, 52),
(63351, 344, '2015-12-15 14:30:00', 5, 56, 52),
(63352, 341, '2015-12-02 12:50:00', 4, 56, NULL),
(63353, 341, '2015-12-09 12:50:00', 4, 56, NULL),
(63354, 341, '2015-12-16 12:50:00', 4, 56, NULL),
(63355, 341, '2015-12-02 14:30:00', 5, 56, NULL),
(63356, 341, '2015-12-09 14:30:00', 5, 56, NULL),
(63357, 341, '2015-12-16 14:30:00', 5, 56, NULL),
(63358, 344, '2015-12-03 12:50:00', 4, 56, 52),
(63359, 344, '2015-12-10 12:50:00', 4, 56, 52),
(63360, 344, '2015-12-17 12:50:00', 4, 56, 52),
(63361, 344, '2015-12-03 14:30:00', 5, 56, 52),
(63362, 344, '2015-12-10 14:30:00', 5, 56, 52),
(63363, 344, '2015-12-17 14:30:00', 5, 56, 52),
(63364, 344, '2015-12-04 12:50:00', 4, 56, 52),
(63365, 344, '2015-12-11 12:50:00', 4, 56, 52),
(63366, 344, '2015-12-18 12:50:00', 4, 56, 52),
(63367, 344, '2015-12-04 14:30:00', 5, 56, 52),
(63368, 344, '2015-12-11 14:30:00', 5, 56, 52),
(63369, 344, '2015-12-18 14:30:00', 5, 56, 52),
(63370, 347, '2015-09-07 09:10:00', 2, 50, 40),
(63371, 347, '2015-09-14 09:10:00', 2, 50, 40),
(63372, 347, '2015-09-21 09:10:00', 2, 50, 40),
(63373, 347, '2015-09-07 10:50:00', 3, 50, 40),
(63374, 347, '2015-09-14 10:50:00', 3, 50, 40),
(63375, 347, '2015-09-21 10:50:00', 3, 50, 40),
(63376, 348, '2015-09-08 07:30:00', 1, 54, 65),
(63377, 348, '2015-09-15 07:30:00', 1, 54, 65),
(63378, 348, '2015-09-22 07:30:00', 1, 54, 65),
(63379, 348, '2015-09-08 09:10:00', 2, 54, 65),
(63380, 348, '2015-09-15 09:10:00', 2, 54, 65),
(63381, 348, '2015-09-22 09:10:00', 2, 54, 65),
(63382, 347, '2015-09-09 09:10:00', 2, 50, 40),
(63383, 347, '2015-09-16 09:10:00', 2, 50, 40),
(63384, 347, '2015-09-23 09:10:00', 2, 50, 40),
(63385, 347, '2015-09-09 10:50:00', 3, 50, 40),
(63386, 347, '2015-09-16 10:50:00', 3, 50, 40),
(63387, 347, '2015-09-23 10:50:00', 3, 50, 40),
(63388, 348, '2015-09-10 07:30:00', 1, 54, 65),
(63389, 348, '2015-09-17 07:30:00', 1, 54, 65),
(63390, 348, '2015-09-24 07:30:00', 1, 54, 65),
(63391, 348, '2015-09-10 09:10:00', 2, 54, 65),
(63392, 348, '2015-09-17 09:10:00', 2, 54, 65),
(63393, 348, '2015-09-24 09:10:00', 2, 54, 65),
(63394, 347, '2015-09-11 09:10:00', 2, 50, 40),
(63395, 347, '2015-09-18 09:10:00', 2, 50, 40),
(63396, 347, '2015-09-25 09:10:00', 2, 50, 40),
(63397, 347, '2015-09-11 10:50:00', 3, 50, 40),
(63398, 347, '2015-09-18 10:50:00', 3, 50, 40),
(63399, 347, '2015-09-25 10:50:00', 3, 50, 40),
(63400, 347, '2015-09-28 09:10:00', 2, 50, 40),
(63401, 347, '2015-10-05 09:10:00', 2, 50, 40),
(63402, 347, '2015-10-12 09:10:00', 2, 50, 40),
(63403, 347, '2015-09-28 10:50:00', 3, 50, 40),
(63404, 347, '2015-10-05 10:50:00', 3, 50, 40),
(63405, 347, '2015-10-12 10:50:00', 3, 50, 40),
(63406, 348, '2015-09-29 07:30:00', 1, 54, 65),
(63407, 348, '2015-10-06 07:30:00', 1, 54, 65),
(63408, 348, '2015-10-13 07:30:00', 1, 54, 65),
(63409, 348, '2015-09-29 09:10:00', 2, 54, 65),
(63410, 348, '2015-10-06 09:10:00', 2, 54, 65),
(63411, 348, '2015-10-13 09:10:00', 2, 54, 65),
(63412, 347, '2015-09-30 09:10:00', 2, 50, 40),
(63413, 347, '2015-10-07 09:10:00', 2, 50, 40),
(63414, 347, '2015-10-14 09:10:00', 2, 50, 40),
(63415, 347, '2015-09-30 10:50:00', 3, 50, 40),
(63416, 347, '2015-10-07 10:50:00', 3, 50, 40),
(63417, 347, '2015-10-14 10:50:00', 3, 50, 40),
(63418, 348, '2015-10-01 07:30:00', 1, 54, 65),
(63419, 348, '2015-10-08 07:30:00', 1, 54, 65),
(63420, 348, '2015-10-15 07:30:00', 1, 54, 65),
(63421, 348, '2015-10-01 09:10:00', 2, 54, 65),
(63422, 348, '2015-10-08 09:10:00', 2, 54, 65),
(63423, 348, '2015-10-15 09:10:00', 2, 54, 65),
(63424, 348, '2015-10-02 07:30:00', 1, 54, 65),
(63425, 348, '2015-10-09 07:30:00', 1, 54, 65),
(63426, 348, '2015-10-16 07:30:00', 1, 54, 65),
(63427, 348, '2015-10-02 09:10:00', 2, 54, 65),
(63428, 348, '2015-10-09 09:10:00', 2, 54, 65),
(63429, 348, '2015-10-16 09:10:00', 2, 54, 65),
(63430, 350, '2015-11-09 07:30:00', 1, 54, 48),
(63431, 350, '2015-11-16 07:30:00', 1, 54, 48),
(63432, 350, '2015-11-23 07:30:00', 1, 54, 48),
(63433, 349, '2015-11-09 09:10:00', 2, 54, 52),
(63434, 349, '2015-11-16 09:10:00', 2, 54, 52),
(63435, 349, '2015-11-23 09:10:00', 2, 54, 52),
(63436, 349, '2015-11-09 10:50:00', 3, 54, 52),
(63437, 349, '2015-11-16 10:50:00', 3, 54, 52),
(63438, 349, '2015-11-23 10:50:00', 3, 54, 52),
(63439, 350, '2015-11-10 07:30:00', 1, 54, 48),
(63440, 350, '2015-11-17 07:30:00', 1, 54, 48),
(63441, 350, '2015-11-24 07:30:00', 1, 54, 48),
(63442, 346, '2015-11-10 09:10:00', 2, 54, NULL),
(63443, 346, '2015-11-17 09:10:00', 2, 54, NULL),
(63444, 346, '2015-11-24 09:10:00', 2, 54, NULL),
(63445, 346, '2015-11-10 10:50:00', 3, 54, NULL),
(63446, 346, '2015-11-17 10:50:00', 3, 54, NULL),
(63447, 346, '2015-11-24 10:50:00', 3, 54, NULL),
(63448, 350, '2015-11-11 07:30:00', 1, 54, 48),
(63449, 350, '2015-11-18 07:30:00', 1, 54, 48),
(63450, 350, '2015-11-25 07:30:00', 1, 54, 48),
(63451, 349, '2015-11-11 09:10:00', 2, 54, 52),
(63452, 349, '2015-11-18 09:10:00', 2, 54, 52),
(63453, 349, '2015-11-25 09:10:00', 2, 54, 52),
(63454, 349, '2015-11-11 10:50:00', 3, 54, 52),
(63455, 349, '2015-11-18 10:50:00', 3, 54, 52),
(63456, 349, '2015-11-25 10:50:00', 3, 54, 52),
(63457, 350, '2015-11-12 07:30:00', 1, 54, 48),
(63458, 350, '2015-11-19 07:30:00', 1, 54, 48),
(63459, 350, '2015-11-26 07:30:00', 1, 54, 48),
(63460, 346, '2015-11-12 09:10:00', 2, 54, NULL),
(63461, 346, '2015-11-19 09:10:00', 2, 54, NULL),
(63462, 346, '2015-11-26 09:10:00', 2, 54, NULL),
(63463, 346, '2015-11-12 10:50:00', 3, 54, NULL),
(63464, 346, '2015-11-19 10:50:00', 3, 54, NULL),
(63465, 346, '2015-11-26 10:50:00', 3, 54, NULL),
(63466, 350, '2015-11-13 07:30:00', 1, 54, 48),
(63467, 350, '2015-11-20 07:30:00', 1, 54, 48),
(63468, 350, '2015-11-27 07:30:00', 1, 54, 48),
(63469, 349, '2015-11-13 09:10:00', 2, 54, 52),
(63470, 349, '2015-11-20 09:10:00', 2, 54, 52),
(63471, 349, '2015-11-27 09:10:00', 2, 54, 52),
(63472, 349, '2015-11-13 10:50:00', 3, 54, 52),
(63473, 349, '2015-11-20 10:50:00', 3, 54, 52),
(63474, 349, '2015-11-27 10:50:00', 3, 54, 52),
(63475, 350, '2015-11-30 07:30:00', 1, 54, 48),
(63476, 350, '2015-12-07 07:30:00', 1, 54, 48),
(63477, 350, '2015-12-14 07:30:00', 1, 54, 48),
(63478, 349, '2015-11-30 09:10:00', 2, 54, 52),
(63479, 349, '2015-12-07 09:10:00', 2, 54, 52),
(63480, 349, '2015-12-14 09:10:00', 2, 54, 52),
(63481, 349, '2015-11-30 10:50:00', 3, 54, 52),
(63482, 349, '2015-12-07 10:50:00', 3, 54, 52),
(63483, 349, '2015-12-14 10:50:00', 3, 54, 52),
(63484, 350, '2015-12-01 07:30:00', 1, 54, 48),
(63485, 350, '2015-12-08 07:30:00', 1, 54, 48),
(63486, 350, '2015-12-15 07:30:00', 1, 54, 48),
(63487, 346, '2015-12-01 09:10:00', 2, 54, NULL),
(63488, 346, '2015-12-08 09:10:00', 2, 54, NULL),
(63489, 346, '2015-12-15 09:10:00', 2, 54, NULL),
(63490, 346, '2015-12-01 10:50:00', 3, 54, NULL),
(63491, 346, '2015-12-08 10:50:00', 3, 54, NULL),
(63492, 346, '2015-12-15 10:50:00', 3, 54, NULL),
(63493, 350, '2015-12-02 07:30:00', 1, 54, 48),
(63494, 350, '2015-12-09 07:30:00', 1, 54, 48),
(63495, 350, '2015-12-16 07:30:00', 1, 54, 48),
(63496, 349, '2015-12-02 09:10:00', 2, 54, 52),
(63497, 349, '2015-12-09 09:10:00', 2, 54, 52),
(63498, 349, '2015-12-16 09:10:00', 2, 54, 52),
(63499, 349, '2015-12-02 10:50:00', 3, 54, 52),
(63500, 349, '2015-12-09 10:50:00', 3, 54, 52),
(63501, 349, '2015-12-16 10:50:00', 3, 54, 52),
(63502, 350, '2015-12-03 07:30:00', 1, 54, 48),
(63503, 350, '2015-12-10 07:30:00', 1, 54, 48),
(63504, 350, '2015-12-17 07:30:00', 1, 54, 48),
(63505, 346, '2015-12-03 09:10:00', 2, 54, NULL),
(63506, 346, '2015-12-10 09:10:00', 2, 54, NULL),
(63507, 346, '2015-12-17 09:10:00', 2, 54, NULL),
(63508, 346, '2015-12-03 10:50:00', 3, 54, NULL),
(63509, 346, '2015-12-10 10:50:00', 3, 54, NULL),
(63510, 346, '2015-12-17 10:50:00', 3, 54, NULL),
(63511, 350, '2015-12-04 07:30:00', 1, 54, 48),
(63512, 350, '2015-12-11 07:30:00', 1, 54, 48),
(63513, 350, '2015-12-18 07:30:00', 1, 54, 48),
(63514, 346, '2015-12-04 09:10:00', 2, 54, NULL),
(63515, 346, '2015-12-11 09:10:00', 2, 54, NULL),
(63516, 346, '2015-12-18 09:10:00', 2, 54, NULL),
(63517, 346, '2015-12-04 10:50:00', 3, 54, NULL),
(63518, 346, '2015-12-11 10:50:00', 3, 54, NULL),
(63519, 346, '2015-12-18 10:50:00', 3, 54, NULL),
(63520, 352, '2015-09-07 07:30:00', 1, 55, NULL),
(63521, 352, '2015-09-14 07:30:00', 1, 55, NULL),
(63522, 352, '2015-09-21 07:30:00', 1, 55, NULL),
(63523, 352, '2015-09-07 09:10:00', 2, 55, NULL),
(63524, 352, '2015-09-14 09:10:00', 2, 55, NULL),
(63525, 352, '2015-09-21 09:10:00', 2, 55, NULL),
(63526, 354, '2015-09-08 07:30:00', 1, 55, 52),
(63527, 354, '2015-09-15 07:30:00', 1, 55, 52),
(63528, 354, '2015-09-22 07:30:00', 1, 55, 52),
(63529, 354, '2015-09-08 09:10:00', 2, 55, 52),
(63530, 354, '2015-09-15 09:10:00', 2, 55, 52),
(63531, 354, '2015-09-22 09:10:00', 2, 55, 52),
(63532, 352, '2015-09-09 07:30:00', 1, 55, NULL),
(63533, 352, '2015-09-16 07:30:00', 1, 55, NULL),
(63534, 352, '2015-09-23 07:30:00', 1, 55, NULL),
(63535, 352, '2015-09-09 09:10:00', 2, 55, NULL),
(63536, 352, '2015-09-16 09:10:00', 2, 55, NULL),
(63537, 352, '2015-09-23 09:10:00', 2, 55, NULL),
(63538, 354, '2015-09-10 07:30:00', 1, 55, 52),
(63539, 354, '2015-09-17 07:30:00', 1, 55, 52),
(63540, 354, '2015-09-24 07:30:00', 1, 55, 52),
(63541, 354, '2015-09-10 09:10:00', 2, 55, 52),
(63542, 354, '2015-09-17 09:10:00', 2, 55, 52),
(63543, 354, '2015-09-24 09:10:00', 2, 55, 52),
(63544, 352, '2015-09-11 07:30:00', 1, 55, NULL),
(63545, 352, '2015-09-18 07:30:00', 1, 55, NULL),
(63546, 352, '2015-09-25 07:30:00', 1, 55, NULL),
(63547, 352, '2015-09-11 09:10:00', 2, 55, NULL),
(63548, 352, '2015-09-18 09:10:00', 2, 55, NULL),
(63549, 352, '2015-09-25 09:10:00', 2, 55, NULL),
(63550, 352, '2015-09-28 07:30:00', 1, 55, NULL),
(63551, 352, '2015-10-05 07:30:00', 1, 55, NULL),
(63552, 352, '2015-10-12 07:30:00', 1, 55, NULL),
(63553, 352, '2015-09-28 09:10:00', 2, 55, NULL),
(63554, 352, '2015-10-05 09:10:00', 2, 55, NULL),
(63555, 352, '2015-10-12 09:10:00', 2, 55, NULL),
(63556, 354, '2015-09-29 07:30:00', 1, 55, 52),
(63557, 354, '2015-10-06 07:30:00', 1, 55, 52),
(63558, 354, '2015-10-13 07:30:00', 1, 55, 52),
(63559, 354, '2015-09-29 09:10:00', 2, 55, 52),
(63560, 354, '2015-10-06 09:10:00', 2, 55, 52),
(63561, 354, '2015-10-13 09:10:00', 2, 55, 52),
(63562, 352, '2015-09-30 07:30:00', 1, 55, NULL),
(63563, 352, '2015-10-07 07:30:00', 1, 55, NULL),
(63564, 352, '2015-10-14 07:30:00', 1, 55, NULL),
(63565, 352, '2015-09-30 09:10:00', 2, 55, NULL),
(63566, 352, '2015-10-07 09:10:00', 2, 55, NULL),
(63567, 352, '2015-10-14 09:10:00', 2, 55, NULL),
(63568, 354, '2015-10-01 07:30:00', 1, 55, 52),
(63569, 354, '2015-10-08 07:30:00', 1, 55, 52),
(63570, 354, '2015-10-15 07:30:00', 1, 55, 52),
(63571, 354, '2015-10-01 09:10:00', 2, 55, 52),
(63572, 354, '2015-10-08 09:10:00', 2, 55, 52),
(63573, 354, '2015-10-15 09:10:00', 2, 55, 52),
(63574, 354, '2015-10-02 07:30:00', 1, 55, 52),
(63575, 354, '2015-10-09 07:30:00', 1, 55, 52),
(63576, 354, '2015-10-16 07:30:00', 1, 55, 52),
(63577, 354, '2015-10-02 09:10:00', 2, 55, 52),
(63578, 354, '2015-10-09 09:10:00', 2, 55, 52),
(63579, 354, '2015-10-16 09:10:00', 2, 55, 52),
(63580, 355, '2015-11-09 07:30:00', 1, 55, 67),
(63581, 355, '2015-11-16 07:30:00', 1, 55, 67),
(63582, 355, '2015-11-23 07:30:00', 1, 55, 67),
(63583, 353, '2015-11-09 09:10:00', 2, 55, 48),
(63584, 353, '2015-11-16 09:10:00', 2, 55, 48),
(63585, 353, '2015-11-23 09:10:00', 2, 55, 48),
(63586, 353, '2015-11-09 10:50:00', 3, 55, 48),
(63587, 353, '2015-11-16 10:50:00', 3, 55, 48),
(63588, 353, '2015-11-23 10:50:00', 3, 55, 48),
(63589, 355, '2015-11-10 07:30:00', 1, 55, 67),
(63590, 355, '2015-11-17 07:30:00', 1, 55, 67),
(63591, 355, '2015-11-24 07:30:00', 1, 55, 67),
(63592, 351, '2015-11-10 09:10:00', 2, 55, 51),
(63593, 351, '2015-11-17 09:10:00', 2, 55, 51),
(63594, 351, '2015-11-24 09:10:00', 2, 55, 51),
(63595, 351, '2015-11-10 10:50:00', 3, 55, 51),
(63596, 351, '2015-11-17 10:50:00', 3, 55, 51),
(63597, 351, '2015-11-24 10:50:00', 3, 55, 51),
(63598, 355, '2015-11-11 07:30:00', 1, 55, 67),
(63599, 355, '2015-11-18 07:30:00', 1, 55, 67),
(63600, 355, '2015-11-25 07:30:00', 1, 55, 67),
(63601, 353, '2015-11-11 09:10:00', 2, 55, 48),
(63602, 353, '2015-11-18 09:10:00', 2, 55, 48),
(63603, 353, '2015-11-25 09:10:00', 2, 55, 48),
(63604, 353, '2015-11-11 10:50:00', 3, 55, 48),
(63605, 353, '2015-11-18 10:50:00', 3, 55, 48),
(63606, 353, '2015-11-25 10:50:00', 3, 55, 48),
(63607, 355, '2015-11-12 07:30:00', 1, 55, 67),
(63608, 355, '2015-11-19 07:30:00', 1, 55, 67),
(63609, 355, '2015-11-26 07:30:00', 1, 55, 67),
(63610, 351, '2015-11-12 09:10:00', 2, 55, 51),
(63611, 351, '2015-11-19 09:10:00', 2, 55, 51),
(63612, 351, '2015-11-26 09:10:00', 2, 55, 51),
(63613, 351, '2015-11-12 10:50:00', 3, 55, 51),
(63614, 351, '2015-11-19 10:50:00', 3, 55, 51),
(63615, 351, '2015-11-26 10:50:00', 3, 55, 51),
(63616, 355, '2015-11-13 07:30:00', 1, 55, 67),
(63617, 355, '2015-11-20 07:30:00', 1, 55, 67),
(63618, 355, '2015-11-27 07:30:00', 1, 55, 67),
(63619, 353, '2015-11-13 09:10:00', 2, 55, 48),
(63620, 353, '2015-11-20 09:10:00', 2, 55, 48),
(63621, 353, '2015-11-27 09:10:00', 2, 55, 48),
(63622, 353, '2015-11-13 10:50:00', 3, 55, 48),
(63623, 353, '2015-11-20 10:50:00', 3, 55, 48),
(63624, 353, '2015-11-27 10:50:00', 3, 55, 48),
(63625, 355, '2015-11-30 07:30:00', 1, 55, 67),
(63626, 355, '2015-12-07 07:30:00', 1, 55, 67),
(63627, 355, '2015-12-14 07:30:00', 1, 55, 67),
(63628, 353, '2015-11-30 09:10:00', 2, 55, 48),
(63629, 353, '2015-12-07 09:10:00', 2, 55, 48),
(63630, 353, '2015-12-14 09:10:00', 2, 55, 48),
(63631, 353, '2015-11-30 10:50:00', 3, 55, 48),
(63632, 353, '2015-12-07 10:50:00', 3, 55, 48),
(63633, 353, '2015-12-14 10:50:00', 3, 55, 48),
(63634, 355, '2015-12-01 07:30:00', 1, 55, 67),
(63635, 355, '2015-12-08 07:30:00', 1, 55, 67),
(63636, 355, '2015-12-15 07:30:00', 1, 55, 67),
(63637, 351, '2015-12-01 09:10:00', 2, 55, 51),
(63638, 351, '2015-12-08 09:10:00', 2, 55, 51),
(63639, 351, '2015-12-15 09:10:00', 2, 55, 51),
(63640, 351, '2015-12-01 10:50:00', 3, 55, 51),
(63641, 351, '2015-12-08 10:50:00', 3, 55, 51),
(63642, 351, '2015-12-15 10:50:00', 3, 55, 51),
(63643, 355, '2015-12-02 07:30:00', 1, 55, 67),
(63644, 355, '2015-12-09 07:30:00', 1, 55, 67),
(63645, 355, '2015-12-16 07:30:00', 1, 55, 67),
(63646, 353, '2015-12-02 09:10:00', 2, 55, 48),
(63647, 353, '2015-12-09 09:10:00', 2, 55, 48),
(63648, 353, '2015-12-16 09:10:00', 2, 55, 48),
(63649, 353, '2015-12-02 10:50:00', 3, 55, 48),
(63650, 353, '2015-12-09 10:50:00', 3, 55, 48),
(63651, 353, '2015-12-16 10:50:00', 3, 55, 48),
(63652, 355, '2015-12-03 07:30:00', 1, 55, 67),
(63653, 355, '2015-12-10 07:30:00', 1, 55, 67),
(63654, 355, '2015-12-17 07:30:00', 1, 55, 67),
(63655, 351, '2015-12-03 09:10:00', 2, 55, 51),
(63656, 351, '2015-12-10 09:10:00', 2, 55, 51),
(63657, 351, '2015-12-17 09:10:00', 2, 55, 51),
(63658, 351, '2015-12-03 10:50:00', 3, 55, 51),
(63659, 351, '2015-12-10 10:50:00', 3, 55, 51),
(63660, 351, '2015-12-17 10:50:00', 3, 55, 51),
(63661, 355, '2015-12-04 07:30:00', 1, 55, 67),
(63662, 355, '2015-12-11 07:30:00', 1, 55, 67),
(63663, 355, '2015-12-18 07:30:00', 1, 55, 67),
(63664, 351, '2015-12-04 09:10:00', 2, 55, 51),
(63665, 351, '2015-12-11 09:10:00', 2, 55, 51),
(63666, 351, '2015-12-18 09:10:00', 2, 55, 51),
(63667, 351, '2015-12-04 10:50:00', 3, 55, 51),
(63668, 351, '2015-12-11 10:50:00', 3, 55, 51),
(63669, 351, '2015-12-18 10:50:00', 3, 55, 51),
(63670, 358, '2015-09-07 14:30:00', 5, 57, 70),
(63671, 358, '2015-09-14 14:30:00', 5, 57, 70),
(63672, 358, '2015-09-21 14:30:00', 5, 57, 70),
(63673, 358, '2015-09-07 16:10:00', 6, 57, 70),
(63674, 358, '2015-09-14 16:10:00', 6, 57, 70),
(63675, 358, '2015-09-21 16:10:00', 6, 57, 70),
(63676, 359, '2015-09-08 14:30:00', 5, 57, 52),
(63677, 359, '2015-09-15 14:30:00', 5, 57, 52),
(63678, 359, '2015-09-22 14:30:00', 5, 57, 52),
(63679, 359, '2015-09-08 16:10:00', 6, 57, 52),
(63680, 359, '2015-09-15 16:10:00', 6, 57, 52),
(63681, 359, '2015-09-22 16:10:00', 6, 57, 52),
(63682, 358, '2015-09-09 14:30:00', 5, 57, 70),
(63683, 358, '2015-09-16 14:30:00', 5, 57, 70),
(63684, 358, '2015-09-23 14:30:00', 5, 57, 70),
(63685, 358, '2015-09-09 16:10:00', 6, 57, 70),
(63686, 358, '2015-09-16 16:10:00', 6, 57, 70),
(63687, 358, '2015-09-23 16:10:00', 6, 57, 70),
(63688, 359, '2015-09-10 14:30:00', 5, 57, 52),
(63689, 359, '2015-09-17 14:30:00', 5, 57, 52),
(63690, 359, '2015-09-24 14:30:00', 5, 57, 52),
(63691, 359, '2015-09-10 16:10:00', 6, 57, 52),
(63692, 359, '2015-09-17 16:10:00', 6, 57, 52),
(63693, 359, '2015-09-24 16:10:00', 6, 57, 52),
(63694, 358, '2015-09-11 14:30:00', 5, 57, 70),
(63695, 358, '2015-09-18 14:30:00', 5, 57, 70);
INSERT INTO `time_table` (`time_table_id`, `class_course_semester_id`, `date`, `slot`, `room_id`, `teacher_semester_id`) VALUES
(63696, 358, '2015-09-25 14:30:00', 5, 57, 70),
(63697, 358, '2015-09-11 16:10:00', 6, 57, 70),
(63698, 358, '2015-09-18 16:10:00', 6, 57, 70),
(63699, 358, '2015-09-25 16:10:00', 6, 57, 70),
(63700, 358, '2015-09-28 14:30:00', 5, 57, 70),
(63701, 358, '2015-10-05 14:30:00', 5, 57, 70),
(63702, 358, '2015-10-12 14:30:00', 5, 57, 70),
(63703, 358, '2015-09-28 16:10:00', 6, 57, 70),
(63704, 358, '2015-10-05 16:10:00', 6, 57, 70),
(63705, 358, '2015-10-12 16:10:00', 6, 57, 70),
(63706, 359, '2015-09-29 14:30:00', 5, 57, 52),
(63707, 359, '2015-10-06 14:30:00', 5, 57, 52),
(63708, 359, '2015-10-13 14:30:00', 5, 57, 52),
(63709, 359, '2015-09-29 16:10:00', 6, 57, 52),
(63710, 359, '2015-10-06 16:10:00', 6, 57, 52),
(63711, 359, '2015-10-13 16:10:00', 6, 57, 52),
(63712, 358, '2015-09-30 14:30:00', 5, 57, 70),
(63713, 358, '2015-10-07 14:30:00', 5, 57, 70),
(63714, 358, '2015-10-14 14:30:00', 5, 57, 70),
(63715, 358, '2015-09-30 16:10:00', 6, 57, 70),
(63716, 358, '2015-10-07 16:10:00', 6, 57, 70),
(63717, 358, '2015-10-14 16:10:00', 6, 57, 70),
(63718, 359, '2015-10-01 14:30:00', 5, 57, 52),
(63719, 359, '2015-10-08 14:30:00', 5, 57, 52),
(63720, 359, '2015-10-15 14:30:00', 5, 57, 52),
(63721, 359, '2015-10-01 16:10:00', 6, 57, 52),
(63722, 359, '2015-10-08 16:10:00', 6, 57, 52),
(63723, 359, '2015-10-15 16:10:00', 6, 57, 52),
(63724, 359, '2015-10-02 14:30:00', 5, 57, 52),
(63725, 359, '2015-10-09 14:30:00', 5, 57, 52),
(63726, 359, '2015-10-16 14:30:00', 5, 57, 52),
(63727, 359, '2015-10-02 16:10:00', 6, 57, 52),
(63728, 359, '2015-10-09 16:10:00', 6, 57, 52),
(63729, 359, '2015-10-16 16:10:00', 6, 57, 52),
(63730, 356, '2015-11-09 12:50:00', 4, 57, 41),
(63731, 356, '2015-11-16 12:50:00', 4, 57, 41),
(63732, 356, '2015-11-23 12:50:00', 4, 57, 41),
(63733, 356, '2015-11-09 14:30:00', 5, 57, 41),
(63734, 356, '2015-11-16 14:30:00', 5, 57, 41),
(63735, 356, '2015-11-23 14:30:00', 5, 57, 41),
(63736, 360, '2015-11-09 16:10:00', 6, 57, 63),
(63737, 360, '2015-11-16 16:10:00', 6, 57, 63),
(63738, 360, '2015-11-23 16:10:00', 6, 57, 63),
(63739, 357, '2015-11-10 12:50:00', 4, 50, 58),
(63740, 357, '2015-11-17 12:50:00', 4, 50, 58),
(63741, 357, '2015-11-24 12:50:00', 4, 50, 58),
(63742, 357, '2015-11-10 14:30:00', 5, 50, 58),
(63743, 357, '2015-11-17 14:30:00', 5, 50, 58),
(63744, 357, '2015-11-24 14:30:00', 5, 50, 58),
(63745, 360, '2015-11-10 16:10:00', 6, 57, 63),
(63746, 360, '2015-11-17 16:10:00', 6, 57, 63),
(63747, 360, '2015-11-24 16:10:00', 6, 57, 63),
(63748, 356, '2015-11-11 12:50:00', 4, 57, 41),
(63749, 356, '2015-11-18 12:50:00', 4, 57, 41),
(63750, 356, '2015-11-25 12:50:00', 4, 57, 41),
(63751, 356, '2015-11-11 14:30:00', 5, 57, 41),
(63752, 356, '2015-11-18 14:30:00', 5, 57, 41),
(63753, 356, '2015-11-25 14:30:00', 5, 57, 41),
(63754, 360, '2015-11-11 16:10:00', 6, 57, 63),
(63755, 360, '2015-11-18 16:10:00', 6, 57, 63),
(63756, 360, '2015-11-25 16:10:00', 6, 57, 63),
(63757, 357, '2015-11-12 12:50:00', 4, 50, 58),
(63758, 357, '2015-11-19 12:50:00', 4, 50, 58),
(63759, 357, '2015-11-26 12:50:00', 4, 50, 58),
(63760, 357, '2015-11-12 14:30:00', 5, 50, 58),
(63761, 357, '2015-11-19 14:30:00', 5, 50, 58),
(63762, 357, '2015-11-26 14:30:00', 5, 50, 58),
(63763, 360, '2015-11-12 16:10:00', 6, 57, 63),
(63764, 360, '2015-11-19 16:10:00', 6, 57, 63),
(63765, 360, '2015-11-26 16:10:00', 6, 57, 63),
(63766, 356, '2015-11-13 12:50:00', 4, 57, 41),
(63767, 356, '2015-11-20 12:50:00', 4, 57, 41),
(63768, 356, '2015-11-27 12:50:00', 4, 57, 41),
(63769, 356, '2015-11-13 14:30:00', 5, 57, 41),
(63770, 356, '2015-11-20 14:30:00', 5, 57, 41),
(63771, 356, '2015-11-27 14:30:00', 5, 57, 41),
(63772, 360, '2015-11-13 16:10:00', 6, 57, 63),
(63773, 360, '2015-11-20 16:10:00', 6, 57, 63),
(63774, 360, '2015-11-27 16:10:00', 6, 57, 63),
(63775, 356, '2015-11-30 12:50:00', 4, 57, 41),
(63776, 356, '2015-12-07 12:50:00', 4, 57, 41),
(63777, 356, '2015-12-14 12:50:00', 4, 57, 41),
(63778, 356, '2015-11-30 14:30:00', 5, 57, 41),
(63779, 356, '2015-12-07 14:30:00', 5, 57, 41),
(63780, 356, '2015-12-14 14:30:00', 5, 57, 41),
(63781, 360, '2015-11-30 16:10:00', 6, 57, 63),
(63782, 360, '2015-12-07 16:10:00', 6, 57, 63),
(63783, 360, '2015-12-14 16:10:00', 6, 57, 63),
(63784, 357, '2015-12-01 12:50:00', 4, 50, 58),
(63785, 357, '2015-12-08 12:50:00', 4, 50, 58),
(63786, 357, '2015-12-15 12:50:00', 4, 50, 58),
(63787, 357, '2015-12-01 14:30:00', 5, 50, 58),
(63788, 357, '2015-12-08 14:30:00', 5, 50, 58),
(63789, 357, '2015-12-15 14:30:00', 5, 50, 58),
(63790, 360, '2015-12-01 16:10:00', 6, 57, 63),
(63791, 360, '2015-12-08 16:10:00', 6, 57, 63),
(63792, 360, '2015-12-15 16:10:00', 6, 57, 63),
(63793, 356, '2015-12-02 12:50:00', 4, 57, 41),
(63794, 356, '2015-12-09 12:50:00', 4, 57, 41),
(63795, 356, '2015-12-16 12:50:00', 4, 57, 41),
(63796, 356, '2015-12-02 14:30:00', 5, 57, 41),
(63797, 356, '2015-12-09 14:30:00', 5, 57, 41),
(63798, 356, '2015-12-16 14:30:00', 5, 57, 41),
(63799, 360, '2015-12-02 16:10:00', 6, 57, 63),
(63800, 360, '2015-12-09 16:10:00', 6, 57, 63),
(63801, 360, '2015-12-16 16:10:00', 6, 57, 63),
(63802, 357, '2015-12-03 12:50:00', 4, 50, 58),
(63803, 357, '2015-12-10 12:50:00', 4, 50, 58),
(63804, 357, '2015-12-17 12:50:00', 4, 50, 58),
(63805, 357, '2015-12-03 14:30:00', 5, 50, 58),
(63806, 357, '2015-12-10 14:30:00', 5, 50, 58),
(63807, 357, '2015-12-17 14:30:00', 5, 50, 58),
(63808, 360, '2015-12-03 16:10:00', 6, 57, 63),
(63809, 360, '2015-12-10 16:10:00', 6, 57, 63),
(63810, 360, '2015-12-17 16:10:00', 6, 57, 63),
(63811, 357, '2015-12-04 12:50:00', 4, 50, 58),
(63812, 357, '2015-12-11 12:50:00', 4, 50, 58),
(63813, 357, '2015-12-18 12:50:00', 4, 50, 58),
(63814, 357, '2015-12-04 14:30:00', 5, 50, 58),
(63815, 357, '2015-12-11 14:30:00', 5, 50, 58),
(63816, 357, '2015-12-18 14:30:00', 5, 50, 58),
(63817, 360, '2015-12-04 16:10:00', 6, 57, 63),
(63818, 360, '2015-12-11 16:10:00', 6, 57, 63),
(63819, 360, '2015-12-18 16:10:00', 6, 57, 63),
(63820, 362, '2015-09-07 07:30:00', 1, 56, 41),
(63821, 362, '2015-09-14 07:30:00', 1, 56, 41),
(63822, 362, '2015-09-21 07:30:00', 1, 56, 41),
(63823, 362, '2015-09-07 09:10:00', 2, 56, 41),
(63824, 362, '2015-09-14 09:10:00', 2, 56, 41),
(63825, 362, '2015-09-21 09:10:00', 2, 56, 41),
(63826, 361, '2015-09-08 09:10:00', 2, 56, NULL),
(63827, 361, '2015-09-15 09:10:00', 2, 56, NULL),
(63828, 361, '2015-09-22 09:10:00', 2, 56, NULL),
(63829, 361, '2015-09-08 10:50:00', 3, 56, NULL),
(63830, 361, '2015-09-15 10:50:00', 3, 56, NULL),
(63831, 361, '2015-09-22 10:50:00', 3, 56, NULL),
(63832, 362, '2015-09-09 07:30:00', 1, 56, 41),
(63833, 362, '2015-09-16 07:30:00', 1, 56, 41),
(63834, 362, '2015-09-23 07:30:00', 1, 56, 41),
(63835, 362, '2015-09-09 09:10:00', 2, 56, 41),
(63836, 362, '2015-09-16 09:10:00', 2, 56, 41),
(63837, 362, '2015-09-23 09:10:00', 2, 56, 41),
(63838, 361, '2015-09-10 09:10:00', 2, 56, NULL),
(63839, 361, '2015-09-17 09:10:00', 2, 56, NULL),
(63840, 361, '2015-09-24 09:10:00', 2, 56, NULL),
(63841, 361, '2015-09-10 10:50:00', 3, 56, NULL),
(63842, 361, '2015-09-17 10:50:00', 3, 56, NULL),
(63843, 361, '2015-09-24 10:50:00', 3, 56, NULL),
(63844, 362, '2015-09-11 07:30:00', 1, 56, 41),
(63845, 362, '2015-09-18 07:30:00', 1, 56, 41),
(63846, 362, '2015-09-25 07:30:00', 1, 56, 41),
(63847, 362, '2015-09-11 09:10:00', 2, 56, 41),
(63848, 362, '2015-09-18 09:10:00', 2, 56, 41),
(63849, 362, '2015-09-25 09:10:00', 2, 56, 41),
(63850, 362, '2015-09-28 07:30:00', 1, 56, 41),
(63851, 362, '2015-10-05 07:30:00', 1, 56, 41),
(63852, 362, '2015-10-12 07:30:00', 1, 56, 41),
(63853, 362, '2015-09-28 09:10:00', 2, 56, 41),
(63854, 362, '2015-10-05 09:10:00', 2, 56, 41),
(63855, 362, '2015-10-12 09:10:00', 2, 56, 41),
(63856, 361, '2015-09-29 09:10:00', 2, 56, NULL),
(63857, 361, '2015-10-06 09:10:00', 2, 56, NULL),
(63858, 361, '2015-10-13 09:10:00', 2, 56, NULL),
(63859, 361, '2015-09-29 10:50:00', 3, 56, NULL),
(63860, 361, '2015-10-06 10:50:00', 3, 56, NULL),
(63861, 361, '2015-10-13 10:50:00', 3, 56, NULL),
(63862, 362, '2015-09-30 07:30:00', 1, 56, 41),
(63863, 362, '2015-10-07 07:30:00', 1, 56, 41),
(63864, 362, '2015-10-14 07:30:00', 1, 56, 41),
(63865, 362, '2015-09-30 09:10:00', 2, 56, 41),
(63866, 362, '2015-10-07 09:10:00', 2, 56, 41),
(63867, 362, '2015-10-14 09:10:00', 2, 56, 41),
(63868, 361, '2015-10-01 09:10:00', 2, 56, NULL),
(63869, 361, '2015-10-08 09:10:00', 2, 56, NULL),
(63870, 361, '2015-10-15 09:10:00', 2, 56, NULL),
(63871, 361, '2015-10-01 10:50:00', 3, 56, NULL),
(63872, 361, '2015-10-08 10:50:00', 3, 56, NULL),
(63873, 361, '2015-10-15 10:50:00', 3, 56, NULL),
(63874, 361, '2015-10-02 09:10:00', 2, 56, NULL),
(63875, 361, '2015-10-09 09:10:00', 2, 56, NULL),
(63876, 361, '2015-10-16 09:10:00', 2, 56, NULL),
(63877, 361, '2015-10-02 10:50:00', 3, 56, NULL),
(63878, 361, '2015-10-09 10:50:00', 3, 56, NULL),
(63879, 361, '2015-10-16 10:50:00', 3, 56, NULL),
(63880, 365, '2015-11-09 07:30:00', 1, 97, 46),
(63881, 365, '2015-11-16 07:30:00', 1, 97, 46),
(63882, 365, '2015-11-23 07:30:00', 1, 97, 46),
(63883, 364, '2015-11-09 09:10:00', 2, 56, 65),
(63884, 364, '2015-11-16 09:10:00', 2, 56, 65),
(63885, 364, '2015-11-23 09:10:00', 2, 56, 65),
(63886, 364, '2015-11-09 10:50:00', 3, 56, 65),
(63887, 364, '2015-11-16 10:50:00', 3, 56, 65),
(63888, 364, '2015-11-23 10:50:00', 3, 56, 65),
(63889, 365, '2015-11-10 07:30:00', 1, 97, 46),
(63890, 365, '2015-11-17 07:30:00', 1, 97, 46),
(63891, 365, '2015-11-24 07:30:00', 1, 97, 46),
(63892, 363, '2015-11-10 09:10:00', 2, 56, NULL),
(63893, 363, '2015-11-17 09:10:00', 2, 56, NULL),
(63894, 363, '2015-11-24 09:10:00', 2, 56, NULL),
(63895, 363, '2015-11-10 10:50:00', 3, 56, NULL),
(63896, 363, '2015-11-17 10:50:00', 3, 56, NULL),
(63897, 363, '2015-11-24 10:50:00', 3, 56, NULL),
(63898, 365, '2015-11-11 07:30:00', 1, 97, 46),
(63899, 365, '2015-11-18 07:30:00', 1, 97, 46),
(63900, 365, '2015-11-25 07:30:00', 1, 97, 46),
(63901, 364, '2015-11-11 09:10:00', 2, 56, 65),
(63902, 364, '2015-11-18 09:10:00', 2, 56, 65),
(63903, 364, '2015-11-25 09:10:00', 2, 56, 65),
(63904, 364, '2015-11-11 10:50:00', 3, 56, 65),
(63905, 364, '2015-11-18 10:50:00', 3, 56, 65),
(63906, 364, '2015-11-25 10:50:00', 3, 56, 65),
(63907, 365, '2015-11-12 07:30:00', 1, 97, 46),
(63908, 365, '2015-11-19 07:30:00', 1, 97, 46),
(63909, 365, '2015-11-26 07:30:00', 1, 97, 46),
(63910, 363, '2015-11-12 09:10:00', 2, 56, NULL),
(63911, 363, '2015-11-19 09:10:00', 2, 56, NULL),
(63912, 363, '2015-11-26 09:10:00', 2, 56, NULL),
(63913, 363, '2015-11-12 10:50:00', 3, 56, NULL),
(63914, 363, '2015-11-19 10:50:00', 3, 56, NULL),
(63915, 363, '2015-11-26 10:50:00', 3, 56, NULL),
(63916, 365, '2015-11-13 07:30:00', 1, 97, 46),
(63917, 365, '2015-11-20 07:30:00', 1, 97, 46),
(63918, 365, '2015-11-27 07:30:00', 1, 97, 46),
(63919, 364, '2015-11-13 09:10:00', 2, 56, 65),
(63920, 364, '2015-11-20 09:10:00', 2, 56, 65),
(63921, 364, '2015-11-27 09:10:00', 2, 56, 65),
(63922, 364, '2015-11-13 10:50:00', 3, 56, 65),
(63923, 364, '2015-11-20 10:50:00', 3, 56, 65),
(63924, 364, '2015-11-27 10:50:00', 3, 56, 65),
(63925, 365, '2015-11-30 07:30:00', 1, 97, 46),
(63926, 365, '2015-12-07 07:30:00', 1, 97, 46),
(63927, 365, '2015-12-14 07:30:00', 1, 97, 46),
(63928, 364, '2015-11-30 09:10:00', 2, 56, 65),
(63929, 364, '2015-12-07 09:10:00', 2, 56, 65),
(63930, 364, '2015-12-14 09:10:00', 2, 56, 65),
(63931, 364, '2015-11-30 10:50:00', 3, 56, 65),
(63932, 364, '2015-12-07 10:50:00', 3, 56, 65),
(63933, 364, '2015-12-14 10:50:00', 3, 56, 65),
(63934, 365, '2015-12-01 07:30:00', 1, 97, 46),
(63935, 365, '2015-12-08 07:30:00', 1, 97, 46),
(63936, 365, '2015-12-15 07:30:00', 1, 97, 46),
(63937, 363, '2015-12-01 09:10:00', 2, 56, NULL),
(63938, 363, '2015-12-08 09:10:00', 2, 56, NULL),
(63939, 363, '2015-12-15 09:10:00', 2, 56, NULL),
(63940, 363, '2015-12-01 10:50:00', 3, 56, NULL),
(63941, 363, '2015-12-08 10:50:00', 3, 56, NULL),
(63942, 363, '2015-12-15 10:50:00', 3, 56, NULL),
(63943, 365, '2015-12-02 07:30:00', 1, 97, 46),
(63944, 365, '2015-12-09 07:30:00', 1, 97, 46),
(63945, 365, '2015-12-16 07:30:00', 1, 97, 46),
(63946, 364, '2015-12-02 09:10:00', 2, 56, 65),
(63947, 364, '2015-12-09 09:10:00', 2, 56, 65),
(63948, 364, '2015-12-16 09:10:00', 2, 56, 65),
(63949, 364, '2015-12-02 10:50:00', 3, 56, 65),
(63950, 364, '2015-12-09 10:50:00', 3, 56, 65),
(63951, 364, '2015-12-16 10:50:00', 3, 56, 65),
(63952, 365, '2015-12-03 07:30:00', 1, 97, 46),
(63953, 365, '2015-12-10 07:30:00', 1, 97, 46),
(63954, 365, '2015-12-17 07:30:00', 1, 97, 46),
(63955, 363, '2015-12-03 09:10:00', 2, 56, NULL),
(63956, 363, '2015-12-10 09:10:00', 2, 56, NULL),
(63957, 363, '2015-12-17 09:10:00', 2, 56, NULL),
(63958, 363, '2015-12-03 10:50:00', 3, 56, NULL),
(63959, 363, '2015-12-10 10:50:00', 3, 56, NULL),
(63960, 363, '2015-12-17 10:50:00', 3, 56, NULL),
(63961, 365, '2015-12-04 07:30:00', 1, 97, 46),
(63962, 365, '2015-12-11 07:30:00', 1, 97, 46),
(63963, 365, '2015-12-18 07:30:00', 1, 97, 46),
(63964, 363, '2015-12-04 09:10:00', 2, 56, NULL),
(63965, 363, '2015-12-11 09:10:00', 2, 56, NULL),
(63966, 363, '2015-12-18 09:10:00', 2, 56, NULL),
(63967, 363, '2015-12-04 10:50:00', 3, 56, NULL),
(63968, 363, '2015-12-11 10:50:00', 3, 56, NULL),
(63969, 363, '2015-12-18 10:50:00', 3, 56, NULL),
(63970, 370, '2015-09-07 12:50:00', 4, 97, 46),
(63971, 370, '2015-09-14 12:50:00', 4, 97, 46),
(63972, 370, '2015-09-21 12:50:00', 4, 97, 46),
(63973, 366, '2015-09-07 14:30:00', 5, 59, 59),
(63974, 366, '2015-09-14 14:30:00', 5, 59, 59),
(63975, 366, '2015-09-21 14:30:00', 5, 59, 59),
(63976, 366, '2015-09-07 16:10:00', 6, 59, 59),
(63977, 366, '2015-09-14 16:10:00', 6, 59, 59),
(63978, 366, '2015-09-21 16:10:00', 6, 59, 59),
(63979, 370, '2015-09-08 12:50:00', 4, 97, 46),
(63980, 370, '2015-09-15 12:50:00', 4, 97, 46),
(63981, 370, '2015-09-22 12:50:00', 4, 97, 46),
(63982, 369, '2015-09-08 14:30:00', 5, 59, 71),
(63983, 369, '2015-09-15 14:30:00', 5, 59, 71),
(63984, 369, '2015-09-22 14:30:00', 5, 59, 71),
(63985, 369, '2015-09-08 16:10:00', 6, 59, 71),
(63986, 369, '2015-09-15 16:10:00', 6, 59, 71),
(63987, 369, '2015-09-22 16:10:00', 6, 59, 71),
(63988, 370, '2015-09-09 12:50:00', 4, 97, 46),
(63989, 370, '2015-09-16 12:50:00', 4, 97, 46),
(63990, 370, '2015-09-23 12:50:00', 4, 97, 46),
(63991, 366, '2015-09-09 14:30:00', 5, 59, 59),
(63992, 366, '2015-09-16 14:30:00', 5, 59, 59),
(63993, 366, '2015-09-23 14:30:00', 5, 59, 59),
(63994, 366, '2015-09-09 16:10:00', 6, 59, 59),
(63995, 366, '2015-09-16 16:10:00', 6, 59, 59),
(63996, 366, '2015-09-23 16:10:00', 6, 59, 59),
(63997, 370, '2015-09-10 12:50:00', 4, 97, 46),
(63998, 370, '2015-09-17 12:50:00', 4, 97, 46),
(63999, 370, '2015-09-24 12:50:00', 4, 97, 46),
(64000, 369, '2015-09-10 14:30:00', 5, 59, 71),
(64001, 369, '2015-09-17 14:30:00', 5, 59, 71),
(64002, 369, '2015-09-24 14:30:00', 5, 59, 71),
(64003, 369, '2015-09-10 16:10:00', 6, 59, 71),
(64004, 369, '2015-09-17 16:10:00', 6, 59, 71),
(64005, 369, '2015-09-24 16:10:00', 6, 59, 71),
(64006, 370, '2015-09-11 12:50:00', 4, 97, 46),
(64007, 370, '2015-09-18 12:50:00', 4, 97, 46),
(64008, 370, '2015-09-25 12:50:00', 4, 97, 46),
(64009, 366, '2015-09-11 14:30:00', 5, 59, 59),
(64010, 366, '2015-09-18 14:30:00', 5, 59, 59),
(64011, 366, '2015-09-25 14:30:00', 5, 59, 59),
(64012, 366, '2015-09-11 16:10:00', 6, 59, 59),
(64013, 366, '2015-09-18 16:10:00', 6, 59, 59),
(64014, 366, '2015-09-25 16:10:00', 6, 59, 59),
(64015, 370, '2015-09-28 12:50:00', 4, 97, 46),
(64016, 370, '2015-10-05 12:50:00', 4, 97, 46),
(64017, 370, '2015-10-12 12:50:00', 4, 97, 46),
(64018, 366, '2015-09-28 14:30:00', 5, 59, 59),
(64019, 366, '2015-10-05 14:30:00', 5, 59, 59),
(64020, 366, '2015-10-12 14:30:00', 5, 59, 59),
(64021, 366, '2015-09-28 16:10:00', 6, 59, 59),
(64022, 366, '2015-10-05 16:10:00', 6, 59, 59),
(64023, 366, '2015-10-12 16:10:00', 6, 59, 59),
(64024, 370, '2015-09-29 12:50:00', 4, 97, 46),
(64025, 370, '2015-10-06 12:50:00', 4, 97, 46),
(64026, 370, '2015-10-13 12:50:00', 4, 97, 46),
(64027, 369, '2015-09-29 14:30:00', 5, 59, 71),
(64028, 369, '2015-10-06 14:30:00', 5, 59, 71),
(64029, 369, '2015-10-13 14:30:00', 5, 59, 71),
(64030, 369, '2015-09-29 16:10:00', 6, 59, 71),
(64031, 369, '2015-10-06 16:10:00', 6, 59, 71),
(64032, 369, '2015-10-13 16:10:00', 6, 59, 71),
(64033, 370, '2015-09-30 12:50:00', 4, 97, 46),
(64034, 370, '2015-10-07 12:50:00', 4, 97, 46),
(64035, 370, '2015-10-14 12:50:00', 4, 97, 46),
(64036, 366, '2015-09-30 14:30:00', 5, 59, 59),
(64037, 366, '2015-10-07 14:30:00', 5, 59, 59),
(64038, 366, '2015-10-14 14:30:00', 5, 59, 59),
(64039, 366, '2015-09-30 16:10:00', 6, 59, 59),
(64040, 366, '2015-10-07 16:10:00', 6, 59, 59),
(64041, 366, '2015-10-14 16:10:00', 6, 59, 59),
(64042, 370, '2015-10-01 12:50:00', 4, 97, 46),
(64043, 370, '2015-10-08 12:50:00', 4, 97, 46),
(64044, 370, '2015-10-15 12:50:00', 4, 97, 46),
(64045, 369, '2015-10-01 14:30:00', 5, 59, 71),
(64046, 369, '2015-10-08 14:30:00', 5, 59, 71),
(64047, 369, '2015-10-15 14:30:00', 5, 59, 71),
(64048, 369, '2015-10-01 16:10:00', 6, 59, 71),
(64049, 369, '2015-10-08 16:10:00', 6, 59, 71),
(64050, 369, '2015-10-15 16:10:00', 6, 59, 71),
(64051, 370, '2015-10-02 12:50:00', 4, 97, 46),
(64052, 370, '2015-10-09 12:50:00', 4, 97, 46),
(64053, 370, '2015-10-16 12:50:00', 4, 97, 46),
(64054, 369, '2015-10-02 14:30:00', 5, 59, 71),
(64055, 369, '2015-10-09 14:30:00', 5, 59, 71),
(64056, 369, '2015-10-16 14:30:00', 5, 59, 71),
(64057, 369, '2015-10-02 16:10:00', 6, 59, 71),
(64058, 369, '2015-10-09 16:10:00', 6, 59, 71),
(64059, 369, '2015-10-16 16:10:00', 6, 59, 71),
(64060, 368, '2015-11-09 12:50:00', 4, 59, 42),
(64061, 368, '2015-11-16 12:50:00', 4, 59, 42),
(64062, 368, '2015-11-23 12:50:00', 4, 59, 42),
(64063, 368, '2015-11-09 14:30:00', 5, 59, 42),
(64064, 368, '2015-11-16 14:30:00', 5, 59, 42),
(64065, 368, '2015-11-23 14:30:00', 5, 59, 42),
(64066, 367, '2015-11-10 14:30:00', 5, 59, 41),
(64067, 367, '2015-11-17 14:30:00', 5, 59, 41),
(64068, 367, '2015-11-24 14:30:00', 5, 59, 41),
(64069, 367, '2015-11-10 16:10:00', 6, 59, 41),
(64070, 367, '2015-11-17 16:10:00', 6, 59, 41),
(64071, 367, '2015-11-24 16:10:00', 6, 59, 41),
(64072, 368, '2015-11-11 12:50:00', 4, 59, 42),
(64073, 368, '2015-11-18 12:50:00', 4, 59, 42),
(64074, 368, '2015-11-25 12:50:00', 4, 59, 42),
(64075, 368, '2015-11-11 14:30:00', 5, 59, 42),
(64076, 368, '2015-11-18 14:30:00', 5, 59, 42),
(64077, 368, '2015-11-25 14:30:00', 5, 59, 42),
(64078, 367, '2015-11-12 14:30:00', 5, 59, 41),
(64079, 367, '2015-11-19 14:30:00', 5, 59, 41),
(64080, 367, '2015-11-26 14:30:00', 5, 59, 41),
(64081, 367, '2015-11-12 16:10:00', 6, 59, 41),
(64082, 367, '2015-11-19 16:10:00', 6, 59, 41),
(64083, 367, '2015-11-26 16:10:00', 6, 59, 41),
(64084, 368, '2015-11-13 12:50:00', 4, 59, 42),
(64085, 368, '2015-11-20 12:50:00', 4, 59, 42),
(64086, 368, '2015-11-27 12:50:00', 4, 59, 42),
(64087, 368, '2015-11-13 14:30:00', 5, 59, 42),
(64088, 368, '2015-11-20 14:30:00', 5, 59, 42),
(64089, 368, '2015-11-27 14:30:00', 5, 59, 42),
(64090, 368, '2015-11-30 12:50:00', 4, 59, 42),
(64091, 368, '2015-12-07 12:50:00', 4, 59, 42),
(64092, 368, '2015-12-14 12:50:00', 4, 59, 42),
(64093, 368, '2015-11-30 14:30:00', 5, 59, 42),
(64094, 368, '2015-12-07 14:30:00', 5, 59, 42),
(64095, 368, '2015-12-14 14:30:00', 5, 59, 42),
(64096, 367, '2015-12-01 14:30:00', 5, 59, 41),
(64097, 367, '2015-12-08 14:30:00', 5, 59, 41),
(64098, 367, '2015-12-15 14:30:00', 5, 59, 41),
(64099, 367, '2015-12-01 16:10:00', 6, 59, 41),
(64100, 367, '2015-12-08 16:10:00', 6, 59, 41),
(64101, 367, '2015-12-15 16:10:00', 6, 59, 41),
(64102, 368, '2015-12-02 12:50:00', 4, 59, 42),
(64103, 368, '2015-12-09 12:50:00', 4, 59, 42),
(64104, 368, '2015-12-16 12:50:00', 4, 59, 42),
(64105, 368, '2015-12-02 14:30:00', 5, 59, 42),
(64106, 368, '2015-12-09 14:30:00', 5, 59, 42),
(64107, 368, '2015-12-16 14:30:00', 5, 59, 42),
(64108, 367, '2015-12-03 14:30:00', 5, 59, 41),
(64109, 367, '2015-12-10 14:30:00', 5, 59, 41),
(64110, 367, '2015-12-17 14:30:00', 5, 59, 41),
(64111, 367, '2015-12-03 16:10:00', 6, 59, 41),
(64112, 367, '2015-12-10 16:10:00', 6, 59, 41),
(64113, 367, '2015-12-17 16:10:00', 6, 59, 41),
(64114, 367, '2015-12-04 14:30:00', 5, 59, 41),
(64115, 367, '2015-12-11 14:30:00', 5, 59, 41),
(64116, 367, '2015-12-18 14:30:00', 5, 59, 41),
(64117, 367, '2015-12-04 16:10:00', 6, 59, 41),
(64118, 367, '2015-12-11 16:10:00', 6, 59, 41),
(64119, 367, '2015-12-18 16:10:00', 6, 59, 41),
(64120, 374, '2015-09-07 07:30:00', 1, 57, 65),
(64121, 374, '2015-09-14 07:30:00', 1, 57, 65),
(64122, 374, '2015-09-21 07:30:00', 1, 57, 65),
(64123, 374, '2015-09-07 09:10:00', 2, 57, 65),
(64124, 374, '2015-09-14 09:10:00', 2, 57, 65),
(64125, 374, '2015-09-21 09:10:00', 2, 57, 65),
(64126, 375, '2015-09-07 10:50:00', 3, 97, 46),
(64127, 375, '2015-09-14 10:50:00', 3, 97, 46),
(64128, 375, '2015-09-21 10:50:00', 3, 97, 46),
(64129, 371, '2015-09-08 07:30:00', 1, 57, 59),
(64130, 371, '2015-09-15 07:30:00', 1, 57, 59),
(64131, 371, '2015-09-22 07:30:00', 1, 57, 59),
(64132, 371, '2015-09-08 09:10:00', 2, 57, 59),
(64133, 371, '2015-09-15 09:10:00', 2, 57, 59),
(64134, 371, '2015-09-22 09:10:00', 2, 57, 59),
(64135, 375, '2015-09-08 10:50:00', 3, 97, 46),
(64136, 375, '2015-09-15 10:50:00', 3, 97, 46),
(64137, 375, '2015-09-22 10:50:00', 3, 97, 46),
(64138, 374, '2015-09-09 07:30:00', 1, 57, 65),
(64139, 374, '2015-09-16 07:30:00', 1, 57, 65),
(64140, 374, '2015-09-23 07:30:00', 1, 57, 65),
(64141, 374, '2015-09-09 09:10:00', 2, 57, 65),
(64142, 374, '2015-09-16 09:10:00', 2, 57, 65),
(64143, 374, '2015-09-23 09:10:00', 2, 57, 65),
(64144, 375, '2015-09-09 10:50:00', 3, 97, 46),
(64145, 375, '2015-09-16 10:50:00', 3, 97, 46),
(64146, 375, '2015-09-23 10:50:00', 3, 97, 46),
(64147, 371, '2015-09-10 07:30:00', 1, 57, 59),
(64148, 371, '2015-09-17 07:30:00', 1, 57, 59),
(64149, 371, '2015-09-24 07:30:00', 1, 57, 59),
(64150, 371, '2015-09-10 09:10:00', 2, 57, 59),
(64151, 371, '2015-09-17 09:10:00', 2, 57, 59),
(64152, 371, '2015-09-24 09:10:00', 2, 57, 59),
(64153, 375, '2015-09-10 10:50:00', 3, 97, 46),
(64154, 375, '2015-09-17 10:50:00', 3, 97, 46),
(64155, 375, '2015-09-24 10:50:00', 3, 97, 46),
(64156, 374, '2015-09-11 07:30:00', 1, 57, 65),
(64157, 374, '2015-09-18 07:30:00', 1, 57, 65),
(64158, 374, '2015-09-25 07:30:00', 1, 57, 65),
(64159, 374, '2015-09-11 09:10:00', 2, 57, 65),
(64160, 374, '2015-09-18 09:10:00', 2, 57, 65),
(64161, 374, '2015-09-25 09:10:00', 2, 57, 65),
(64162, 375, '2015-09-11 10:50:00', 3, 97, 46),
(64163, 375, '2015-09-18 10:50:00', 3, 97, 46),
(64164, 375, '2015-09-25 10:50:00', 3, 97, 46),
(64165, 374, '2015-09-28 07:30:00', 1, 57, 65),
(64166, 374, '2015-10-05 07:30:00', 1, 57, 65),
(64167, 374, '2015-10-12 07:30:00', 1, 57, 65),
(64168, 374, '2015-09-28 09:10:00', 2, 57, 65),
(64169, 374, '2015-10-05 09:10:00', 2, 57, 65),
(64170, 374, '2015-10-12 09:10:00', 2, 57, 65),
(64171, 375, '2015-09-28 10:50:00', 3, 97, 46),
(64172, 375, '2015-10-05 10:50:00', 3, 97, 46),
(64173, 375, '2015-10-12 10:50:00', 3, 97, 46),
(64174, 371, '2015-09-29 07:30:00', 1, 57, 59),
(64175, 371, '2015-10-06 07:30:00', 1, 57, 59),
(64176, 371, '2015-10-13 07:30:00', 1, 57, 59),
(64177, 371, '2015-09-29 09:10:00', 2, 57, 59),
(64178, 371, '2015-10-06 09:10:00', 2, 57, 59),
(64179, 371, '2015-10-13 09:10:00', 2, 57, 59),
(64180, 375, '2015-09-29 10:50:00', 3, 97, 46),
(64181, 375, '2015-10-06 10:50:00', 3, 97, 46),
(64182, 375, '2015-10-13 10:50:00', 3, 97, 46),
(64183, 374, '2015-09-30 07:30:00', 1, 57, 65),
(64184, 374, '2015-10-07 07:30:00', 1, 57, 65),
(64185, 374, '2015-10-14 07:30:00', 1, 57, 65),
(64186, 374, '2015-09-30 09:10:00', 2, 57, 65),
(64187, 374, '2015-10-07 09:10:00', 2, 57, 65),
(64188, 374, '2015-10-14 09:10:00', 2, 57, 65),
(64189, 375, '2015-09-30 10:50:00', 3, 97, 46),
(64190, 375, '2015-10-07 10:50:00', 3, 97, 46),
(64191, 375, '2015-10-14 10:50:00', 3, 97, 46),
(64192, 371, '2015-10-01 07:30:00', 1, 57, 59),
(64193, 371, '2015-10-08 07:30:00', 1, 57, 59),
(64194, 371, '2015-10-15 07:30:00', 1, 57, 59),
(64195, 371, '2015-10-01 09:10:00', 2, 57, 59),
(64196, 371, '2015-10-08 09:10:00', 2, 57, 59),
(64197, 371, '2015-10-15 09:10:00', 2, 57, 59),
(64198, 375, '2015-10-01 10:50:00', 3, 97, 46),
(64199, 375, '2015-10-08 10:50:00', 3, 97, 46),
(64200, 375, '2015-10-15 10:50:00', 3, 97, 46),
(64201, 371, '2015-10-02 07:30:00', 1, 57, 59),
(64202, 371, '2015-10-09 07:30:00', 1, 57, 59),
(64203, 371, '2015-10-16 07:30:00', 1, 57, 59),
(64204, 371, '2015-10-02 09:10:00', 2, 57, 59),
(64205, 371, '2015-10-09 09:10:00', 2, 57, 59),
(64206, 371, '2015-10-16 09:10:00', 2, 57, 59),
(64207, 375, '2015-10-02 10:50:00', 3, 97, 46),
(64208, 375, '2015-10-09 10:50:00', 3, 97, 46),
(64209, 375, '2015-10-16 10:50:00', 3, 97, 46),
(64210, 373, '2015-11-09 07:30:00', 1, 57, NULL),
(64211, 373, '2015-11-16 07:30:00', 1, 57, NULL),
(64212, 373, '2015-11-23 07:30:00', 1, 57, NULL),
(64213, 373, '2015-11-09 09:10:00', 2, 57, NULL),
(64214, 373, '2015-11-16 09:10:00', 2, 57, NULL),
(64215, 373, '2015-11-23 09:10:00', 2, 57, NULL),
(64216, 372, '2015-11-10 07:30:00', 1, 57, 41),
(64217, 372, '2015-11-17 07:30:00', 1, 57, 41),
(64218, 372, '2015-11-24 07:30:00', 1, 57, 41),
(64219, 372, '2015-11-10 09:10:00', 2, 57, 41),
(64220, 372, '2015-11-17 09:10:00', 2, 57, 41),
(64221, 372, '2015-11-24 09:10:00', 2, 57, 41),
(64222, 373, '2015-11-11 07:30:00', 1, 57, NULL),
(64223, 373, '2015-11-18 07:30:00', 1, 57, NULL),
(64224, 373, '2015-11-25 07:30:00', 1, 57, NULL),
(64225, 373, '2015-11-11 09:10:00', 2, 57, NULL),
(64226, 373, '2015-11-18 09:10:00', 2, 57, NULL),
(64227, 373, '2015-11-25 09:10:00', 2, 57, NULL),
(64228, 372, '2015-11-12 07:30:00', 1, 57, 41),
(64229, 372, '2015-11-19 07:30:00', 1, 57, 41),
(64230, 372, '2015-11-26 07:30:00', 1, 57, 41),
(64231, 372, '2015-11-12 09:10:00', 2, 57, 41),
(64232, 372, '2015-11-19 09:10:00', 2, 57, 41),
(64233, 372, '2015-11-26 09:10:00', 2, 57, 41),
(64234, 373, '2015-11-13 07:30:00', 1, 57, NULL),
(64235, 373, '2015-11-20 07:30:00', 1, 57, NULL),
(64236, 373, '2015-11-27 07:30:00', 1, 57, NULL),
(64237, 373, '2015-11-13 09:10:00', 2, 57, NULL),
(64238, 373, '2015-11-20 09:10:00', 2, 57, NULL),
(64239, 373, '2015-11-27 09:10:00', 2, 57, NULL),
(64240, 373, '2015-11-30 07:30:00', 1, 57, NULL),
(64241, 373, '2015-12-07 07:30:00', 1, 57, NULL),
(64242, 373, '2015-12-14 07:30:00', 1, 57, NULL),
(64243, 373, '2015-11-30 09:10:00', 2, 57, NULL),
(64244, 373, '2015-12-07 09:10:00', 2, 57, NULL),
(64245, 373, '2015-12-14 09:10:00', 2, 57, NULL),
(64246, 372, '2015-12-01 07:30:00', 1, 57, 41),
(64247, 372, '2015-12-08 07:30:00', 1, 57, 41),
(64248, 372, '2015-12-15 07:30:00', 1, 57, 41),
(64249, 372, '2015-12-01 09:10:00', 2, 57, 41),
(64250, 372, '2015-12-08 09:10:00', 2, 57, 41),
(64251, 372, '2015-12-15 09:10:00', 2, 57, 41),
(64252, 373, '2015-12-02 07:30:00', 1, 57, NULL),
(64253, 373, '2015-12-09 07:30:00', 1, 57, NULL),
(64254, 373, '2015-12-16 07:30:00', 1, 57, NULL),
(64255, 373, '2015-12-02 09:10:00', 2, 57, NULL),
(64256, 373, '2015-12-09 09:10:00', 2, 57, NULL),
(64257, 373, '2015-12-16 09:10:00', 2, 57, NULL),
(64258, 372, '2015-12-03 07:30:00', 1, 57, 41),
(64259, 372, '2015-12-10 07:30:00', 1, 57, 41),
(64260, 372, '2015-12-17 07:30:00', 1, 57, 41),
(64261, 372, '2015-12-03 09:10:00', 2, 57, 41),
(64262, 372, '2015-12-10 09:10:00', 2, 57, 41),
(64263, 372, '2015-12-17 09:10:00', 2, 57, 41),
(64264, 372, '2015-12-04 07:30:00', 1, 57, 41),
(64265, 372, '2015-12-11 07:30:00', 1, 57, 41),
(64266, 372, '2015-12-18 07:30:00', 1, 57, 41),
(64267, 372, '2015-12-04 09:10:00', 2, 57, 41),
(64268, 372, '2015-12-11 09:10:00', 2, 57, 41),
(64269, 372, '2015-12-18 09:10:00', 2, 57, 41),
(64270, 384, '2015-09-07 12:50:00', 4, 60, 62),
(64271, 384, '2015-09-14 12:50:00', 4, 60, 62),
(64272, 384, '2015-09-21 12:50:00', 4, 60, 62),
(64273, 384, '2015-09-07 14:30:00', 5, 60, 62),
(64274, 384, '2015-09-14 14:30:00', 5, 60, 62),
(64275, 384, '2015-09-21 14:30:00', 5, 60, 62),
(64276, 383, '2015-09-08 14:30:00', 5, 60, 42),
(64277, 383, '2015-09-15 14:30:00', 5, 60, 42),
(64278, 383, '2015-09-22 14:30:00', 5, 60, 42),
(64279, 383, '2015-09-08 16:10:00', 6, 60, 42),
(64280, 383, '2015-09-15 16:10:00', 6, 60, 42),
(64281, 383, '2015-09-22 16:10:00', 6, 60, 42),
(64282, 384, '2015-09-09 12:50:00', 4, 60, 62),
(64283, 384, '2015-09-16 12:50:00', 4, 60, 62),
(64284, 384, '2015-09-23 12:50:00', 4, 60, 62),
(64285, 384, '2015-09-09 14:30:00', 5, 60, 62),
(64286, 384, '2015-09-16 14:30:00', 5, 60, 62),
(64287, 384, '2015-09-23 14:30:00', 5, 60, 62),
(64288, 383, '2015-09-10 14:30:00', 5, 60, 42),
(64289, 383, '2015-09-17 14:30:00', 5, 60, 42),
(64290, 383, '2015-09-24 14:30:00', 5, 60, 42),
(64291, 383, '2015-09-10 16:10:00', 6, 60, 42),
(64292, 383, '2015-09-17 16:10:00', 6, 60, 42),
(64293, 383, '2015-09-24 16:10:00', 6, 60, 42),
(64294, 384, '2015-09-11 12:50:00', 4, 60, 62),
(64295, 384, '2015-09-18 12:50:00', 4, 60, 62),
(64296, 384, '2015-09-25 12:50:00', 4, 60, 62),
(64297, 384, '2015-09-11 14:30:00', 5, 60, 62),
(64298, 384, '2015-09-18 14:30:00', 5, 60, 62),
(64299, 384, '2015-09-25 14:30:00', 5, 60, 62),
(64300, 384, '2015-09-28 12:50:00', 4, 60, 62),
(64301, 384, '2015-10-05 12:50:00', 4, 60, 62),
(64302, 384, '2015-10-12 12:50:00', 4, 60, 62),
(64303, 384, '2015-09-28 14:30:00', 5, 60, 62),
(64304, 384, '2015-10-05 14:30:00', 5, 60, 62),
(64305, 384, '2015-10-12 14:30:00', 5, 60, 62),
(64306, 383, '2015-09-29 14:30:00', 5, 60, 42),
(64307, 383, '2015-10-06 14:30:00', 5, 60, 42),
(64308, 383, '2015-10-13 14:30:00', 5, 60, 42),
(64309, 383, '2015-09-29 16:10:00', 6, 60, 42),
(64310, 383, '2015-10-06 16:10:00', 6, 60, 42),
(64311, 383, '2015-10-13 16:10:00', 6, 60, 42),
(64312, 384, '2015-09-30 12:50:00', 4, 60, 62),
(64313, 384, '2015-10-07 12:50:00', 4, 60, 62),
(64314, 384, '2015-10-14 12:50:00', 4, 60, 62),
(64315, 384, '2015-09-30 14:30:00', 5, 60, 62),
(64316, 384, '2015-10-07 14:30:00', 5, 60, 62),
(64317, 384, '2015-10-14 14:30:00', 5, 60, 62),
(64318, 383, '2015-10-01 14:30:00', 5, 60, 42),
(64319, 383, '2015-10-08 14:30:00', 5, 60, 42),
(64320, 383, '2015-10-15 14:30:00', 5, 60, 42),
(64321, 383, '2015-10-01 16:10:00', 6, 60, 42),
(64322, 383, '2015-10-08 16:10:00', 6, 60, 42),
(64323, 383, '2015-10-15 16:10:00', 6, 60, 42),
(64324, 383, '2015-10-02 14:30:00', 5, 60, 42),
(64325, 383, '2015-10-09 14:30:00', 5, 60, 42),
(64326, 383, '2015-10-16 14:30:00', 5, 60, 42),
(64327, 383, '2015-10-02 16:10:00', 6, 60, 42),
(64328, 383, '2015-10-09 16:10:00', 6, 60, 42),
(64329, 383, '2015-10-16 16:10:00', 6, 60, 42),
(64330, 385, '2015-11-09 12:50:00', 4, 97, 46),
(64331, 385, '2015-11-16 12:50:00', 4, 97, 46),
(64332, 385, '2015-11-23 12:50:00', 4, 97, 46),
(64333, 381, '2015-11-09 14:30:00', 5, 60, 69),
(64334, 381, '2015-11-16 14:30:00', 5, 60, 69),
(64335, 381, '2015-11-23 14:30:00', 5, 60, 69),
(64336, 381, '2015-11-09 16:10:00', 6, 60, 69),
(64337, 381, '2015-11-16 16:10:00', 6, 60, 69),
(64338, 381, '2015-11-23 16:10:00', 6, 60, 69),
(64339, 385, '2015-11-10 12:50:00', 4, 97, 46),
(64340, 385, '2015-11-17 12:50:00', 4, 97, 46),
(64341, 385, '2015-11-24 12:50:00', 4, 97, 46),
(64342, 382, '2015-11-10 14:30:00', 5, 60, 60),
(64343, 382, '2015-11-17 14:30:00', 5, 60, 60),
(64344, 382, '2015-11-24 14:30:00', 5, 60, 60),
(64345, 382, '2015-11-10 16:10:00', 6, 60, 60),
(64346, 382, '2015-11-17 16:10:00', 6, 60, 60),
(64347, 382, '2015-11-24 16:10:00', 6, 60, 60),
(64348, 385, '2015-11-11 12:50:00', 4, 97, 46),
(64349, 385, '2015-11-18 12:50:00', 4, 97, 46),
(64350, 385, '2015-11-25 12:50:00', 4, 97, 46),
(64351, 381, '2015-11-11 14:30:00', 5, 60, 69),
(64352, 381, '2015-11-18 14:30:00', 5, 60, 69),
(64353, 381, '2015-11-25 14:30:00', 5, 60, 69),
(64354, 381, '2015-11-11 16:10:00', 6, 60, 69),
(64355, 381, '2015-11-18 16:10:00', 6, 60, 69),
(64356, 381, '2015-11-25 16:10:00', 6, 60, 69),
(64357, 385, '2015-11-12 12:50:00', 4, 97, 46),
(64358, 385, '2015-11-19 12:50:00', 4, 97, 46),
(64359, 385, '2015-11-26 12:50:00', 4, 97, 46),
(64360, 382, '2015-11-12 14:30:00', 5, 60, 60),
(64361, 382, '2015-11-19 14:30:00', 5, 60, 60),
(64362, 382, '2015-11-26 14:30:00', 5, 60, 60),
(64363, 382, '2015-11-12 16:10:00', 6, 60, 60),
(64364, 382, '2015-11-19 16:10:00', 6, 60, 60),
(64365, 382, '2015-11-26 16:10:00', 6, 60, 60),
(64366, 385, '2015-11-13 12:50:00', 4, 97, 46),
(64367, 385, '2015-11-20 12:50:00', 4, 97, 46),
(64368, 385, '2015-11-27 12:50:00', 4, 97, 46),
(64369, 381, '2015-11-13 14:30:00', 5, 60, 69),
(64370, 381, '2015-11-20 14:30:00', 5, 60, 69),
(64371, 381, '2015-11-27 14:30:00', 5, 60, 69),
(64372, 381, '2015-11-13 16:10:00', 6, 60, 69),
(64373, 381, '2015-11-20 16:10:00', 6, 60, 69),
(64374, 381, '2015-11-27 16:10:00', 6, 60, 69),
(64375, 385, '2015-11-30 12:50:00', 4, 97, 46),
(64376, 385, '2015-12-07 12:50:00', 4, 97, 46),
(64377, 385, '2015-12-14 12:50:00', 4, 97, 46),
(64378, 381, '2015-11-30 14:30:00', 5, 60, 69),
(64379, 381, '2015-12-07 14:30:00', 5, 60, 69),
(64380, 381, '2015-12-14 14:30:00', 5, 60, 69),
(64381, 381, '2015-11-30 16:10:00', 6, 60, 69),
(64382, 381, '2015-12-07 16:10:00', 6, 60, 69),
(64383, 381, '2015-12-14 16:10:00', 6, 60, 69),
(64384, 385, '2015-12-01 12:50:00', 4, 97, 46),
(64385, 385, '2015-12-08 12:50:00', 4, 97, 46),
(64386, 385, '2015-12-15 12:50:00', 4, 97, 46),
(64387, 382, '2015-12-01 14:30:00', 5, 60, 60),
(64388, 382, '2015-12-08 14:30:00', 5, 60, 60),
(64389, 382, '2015-12-15 14:30:00', 5, 60, 60),
(64390, 382, '2015-12-01 16:10:00', 6, 60, 60),
(64391, 382, '2015-12-08 16:10:00', 6, 60, 60),
(64392, 382, '2015-12-15 16:10:00', 6, 60, 60),
(64393, 385, '2015-12-02 12:50:00', 4, 97, 46),
(64394, 385, '2015-12-09 12:50:00', 4, 97, 46),
(64395, 385, '2015-12-16 12:50:00', 4, 97, 46),
(64396, 381, '2015-12-02 14:30:00', 5, 60, 69),
(64397, 381, '2015-12-09 14:30:00', 5, 60, 69),
(64398, 381, '2015-12-16 14:30:00', 5, 60, 69),
(64399, 381, '2015-12-02 16:10:00', 6, 60, 69),
(64400, 381, '2015-12-09 16:10:00', 6, 60, 69),
(64401, 381, '2015-12-16 16:10:00', 6, 60, 69),
(64402, 385, '2015-12-03 12:50:00', 4, 97, 46),
(64403, 385, '2015-12-10 12:50:00', 4, 97, 46),
(64404, 385, '2015-12-17 12:50:00', 4, 97, 46),
(64405, 382, '2015-12-03 14:30:00', 5, 60, 60),
(64406, 382, '2015-12-10 14:30:00', 5, 60, 60),
(64407, 382, '2015-12-17 14:30:00', 5, 60, 60),
(64408, 382, '2015-12-03 16:10:00', 6, 60, 60),
(64409, 382, '2015-12-10 16:10:00', 6, 60, 60),
(64410, 382, '2015-12-17 16:10:00', 6, 60, 60),
(64411, 385, '2015-12-04 12:50:00', 4, 97, 46),
(64412, 385, '2015-12-11 12:50:00', 4, 97, 46),
(64413, 385, '2015-12-18 12:50:00', 4, 97, 46),
(64414, 382, '2015-12-04 14:30:00', 5, 60, 60),
(64415, 382, '2015-12-11 14:30:00', 5, 60, 60),
(64416, 382, '2015-12-18 14:30:00', 5, 60, 60),
(64417, 382, '2015-12-04 16:10:00', 6, 60, 60),
(64418, 382, '2015-12-11 16:10:00', 6, 60, 60),
(64419, 382, '2015-12-18 16:10:00', 6, 60, 60),
(64420, 388, '2015-09-07 12:50:00', 4, 61, 43),
(64421, 388, '2015-09-14 12:50:00', 4, 61, 43),
(64422, 388, '2015-09-21 12:50:00', 4, 61, 43),
(64423, 388, '2015-09-07 14:30:00', 5, 61, 43),
(64424, 388, '2015-09-14 14:30:00', 5, 61, 43),
(64425, 388, '2015-09-21 14:30:00', 5, 61, 43),
(64426, 389, '2015-09-08 14:30:00', 5, 61, 62),
(64427, 389, '2015-09-15 14:30:00', 5, 61, 62),
(64428, 389, '2015-09-22 14:30:00', 5, 61, 62),
(64429, 389, '2015-09-08 16:10:00', 6, 61, 62),
(64430, 389, '2015-09-15 16:10:00', 6, 61, 62),
(64431, 389, '2015-09-22 16:10:00', 6, 61, 62),
(64432, 388, '2015-09-09 12:50:00', 4, 61, 43),
(64433, 388, '2015-09-16 12:50:00', 4, 61, 43),
(64434, 388, '2015-09-23 12:50:00', 4, 61, 43),
(64435, 388, '2015-09-09 14:30:00', 5, 61, 43),
(64436, 388, '2015-09-16 14:30:00', 5, 61, 43),
(64437, 388, '2015-09-23 14:30:00', 5, 61, 43),
(64438, 389, '2015-09-10 14:30:00', 5, 61, 62),
(64439, 389, '2015-09-17 14:30:00', 5, 61, 62),
(64440, 389, '2015-09-24 14:30:00', 5, 61, 62),
(64441, 389, '2015-09-10 16:10:00', 6, 61, 62),
(64442, 389, '2015-09-17 16:10:00', 6, 61, 62),
(64443, 389, '2015-09-24 16:10:00', 6, 61, 62),
(64444, 388, '2015-09-11 12:50:00', 4, 61, 43),
(64445, 388, '2015-09-18 12:50:00', 4, 61, 43),
(64446, 388, '2015-09-25 12:50:00', 4, 61, 43),
(64447, 388, '2015-09-11 14:30:00', 5, 61, 43),
(64448, 388, '2015-09-18 14:30:00', 5, 61, 43),
(64449, 388, '2015-09-25 14:30:00', 5, 61, 43),
(64450, 388, '2015-09-28 12:50:00', 4, 61, 43),
(64451, 388, '2015-10-05 12:50:00', 4, 61, 43),
(64452, 388, '2015-10-12 12:50:00', 4, 61, 43),
(64453, 388, '2015-09-28 14:30:00', 5, 61, 43),
(64454, 388, '2015-10-05 14:30:00', 5, 61, 43),
(64455, 388, '2015-10-12 14:30:00', 5, 61, 43),
(64456, 389, '2015-09-29 14:30:00', 5, 61, 62),
(64457, 389, '2015-10-06 14:30:00', 5, 61, 62),
(64458, 389, '2015-10-13 14:30:00', 5, 61, 62),
(64459, 389, '2015-09-29 16:10:00', 6, 61, 62),
(64460, 389, '2015-10-06 16:10:00', 6, 61, 62),
(64461, 389, '2015-10-13 16:10:00', 6, 61, 62),
(64462, 388, '2015-09-30 12:50:00', 4, 61, 43),
(64463, 388, '2015-10-07 12:50:00', 4, 61, 43),
(64464, 388, '2015-10-14 12:50:00', 4, 61, 43),
(64465, 388, '2015-09-30 14:30:00', 5, 61, 43),
(64466, 388, '2015-10-07 14:30:00', 5, 61, 43),
(64467, 388, '2015-10-14 14:30:00', 5, 61, 43),
(64468, 389, '2015-10-01 14:30:00', 5, 61, 62),
(64469, 389, '2015-10-08 14:30:00', 5, 61, 62),
(64470, 389, '2015-10-15 14:30:00', 5, 61, 62),
(64471, 389, '2015-10-01 16:10:00', 6, 61, 62),
(64472, 389, '2015-10-08 16:10:00', 6, 61, 62),
(64473, 389, '2015-10-15 16:10:00', 6, 61, 62),
(64474, 389, '2015-10-02 14:30:00', 5, 61, 62),
(64475, 389, '2015-10-09 14:30:00', 5, 61, 62),
(64476, 389, '2015-10-16 14:30:00', 5, 61, 62),
(64477, 389, '2015-10-02 16:10:00', 6, 61, 62),
(64478, 389, '2015-10-09 16:10:00', 6, 61, 62),
(64479, 389, '2015-10-16 16:10:00', 6, 61, 62),
(64480, 387, '2015-11-09 12:50:00', 4, 61, 44),
(64481, 387, '2015-11-16 12:50:00', 4, 61, 44),
(64482, 387, '2015-11-23 12:50:00', 4, 61, 44),
(64483, 387, '2015-11-09 14:30:00', 5, 61, 44),
(64484, 387, '2015-11-16 14:30:00', 5, 61, 44),
(64485, 387, '2015-11-23 14:30:00', 5, 61, 44),
(64486, 390, '2015-11-09 16:10:00', 6, 97, 46),
(64487, 390, '2015-11-16 16:10:00', 6, 97, 46),
(64488, 390, '2015-11-23 16:10:00', 6, 97, 46),
(64489, 386, '2015-11-10 12:50:00', 4, 61, 69),
(64490, 386, '2015-11-17 12:50:00', 4, 61, 69),
(64491, 386, '2015-11-24 12:50:00', 4, 61, 69),
(64492, 386, '2015-11-10 14:30:00', 5, 61, 69),
(64493, 386, '2015-11-17 14:30:00', 5, 61, 69),
(64494, 386, '2015-11-24 14:30:00', 5, 61, 69),
(64495, 390, '2015-11-10 16:10:00', 6, 97, 46),
(64496, 390, '2015-11-17 16:10:00', 6, 97, 46),
(64497, 390, '2015-11-24 16:10:00', 6, 97, 46),
(64498, 387, '2015-11-11 12:50:00', 4, 61, 44),
(64499, 387, '2015-11-18 12:50:00', 4, 61, 44),
(64500, 387, '2015-11-25 12:50:00', 4, 61, 44),
(64501, 387, '2015-11-11 14:30:00', 5, 61, 44),
(64502, 387, '2015-11-18 14:30:00', 5, 61, 44),
(64503, 387, '2015-11-25 14:30:00', 5, 61, 44),
(64504, 390, '2015-11-11 16:10:00', 6, 97, 46),
(64505, 390, '2015-11-18 16:10:00', 6, 97, 46),
(64506, 390, '2015-11-25 16:10:00', 6, 97, 46),
(64507, 386, '2015-11-12 12:50:00', 4, 61, 69),
(64508, 386, '2015-11-19 12:50:00', 4, 61, 69),
(64509, 386, '2015-11-26 12:50:00', 4, 61, 69),
(64510, 386, '2015-11-12 14:30:00', 5, 61, 69),
(64511, 386, '2015-11-19 14:30:00', 5, 61, 69),
(64512, 386, '2015-11-26 14:30:00', 5, 61, 69),
(64513, 390, '2015-11-12 16:10:00', 6, 97, 46),
(64514, 390, '2015-11-19 16:10:00', 6, 97, 46),
(64515, 390, '2015-11-26 16:10:00', 6, 97, 46),
(64516, 387, '2015-11-13 12:50:00', 4, 61, 44),
(64517, 387, '2015-11-20 12:50:00', 4, 61, 44),
(64518, 387, '2015-11-27 12:50:00', 4, 61, 44),
(64519, 387, '2015-11-13 14:30:00', 5, 61, 44),
(64520, 387, '2015-11-20 14:30:00', 5, 61, 44),
(64521, 387, '2015-11-27 14:30:00', 5, 61, 44),
(64522, 390, '2015-11-13 16:10:00', 6, 97, 46),
(64523, 390, '2015-11-20 16:10:00', 6, 97, 46),
(64524, 390, '2015-11-27 16:10:00', 6, 97, 46),
(64525, 387, '2015-11-30 12:50:00', 4, 61, 44),
(64526, 387, '2015-12-07 12:50:00', 4, 61, 44),
(64527, 387, '2015-12-14 12:50:00', 4, 61, 44),
(64528, 387, '2015-11-30 14:30:00', 5, 61, 44),
(64529, 387, '2015-12-07 14:30:00', 5, 61, 44),
(64530, 387, '2015-12-14 14:30:00', 5, 61, 44),
(64531, 390, '2015-11-30 16:10:00', 6, 97, 46),
(64532, 390, '2015-12-07 16:10:00', 6, 97, 46),
(64533, 390, '2015-12-14 16:10:00', 6, 97, 46),
(64534, 386, '2015-12-01 12:50:00', 4, 61, 69),
(64535, 386, '2015-12-08 12:50:00', 4, 61, 69),
(64536, 386, '2015-12-15 12:50:00', 4, 61, 69),
(64537, 386, '2015-12-01 14:30:00', 5, 61, 69),
(64538, 386, '2015-12-08 14:30:00', 5, 61, 69),
(64539, 386, '2015-12-15 14:30:00', 5, 61, 69),
(64540, 390, '2015-12-01 16:10:00', 6, 97, 46),
(64541, 390, '2015-12-08 16:10:00', 6, 97, 46),
(64542, 390, '2015-12-15 16:10:00', 6, 97, 46),
(64543, 387, '2015-12-02 12:50:00', 4, 61, 44),
(64544, 387, '2015-12-09 12:50:00', 4, 61, 44),
(64545, 387, '2015-12-16 12:50:00', 4, 61, 44),
(64546, 387, '2015-12-02 14:30:00', 5, 61, 44),
(64547, 387, '2015-12-09 14:30:00', 5, 61, 44),
(64548, 387, '2015-12-16 14:30:00', 5, 61, 44),
(64549, 390, '2015-12-02 16:10:00', 6, 97, 46),
(64550, 390, '2015-12-09 16:10:00', 6, 97, 46),
(64551, 390, '2015-12-16 16:10:00', 6, 97, 46),
(64552, 386, '2015-12-03 12:50:00', 4, 61, 69),
(64553, 386, '2015-12-10 12:50:00', 4, 61, 69),
(64554, 386, '2015-12-17 12:50:00', 4, 61, 69),
(64555, 386, '2015-12-03 14:30:00', 5, 61, 69),
(64556, 386, '2015-12-10 14:30:00', 5, 61, 69),
(64557, 386, '2015-12-17 14:30:00', 5, 61, 69),
(64558, 390, '2015-12-03 16:10:00', 6, 97, 46),
(64559, 390, '2015-12-10 16:10:00', 6, 97, 46),
(64560, 390, '2015-12-17 16:10:00', 6, 97, 46),
(64561, 386, '2015-12-04 12:50:00', 4, 61, 69),
(64562, 386, '2015-12-11 12:50:00', 4, 61, 69),
(64563, 386, '2015-12-18 12:50:00', 4, 61, 69),
(64564, 386, '2015-12-04 14:30:00', 5, 61, 69),
(64565, 386, '2015-12-11 14:30:00', 5, 61, 69),
(64566, 386, '2015-12-18 14:30:00', 5, 61, 69),
(64567, 390, '2015-12-04 16:10:00', 6, 97, 46),
(64568, 390, '2015-12-11 16:10:00', 6, 97, 46),
(64569, 390, '2015-12-18 16:10:00', 6, 97, 46),
(64570, 394, '2015-09-07 09:10:00', 2, 59, 62),
(64571, 394, '2015-09-14 09:10:00', 2, 59, 62),
(64572, 394, '2015-09-21 09:10:00', 2, 59, 62),
(64573, 394, '2015-09-07 10:50:00', 3, 59, 62),
(64574, 394, '2015-09-14 10:50:00', 3, 59, 62),
(64575, 394, '2015-09-21 10:50:00', 3, 59, 62),
(64576, 393, '2015-09-08 07:30:00', 1, 59, 42),
(64577, 393, '2015-09-15 07:30:00', 1, 59, 42),
(64578, 393, '2015-09-22 07:30:00', 1, 59, 42),
(64579, 393, '2015-09-08 09:10:00', 2, 59, 42),
(64580, 393, '2015-09-15 09:10:00', 2, 59, 42),
(64581, 393, '2015-09-22 09:10:00', 2, 59, 42),
(64582, 394, '2015-09-09 09:10:00', 2, 59, 62),
(64583, 394, '2015-09-16 09:10:00', 2, 59, 62),
(64584, 394, '2015-09-23 09:10:00', 2, 59, 62),
(64585, 394, '2015-09-09 10:50:00', 3, 59, 62),
(64586, 394, '2015-09-16 10:50:00', 3, 59, 62),
(64587, 394, '2015-09-23 10:50:00', 3, 59, 62),
(64588, 393, '2015-09-10 07:30:00', 1, 59, 42),
(64589, 393, '2015-09-17 07:30:00', 1, 59, 42),
(64590, 393, '2015-09-24 07:30:00', 1, 59, 42),
(64591, 393, '2015-09-10 09:10:00', 2, 59, 42),
(64592, 393, '2015-09-17 09:10:00', 2, 59, 42),
(64593, 393, '2015-09-24 09:10:00', 2, 59, 42),
(64594, 394, '2015-09-11 09:10:00', 2, 59, 62),
(64595, 394, '2015-09-18 09:10:00', 2, 59, 62),
(64596, 394, '2015-09-25 09:10:00', 2, 59, 62),
(64597, 394, '2015-09-11 10:50:00', 3, 59, 62),
(64598, 394, '2015-09-18 10:50:00', 3, 59, 62),
(64599, 394, '2015-09-25 10:50:00', 3, 59, 62),
(64600, 394, '2015-09-28 09:10:00', 2, 59, 62),
(64601, 394, '2015-10-05 09:10:00', 2, 59, 62),
(64602, 394, '2015-10-12 09:10:00', 2, 59, 62),
(64603, 394, '2015-09-28 10:50:00', 3, 59, 62),
(64604, 394, '2015-10-05 10:50:00', 3, 59, 62),
(64605, 394, '2015-10-12 10:50:00', 3, 59, 62),
(64606, 393, '2015-09-29 07:30:00', 1, 59, 42),
(64607, 393, '2015-10-06 07:30:00', 1, 59, 42),
(64608, 393, '2015-10-13 07:30:00', 1, 59, 42),
(64609, 393, '2015-09-29 09:10:00', 2, 59, 42),
(64610, 393, '2015-10-06 09:10:00', 2, 59, 42),
(64611, 393, '2015-10-13 09:10:00', 2, 59, 42),
(64612, 394, '2015-09-30 09:10:00', 2, 59, 62),
(64613, 394, '2015-10-07 09:10:00', 2, 59, 62),
(64614, 394, '2015-10-14 09:10:00', 2, 59, 62),
(64615, 394, '2015-09-30 10:50:00', 3, 59, 62),
(64616, 394, '2015-10-07 10:50:00', 3, 59, 62),
(64617, 394, '2015-10-14 10:50:00', 3, 59, 62),
(64618, 393, '2015-10-01 07:30:00', 1, 59, 42),
(64619, 393, '2015-10-08 07:30:00', 1, 59, 42),
(64620, 393, '2015-10-15 07:30:00', 1, 59, 42),
(64621, 393, '2015-10-01 09:10:00', 2, 59, 42),
(64622, 393, '2015-10-08 09:10:00', 2, 59, 42),
(64623, 393, '2015-10-15 09:10:00', 2, 59, 42),
(64624, 393, '2015-10-02 07:30:00', 1, 59, 42),
(64625, 393, '2015-10-09 07:30:00', 1, 59, 42),
(64626, 393, '2015-10-16 07:30:00', 1, 59, 42),
(64627, 393, '2015-10-02 09:10:00', 2, 59, 42),
(64628, 393, '2015-10-09 09:10:00', 2, 59, 42),
(64629, 393, '2015-10-16 09:10:00', 2, 59, 42),
(64630, 392, '2015-11-09 07:30:00', 1, 59, 60),
(64631, 392, '2015-11-16 07:30:00', 1, 59, 60),
(64632, 392, '2015-11-23 07:30:00', 1, 59, 60),
(64633, 392, '2015-11-09 09:10:00', 2, 59, 60),
(64634, 392, '2015-11-16 09:10:00', 2, 59, 60),
(64635, 392, '2015-11-23 09:10:00', 2, 59, 60),
(64636, 395, '2015-11-09 10:50:00', 3, 97, 46),
(64637, 395, '2015-11-16 10:50:00', 3, 97, 46),
(64638, 395, '2015-11-23 10:50:00', 3, 97, 46),
(64639, 391, '2015-11-10 07:30:00', 1, 59, 50),
(64640, 391, '2015-11-17 07:30:00', 1, 59, 50),
(64641, 391, '2015-11-24 07:30:00', 1, 59, 50),
(64642, 391, '2015-11-10 09:10:00', 2, 59, 50),
(64643, 391, '2015-11-17 09:10:00', 2, 59, 50),
(64644, 391, '2015-11-24 09:10:00', 2, 59, 50),
(64645, 395, '2015-11-10 10:50:00', 3, 97, 46),
(64646, 395, '2015-11-17 10:50:00', 3, 97, 46),
(64647, 395, '2015-11-24 10:50:00', 3, 97, 46),
(64648, 392, '2015-11-11 07:30:00', 1, 59, 60),
(64649, 392, '2015-11-18 07:30:00', 1, 59, 60),
(64650, 392, '2015-11-25 07:30:00', 1, 59, 60),
(64651, 392, '2015-11-11 09:10:00', 2, 59, 60),
(64652, 392, '2015-11-18 09:10:00', 2, 59, 60),
(64653, 392, '2015-11-25 09:10:00', 2, 59, 60),
(64654, 395, '2015-11-11 10:50:00', 3, 97, 46),
(64655, 395, '2015-11-18 10:50:00', 3, 97, 46),
(64656, 395, '2015-11-25 10:50:00', 3, 97, 46),
(64657, 391, '2015-11-12 07:30:00', 1, 59, 50),
(64658, 391, '2015-11-19 07:30:00', 1, 59, 50),
(64659, 391, '2015-11-26 07:30:00', 1, 59, 50),
(64660, 391, '2015-11-12 09:10:00', 2, 59, 50),
(64661, 391, '2015-11-19 09:10:00', 2, 59, 50),
(64662, 391, '2015-11-26 09:10:00', 2, 59, 50),
(64663, 395, '2015-11-12 10:50:00', 3, 97, 46),
(64664, 395, '2015-11-19 10:50:00', 3, 97, 46),
(64665, 395, '2015-11-26 10:50:00', 3, 97, 46),
(64666, 392, '2015-11-13 07:30:00', 1, 59, 60),
(64667, 392, '2015-11-20 07:30:00', 1, 59, 60),
(64668, 392, '2015-11-27 07:30:00', 1, 59, 60),
(64669, 392, '2015-11-13 09:10:00', 2, 59, 60),
(64670, 392, '2015-11-20 09:10:00', 2, 59, 60),
(64671, 392, '2015-11-27 09:10:00', 2, 59, 60),
(64672, 395, '2015-11-13 10:50:00', 3, 97, 46),
(64673, 395, '2015-11-20 10:50:00', 3, 97, 46),
(64674, 395, '2015-11-27 10:50:00', 3, 97, 46),
(64675, 392, '2015-11-30 07:30:00', 1, 59, 60),
(64676, 392, '2015-12-07 07:30:00', 1, 59, 60),
(64677, 392, '2015-12-14 07:30:00', 1, 59, 60),
(64678, 392, '2015-11-30 09:10:00', 2, 59, 60),
(64679, 392, '2015-12-07 09:10:00', 2, 59, 60),
(64680, 392, '2015-12-14 09:10:00', 2, 59, 60),
(64681, 395, '2015-11-30 10:50:00', 3, 97, 46),
(64682, 395, '2015-12-07 10:50:00', 3, 97, 46),
(64683, 395, '2015-12-14 10:50:00', 3, 97, 46),
(64684, 391, '2015-12-01 07:30:00', 1, 59, 50),
(64685, 391, '2015-12-08 07:30:00', 1, 59, 50),
(64686, 391, '2015-12-15 07:30:00', 1, 59, 50),
(64687, 391, '2015-12-01 09:10:00', 2, 59, 50),
(64688, 391, '2015-12-08 09:10:00', 2, 59, 50),
(64689, 391, '2015-12-15 09:10:00', 2, 59, 50),
(64690, 395, '2015-12-01 10:50:00', 3, 97, 46),
(64691, 395, '2015-12-08 10:50:00', 3, 97, 46),
(64692, 395, '2015-12-15 10:50:00', 3, 97, 46),
(64693, 392, '2015-12-02 07:30:00', 1, 59, 60),
(64694, 392, '2015-12-09 07:30:00', 1, 59, 60),
(64695, 392, '2015-12-16 07:30:00', 1, 59, 60),
(64696, 392, '2015-12-02 09:10:00', 2, 59, 60),
(64697, 392, '2015-12-09 09:10:00', 2, 59, 60),
(64698, 392, '2015-12-16 09:10:00', 2, 59, 60),
(64699, 395, '2015-12-02 10:50:00', 3, 97, 46),
(64700, 395, '2015-12-09 10:50:00', 3, 97, 46),
(64701, 395, '2015-12-16 10:50:00', 3, 97, 46),
(64702, 391, '2015-12-03 07:30:00', 1, 59, 50),
(64703, 391, '2015-12-10 07:30:00', 1, 59, 50),
(64704, 391, '2015-12-17 07:30:00', 1, 59, 50),
(64705, 391, '2015-12-03 09:10:00', 2, 59, 50),
(64706, 391, '2015-12-10 09:10:00', 2, 59, 50),
(64707, 391, '2015-12-17 09:10:00', 2, 59, 50),
(64708, 395, '2015-12-03 10:50:00', 3, 97, 46),
(64709, 395, '2015-12-10 10:50:00', 3, 97, 46),
(64710, 395, '2015-12-17 10:50:00', 3, 97, 46),
(64711, 391, '2015-12-04 07:30:00', 1, 59, 50),
(64712, 391, '2015-12-11 07:30:00', 1, 59, 50),
(64713, 391, '2015-12-18 07:30:00', 1, 59, 50),
(64714, 391, '2015-12-04 09:10:00', 2, 59, 50),
(64715, 391, '2015-12-11 09:10:00', 2, 59, 50),
(64716, 391, '2015-12-18 09:10:00', 2, 59, 50),
(64717, 395, '2015-12-04 10:50:00', 3, 97, 46),
(64718, 395, '2015-12-11 10:50:00', 3, 97, 46),
(64719, 395, '2015-12-18 10:50:00', 3, 97, 46),
(64720, 404, '2015-09-07 07:30:00', 1, 61, 44),
(64721, 404, '2015-09-14 07:30:00', 1, 61, 44),
(64722, 404, '2015-09-21 07:30:00', 1, 61, 44),
(64723, 404, '2015-09-07 09:10:00', 2, 61, 44),
(64724, 404, '2015-09-14 09:10:00', 2, 61, 44),
(64725, 404, '2015-09-21 09:10:00', 2, 61, 44),
(64726, 403, '2015-09-08 07:30:00', 1, 61, 43),
(64727, 403, '2015-09-15 07:30:00', 1, 61, 43),
(64728, 403, '2015-09-22 07:30:00', 1, 61, 43),
(64729, 403, '2015-09-08 09:10:00', 2, 61, 43),
(64730, 403, '2015-09-15 09:10:00', 2, 61, 43),
(64731, 403, '2015-09-22 09:10:00', 2, 61, 43),
(64732, 404, '2015-09-09 07:30:00', 1, 61, 44),
(64733, 404, '2015-09-16 07:30:00', 1, 61, 44),
(64734, 404, '2015-09-23 07:30:00', 1, 61, 44),
(64735, 404, '2015-09-09 09:10:00', 2, 61, 44),
(64736, 404, '2015-09-16 09:10:00', 2, 61, 44),
(64737, 404, '2015-09-23 09:10:00', 2, 61, 44),
(64738, 403, '2015-09-10 07:30:00', 1, 61, 43),
(64739, 403, '2015-09-17 07:30:00', 1, 61, 43),
(64740, 403, '2015-09-24 07:30:00', 1, 61, 43),
(64741, 403, '2015-09-10 09:10:00', 2, 61, 43),
(64742, 403, '2015-09-17 09:10:00', 2, 61, 43),
(64743, 403, '2015-09-24 09:10:00', 2, 61, 43),
(64744, 404, '2015-09-11 07:30:00', 1, 61, 44),
(64745, 404, '2015-09-18 07:30:00', 1, 61, 44),
(64746, 404, '2015-09-25 07:30:00', 1, 61, 44),
(64747, 404, '2015-09-11 09:10:00', 2, 61, 44),
(64748, 404, '2015-09-18 09:10:00', 2, 61, 44),
(64749, 404, '2015-09-25 09:10:00', 2, 61, 44),
(64750, 404, '2015-09-28 07:30:00', 1, 61, 44),
(64751, 404, '2015-10-05 07:30:00', 1, 61, 44),
(64752, 404, '2015-10-12 07:30:00', 1, 61, 44),
(64753, 404, '2015-09-28 09:10:00', 2, 61, 44),
(64754, 404, '2015-10-05 09:10:00', 2, 61, 44),
(64755, 404, '2015-10-12 09:10:00', 2, 61, 44),
(64756, 403, '2015-09-29 07:30:00', 1, 61, 43),
(64757, 403, '2015-10-06 07:30:00', 1, 61, 43),
(64758, 403, '2015-10-13 07:30:00', 1, 61, 43),
(64759, 403, '2015-09-29 09:10:00', 2, 61, 43),
(64760, 403, '2015-10-06 09:10:00', 2, 61, 43),
(64761, 403, '2015-10-13 09:10:00', 2, 61, 43),
(64762, 404, '2015-09-30 07:30:00', 1, 61, 44),
(64763, 404, '2015-10-07 07:30:00', 1, 61, 44),
(64764, 404, '2015-10-14 07:30:00', 1, 61, 44),
(64765, 404, '2015-09-30 09:10:00', 2, 61, 44),
(64766, 404, '2015-10-07 09:10:00', 2, 61, 44),
(64767, 404, '2015-10-14 09:10:00', 2, 61, 44),
(64768, 403, '2015-10-01 07:30:00', 1, 61, 43),
(64769, 403, '2015-10-08 07:30:00', 1, 61, 43),
(64770, 403, '2015-10-15 07:30:00', 1, 61, 43),
(64771, 403, '2015-10-01 09:10:00', 2, 61, 43),
(64772, 403, '2015-10-08 09:10:00', 2, 61, 43),
(64773, 403, '2015-10-15 09:10:00', 2, 61, 43),
(64774, 403, '2015-10-02 07:30:00', 1, 61, 43),
(64775, 403, '2015-10-09 07:30:00', 1, 61, 43);
INSERT INTO `time_table` (`time_table_id`, `class_course_semester_id`, `date`, `slot`, `room_id`, `teacher_semester_id`) VALUES
(64776, 403, '2015-10-16 07:30:00', 1, 61, 43),
(64777, 403, '2015-10-02 09:10:00', 2, 61, 43),
(64778, 403, '2015-10-09 09:10:00', 2, 61, 43),
(64779, 403, '2015-10-16 09:10:00', 2, 61, 43),
(64780, 405, '2015-11-09 07:30:00', 1, 61, 64),
(64781, 405, '2015-11-16 07:30:00', 1, 61, 64),
(64782, 405, '2015-11-23 07:30:00', 1, 61, 64),
(64783, 401, '2015-11-09 09:10:00', 2, 61, NULL),
(64784, 401, '2015-11-16 09:10:00', 2, 61, NULL),
(64785, 401, '2015-11-23 09:10:00', 2, 61, NULL),
(64786, 401, '2015-11-09 10:50:00', 3, 61, NULL),
(64787, 401, '2015-11-16 10:50:00', 3, 61, NULL),
(64788, 401, '2015-11-23 10:50:00', 3, 61, NULL),
(64789, 405, '2015-11-10 07:30:00', 1, 61, 64),
(64790, 405, '2015-11-17 07:30:00', 1, 61, 64),
(64791, 405, '2015-11-24 07:30:00', 1, 61, 64),
(64792, 402, '2015-11-10 09:10:00', 2, 61, NULL),
(64793, 402, '2015-11-17 09:10:00', 2, 61, NULL),
(64794, 402, '2015-11-24 09:10:00', 2, 61, NULL),
(64795, 402, '2015-11-10 10:50:00', 3, 61, NULL),
(64796, 402, '2015-11-17 10:50:00', 3, 61, NULL),
(64797, 402, '2015-11-24 10:50:00', 3, 61, NULL),
(64798, 405, '2015-11-11 07:30:00', 1, 61, 64),
(64799, 405, '2015-11-18 07:30:00', 1, 61, 64),
(64800, 405, '2015-11-25 07:30:00', 1, 61, 64),
(64801, 401, '2015-11-11 09:10:00', 2, 61, NULL),
(64802, 401, '2015-11-18 09:10:00', 2, 61, NULL),
(64803, 401, '2015-11-25 09:10:00', 2, 61, NULL),
(64804, 401, '2015-11-11 10:50:00', 3, 61, NULL),
(64805, 401, '2015-11-18 10:50:00', 3, 61, NULL),
(64806, 401, '2015-11-25 10:50:00', 3, 61, NULL),
(64807, 405, '2015-11-12 07:30:00', 1, 61, 64),
(64808, 405, '2015-11-19 07:30:00', 1, 61, 64),
(64809, 405, '2015-11-26 07:30:00', 1, 61, 64),
(64810, 402, '2015-11-12 09:10:00', 2, 61, NULL),
(64811, 402, '2015-11-19 09:10:00', 2, 61, NULL),
(64812, 402, '2015-11-26 09:10:00', 2, 61, NULL),
(64813, 402, '2015-11-12 10:50:00', 3, 61, NULL),
(64814, 402, '2015-11-19 10:50:00', 3, 61, NULL),
(64815, 402, '2015-11-26 10:50:00', 3, 61, NULL),
(64816, 405, '2015-11-13 07:30:00', 1, 61, 64),
(64817, 405, '2015-11-20 07:30:00', 1, 61, 64),
(64818, 405, '2015-11-27 07:30:00', 1, 61, 64),
(64819, 401, '2015-11-13 09:10:00', 2, 61, NULL),
(64820, 401, '2015-11-20 09:10:00', 2, 61, NULL),
(64821, 401, '2015-11-27 09:10:00', 2, 61, NULL),
(64822, 401, '2015-11-13 10:50:00', 3, 61, NULL),
(64823, 401, '2015-11-20 10:50:00', 3, 61, NULL),
(64824, 401, '2015-11-27 10:50:00', 3, 61, NULL),
(64825, 405, '2015-11-30 07:30:00', 1, 61, 64),
(64826, 405, '2015-12-07 07:30:00', 1, 61, 64),
(64827, 405, '2015-12-14 07:30:00', 1, 61, 64),
(64828, 401, '2015-11-30 09:10:00', 2, 61, NULL),
(64829, 401, '2015-12-07 09:10:00', 2, 61, NULL),
(64830, 401, '2015-12-14 09:10:00', 2, 61, NULL),
(64831, 401, '2015-11-30 10:50:00', 3, 61, NULL),
(64832, 401, '2015-12-07 10:50:00', 3, 61, NULL),
(64833, 401, '2015-12-14 10:50:00', 3, 61, NULL),
(64834, 405, '2015-12-01 07:30:00', 1, 61, 64),
(64835, 405, '2015-12-08 07:30:00', 1, 61, 64),
(64836, 405, '2015-12-15 07:30:00', 1, 61, 64),
(64837, 402, '2015-12-01 09:10:00', 2, 61, NULL),
(64838, 402, '2015-12-08 09:10:00', 2, 61, NULL),
(64839, 402, '2015-12-15 09:10:00', 2, 61, NULL),
(64840, 402, '2015-12-01 10:50:00', 3, 61, NULL),
(64841, 402, '2015-12-08 10:50:00', 3, 61, NULL),
(64842, 402, '2015-12-15 10:50:00', 3, 61, NULL),
(64843, 405, '2015-12-02 07:30:00', 1, 61, 64),
(64844, 405, '2015-12-09 07:30:00', 1, 61, 64),
(64845, 405, '2015-12-16 07:30:00', 1, 61, 64),
(64846, 401, '2015-12-02 09:10:00', 2, 61, NULL),
(64847, 401, '2015-12-09 09:10:00', 2, 61, NULL),
(64848, 401, '2015-12-16 09:10:00', 2, 61, NULL),
(64849, 401, '2015-12-02 10:50:00', 3, 61, NULL),
(64850, 401, '2015-12-09 10:50:00', 3, 61, NULL),
(64851, 401, '2015-12-16 10:50:00', 3, 61, NULL),
(64852, 405, '2015-12-03 07:30:00', 1, 61, 64),
(64853, 405, '2015-12-10 07:30:00', 1, 61, 64),
(64854, 405, '2015-12-17 07:30:00', 1, 61, 64),
(64855, 402, '2015-12-03 09:10:00', 2, 61, NULL),
(64856, 402, '2015-12-10 09:10:00', 2, 61, NULL),
(64857, 402, '2015-12-17 09:10:00', 2, 61, NULL),
(64858, 402, '2015-12-03 10:50:00', 3, 61, NULL),
(64859, 402, '2015-12-10 10:50:00', 3, 61, NULL),
(64860, 402, '2015-12-17 10:50:00', 3, 61, NULL),
(64861, 405, '2015-12-04 07:30:00', 1, 61, 64),
(64862, 405, '2015-12-11 07:30:00', 1, 61, 64),
(64863, 405, '2015-12-18 07:30:00', 1, 61, 64),
(64864, 402, '2015-12-04 09:10:00', 2, 61, NULL),
(64865, 402, '2015-12-11 09:10:00', 2, 61, NULL),
(64866, 402, '2015-12-18 09:10:00', 2, 61, NULL),
(64867, 402, '2015-12-04 10:50:00', 3, 61, NULL),
(64868, 402, '2015-12-11 10:50:00', 3, 61, NULL),
(64869, 402, '2015-12-18 10:50:00', 3, 61, NULL),
(64870, 408, '2015-09-07 07:30:00', 1, 63, 42),
(64871, 408, '2015-09-14 07:30:00', 1, 63, 42),
(64872, 408, '2015-09-21 07:30:00', 1, 63, 42),
(64873, 408, '2015-09-07 09:10:00', 2, 63, 42),
(64874, 408, '2015-09-14 09:10:00', 2, 63, 42),
(64875, 408, '2015-09-21 09:10:00', 2, 63, 42),
(64876, 409, '2015-09-08 09:10:00', 2, 63, 60),
(64877, 409, '2015-09-15 09:10:00', 2, 63, 60),
(64878, 409, '2015-09-22 09:10:00', 2, 63, 60),
(64879, 409, '2015-09-08 10:50:00', 3, 63, 60),
(64880, 409, '2015-09-15 10:50:00', 3, 63, 60),
(64881, 409, '2015-09-22 10:50:00', 3, 63, 60),
(64882, 408, '2015-09-09 07:30:00', 1, 63, 42),
(64883, 408, '2015-09-16 07:30:00', 1, 63, 42),
(64884, 408, '2015-09-23 07:30:00', 1, 63, 42),
(64885, 408, '2015-09-09 09:10:00', 2, 63, 42),
(64886, 408, '2015-09-16 09:10:00', 2, 63, 42),
(64887, 408, '2015-09-23 09:10:00', 2, 63, 42),
(64888, 409, '2015-09-10 09:10:00', 2, 63, 60),
(64889, 409, '2015-09-17 09:10:00', 2, 63, 60),
(64890, 409, '2015-09-24 09:10:00', 2, 63, 60),
(64891, 409, '2015-09-10 10:50:00', 3, 63, 60),
(64892, 409, '2015-09-17 10:50:00', 3, 63, 60),
(64893, 409, '2015-09-24 10:50:00', 3, 63, 60),
(64894, 408, '2015-09-11 07:30:00', 1, 63, 42),
(64895, 408, '2015-09-18 07:30:00', 1, 63, 42),
(64896, 408, '2015-09-25 07:30:00', 1, 63, 42),
(64897, 408, '2015-09-11 09:10:00', 2, 63, 42),
(64898, 408, '2015-09-18 09:10:00', 2, 63, 42),
(64899, 408, '2015-09-25 09:10:00', 2, 63, 42),
(64900, 408, '2015-09-28 07:30:00', 1, 63, 42),
(64901, 408, '2015-10-05 07:30:00', 1, 63, 42),
(64902, 408, '2015-10-12 07:30:00', 1, 63, 42),
(64903, 408, '2015-09-28 09:10:00', 2, 63, 42),
(64904, 408, '2015-10-05 09:10:00', 2, 63, 42),
(64905, 408, '2015-10-12 09:10:00', 2, 63, 42),
(64906, 409, '2015-09-29 09:10:00', 2, 63, 60),
(64907, 409, '2015-10-06 09:10:00', 2, 63, 60),
(64908, 409, '2015-10-13 09:10:00', 2, 63, 60),
(64909, 409, '2015-09-29 10:50:00', 3, 63, 60),
(64910, 409, '2015-10-06 10:50:00', 3, 63, 60),
(64911, 409, '2015-10-13 10:50:00', 3, 63, 60),
(64912, 408, '2015-09-30 07:30:00', 1, 63, 42),
(64913, 408, '2015-10-07 07:30:00', 1, 63, 42),
(64914, 408, '2015-10-14 07:30:00', 1, 63, 42),
(64915, 408, '2015-09-30 09:10:00', 2, 63, 42),
(64916, 408, '2015-10-07 09:10:00', 2, 63, 42),
(64917, 408, '2015-10-14 09:10:00', 2, 63, 42),
(64918, 409, '2015-10-01 09:10:00', 2, 63, 60),
(64919, 409, '2015-10-08 09:10:00', 2, 63, 60),
(64920, 409, '2015-10-15 09:10:00', 2, 63, 60),
(64921, 409, '2015-10-01 10:50:00', 3, 63, 60),
(64922, 409, '2015-10-08 10:50:00', 3, 63, 60),
(64923, 409, '2015-10-15 10:50:00', 3, 63, 60),
(64924, 409, '2015-10-02 09:10:00', 2, 63, 60),
(64925, 409, '2015-10-09 09:10:00', 2, 63, 60),
(64926, 409, '2015-10-16 09:10:00', 2, 63, 60),
(64927, 409, '2015-10-02 10:50:00', 3, 63, 60),
(64928, 409, '2015-10-09 10:50:00', 3, 63, 60),
(64929, 409, '2015-10-16 10:50:00', 3, 63, 60),
(64930, 406, '2015-11-09 07:30:00', 1, 63, 42),
(64931, 406, '2015-11-16 07:30:00', 1, 63, 42),
(64932, 406, '2015-11-23 07:30:00', 1, 63, 42),
(64933, 406, '2015-11-09 09:10:00', 2, 63, 42),
(64934, 406, '2015-11-16 09:10:00', 2, 63, 42),
(64935, 406, '2015-11-23 09:10:00', 2, 63, 42),
(64936, 410, '2015-11-09 10:50:00', 3, 63, 64),
(64937, 410, '2015-11-16 10:50:00', 3, 63, 64),
(64938, 410, '2015-11-23 10:50:00', 3, 63, 64),
(64939, 407, '2015-11-10 07:30:00', 1, 63, 61),
(64940, 407, '2015-11-17 07:30:00', 1, 63, 61),
(64941, 407, '2015-11-24 07:30:00', 1, 63, 61),
(64942, 407, '2015-11-10 09:10:00', 2, 63, 61),
(64943, 407, '2015-11-17 09:10:00', 2, 63, 61),
(64944, 407, '2015-11-24 09:10:00', 2, 63, 61),
(64945, 410, '2015-11-10 10:50:00', 3, 63, 64),
(64946, 410, '2015-11-17 10:50:00', 3, 63, 64),
(64947, 410, '2015-11-24 10:50:00', 3, 63, 64),
(64948, 406, '2015-11-11 07:30:00', 1, 63, 42),
(64949, 406, '2015-11-18 07:30:00', 1, 63, 42),
(64950, 406, '2015-11-25 07:30:00', 1, 63, 42),
(64951, 406, '2015-11-11 09:10:00', 2, 63, 42),
(64952, 406, '2015-11-18 09:10:00', 2, 63, 42),
(64953, 406, '2015-11-25 09:10:00', 2, 63, 42),
(64954, 410, '2015-11-11 10:50:00', 3, 63, 64),
(64955, 410, '2015-11-18 10:50:00', 3, 63, 64),
(64956, 410, '2015-11-25 10:50:00', 3, 63, 64),
(64957, 407, '2015-11-12 07:30:00', 1, 63, 61),
(64958, 407, '2015-11-19 07:30:00', 1, 63, 61),
(64959, 407, '2015-11-26 07:30:00', 1, 63, 61),
(64960, 407, '2015-11-12 09:10:00', 2, 63, 61),
(64961, 407, '2015-11-19 09:10:00', 2, 63, 61),
(64962, 407, '2015-11-26 09:10:00', 2, 63, 61),
(64963, 410, '2015-11-12 10:50:00', 3, 63, 64),
(64964, 410, '2015-11-19 10:50:00', 3, 63, 64),
(64965, 410, '2015-11-26 10:50:00', 3, 63, 64),
(64966, 406, '2015-11-13 07:30:00', 1, 63, 42),
(64967, 406, '2015-11-20 07:30:00', 1, 63, 42),
(64968, 406, '2015-11-27 07:30:00', 1, 63, 42),
(64969, 406, '2015-11-13 09:10:00', 2, 63, 42),
(64970, 406, '2015-11-20 09:10:00', 2, 63, 42),
(64971, 406, '2015-11-27 09:10:00', 2, 63, 42),
(64972, 410, '2015-11-13 10:50:00', 3, 63, 64),
(64973, 410, '2015-11-20 10:50:00', 3, 63, 64),
(64974, 410, '2015-11-27 10:50:00', 3, 63, 64),
(64975, 406, '2015-11-30 07:30:00', 1, 63, 42),
(64976, 406, '2015-12-07 07:30:00', 1, 63, 42),
(64977, 406, '2015-12-14 07:30:00', 1, 63, 42),
(64978, 406, '2015-11-30 09:10:00', 2, 63, 42),
(64979, 406, '2015-12-07 09:10:00', 2, 63, 42),
(64980, 406, '2015-12-14 09:10:00', 2, 63, 42),
(64981, 410, '2015-11-30 10:50:00', 3, 63, 64),
(64982, 410, '2015-12-07 10:50:00', 3, 63, 64),
(64983, 410, '2015-12-14 10:50:00', 3, 63, 64),
(64984, 407, '2015-12-01 07:30:00', 1, 63, 61),
(64985, 407, '2015-12-08 07:30:00', 1, 63, 61),
(64986, 407, '2015-12-15 07:30:00', 1, 63, 61),
(64987, 407, '2015-12-01 09:10:00', 2, 63, 61),
(64988, 407, '2015-12-08 09:10:00', 2, 63, 61),
(64989, 407, '2015-12-15 09:10:00', 2, 63, 61),
(64990, 410, '2015-12-01 10:50:00', 3, 63, 64),
(64991, 410, '2015-12-08 10:50:00', 3, 63, 64),
(64992, 410, '2015-12-15 10:50:00', 3, 63, 64),
(64993, 406, '2015-12-02 07:30:00', 1, 63, 42),
(64994, 406, '2015-12-09 07:30:00', 1, 63, 42),
(64995, 406, '2015-12-16 07:30:00', 1, 63, 42),
(64996, 406, '2015-12-02 09:10:00', 2, 63, 42),
(64997, 406, '2015-12-09 09:10:00', 2, 63, 42),
(64998, 406, '2015-12-16 09:10:00', 2, 63, 42),
(64999, 410, '2015-12-02 10:50:00', 3, 63, 64),
(65000, 410, '2015-12-09 10:50:00', 3, 63, 64),
(65001, 410, '2015-12-16 10:50:00', 3, 63, 64),
(65002, 407, '2015-12-03 07:30:00', 1, 63, 61),
(65003, 407, '2015-12-10 07:30:00', 1, 63, 61),
(65004, 407, '2015-12-17 07:30:00', 1, 63, 61),
(65005, 407, '2015-12-03 09:10:00', 2, 63, 61),
(65006, 407, '2015-12-10 09:10:00', 2, 63, 61),
(65007, 407, '2015-12-17 09:10:00', 2, 63, 61),
(65008, 410, '2015-12-03 10:50:00', 3, 63, 64),
(65009, 410, '2015-12-10 10:50:00', 3, 63, 64),
(65010, 410, '2015-12-17 10:50:00', 3, 63, 64),
(65011, 407, '2015-12-04 07:30:00', 1, 63, 61),
(65012, 407, '2015-12-11 07:30:00', 1, 63, 61),
(65013, 407, '2015-12-18 07:30:00', 1, 63, 61),
(65014, 407, '2015-12-04 09:10:00', 2, 63, 61),
(65015, 407, '2015-12-11 09:10:00', 2, 63, 61),
(65016, 407, '2015-12-18 09:10:00', 2, 63, 61),
(65017, 410, '2015-12-04 10:50:00', 3, 63, 64),
(65018, 410, '2015-12-11 10:50:00', 3, 63, 64),
(65019, 410, '2015-12-18 10:50:00', 3, 63, 64),
(65020, 414, '2015-09-07 14:30:00', 5, 63, 44),
(65021, 414, '2015-09-14 14:30:00', 5, 63, 44),
(65022, 414, '2015-09-21 14:30:00', 5, 63, 44),
(65023, 414, '2015-09-07 16:10:00', 6, 63, 44),
(65024, 414, '2015-09-14 16:10:00', 6, 63, 44),
(65025, 414, '2015-09-21 16:10:00', 6, 63, 44),
(65026, 413, '2015-09-08 12:50:00', 4, 63, 43),
(65027, 413, '2015-09-15 12:50:00', 4, 63, 43),
(65028, 413, '2015-09-22 12:50:00', 4, 63, 43),
(65029, 413, '2015-09-08 14:30:00', 5, 63, 43),
(65030, 413, '2015-09-15 14:30:00', 5, 63, 43),
(65031, 413, '2015-09-22 14:30:00', 5, 63, 43),
(65032, 414, '2015-09-09 14:30:00', 5, 63, 44),
(65033, 414, '2015-09-16 14:30:00', 5, 63, 44),
(65034, 414, '2015-09-23 14:30:00', 5, 63, 44),
(65035, 414, '2015-09-09 16:10:00', 6, 63, 44),
(65036, 414, '2015-09-16 16:10:00', 6, 63, 44),
(65037, 414, '2015-09-23 16:10:00', 6, 63, 44),
(65038, 413, '2015-09-10 12:50:00', 4, 63, 43),
(65039, 413, '2015-09-17 12:50:00', 4, 63, 43),
(65040, 413, '2015-09-24 12:50:00', 4, 63, 43),
(65041, 413, '2015-09-10 14:30:00', 5, 63, 43),
(65042, 413, '2015-09-17 14:30:00', 5, 63, 43),
(65043, 413, '2015-09-24 14:30:00', 5, 63, 43),
(65044, 414, '2015-09-11 14:30:00', 5, 63, 44),
(65045, 414, '2015-09-18 14:30:00', 5, 63, 44),
(65046, 414, '2015-09-25 14:30:00', 5, 63, 44),
(65047, 414, '2015-09-11 16:10:00', 6, 63, 44),
(65048, 414, '2015-09-18 16:10:00', 6, 63, 44),
(65049, 414, '2015-09-25 16:10:00', 6, 63, 44),
(65050, 414, '2015-09-28 14:30:00', 5, 63, 44),
(65051, 414, '2015-10-05 14:30:00', 5, 63, 44),
(65052, 414, '2015-10-12 14:30:00', 5, 63, 44),
(65053, 414, '2015-09-28 16:10:00', 6, 63, 44),
(65054, 414, '2015-10-05 16:10:00', 6, 63, 44),
(65055, 414, '2015-10-12 16:10:00', 6, 63, 44),
(65056, 413, '2015-09-29 12:50:00', 4, 63, 43),
(65057, 413, '2015-10-06 12:50:00', 4, 63, 43),
(65058, 413, '2015-10-13 12:50:00', 4, 63, 43),
(65059, 413, '2015-09-29 14:30:00', 5, 63, 43),
(65060, 413, '2015-10-06 14:30:00', 5, 63, 43),
(65061, 413, '2015-10-13 14:30:00', 5, 63, 43),
(65062, 414, '2015-09-30 14:30:00', 5, 63, 44),
(65063, 414, '2015-10-07 14:30:00', 5, 63, 44),
(65064, 414, '2015-10-14 14:30:00', 5, 63, 44),
(65065, 414, '2015-09-30 16:10:00', 6, 63, 44),
(65066, 414, '2015-10-07 16:10:00', 6, 63, 44),
(65067, 414, '2015-10-14 16:10:00', 6, 63, 44),
(65068, 413, '2015-10-01 12:50:00', 4, 63, 43),
(65069, 413, '2015-10-08 12:50:00', 4, 63, 43),
(65070, 413, '2015-10-15 12:50:00', 4, 63, 43),
(65071, 413, '2015-10-01 14:30:00', 5, 63, 43),
(65072, 413, '2015-10-08 14:30:00', 5, 63, 43),
(65073, 413, '2015-10-15 14:30:00', 5, 63, 43),
(65074, 413, '2015-10-02 12:50:00', 4, 63, 43),
(65075, 413, '2015-10-09 12:50:00', 4, 63, 43),
(65076, 413, '2015-10-16 12:50:00', 4, 63, 43),
(65077, 413, '2015-10-02 14:30:00', 5, 63, 43),
(65078, 413, '2015-10-09 14:30:00', 5, 63, 43),
(65079, 413, '2015-10-16 14:30:00', 5, 63, 43),
(65080, 412, '2015-11-09 12:50:00', 4, 63, 45),
(65081, 412, '2015-11-16 12:50:00', 4, 63, 45),
(65082, 412, '2015-11-23 12:50:00', 4, 63, 45),
(65083, 412, '2015-11-09 14:30:00', 5, 63, 45),
(65084, 412, '2015-11-16 14:30:00', 5, 63, 45),
(65085, 412, '2015-11-23 14:30:00', 5, 63, 45),
(65086, 415, '2015-11-09 16:10:00', 6, 63, 50),
(65087, 415, '2015-11-16 16:10:00', 6, 63, 50),
(65088, 415, '2015-11-23 16:10:00', 6, 63, 50),
(65089, 411, '2015-11-10 12:50:00', 4, 63, 42),
(65090, 411, '2015-11-17 12:50:00', 4, 63, 42),
(65091, 411, '2015-11-24 12:50:00', 4, 63, 42),
(65092, 411, '2015-11-10 14:30:00', 5, 63, 42),
(65093, 411, '2015-11-17 14:30:00', 5, 63, 42),
(65094, 411, '2015-11-24 14:30:00', 5, 63, 42),
(65095, 415, '2015-11-10 16:10:00', 6, 63, 50),
(65096, 415, '2015-11-17 16:10:00', 6, 63, 50),
(65097, 415, '2015-11-24 16:10:00', 6, 63, 50),
(65098, 412, '2015-11-11 12:50:00', 4, 63, 45),
(65099, 412, '2015-11-18 12:50:00', 4, 63, 45),
(65100, 412, '2015-11-25 12:50:00', 4, 63, 45),
(65101, 412, '2015-11-11 14:30:00', 5, 63, 45),
(65102, 412, '2015-11-18 14:30:00', 5, 63, 45),
(65103, 412, '2015-11-25 14:30:00', 5, 63, 45),
(65104, 415, '2015-11-11 16:10:00', 6, 63, 50),
(65105, 415, '2015-11-18 16:10:00', 6, 63, 50),
(65106, 415, '2015-11-25 16:10:00', 6, 63, 50),
(65107, 411, '2015-11-12 12:50:00', 4, 63, 42),
(65108, 411, '2015-11-19 12:50:00', 4, 63, 42),
(65109, 411, '2015-11-26 12:50:00', 4, 63, 42),
(65110, 411, '2015-11-12 14:30:00', 5, 63, 42),
(65111, 411, '2015-11-19 14:30:00', 5, 63, 42),
(65112, 411, '2015-11-26 14:30:00', 5, 63, 42),
(65113, 415, '2015-11-12 16:10:00', 6, 63, 50),
(65114, 415, '2015-11-19 16:10:00', 6, 63, 50),
(65115, 415, '2015-11-26 16:10:00', 6, 63, 50),
(65116, 412, '2015-11-13 12:50:00', 4, 63, 45),
(65117, 412, '2015-11-20 12:50:00', 4, 63, 45),
(65118, 412, '2015-11-27 12:50:00', 4, 63, 45),
(65119, 412, '2015-11-13 14:30:00', 5, 63, 45),
(65120, 412, '2015-11-20 14:30:00', 5, 63, 45),
(65121, 412, '2015-11-27 14:30:00', 5, 63, 45),
(65122, 415, '2015-11-13 16:10:00', 6, 63, 50),
(65123, 415, '2015-11-20 16:10:00', 6, 63, 50),
(65124, 415, '2015-11-27 16:10:00', 6, 63, 50),
(65125, 412, '2015-11-30 12:50:00', 4, 63, 45),
(65126, 412, '2015-12-07 12:50:00', 4, 63, 45),
(65127, 412, '2015-12-14 12:50:00', 4, 63, 45),
(65128, 412, '2015-11-30 14:30:00', 5, 63, 45),
(65129, 412, '2015-12-07 14:30:00', 5, 63, 45),
(65130, 412, '2015-12-14 14:30:00', 5, 63, 45),
(65131, 415, '2015-11-30 16:10:00', 6, 63, 50),
(65132, 415, '2015-12-07 16:10:00', 6, 63, 50),
(65133, 415, '2015-12-14 16:10:00', 6, 63, 50),
(65134, 411, '2015-12-01 12:50:00', 4, 63, 42),
(65135, 411, '2015-12-08 12:50:00', 4, 63, 42),
(65136, 411, '2015-12-15 12:50:00', 4, 63, 42),
(65137, 411, '2015-12-01 14:30:00', 5, 63, 42),
(65138, 411, '2015-12-08 14:30:00', 5, 63, 42),
(65139, 411, '2015-12-15 14:30:00', 5, 63, 42),
(65140, 415, '2015-12-01 16:10:00', 6, 63, 50),
(65141, 415, '2015-12-08 16:10:00', 6, 63, 50),
(65142, 415, '2015-12-15 16:10:00', 6, 63, 50),
(65143, 412, '2015-12-02 12:50:00', 4, 63, 45),
(65144, 412, '2015-12-09 12:50:00', 4, 63, 45),
(65145, 412, '2015-12-16 12:50:00', 4, 63, 45),
(65146, 412, '2015-12-02 14:30:00', 5, 63, 45),
(65147, 412, '2015-12-09 14:30:00', 5, 63, 45),
(65148, 412, '2015-12-16 14:30:00', 5, 63, 45),
(65149, 415, '2015-12-02 16:10:00', 6, 63, 50),
(65150, 415, '2015-12-09 16:10:00', 6, 63, 50),
(65151, 415, '2015-12-16 16:10:00', 6, 63, 50),
(65152, 411, '2015-12-03 12:50:00', 4, 63, 42),
(65153, 411, '2015-12-10 12:50:00', 4, 63, 42),
(65154, 411, '2015-12-17 12:50:00', 4, 63, 42),
(65155, 411, '2015-12-03 14:30:00', 5, 63, 42),
(65156, 411, '2015-12-10 14:30:00', 5, 63, 42),
(65157, 411, '2015-12-17 14:30:00', 5, 63, 42),
(65158, 415, '2015-12-03 16:10:00', 6, 63, 50),
(65159, 415, '2015-12-10 16:10:00', 6, 63, 50),
(65160, 415, '2015-12-17 16:10:00', 6, 63, 50),
(65161, 411, '2015-12-04 12:50:00', 4, 63, 42),
(65162, 411, '2015-12-11 12:50:00', 4, 63, 42),
(65163, 411, '2015-12-18 12:50:00', 4, 63, 42),
(65164, 411, '2015-12-04 14:30:00', 5, 63, 42),
(65165, 411, '2015-12-11 14:30:00', 5, 63, 42),
(65166, 411, '2015-12-18 14:30:00', 5, 63, 42),
(65167, 415, '2015-12-04 16:10:00', 6, 63, 50),
(65168, 415, '2015-12-11 16:10:00', 6, 63, 50),
(65169, 415, '2015-12-18 16:10:00', 6, 63, 50),
(65170, 420, '2015-09-07 12:50:00', 4, 65, 72),
(65171, 420, '2015-09-14 12:50:00', 4, 65, 72),
(65172, 420, '2015-09-21 12:50:00', 4, 65, 72),
(65173, 418, '2015-09-07 14:30:00', 5, 65, 42),
(65174, 418, '2015-09-14 14:30:00', 5, 65, 42),
(65175, 418, '2015-09-21 14:30:00', 5, 65, 42),
(65176, 418, '2015-09-07 16:10:00', 6, 65, 42),
(65177, 418, '2015-09-14 16:10:00', 6, 65, 42),
(65178, 418, '2015-09-21 16:10:00', 6, 65, 42),
(65179, 420, '2015-09-08 12:50:00', 4, 65, 72),
(65180, 420, '2015-09-15 12:50:00', 4, 65, 72),
(65181, 420, '2015-09-22 12:50:00', 4, 65, 72),
(65182, 419, '2015-09-08 14:30:00', 5, 65, 44),
(65183, 419, '2015-09-15 14:30:00', 5, 65, 44),
(65184, 419, '2015-09-22 14:30:00', 5, 65, 44),
(65185, 419, '2015-09-08 16:10:00', 6, 65, 44),
(65186, 419, '2015-09-15 16:10:00', 6, 65, 44),
(65187, 419, '2015-09-22 16:10:00', 6, 65, 44),
(65188, 420, '2015-09-09 12:50:00', 4, 65, 72),
(65189, 420, '2015-09-16 12:50:00', 4, 65, 72),
(65190, 420, '2015-09-23 12:50:00', 4, 65, 72),
(65191, 418, '2015-09-09 14:30:00', 5, 65, 42),
(65192, 418, '2015-09-16 14:30:00', 5, 65, 42),
(65193, 418, '2015-09-23 14:30:00', 5, 65, 42),
(65194, 418, '2015-09-09 16:10:00', 6, 65, 42),
(65195, 418, '2015-09-16 16:10:00', 6, 65, 42),
(65196, 418, '2015-09-23 16:10:00', 6, 65, 42),
(65197, 420, '2015-09-10 12:50:00', 4, 65, 72),
(65198, 420, '2015-09-17 12:50:00', 4, 65, 72),
(65199, 420, '2015-09-24 12:50:00', 4, 65, 72),
(65200, 419, '2015-09-10 14:30:00', 5, 65, 44),
(65201, 419, '2015-09-17 14:30:00', 5, 65, 44),
(65202, 419, '2015-09-24 14:30:00', 5, 65, 44),
(65203, 419, '2015-09-10 16:10:00', 6, 65, 44),
(65204, 419, '2015-09-17 16:10:00', 6, 65, 44),
(65205, 419, '2015-09-24 16:10:00', 6, 65, 44),
(65206, 420, '2015-09-11 12:50:00', 4, 65, 72),
(65207, 420, '2015-09-18 12:50:00', 4, 65, 72),
(65208, 420, '2015-09-25 12:50:00', 4, 65, 72),
(65209, 418, '2015-09-11 14:30:00', 5, 65, 42),
(65210, 418, '2015-09-18 14:30:00', 5, 65, 42),
(65211, 418, '2015-09-25 14:30:00', 5, 65, 42),
(65212, 418, '2015-09-11 16:10:00', 6, 65, 42),
(65213, 418, '2015-09-18 16:10:00', 6, 65, 42),
(65214, 418, '2015-09-25 16:10:00', 6, 65, 42),
(65215, 420, '2015-09-28 12:50:00', 4, 65, 72),
(65216, 420, '2015-10-05 12:50:00', 4, 65, 72),
(65217, 420, '2015-10-12 12:50:00', 4, 65, 72),
(65218, 418, '2015-09-28 14:30:00', 5, 65, 42),
(65219, 418, '2015-10-05 14:30:00', 5, 65, 42),
(65220, 418, '2015-10-12 14:30:00', 5, 65, 42),
(65221, 418, '2015-09-28 16:10:00', 6, 65, 42),
(65222, 418, '2015-10-05 16:10:00', 6, 65, 42),
(65223, 418, '2015-10-12 16:10:00', 6, 65, 42),
(65224, 420, '2015-09-29 12:50:00', 4, 65, 72),
(65225, 420, '2015-10-06 12:50:00', 4, 65, 72),
(65226, 420, '2015-10-13 12:50:00', 4, 65, 72),
(65227, 419, '2015-09-29 14:30:00', 5, 65, 44),
(65228, 419, '2015-10-06 14:30:00', 5, 65, 44),
(65229, 419, '2015-10-13 14:30:00', 5, 65, 44),
(65230, 419, '2015-09-29 16:10:00', 6, 65, 44),
(65231, 419, '2015-10-06 16:10:00', 6, 65, 44),
(65232, 419, '2015-10-13 16:10:00', 6, 65, 44),
(65233, 420, '2015-09-30 12:50:00', 4, 65, 72),
(65234, 420, '2015-10-07 12:50:00', 4, 65, 72),
(65235, 420, '2015-10-14 12:50:00', 4, 65, 72),
(65236, 418, '2015-09-30 14:30:00', 5, 65, 42),
(65237, 418, '2015-10-07 14:30:00', 5, 65, 42),
(65238, 418, '2015-10-14 14:30:00', 5, 65, 42),
(65239, 418, '2015-09-30 16:10:00', 6, 65, 42),
(65240, 418, '2015-10-07 16:10:00', 6, 65, 42),
(65241, 418, '2015-10-14 16:10:00', 6, 65, 42),
(65242, 420, '2015-10-01 12:50:00', 4, 65, 72),
(65243, 420, '2015-10-08 12:50:00', 4, 65, 72),
(65244, 420, '2015-10-15 12:50:00', 4, 65, 72),
(65245, 419, '2015-10-01 14:30:00', 5, 65, 44),
(65246, 419, '2015-10-08 14:30:00', 5, 65, 44),
(65247, 419, '2015-10-15 14:30:00', 5, 65, 44),
(65248, 419, '2015-10-01 16:10:00', 6, 65, 44),
(65249, 419, '2015-10-08 16:10:00', 6, 65, 44),
(65250, 419, '2015-10-15 16:10:00', 6, 65, 44),
(65251, 420, '2015-10-02 12:50:00', 4, 65, 72),
(65252, 420, '2015-10-09 12:50:00', 4, 65, 72),
(65253, 420, '2015-10-16 12:50:00', 4, 65, 72),
(65254, 419, '2015-10-02 14:30:00', 5, 65, 44),
(65255, 419, '2015-10-09 14:30:00', 5, 65, 44),
(65256, 419, '2015-10-16 14:30:00', 5, 65, 44),
(65257, 419, '2015-10-02 16:10:00', 6, 65, 44),
(65258, 419, '2015-10-09 16:10:00', 6, 65, 44),
(65259, 419, '2015-10-16 16:10:00', 6, 65, 44),
(65260, 417, '2015-11-09 14:30:00', 5, 65, 61),
(65261, 417, '2015-11-16 14:30:00', 5, 65, 61),
(65262, 417, '2015-11-23 14:30:00', 5, 65, 61),
(65263, 417, '2015-11-09 16:10:00', 6, 65, 61),
(65264, 417, '2015-11-16 16:10:00', 6, 65, 61),
(65265, 417, '2015-11-23 16:10:00', 6, 65, 61),
(65266, 416, '2015-11-10 12:50:00', 4, 65, 59),
(65267, 416, '2015-11-17 12:50:00', 4, 65, 59),
(65268, 416, '2015-11-24 12:50:00', 4, 65, 59),
(65269, 416, '2015-11-10 14:30:00', 5, 65, 59),
(65270, 416, '2015-11-17 14:30:00', 5, 65, 59),
(65271, 416, '2015-11-24 14:30:00', 5, 65, 59),
(65272, 417, '2015-11-11 14:30:00', 5, 65, 61),
(65273, 417, '2015-11-18 14:30:00', 5, 65, 61),
(65274, 417, '2015-11-25 14:30:00', 5, 65, 61),
(65275, 417, '2015-11-11 16:10:00', 6, 65, 61),
(65276, 417, '2015-11-18 16:10:00', 6, 65, 61),
(65277, 417, '2015-11-25 16:10:00', 6, 65, 61),
(65278, 416, '2015-11-12 12:50:00', 4, 65, 59),
(65279, 416, '2015-11-19 12:50:00', 4, 65, 59),
(65280, 416, '2015-11-26 12:50:00', 4, 65, 59),
(65281, 416, '2015-11-12 14:30:00', 5, 65, 59),
(65282, 416, '2015-11-19 14:30:00', 5, 65, 59),
(65283, 416, '2015-11-26 14:30:00', 5, 65, 59),
(65284, 417, '2015-11-13 14:30:00', 5, 65, 61),
(65285, 417, '2015-11-20 14:30:00', 5, 65, 61),
(65286, 417, '2015-11-27 14:30:00', 5, 65, 61),
(65287, 417, '2015-11-13 16:10:00', 6, 65, 61),
(65288, 417, '2015-11-20 16:10:00', 6, 65, 61),
(65289, 417, '2015-11-27 16:10:00', 6, 65, 61),
(65290, 417, '2015-11-30 14:30:00', 5, 65, 61),
(65291, 417, '2015-12-07 14:30:00', 5, 65, 61),
(65292, 417, '2015-12-14 14:30:00', 5, 65, 61),
(65293, 417, '2015-11-30 16:10:00', 6, 65, 61),
(65294, 417, '2015-12-07 16:10:00', 6, 65, 61),
(65295, 417, '2015-12-14 16:10:00', 6, 65, 61),
(65296, 416, '2015-12-01 12:50:00', 4, 65, 59),
(65297, 416, '2015-12-08 12:50:00', 4, 65, 59),
(65298, 416, '2015-12-15 12:50:00', 4, 65, 59),
(65299, 416, '2015-12-01 14:30:00', 5, 65, 59),
(65300, 416, '2015-12-08 14:30:00', 5, 65, 59),
(65301, 416, '2015-12-15 14:30:00', 5, 65, 59),
(65302, 417, '2015-12-02 14:30:00', 5, 65, 61),
(65303, 417, '2015-12-09 14:30:00', 5, 65, 61),
(65304, 417, '2015-12-16 14:30:00', 5, 65, 61),
(65305, 417, '2015-12-02 16:10:00', 6, 65, 61),
(65306, 417, '2015-12-09 16:10:00', 6, 65, 61),
(65307, 417, '2015-12-16 16:10:00', 6, 65, 61),
(65308, 416, '2015-12-03 12:50:00', 4, 65, 59),
(65309, 416, '2015-12-10 12:50:00', 4, 65, 59),
(65310, 416, '2015-12-17 12:50:00', 4, 65, 59),
(65311, 416, '2015-12-03 14:30:00', 5, 65, 59),
(65312, 416, '2015-12-10 14:30:00', 5, 65, 59),
(65313, 416, '2015-12-17 14:30:00', 5, 65, 59),
(65314, 416, '2015-12-04 12:50:00', 4, 65, 59),
(65315, 416, '2015-12-11 12:50:00', 4, 65, 59),
(65316, 416, '2015-12-18 12:50:00', 4, 65, 59),
(65317, 416, '2015-12-04 14:30:00', 5, 65, 59),
(65318, 416, '2015-12-11 14:30:00', 5, 65, 59),
(65319, 416, '2015-12-18 14:30:00', 5, 65, 59),
(65320, 423, '2015-09-07 07:30:00', 1, 65, 43),
(65321, 423, '2015-09-14 07:30:00', 1, 65, 43),
(65322, 423, '2015-09-21 07:30:00', 1, 65, 43),
(65323, 423, '2015-09-07 09:10:00', 2, 65, 43),
(65324, 423, '2015-09-14 09:10:00', 2, 65, 43),
(65325, 423, '2015-09-21 09:10:00', 2, 65, 43),
(65326, 425, '2015-09-07 10:50:00', 3, 65, 50),
(65327, 425, '2015-09-14 10:50:00', 3, 65, 50),
(65328, 425, '2015-09-21 10:50:00', 3, 65, 50),
(65329, 424, '2015-09-08 07:30:00', 1, 65, 44),
(65330, 424, '2015-09-15 07:30:00', 1, 65, 44),
(65331, 424, '2015-09-22 07:30:00', 1, 65, 44),
(65332, 424, '2015-09-08 09:10:00', 2, 65, 44),
(65333, 424, '2015-09-15 09:10:00', 2, 65, 44),
(65334, 424, '2015-09-22 09:10:00', 2, 65, 44),
(65335, 425, '2015-09-08 10:50:00', 3, 65, 50),
(65336, 425, '2015-09-15 10:50:00', 3, 65, 50),
(65337, 425, '2015-09-22 10:50:00', 3, 65, 50),
(65338, 423, '2015-09-09 07:30:00', 1, 65, 43),
(65339, 423, '2015-09-16 07:30:00', 1, 65, 43),
(65340, 423, '2015-09-23 07:30:00', 1, 65, 43),
(65341, 423, '2015-09-09 09:10:00', 2, 65, 43),
(65342, 423, '2015-09-16 09:10:00', 2, 65, 43),
(65343, 423, '2015-09-23 09:10:00', 2, 65, 43),
(65344, 425, '2015-09-09 10:50:00', 3, 65, 50),
(65345, 425, '2015-09-16 10:50:00', 3, 65, 50),
(65346, 425, '2015-09-23 10:50:00', 3, 65, 50),
(65347, 424, '2015-09-10 07:30:00', 1, 65, 44),
(65348, 424, '2015-09-17 07:30:00', 1, 65, 44),
(65349, 424, '2015-09-24 07:30:00', 1, 65, 44),
(65350, 424, '2015-09-10 09:10:00', 2, 65, 44),
(65351, 424, '2015-09-17 09:10:00', 2, 65, 44),
(65352, 424, '2015-09-24 09:10:00', 2, 65, 44),
(65353, 425, '2015-09-10 10:50:00', 3, 65, 50),
(65354, 425, '2015-09-17 10:50:00', 3, 65, 50),
(65355, 425, '2015-09-24 10:50:00', 3, 65, 50),
(65356, 423, '2015-09-11 07:30:00', 1, 65, 43),
(65357, 423, '2015-09-18 07:30:00', 1, 65, 43),
(65358, 423, '2015-09-25 07:30:00', 1, 65, 43),
(65359, 423, '2015-09-11 09:10:00', 2, 65, 43),
(65360, 423, '2015-09-18 09:10:00', 2, 65, 43),
(65361, 423, '2015-09-25 09:10:00', 2, 65, 43),
(65362, 425, '2015-09-11 10:50:00', 3, 65, 50),
(65363, 425, '2015-09-18 10:50:00', 3, 65, 50),
(65364, 425, '2015-09-25 10:50:00', 3, 65, 50),
(65365, 423, '2015-09-28 07:30:00', 1, 65, 43),
(65366, 423, '2015-10-05 07:30:00', 1, 65, 43),
(65367, 423, '2015-10-12 07:30:00', 1, 65, 43),
(65368, 423, '2015-09-28 09:10:00', 2, 65, 43),
(65369, 423, '2015-10-05 09:10:00', 2, 65, 43),
(65370, 423, '2015-10-12 09:10:00', 2, 65, 43),
(65371, 425, '2015-09-28 10:50:00', 3, 65, 50),
(65372, 425, '2015-10-05 10:50:00', 3, 65, 50),
(65373, 425, '2015-10-12 10:50:00', 3, 65, 50),
(65374, 424, '2015-09-29 07:30:00', 1, 65, 44),
(65375, 424, '2015-10-06 07:30:00', 1, 65, 44),
(65376, 424, '2015-10-13 07:30:00', 1, 65, 44),
(65377, 424, '2015-09-29 09:10:00', 2, 65, 44),
(65378, 424, '2015-10-06 09:10:00', 2, 65, 44),
(65379, 424, '2015-10-13 09:10:00', 2, 65, 44),
(65380, 425, '2015-09-29 10:50:00', 3, 65, 50),
(65381, 425, '2015-10-06 10:50:00', 3, 65, 50),
(65382, 425, '2015-10-13 10:50:00', 3, 65, 50),
(65383, 423, '2015-09-30 07:30:00', 1, 65, 43),
(65384, 423, '2015-10-07 07:30:00', 1, 65, 43),
(65385, 423, '2015-10-14 07:30:00', 1, 65, 43),
(65386, 423, '2015-09-30 09:10:00', 2, 65, 43),
(65387, 423, '2015-10-07 09:10:00', 2, 65, 43),
(65388, 423, '2015-10-14 09:10:00', 2, 65, 43),
(65389, 425, '2015-09-30 10:50:00', 3, 65, 50),
(65390, 425, '2015-10-07 10:50:00', 3, 65, 50),
(65391, 425, '2015-10-14 10:50:00', 3, 65, 50),
(65392, 424, '2015-10-01 07:30:00', 1, 65, 44),
(65393, 424, '2015-10-08 07:30:00', 1, 65, 44),
(65394, 424, '2015-10-15 07:30:00', 1, 65, 44),
(65395, 424, '2015-10-01 09:10:00', 2, 65, 44),
(65396, 424, '2015-10-08 09:10:00', 2, 65, 44),
(65397, 424, '2015-10-15 09:10:00', 2, 65, 44),
(65398, 425, '2015-10-01 10:50:00', 3, 65, 50),
(65399, 425, '2015-10-08 10:50:00', 3, 65, 50),
(65400, 425, '2015-10-15 10:50:00', 3, 65, 50),
(65401, 424, '2015-10-02 07:30:00', 1, 65, 44),
(65402, 424, '2015-10-09 07:30:00', 1, 65, 44),
(65403, 424, '2015-10-16 07:30:00', 1, 65, 44),
(65404, 424, '2015-10-02 09:10:00', 2, 65, 44),
(65405, 424, '2015-10-09 09:10:00', 2, 65, 44),
(65406, 424, '2015-10-16 09:10:00', 2, 65, 44),
(65407, 425, '2015-10-02 10:50:00', 3, 65, 50),
(65408, 425, '2015-10-09 10:50:00', 3, 65, 50),
(65409, 425, '2015-10-16 10:50:00', 3, 65, 50),
(65410, 421, '2015-11-09 09:10:00', 2, 65, 59),
(65411, 421, '2015-11-16 09:10:00', 2, 65, 59),
(65412, 421, '2015-11-23 09:10:00', 2, 65, 59),
(65413, 421, '2015-11-09 10:50:00', 3, 65, 59),
(65414, 421, '2015-11-16 10:50:00', 3, 65, 59),
(65415, 421, '2015-11-23 10:50:00', 3, 65, 59),
(65416, 422, '2015-11-10 09:10:00', 2, 65, 45),
(65417, 422, '2015-11-17 09:10:00', 2, 65, 45),
(65418, 422, '2015-11-24 09:10:00', 2, 65, 45),
(65419, 422, '2015-11-10 10:50:00', 3, 65, 45),
(65420, 422, '2015-11-17 10:50:00', 3, 65, 45),
(65421, 422, '2015-11-24 10:50:00', 3, 65, 45),
(65422, 421, '2015-11-11 09:10:00', 2, 65, 59),
(65423, 421, '2015-11-18 09:10:00', 2, 65, 59),
(65424, 421, '2015-11-25 09:10:00', 2, 65, 59),
(65425, 421, '2015-11-11 10:50:00', 3, 65, 59),
(65426, 421, '2015-11-18 10:50:00', 3, 65, 59),
(65427, 421, '2015-11-25 10:50:00', 3, 65, 59),
(65428, 422, '2015-11-12 09:10:00', 2, 65, 45),
(65429, 422, '2015-11-19 09:10:00', 2, 65, 45),
(65430, 422, '2015-11-26 09:10:00', 2, 65, 45),
(65431, 422, '2015-11-12 10:50:00', 3, 65, 45),
(65432, 422, '2015-11-19 10:50:00', 3, 65, 45),
(65433, 422, '2015-11-26 10:50:00', 3, 65, 45),
(65434, 421, '2015-11-13 09:10:00', 2, 65, 59),
(65435, 421, '2015-11-20 09:10:00', 2, 65, 59),
(65436, 421, '2015-11-27 09:10:00', 2, 65, 59),
(65437, 421, '2015-11-13 10:50:00', 3, 65, 59),
(65438, 421, '2015-11-20 10:50:00', 3, 65, 59),
(65439, 421, '2015-11-27 10:50:00', 3, 65, 59),
(65440, 421, '2015-11-30 09:10:00', 2, 65, 59),
(65441, 421, '2015-12-07 09:10:00', 2, 65, 59),
(65442, 421, '2015-12-14 09:10:00', 2, 65, 59),
(65443, 421, '2015-11-30 10:50:00', 3, 65, 59),
(65444, 421, '2015-12-07 10:50:00', 3, 65, 59),
(65445, 421, '2015-12-14 10:50:00', 3, 65, 59),
(65446, 422, '2015-12-01 09:10:00', 2, 65, 45),
(65447, 422, '2015-12-08 09:10:00', 2, 65, 45),
(65448, 422, '2015-12-15 09:10:00', 2, 65, 45),
(65449, 422, '2015-12-01 10:50:00', 3, 65, 45),
(65450, 422, '2015-12-08 10:50:00', 3, 65, 45),
(65451, 422, '2015-12-15 10:50:00', 3, 65, 45),
(65452, 421, '2015-12-02 09:10:00', 2, 65, 59),
(65453, 421, '2015-12-09 09:10:00', 2, 65, 59),
(65454, 421, '2015-12-16 09:10:00', 2, 65, 59),
(65455, 421, '2015-12-02 10:50:00', 3, 65, 59),
(65456, 421, '2015-12-09 10:50:00', 3, 65, 59),
(65457, 421, '2015-12-16 10:50:00', 3, 65, 59),
(65458, 422, '2015-12-03 09:10:00', 2, 65, 45),
(65459, 422, '2015-12-10 09:10:00', 2, 65, 45),
(65460, 422, '2015-12-17 09:10:00', 2, 65, 45),
(65461, 422, '2015-12-03 10:50:00', 3, 65, 45),
(65462, 422, '2015-12-10 10:50:00', 3, 65, 45),
(65463, 422, '2015-12-17 10:50:00', 3, 65, 45),
(65464, 422, '2015-12-04 09:10:00', 2, 65, 45),
(65465, 422, '2015-12-11 09:10:00', 2, 65, 45),
(65466, 422, '2015-12-18 09:10:00', 2, 65, 45),
(65467, 422, '2015-12-04 10:50:00', 3, 65, 45),
(65468, 422, '2015-12-11 10:50:00', 3, 65, 45),
(65469, 422, '2015-12-18 10:50:00', 3, 65, 45),
(65470, 430, '2015-09-07 07:30:00', 1, 67, 49),
(65471, 430, '2015-09-14 07:30:00', 1, 67, 49),
(65472, 430, '2015-09-21 07:30:00', 1, 67, 49),
(65473, 429, '2015-09-07 09:10:00', 2, 67, 60),
(65474, 429, '2015-09-14 09:10:00', 2, 67, 60),
(65475, 429, '2015-09-21 09:10:00', 2, 67, 60),
(65476, 429, '2015-09-07 10:50:00', 3, 67, 60),
(65477, 429, '2015-09-14 10:50:00', 3, 67, 60),
(65478, 429, '2015-09-21 10:50:00', 3, 67, 60),
(65479, 430, '2015-09-08 07:30:00', 1, 67, 49),
(65480, 430, '2015-09-15 07:30:00', 1, 67, 49),
(65481, 430, '2015-09-22 07:30:00', 1, 67, 49),
(65482, 428, '2015-09-08 09:10:00', 2, 67, NULL),
(65483, 428, '2015-09-15 09:10:00', 2, 67, NULL),
(65484, 428, '2015-09-22 09:10:00', 2, 67, NULL),
(65485, 428, '2015-09-08 10:50:00', 3, 67, NULL),
(65486, 428, '2015-09-15 10:50:00', 3, 67, NULL),
(65487, 428, '2015-09-22 10:50:00', 3, 67, NULL),
(65488, 430, '2015-09-09 07:30:00', 1, 67, 49),
(65489, 430, '2015-09-16 07:30:00', 1, 67, 49),
(65490, 430, '2015-09-23 07:30:00', 1, 67, 49),
(65491, 429, '2015-09-09 09:10:00', 2, 67, 60),
(65492, 429, '2015-09-16 09:10:00', 2, 67, 60),
(65493, 429, '2015-09-23 09:10:00', 2, 67, 60),
(65494, 429, '2015-09-09 10:50:00', 3, 67, 60),
(65495, 429, '2015-09-16 10:50:00', 3, 67, 60),
(65496, 429, '2015-09-23 10:50:00', 3, 67, 60),
(65497, 430, '2015-09-10 07:30:00', 1, 67, 49),
(65498, 430, '2015-09-17 07:30:00', 1, 67, 49),
(65499, 430, '2015-09-24 07:30:00', 1, 67, 49),
(65500, 428, '2015-09-10 09:10:00', 2, 67, NULL),
(65501, 428, '2015-09-17 09:10:00', 2, 67, NULL),
(65502, 428, '2015-09-24 09:10:00', 2, 67, NULL),
(65503, 428, '2015-09-10 10:50:00', 3, 67, NULL),
(65504, 428, '2015-09-17 10:50:00', 3, 67, NULL),
(65505, 428, '2015-09-24 10:50:00', 3, 67, NULL),
(65506, 430, '2015-09-11 07:30:00', 1, 67, 49),
(65507, 430, '2015-09-18 07:30:00', 1, 67, 49),
(65508, 430, '2015-09-25 07:30:00', 1, 67, 49),
(65509, 429, '2015-09-11 09:10:00', 2, 67, 60),
(65510, 429, '2015-09-18 09:10:00', 2, 67, 60),
(65511, 429, '2015-09-25 09:10:00', 2, 67, 60),
(65512, 429, '2015-09-11 10:50:00', 3, 67, 60),
(65513, 429, '2015-09-18 10:50:00', 3, 67, 60),
(65514, 429, '2015-09-25 10:50:00', 3, 67, 60),
(65515, 430, '2015-09-28 07:30:00', 1, 67, 49),
(65516, 430, '2015-10-05 07:30:00', 1, 67, 49),
(65517, 430, '2015-10-12 07:30:00', 1, 67, 49),
(65518, 429, '2015-09-28 09:10:00', 2, 67, 60),
(65519, 429, '2015-10-05 09:10:00', 2, 67, 60),
(65520, 429, '2015-10-12 09:10:00', 2, 67, 60),
(65521, 429, '2015-09-28 10:50:00', 3, 67, 60),
(65522, 429, '2015-10-05 10:50:00', 3, 67, 60),
(65523, 429, '2015-10-12 10:50:00', 3, 67, 60),
(65524, 430, '2015-09-29 07:30:00', 1, 67, 49),
(65525, 430, '2015-10-06 07:30:00', 1, 67, 49),
(65526, 430, '2015-10-13 07:30:00', 1, 67, 49),
(65527, 428, '2015-09-29 09:10:00', 2, 67, NULL),
(65528, 428, '2015-10-06 09:10:00', 2, 67, NULL),
(65529, 428, '2015-10-13 09:10:00', 2, 67, NULL),
(65530, 428, '2015-09-29 10:50:00', 3, 67, NULL),
(65531, 428, '2015-10-06 10:50:00', 3, 67, NULL),
(65532, 428, '2015-10-13 10:50:00', 3, 67, NULL),
(65533, 430, '2015-09-30 07:30:00', 1, 67, 49),
(65534, 430, '2015-10-07 07:30:00', 1, 67, 49),
(65535, 430, '2015-10-14 07:30:00', 1, 67, 49),
(65536, 429, '2015-09-30 09:10:00', 2, 67, 60),
(65537, 429, '2015-10-07 09:10:00', 2, 67, 60),
(65538, 429, '2015-10-14 09:10:00', 2, 67, 60),
(65539, 429, '2015-09-30 10:50:00', 3, 67, 60),
(65540, 429, '2015-10-07 10:50:00', 3, 67, 60),
(65541, 429, '2015-10-14 10:50:00', 3, 67, 60),
(65542, 430, '2015-10-01 07:30:00', 1, 67, 49),
(65543, 430, '2015-10-08 07:30:00', 1, 67, 49),
(65544, 430, '2015-10-15 07:30:00', 1, 67, 49),
(65545, 428, '2015-10-01 09:10:00', 2, 67, NULL),
(65546, 428, '2015-10-08 09:10:00', 2, 67, NULL),
(65547, 428, '2015-10-15 09:10:00', 2, 67, NULL),
(65548, 428, '2015-10-01 10:50:00', 3, 67, NULL),
(65549, 428, '2015-10-08 10:50:00', 3, 67, NULL),
(65550, 428, '2015-10-15 10:50:00', 3, 67, NULL),
(65551, 430, '2015-10-02 07:30:00', 1, 67, 49),
(65552, 430, '2015-10-09 07:30:00', 1, 67, 49),
(65553, 430, '2015-10-16 07:30:00', 1, 67, 49),
(65554, 428, '2015-10-02 09:10:00', 2, 67, NULL),
(65555, 428, '2015-10-09 09:10:00', 2, 67, NULL),
(65556, 428, '2015-10-16 09:10:00', 2, 67, NULL),
(65557, 428, '2015-10-02 10:50:00', 3, 67, NULL),
(65558, 428, '2015-10-09 10:50:00', 3, 67, NULL),
(65559, 428, '2015-10-16 10:50:00', 3, 67, NULL),
(65560, 426, '2015-11-09 07:30:00', 1, 67, 43),
(65561, 426, '2015-11-16 07:30:00', 1, 67, 43),
(65562, 426, '2015-11-23 07:30:00', 1, 67, 43),
(65563, 426, '2015-11-09 09:10:00', 2, 67, 43),
(65564, 426, '2015-11-16 09:10:00', 2, 67, 43),
(65565, 426, '2015-11-23 09:10:00', 2, 67, 43),
(65566, 427, '2015-11-10 07:30:00', 1, 67, 59),
(65567, 427, '2015-11-17 07:30:00', 1, 67, 59),
(65568, 427, '2015-11-24 07:30:00', 1, 67, 59),
(65569, 427, '2015-11-10 09:10:00', 2, 67, 59),
(65570, 427, '2015-11-17 09:10:00', 2, 67, 59),
(65571, 427, '2015-11-24 09:10:00', 2, 67, 59),
(65572, 426, '2015-11-11 07:30:00', 1, 67, 43),
(65573, 426, '2015-11-18 07:30:00', 1, 67, 43),
(65574, 426, '2015-11-25 07:30:00', 1, 67, 43),
(65575, 426, '2015-11-11 09:10:00', 2, 67, 43),
(65576, 426, '2015-11-18 09:10:00', 2, 67, 43),
(65577, 426, '2015-11-25 09:10:00', 2, 67, 43),
(65578, 427, '2015-11-12 07:30:00', 1, 67, 59),
(65579, 427, '2015-11-19 07:30:00', 1, 67, 59),
(65580, 427, '2015-11-26 07:30:00', 1, 67, 59),
(65581, 427, '2015-11-12 09:10:00', 2, 67, 59),
(65582, 427, '2015-11-19 09:10:00', 2, 67, 59),
(65583, 427, '2015-11-26 09:10:00', 2, 67, 59),
(65584, 426, '2015-11-13 07:30:00', 1, 67, 43),
(65585, 426, '2015-11-20 07:30:00', 1, 67, 43),
(65586, 426, '2015-11-27 07:30:00', 1, 67, 43),
(65587, 426, '2015-11-13 09:10:00', 2, 67, 43),
(65588, 426, '2015-11-20 09:10:00', 2, 67, 43),
(65589, 426, '2015-11-27 09:10:00', 2, 67, 43),
(65590, 426, '2015-11-30 07:30:00', 1, 67, 43),
(65591, 426, '2015-12-07 07:30:00', 1, 67, 43),
(65592, 426, '2015-12-14 07:30:00', 1, 67, 43),
(65593, 426, '2015-11-30 09:10:00', 2, 67, 43),
(65594, 426, '2015-12-07 09:10:00', 2, 67, 43),
(65595, 426, '2015-12-14 09:10:00', 2, 67, 43),
(65596, 427, '2015-12-01 07:30:00', 1, 67, 59),
(65597, 427, '2015-12-08 07:30:00', 1, 67, 59),
(65598, 427, '2015-12-15 07:30:00', 1, 67, 59),
(65599, 427, '2015-12-01 09:10:00', 2, 67, 59),
(65600, 427, '2015-12-08 09:10:00', 2, 67, 59),
(65601, 427, '2015-12-15 09:10:00', 2, 67, 59),
(65602, 426, '2015-12-02 07:30:00', 1, 67, 43),
(65603, 426, '2015-12-09 07:30:00', 1, 67, 43),
(65604, 426, '2015-12-16 07:30:00', 1, 67, 43),
(65605, 426, '2015-12-02 09:10:00', 2, 67, 43),
(65606, 426, '2015-12-09 09:10:00', 2, 67, 43),
(65607, 426, '2015-12-16 09:10:00', 2, 67, 43),
(65608, 427, '2015-12-03 07:30:00', 1, 67, 59),
(65609, 427, '2015-12-10 07:30:00', 1, 67, 59),
(65610, 427, '2015-12-17 07:30:00', 1, 67, 59),
(65611, 427, '2015-12-03 09:10:00', 2, 67, 59),
(65612, 427, '2015-12-10 09:10:00', 2, 67, 59),
(65613, 427, '2015-12-17 09:10:00', 2, 67, 59),
(65614, 427, '2015-12-04 07:30:00', 1, 67, 59),
(65615, 427, '2015-12-11 07:30:00', 1, 67, 59),
(65616, 427, '2015-12-18 07:30:00', 1, 67, 59),
(65617, 427, '2015-12-04 09:10:00', 2, 67, 59),
(65618, 427, '2015-12-11 09:10:00', 2, 67, 59),
(65619, 427, '2015-12-18 09:10:00', 2, 67, 59),
(65620, 434, '2015-09-07 12:50:00', 4, 67, 60),
(65621, 434, '2015-09-14 12:50:00', 4, 67, 60),
(65622, 434, '2015-09-21 12:50:00', 4, 67, 60),
(65623, 434, '2015-09-07 14:30:00', 5, 67, 60),
(65624, 434, '2015-09-14 14:30:00', 5, 67, 60),
(65625, 434, '2015-09-21 14:30:00', 5, 67, 60),
(65626, 435, '2015-09-07 16:10:00', 6, 67, 49),
(65627, 435, '2015-09-14 16:10:00', 6, 67, 49),
(65628, 435, '2015-09-21 16:10:00', 6, 67, 49),
(65629, 433, '2015-09-08 12:50:00', 4, 67, 55),
(65630, 433, '2015-09-15 12:50:00', 4, 67, 55),
(65631, 433, '2015-09-22 12:50:00', 4, 67, 55),
(65632, 433, '2015-09-08 14:30:00', 5, 67, 55),
(65633, 433, '2015-09-15 14:30:00', 5, 67, 55),
(65634, 433, '2015-09-22 14:30:00', 5, 67, 55),
(65635, 435, '2015-09-08 16:10:00', 6, 67, 49),
(65636, 435, '2015-09-15 16:10:00', 6, 67, 49),
(65637, 435, '2015-09-22 16:10:00', 6, 67, 49),
(65638, 434, '2015-09-09 12:50:00', 4, 67, 60),
(65639, 434, '2015-09-16 12:50:00', 4, 67, 60),
(65640, 434, '2015-09-23 12:50:00', 4, 67, 60),
(65641, 434, '2015-09-09 14:30:00', 5, 67, 60),
(65642, 434, '2015-09-16 14:30:00', 5, 67, 60),
(65643, 434, '2015-09-23 14:30:00', 5, 67, 60),
(65644, 435, '2015-09-09 16:10:00', 6, 67, 49),
(65645, 435, '2015-09-16 16:10:00', 6, 67, 49),
(65646, 435, '2015-09-23 16:10:00', 6, 67, 49),
(65647, 433, '2015-09-10 12:50:00', 4, 67, 55),
(65648, 433, '2015-09-17 12:50:00', 4, 67, 55),
(65649, 433, '2015-09-24 12:50:00', 4, 67, 55),
(65650, 433, '2015-09-10 14:30:00', 5, 67, 55),
(65651, 433, '2015-09-17 14:30:00', 5, 67, 55),
(65652, 433, '2015-09-24 14:30:00', 5, 67, 55),
(65653, 435, '2015-09-10 16:10:00', 6, 67, 49),
(65654, 435, '2015-09-17 16:10:00', 6, 67, 49),
(65655, 435, '2015-09-24 16:10:00', 6, 67, 49),
(65656, 434, '2015-09-11 12:50:00', 4, 67, 60),
(65657, 434, '2015-09-18 12:50:00', 4, 67, 60),
(65658, 434, '2015-09-25 12:50:00', 4, 67, 60),
(65659, 434, '2015-09-11 14:30:00', 5, 67, 60),
(65660, 434, '2015-09-18 14:30:00', 5, 67, 60),
(65661, 434, '2015-09-25 14:30:00', 5, 67, 60),
(65662, 435, '2015-09-11 16:10:00', 6, 67, 49),
(65663, 435, '2015-09-18 16:10:00', 6, 67, 49),
(65664, 435, '2015-09-25 16:10:00', 6, 67, 49),
(65665, 434, '2015-09-28 12:50:00', 4, 67, 60),
(65666, 434, '2015-10-05 12:50:00', 4, 67, 60),
(65667, 434, '2015-10-12 12:50:00', 4, 67, 60),
(65668, 434, '2015-09-28 14:30:00', 5, 67, 60),
(65669, 434, '2015-10-05 14:30:00', 5, 67, 60),
(65670, 434, '2015-10-12 14:30:00', 5, 67, 60),
(65671, 435, '2015-09-28 16:10:00', 6, 67, 49),
(65672, 435, '2015-10-05 16:10:00', 6, 67, 49),
(65673, 435, '2015-10-12 16:10:00', 6, 67, 49),
(65674, 433, '2015-09-29 12:50:00', 4, 67, 55),
(65675, 433, '2015-10-06 12:50:00', 4, 67, 55),
(65676, 433, '2015-10-13 12:50:00', 4, 67, 55),
(65677, 433, '2015-09-29 14:30:00', 5, 67, 55),
(65678, 433, '2015-10-06 14:30:00', 5, 67, 55),
(65679, 433, '2015-10-13 14:30:00', 5, 67, 55),
(65680, 435, '2015-09-29 16:10:00', 6, 67, 49),
(65681, 435, '2015-10-06 16:10:00', 6, 67, 49),
(65682, 435, '2015-10-13 16:10:00', 6, 67, 49),
(65683, 434, '2015-09-30 12:50:00', 4, 67, 60),
(65684, 434, '2015-10-07 12:50:00', 4, 67, 60),
(65685, 434, '2015-10-14 12:50:00', 4, 67, 60),
(65686, 434, '2015-09-30 14:30:00', 5, 67, 60),
(65687, 434, '2015-10-07 14:30:00', 5, 67, 60),
(65688, 434, '2015-10-14 14:30:00', 5, 67, 60),
(65689, 435, '2015-09-30 16:10:00', 6, 67, 49),
(65690, 435, '2015-10-07 16:10:00', 6, 67, 49),
(65691, 435, '2015-10-14 16:10:00', 6, 67, 49),
(65692, 433, '2015-10-01 12:50:00', 4, 67, 55),
(65693, 433, '2015-10-08 12:50:00', 4, 67, 55),
(65694, 433, '2015-10-15 12:50:00', 4, 67, 55),
(65695, 433, '2015-10-01 14:30:00', 5, 67, 55),
(65696, 433, '2015-10-08 14:30:00', 5, 67, 55),
(65697, 433, '2015-10-15 14:30:00', 5, 67, 55),
(65698, 435, '2015-10-01 16:10:00', 6, 67, 49),
(65699, 435, '2015-10-08 16:10:00', 6, 67, 49),
(65700, 435, '2015-10-15 16:10:00', 6, 67, 49),
(65701, 433, '2015-10-02 12:50:00', 4, 67, 55),
(65702, 433, '2015-10-09 12:50:00', 4, 67, 55),
(65703, 433, '2015-10-16 12:50:00', 4, 67, 55),
(65704, 433, '2015-10-02 14:30:00', 5, 67, 55),
(65705, 433, '2015-10-09 14:30:00', 5, 67, 55),
(65706, 433, '2015-10-16 14:30:00', 5, 67, 55),
(65707, 435, '2015-10-02 16:10:00', 6, 67, 49),
(65708, 435, '2015-10-09 16:10:00', 6, 67, 49),
(65709, 435, '2015-10-16 16:10:00', 6, 67, 49),
(65710, 432, '2015-11-09 12:50:00', 4, 67, 59),
(65711, 432, '2015-11-16 12:50:00', 4, 67, 59),
(65712, 432, '2015-11-23 12:50:00', 4, 67, 59),
(65713, 432, '2015-11-09 14:30:00', 5, 67, 59),
(65714, 432, '2015-11-16 14:30:00', 5, 67, 59),
(65715, 432, '2015-11-23 14:30:00', 5, 67, 59),
(65716, 431, '2015-11-10 12:50:00', 4, 67, 43),
(65717, 431, '2015-11-17 12:50:00', 4, 67, 43),
(65718, 431, '2015-11-24 12:50:00', 4, 67, 43),
(65719, 431, '2015-11-10 14:30:00', 5, 67, 43),
(65720, 431, '2015-11-17 14:30:00', 5, 67, 43),
(65721, 431, '2015-11-24 14:30:00', 5, 67, 43),
(65722, 432, '2015-11-11 12:50:00', 4, 67, 59),
(65723, 432, '2015-11-18 12:50:00', 4, 67, 59),
(65724, 432, '2015-11-25 12:50:00', 4, 67, 59),
(65725, 432, '2015-11-11 14:30:00', 5, 67, 59),
(65726, 432, '2015-11-18 14:30:00', 5, 67, 59),
(65727, 432, '2015-11-25 14:30:00', 5, 67, 59),
(65728, 431, '2015-11-12 12:50:00', 4, 67, 43),
(65729, 431, '2015-11-19 12:50:00', 4, 67, 43),
(65730, 431, '2015-11-26 12:50:00', 4, 67, 43),
(65731, 431, '2015-11-12 14:30:00', 5, 67, 43),
(65732, 431, '2015-11-19 14:30:00', 5, 67, 43),
(65733, 431, '2015-11-26 14:30:00', 5, 67, 43),
(65734, 432, '2015-11-13 12:50:00', 4, 67, 59),
(65735, 432, '2015-11-20 12:50:00', 4, 67, 59),
(65736, 432, '2015-11-27 12:50:00', 4, 67, 59),
(65737, 432, '2015-11-13 14:30:00', 5, 67, 59),
(65738, 432, '2015-11-20 14:30:00', 5, 67, 59),
(65739, 432, '2015-11-27 14:30:00', 5, 67, 59),
(65740, 432, '2015-11-30 12:50:00', 4, 67, 59),
(65741, 432, '2015-12-07 12:50:00', 4, 67, 59),
(65742, 432, '2015-12-14 12:50:00', 4, 67, 59),
(65743, 432, '2015-11-30 14:30:00', 5, 67, 59),
(65744, 432, '2015-12-07 14:30:00', 5, 67, 59),
(65745, 432, '2015-12-14 14:30:00', 5, 67, 59),
(65746, 431, '2015-12-01 12:50:00', 4, 67, 43),
(65747, 431, '2015-12-08 12:50:00', 4, 67, 43),
(65748, 431, '2015-12-15 12:50:00', 4, 67, 43),
(65749, 431, '2015-12-01 14:30:00', 5, 67, 43),
(65750, 431, '2015-12-08 14:30:00', 5, 67, 43),
(65751, 431, '2015-12-15 14:30:00', 5, 67, 43),
(65752, 432, '2015-12-02 12:50:00', 4, 67, 59),
(65753, 432, '2015-12-09 12:50:00', 4, 67, 59),
(65754, 432, '2015-12-16 12:50:00', 4, 67, 59),
(65755, 432, '2015-12-02 14:30:00', 5, 67, 59),
(65756, 432, '2015-12-09 14:30:00', 5, 67, 59),
(65757, 432, '2015-12-16 14:30:00', 5, 67, 59),
(65758, 431, '2015-12-03 12:50:00', 4, 67, 43),
(65759, 431, '2015-12-10 12:50:00', 4, 67, 43),
(65760, 431, '2015-12-17 12:50:00', 4, 67, 43),
(65761, 431, '2015-12-03 14:30:00', 5, 67, 43),
(65762, 431, '2015-12-10 14:30:00', 5, 67, 43),
(65763, 431, '2015-12-17 14:30:00', 5, 67, 43),
(65764, 431, '2015-12-04 12:50:00', 4, 67, 43),
(65765, 431, '2015-12-11 12:50:00', 4, 67, 43),
(65766, 431, '2015-12-18 12:50:00', 4, 67, 43),
(65767, 431, '2015-12-04 14:30:00', 5, 67, 43),
(65768, 431, '2015-12-11 14:30:00', 5, 67, 43),
(65769, 431, '2015-12-18 14:30:00', 5, 67, 43),
(65770, 439, '2015-09-07 09:10:00', 2, 69, 51),
(65771, 439, '2015-09-14 09:10:00', 2, 69, 51),
(65772, 439, '2015-09-21 09:10:00', 2, 69, 51),
(65773, 439, '2015-09-07 10:50:00', 3, 69, 51),
(65774, 439, '2015-09-14 10:50:00', 3, 69, 51),
(65775, 439, '2015-09-21 10:50:00', 3, 69, 51),
(65776, 437, '2015-09-08 09:10:00', 2, 69, 68),
(65777, 437, '2015-09-15 09:10:00', 2, 69, 68),
(65778, 437, '2015-09-22 09:10:00', 2, 69, 68),
(65779, 437, '2015-09-08 10:50:00', 3, 69, 68),
(65780, 437, '2015-09-15 10:50:00', 3, 69, 68),
(65781, 437, '2015-09-22 10:50:00', 3, 69, 68),
(65782, 439, '2015-09-09 09:10:00', 2, 69, 51),
(65783, 439, '2015-09-16 09:10:00', 2, 69, 51),
(65784, 439, '2015-09-23 09:10:00', 2, 69, 51),
(65785, 439, '2015-09-09 10:50:00', 3, 69, 51),
(65786, 439, '2015-09-16 10:50:00', 3, 69, 51),
(65787, 439, '2015-09-23 10:50:00', 3, 69, 51),
(65788, 437, '2015-09-10 09:10:00', 2, 69, 68),
(65789, 437, '2015-09-17 09:10:00', 2, 69, 68),
(65790, 437, '2015-09-24 09:10:00', 2, 69, 68),
(65791, 437, '2015-09-10 10:50:00', 3, 69, 68),
(65792, 437, '2015-09-17 10:50:00', 3, 69, 68),
(65793, 437, '2015-09-24 10:50:00', 3, 69, 68),
(65794, 439, '2015-09-11 09:10:00', 2, 69, 51),
(65795, 439, '2015-09-18 09:10:00', 2, 69, 51),
(65796, 439, '2015-09-25 09:10:00', 2, 69, 51),
(65797, 439, '2015-09-11 10:50:00', 3, 69, 51),
(65798, 439, '2015-09-18 10:50:00', 3, 69, 51),
(65799, 439, '2015-09-25 10:50:00', 3, 69, 51),
(65800, 439, '2015-09-28 09:10:00', 2, 69, 51),
(65801, 439, '2015-10-05 09:10:00', 2, 69, 51),
(65802, 439, '2015-10-12 09:10:00', 2, 69, 51),
(65803, 439, '2015-09-28 10:50:00', 3, 69, 51),
(65804, 439, '2015-10-05 10:50:00', 3, 69, 51),
(65805, 439, '2015-10-12 10:50:00', 3, 69, 51),
(65806, 437, '2015-09-29 09:10:00', 2, 69, 68),
(65807, 437, '2015-10-06 09:10:00', 2, 69, 68),
(65808, 437, '2015-10-13 09:10:00', 2, 69, 68),
(65809, 437, '2015-09-29 10:50:00', 3, 69, 68),
(65810, 437, '2015-10-06 10:50:00', 3, 69, 68),
(65811, 437, '2015-10-13 10:50:00', 3, 69, 68),
(65812, 439, '2015-09-30 09:10:00', 2, 69, 51),
(65813, 439, '2015-10-07 09:10:00', 2, 69, 51),
(65814, 439, '2015-10-14 09:10:00', 2, 69, 51),
(65815, 439, '2015-09-30 10:50:00', 3, 69, 51),
(65816, 439, '2015-10-07 10:50:00', 3, 69, 51),
(65817, 439, '2015-10-14 10:50:00', 3, 69, 51),
(65818, 437, '2015-10-01 09:10:00', 2, 69, 68),
(65819, 437, '2015-10-08 09:10:00', 2, 69, 68),
(65820, 437, '2015-10-15 09:10:00', 2, 69, 68),
(65821, 437, '2015-10-01 10:50:00', 3, 69, 68),
(65822, 437, '2015-10-08 10:50:00', 3, 69, 68),
(65823, 437, '2015-10-15 10:50:00', 3, 69, 68),
(65824, 437, '2015-10-02 09:10:00', 2, 69, 68),
(65825, 437, '2015-10-09 09:10:00', 2, 69, 68),
(65826, 437, '2015-10-16 09:10:00', 2, 69, 68),
(65827, 437, '2015-10-02 10:50:00', 3, 69, 68),
(65828, 437, '2015-10-09 10:50:00', 3, 69, 68),
(65829, 437, '2015-10-16 10:50:00', 3, 69, 68),
(65830, 436, '2015-11-09 07:30:00', 1, 69, 53),
(65831, 436, '2015-11-16 07:30:00', 1, 69, 53),
(65832, 436, '2015-11-23 07:30:00', 1, 69, 53),
(65833, 436, '2015-11-09 09:10:00', 2, 69, 53),
(65834, 436, '2015-11-16 09:10:00', 2, 69, 53),
(65835, 436, '2015-11-23 09:10:00', 2, 69, 53),
(65836, 440, '2015-11-09 10:50:00', 3, 69, 42),
(65837, 440, '2015-11-16 10:50:00', 3, 69, 42),
(65838, 440, '2015-11-23 10:50:00', 3, 69, 42),
(65839, 438, '2015-11-10 07:30:00', 1, 69, 69),
(65840, 438, '2015-11-17 07:30:00', 1, 69, 69),
(65841, 438, '2015-11-24 07:30:00', 1, 69, 69),
(65842, 438, '2015-11-10 09:10:00', 2, 69, 69),
(65843, 438, '2015-11-17 09:10:00', 2, 69, 69),
(65844, 438, '2015-11-24 09:10:00', 2, 69, 69),
(65845, 440, '2015-11-10 10:50:00', 3, 69, 42),
(65846, 440, '2015-11-17 10:50:00', 3, 69, 42),
(65847, 440, '2015-11-24 10:50:00', 3, 69, 42),
(65848, 436, '2015-11-11 07:30:00', 1, 69, 53),
(65849, 436, '2015-11-18 07:30:00', 1, 69, 53),
(65850, 436, '2015-11-25 07:30:00', 1, 69, 53),
(65851, 436, '2015-11-11 09:10:00', 2, 69, 53),
(65852, 436, '2015-11-18 09:10:00', 2, 69, 53),
(65853, 436, '2015-11-25 09:10:00', 2, 69, 53),
(65854, 440, '2015-11-11 10:50:00', 3, 69, 42),
(65855, 440, '2015-11-18 10:50:00', 3, 69, 42);
INSERT INTO `time_table` (`time_table_id`, `class_course_semester_id`, `date`, `slot`, `room_id`, `teacher_semester_id`) VALUES
(65856, 440, '2015-11-25 10:50:00', 3, 69, 42),
(65857, 438, '2015-11-12 07:30:00', 1, 69, 69),
(65858, 438, '2015-11-19 07:30:00', 1, 69, 69),
(65859, 438, '2015-11-26 07:30:00', 1, 69, 69),
(65860, 438, '2015-11-12 09:10:00', 2, 69, 69),
(65861, 438, '2015-11-19 09:10:00', 2, 69, 69),
(65862, 438, '2015-11-26 09:10:00', 2, 69, 69),
(65863, 440, '2015-11-12 10:50:00', 3, 69, 42),
(65864, 440, '2015-11-19 10:50:00', 3, 69, 42),
(65865, 440, '2015-11-26 10:50:00', 3, 69, 42),
(65866, 436, '2015-11-13 07:30:00', 1, 69, 53),
(65867, 436, '2015-11-20 07:30:00', 1, 69, 53),
(65868, 436, '2015-11-27 07:30:00', 1, 69, 53),
(65869, 436, '2015-11-13 09:10:00', 2, 69, 53),
(65870, 436, '2015-11-20 09:10:00', 2, 69, 53),
(65871, 436, '2015-11-27 09:10:00', 2, 69, 53),
(65872, 440, '2015-11-13 10:50:00', 3, 69, 42),
(65873, 440, '2015-11-20 10:50:00', 3, 69, 42),
(65874, 440, '2015-11-27 10:50:00', 3, 69, 42),
(65875, 436, '2015-11-30 07:30:00', 1, 69, 53),
(65876, 436, '2015-12-07 07:30:00', 1, 69, 53),
(65877, 436, '2015-12-14 07:30:00', 1, 69, 53),
(65878, 436, '2015-11-30 09:10:00', 2, 69, 53),
(65879, 436, '2015-12-07 09:10:00', 2, 69, 53),
(65880, 436, '2015-12-14 09:10:00', 2, 69, 53),
(65881, 440, '2015-11-30 10:50:00', 3, 69, 42),
(65882, 440, '2015-12-07 10:50:00', 3, 69, 42),
(65883, 440, '2015-12-14 10:50:00', 3, 69, 42),
(65884, 438, '2015-12-01 07:30:00', 1, 69, 69),
(65885, 438, '2015-12-08 07:30:00', 1, 69, 69),
(65886, 438, '2015-12-15 07:30:00', 1, 69, 69),
(65887, 438, '2015-12-01 09:10:00', 2, 69, 69),
(65888, 438, '2015-12-08 09:10:00', 2, 69, 69),
(65889, 438, '2015-12-15 09:10:00', 2, 69, 69),
(65890, 440, '2015-12-01 10:50:00', 3, 69, 42),
(65891, 440, '2015-12-08 10:50:00', 3, 69, 42),
(65892, 440, '2015-12-15 10:50:00', 3, 69, 42),
(65893, 436, '2015-12-02 07:30:00', 1, 69, 53),
(65894, 436, '2015-12-09 07:30:00', 1, 69, 53),
(65895, 436, '2015-12-16 07:30:00', 1, 69, 53),
(65896, 436, '2015-12-02 09:10:00', 2, 69, 53),
(65897, 436, '2015-12-09 09:10:00', 2, 69, 53),
(65898, 436, '2015-12-16 09:10:00', 2, 69, 53),
(65899, 440, '2015-12-02 10:50:00', 3, 69, 42),
(65900, 440, '2015-12-09 10:50:00', 3, 69, 42),
(65901, 440, '2015-12-16 10:50:00', 3, 69, 42),
(65902, 438, '2015-12-03 07:30:00', 1, 69, 69),
(65903, 438, '2015-12-10 07:30:00', 1, 69, 69),
(65904, 438, '2015-12-17 07:30:00', 1, 69, 69),
(65905, 438, '2015-12-03 09:10:00', 2, 69, 69),
(65906, 438, '2015-12-10 09:10:00', 2, 69, 69),
(65907, 438, '2015-12-17 09:10:00', 2, 69, 69),
(65908, 440, '2015-12-03 10:50:00', 3, 69, 42),
(65909, 440, '2015-12-10 10:50:00', 3, 69, 42),
(65910, 440, '2015-12-17 10:50:00', 3, 69, 42),
(65911, 438, '2015-12-04 07:30:00', 1, 69, 69),
(65912, 438, '2015-12-11 07:30:00', 1, 69, 69),
(65913, 438, '2015-12-18 07:30:00', 1, 69, 69),
(65914, 438, '2015-12-04 09:10:00', 2, 69, 69),
(65915, 438, '2015-12-11 09:10:00', 2, 69, 69),
(65916, 438, '2015-12-18 09:10:00', 2, 69, 69),
(65917, 440, '2015-12-04 10:50:00', 3, 69, 42),
(65918, 440, '2015-12-11 10:50:00', 3, 69, 42),
(65919, 440, '2015-12-18 10:50:00', 3, 69, 42),
(65920, 443, '2015-09-07 14:30:00', 5, 69, 72),
(65921, 443, '2015-09-14 14:30:00', 5, 69, 72),
(65922, 443, '2015-09-21 14:30:00', 5, 69, 72),
(65923, 443, '2015-09-07 16:10:00', 6, 69, 72),
(65924, 443, '2015-09-14 16:10:00', 6, 69, 72),
(65925, 443, '2015-09-21 16:10:00', 6, 69, 72),
(65926, 442, '2015-09-08 12:50:00', 4, 69, 68),
(65927, 442, '2015-09-15 12:50:00', 4, 69, 68),
(65928, 442, '2015-09-22 12:50:00', 4, 69, 68),
(65929, 442, '2015-09-08 14:30:00', 5, 69, 68),
(65930, 442, '2015-09-15 14:30:00', 5, 69, 68),
(65931, 442, '2015-09-22 14:30:00', 5, 69, 68),
(65932, 443, '2015-09-09 14:30:00', 5, 69, 72),
(65933, 443, '2015-09-16 14:30:00', 5, 69, 72),
(65934, 443, '2015-09-23 14:30:00', 5, 69, 72),
(65935, 443, '2015-09-09 16:10:00', 6, 69, 72),
(65936, 443, '2015-09-16 16:10:00', 6, 69, 72),
(65937, 443, '2015-09-23 16:10:00', 6, 69, 72),
(65938, 442, '2015-09-10 12:50:00', 4, 69, 68),
(65939, 442, '2015-09-17 12:50:00', 4, 69, 68),
(65940, 442, '2015-09-24 12:50:00', 4, 69, 68),
(65941, 442, '2015-09-10 14:30:00', 5, 69, 68),
(65942, 442, '2015-09-17 14:30:00', 5, 69, 68),
(65943, 442, '2015-09-24 14:30:00', 5, 69, 68),
(65944, 443, '2015-09-11 14:30:00', 5, 69, 72),
(65945, 443, '2015-09-18 14:30:00', 5, 69, 72),
(65946, 443, '2015-09-25 14:30:00', 5, 69, 72),
(65947, 443, '2015-09-11 16:10:00', 6, 69, 72),
(65948, 443, '2015-09-18 16:10:00', 6, 69, 72),
(65949, 443, '2015-09-25 16:10:00', 6, 69, 72),
(65950, 443, '2015-09-28 14:30:00', 5, 69, 72),
(65951, 443, '2015-10-05 14:30:00', 5, 69, 72),
(65952, 443, '2015-10-12 14:30:00', 5, 69, 72),
(65953, 443, '2015-09-28 16:10:00', 6, 69, 72),
(65954, 443, '2015-10-05 16:10:00', 6, 69, 72),
(65955, 443, '2015-10-12 16:10:00', 6, 69, 72),
(65956, 442, '2015-09-29 12:50:00', 4, 69, 68),
(65957, 442, '2015-10-06 12:50:00', 4, 69, 68),
(65958, 442, '2015-10-13 12:50:00', 4, 69, 68),
(65959, 442, '2015-09-29 14:30:00', 5, 69, 68),
(65960, 442, '2015-10-06 14:30:00', 5, 69, 68),
(65961, 442, '2015-10-13 14:30:00', 5, 69, 68),
(65962, 443, '2015-09-30 14:30:00', 5, 69, 72),
(65963, 443, '2015-10-07 14:30:00', 5, 69, 72),
(65964, 443, '2015-10-14 14:30:00', 5, 69, 72),
(65965, 443, '2015-09-30 16:10:00', 6, 69, 72),
(65966, 443, '2015-10-07 16:10:00', 6, 69, 72),
(65967, 443, '2015-10-14 16:10:00', 6, 69, 72),
(65968, 442, '2015-10-01 12:50:00', 4, 69, 68),
(65969, 442, '2015-10-08 12:50:00', 4, 69, 68),
(65970, 442, '2015-10-15 12:50:00', 4, 69, 68),
(65971, 442, '2015-10-01 14:30:00', 5, 69, 68),
(65972, 442, '2015-10-08 14:30:00', 5, 69, 68),
(65973, 442, '2015-10-15 14:30:00', 5, 69, 68),
(65974, 442, '2015-10-02 12:50:00', 4, 69, 68),
(65975, 442, '2015-10-09 12:50:00', 4, 69, 68),
(65976, 442, '2015-10-16 12:50:00', 4, 69, 68),
(65977, 442, '2015-10-02 14:30:00', 5, 69, 68),
(65978, 442, '2015-10-09 14:30:00', 5, 69, 68),
(65979, 442, '2015-10-16 14:30:00', 5, 69, 68),
(65980, 444, '2015-11-09 12:50:00', 4, 69, 51),
(65981, 444, '2015-11-16 12:50:00', 4, 69, 51),
(65982, 444, '2015-11-23 12:50:00', 4, 69, 51),
(65983, 444, '2015-11-09 14:30:00', 5, 69, 51),
(65984, 444, '2015-11-16 14:30:00', 5, 69, 51),
(65985, 444, '2015-11-23 14:30:00', 5, 69, 51),
(65986, 445, '2015-11-09 16:10:00', 6, 69, 62),
(65987, 445, '2015-11-16 16:10:00', 6, 69, 62),
(65988, 445, '2015-11-23 16:10:00', 6, 69, 62),
(65989, 441, '2015-11-10 12:50:00', 4, 69, 55),
(65990, 441, '2015-11-17 12:50:00', 4, 69, 55),
(65991, 441, '2015-11-24 12:50:00', 4, 69, 55),
(65992, 441, '2015-11-10 14:30:00', 5, 69, 55),
(65993, 441, '2015-11-17 14:30:00', 5, 69, 55),
(65994, 441, '2015-11-24 14:30:00', 5, 69, 55),
(65995, 445, '2015-11-10 16:10:00', 6, 69, 62),
(65996, 445, '2015-11-17 16:10:00', 6, 69, 62),
(65997, 445, '2015-11-24 16:10:00', 6, 69, 62),
(65998, 444, '2015-11-11 12:50:00', 4, 69, 51),
(65999, 444, '2015-11-18 12:50:00', 4, 69, 51),
(66000, 444, '2015-11-25 12:50:00', 4, 69, 51),
(66001, 444, '2015-11-11 14:30:00', 5, 69, 51),
(66002, 444, '2015-11-18 14:30:00', 5, 69, 51),
(66003, 444, '2015-11-25 14:30:00', 5, 69, 51),
(66004, 445, '2015-11-11 16:10:00', 6, 69, 62),
(66005, 445, '2015-11-18 16:10:00', 6, 69, 62),
(66006, 445, '2015-11-25 16:10:00', 6, 69, 62),
(66007, 441, '2015-11-12 12:50:00', 4, 69, 55),
(66008, 441, '2015-11-19 12:50:00', 4, 69, 55),
(66009, 441, '2015-11-26 12:50:00', 4, 69, 55),
(66010, 441, '2015-11-12 14:30:00', 5, 69, 55),
(66011, 441, '2015-11-19 14:30:00', 5, 69, 55),
(66012, 441, '2015-11-26 14:30:00', 5, 69, 55),
(66013, 445, '2015-11-12 16:10:00', 6, 69, 62),
(66014, 445, '2015-11-19 16:10:00', 6, 69, 62),
(66015, 445, '2015-11-26 16:10:00', 6, 69, 62),
(66016, 444, '2015-11-13 12:50:00', 4, 69, 51),
(66017, 444, '2015-11-20 12:50:00', 4, 69, 51),
(66018, 444, '2015-11-27 12:50:00', 4, 69, 51),
(66019, 444, '2015-11-13 14:30:00', 5, 69, 51),
(66020, 444, '2015-11-20 14:30:00', 5, 69, 51),
(66021, 444, '2015-11-27 14:30:00', 5, 69, 51),
(66022, 445, '2015-11-13 16:10:00', 6, 69, 62),
(66023, 445, '2015-11-20 16:10:00', 6, 69, 62),
(66024, 445, '2015-11-27 16:10:00', 6, 69, 62),
(66025, 444, '2015-11-30 12:50:00', 4, 69, 51),
(66026, 444, '2015-12-07 12:50:00', 4, 69, 51),
(66027, 444, '2015-12-14 12:50:00', 4, 69, 51),
(66028, 444, '2015-11-30 14:30:00', 5, 69, 51),
(66029, 444, '2015-12-07 14:30:00', 5, 69, 51),
(66030, 444, '2015-12-14 14:30:00', 5, 69, 51),
(66031, 445, '2015-11-30 16:10:00', 6, 69, 62),
(66032, 445, '2015-12-07 16:10:00', 6, 69, 62),
(66033, 445, '2015-12-14 16:10:00', 6, 69, 62),
(66034, 441, '2015-12-01 12:50:00', 4, 69, 55),
(66035, 441, '2015-12-08 12:50:00', 4, 69, 55),
(66036, 441, '2015-12-15 12:50:00', 4, 69, 55),
(66037, 441, '2015-12-01 14:30:00', 5, 69, 55),
(66038, 441, '2015-12-08 14:30:00', 5, 69, 55),
(66039, 441, '2015-12-15 14:30:00', 5, 69, 55),
(66040, 445, '2015-12-01 16:10:00', 6, 69, 62),
(66041, 445, '2015-12-08 16:10:00', 6, 69, 62),
(66042, 445, '2015-12-15 16:10:00', 6, 69, 62),
(66043, 444, '2015-12-02 12:50:00', 4, 69, 51),
(66044, 444, '2015-12-09 12:50:00', 4, 69, 51),
(66045, 444, '2015-12-16 12:50:00', 4, 69, 51),
(66046, 444, '2015-12-02 14:30:00', 5, 69, 51),
(66047, 444, '2015-12-09 14:30:00', 5, 69, 51),
(66048, 444, '2015-12-16 14:30:00', 5, 69, 51),
(66049, 445, '2015-12-02 16:10:00', 6, 69, 62),
(66050, 445, '2015-12-09 16:10:00', 6, 69, 62),
(66051, 445, '2015-12-16 16:10:00', 6, 69, 62),
(66052, 441, '2015-12-03 12:50:00', 4, 69, 55),
(66053, 441, '2015-12-10 12:50:00', 4, 69, 55),
(66054, 441, '2015-12-17 12:50:00', 4, 69, 55),
(66055, 441, '2015-12-03 14:30:00', 5, 69, 55),
(66056, 441, '2015-12-10 14:30:00', 5, 69, 55),
(66057, 441, '2015-12-17 14:30:00', 5, 69, 55),
(66058, 445, '2015-12-03 16:10:00', 6, 69, 62),
(66059, 445, '2015-12-10 16:10:00', 6, 69, 62),
(66060, 445, '2015-12-17 16:10:00', 6, 69, 62),
(66061, 441, '2015-12-04 12:50:00', 4, 69, 55),
(66062, 441, '2015-12-11 12:50:00', 4, 69, 55),
(66063, 441, '2015-12-18 12:50:00', 4, 69, 55),
(66064, 441, '2015-12-04 14:30:00', 5, 69, 55),
(66065, 441, '2015-12-11 14:30:00', 5, 69, 55),
(66066, 441, '2015-12-18 14:30:00', 5, 69, 55),
(66067, 445, '2015-12-04 16:10:00', 6, 69, 62),
(66068, 445, '2015-12-11 16:10:00', 6, 69, 62),
(66069, 445, '2015-12-18 16:10:00', 6, 69, 62),
(66070, 447, '2015-09-07 07:30:00', 1, 71, 53),
(66071, 447, '2015-09-14 07:30:00', 1, 71, 53),
(66072, 447, '2015-09-21 07:30:00', 1, 71, 53),
(66073, 447, '2015-09-07 09:10:00', 2, 71, 53),
(66074, 447, '2015-09-14 09:10:00', 2, 71, 53),
(66075, 447, '2015-09-21 09:10:00', 2, 71, 53),
(66076, 450, '2015-09-07 10:50:00', 3, 71, 42),
(66077, 450, '2015-09-14 10:50:00', 3, 71, 42),
(66078, 450, '2015-09-21 10:50:00', 3, 71, 42),
(66079, 448, '2015-09-08 07:30:00', 1, 71, 64),
(66080, 448, '2015-09-15 07:30:00', 1, 71, 64),
(66081, 448, '2015-09-22 07:30:00', 1, 71, 64),
(66082, 448, '2015-09-08 09:10:00', 2, 71, 64),
(66083, 448, '2015-09-15 09:10:00', 2, 71, 64),
(66084, 448, '2015-09-22 09:10:00', 2, 71, 64),
(66085, 450, '2015-09-08 10:50:00', 3, 71, 42),
(66086, 450, '2015-09-15 10:50:00', 3, 71, 42),
(66087, 450, '2015-09-22 10:50:00', 3, 71, 42),
(66088, 447, '2015-09-09 07:30:00', 1, 71, 53),
(66089, 447, '2015-09-16 07:30:00', 1, 71, 53),
(66090, 447, '2015-09-23 07:30:00', 1, 71, 53),
(66091, 447, '2015-09-09 09:10:00', 2, 71, 53),
(66092, 447, '2015-09-16 09:10:00', 2, 71, 53),
(66093, 447, '2015-09-23 09:10:00', 2, 71, 53),
(66094, 450, '2015-09-09 10:50:00', 3, 71, 42),
(66095, 450, '2015-09-16 10:50:00', 3, 71, 42),
(66096, 450, '2015-09-23 10:50:00', 3, 71, 42),
(66097, 448, '2015-09-10 07:30:00', 1, 71, 64),
(66098, 448, '2015-09-17 07:30:00', 1, 71, 64),
(66099, 448, '2015-09-24 07:30:00', 1, 71, 64),
(66100, 448, '2015-09-10 09:10:00', 2, 71, 64),
(66101, 448, '2015-09-17 09:10:00', 2, 71, 64),
(66102, 448, '2015-09-24 09:10:00', 2, 71, 64),
(66103, 450, '2015-09-10 10:50:00', 3, 71, 42),
(66104, 450, '2015-09-17 10:50:00', 3, 71, 42),
(66105, 450, '2015-09-24 10:50:00', 3, 71, 42),
(66106, 447, '2015-09-11 07:30:00', 1, 71, 53),
(66107, 447, '2015-09-18 07:30:00', 1, 71, 53),
(66108, 447, '2015-09-25 07:30:00', 1, 71, 53),
(66109, 447, '2015-09-11 09:10:00', 2, 71, 53),
(66110, 447, '2015-09-18 09:10:00', 2, 71, 53),
(66111, 447, '2015-09-25 09:10:00', 2, 71, 53),
(66112, 450, '2015-09-11 10:50:00', 3, 71, 42),
(66113, 450, '2015-09-18 10:50:00', 3, 71, 42),
(66114, 450, '2015-09-25 10:50:00', 3, 71, 42),
(66115, 447, '2015-09-28 07:30:00', 1, 71, 53),
(66116, 447, '2015-10-05 07:30:00', 1, 71, 53),
(66117, 447, '2015-10-12 07:30:00', 1, 71, 53),
(66118, 447, '2015-09-28 09:10:00', 2, 71, 53),
(66119, 447, '2015-10-05 09:10:00', 2, 71, 53),
(66120, 447, '2015-10-12 09:10:00', 2, 71, 53),
(66121, 450, '2015-09-28 10:50:00', 3, 71, 42),
(66122, 450, '2015-10-05 10:50:00', 3, 71, 42),
(66123, 450, '2015-10-12 10:50:00', 3, 71, 42),
(66124, 448, '2015-09-29 07:30:00', 1, 71, 64),
(66125, 448, '2015-10-06 07:30:00', 1, 71, 64),
(66126, 448, '2015-10-13 07:30:00', 1, 71, 64),
(66127, 448, '2015-09-29 09:10:00', 2, 71, 64),
(66128, 448, '2015-10-06 09:10:00', 2, 71, 64),
(66129, 448, '2015-10-13 09:10:00', 2, 71, 64),
(66130, 450, '2015-09-29 10:50:00', 3, 71, 42),
(66131, 450, '2015-10-06 10:50:00', 3, 71, 42),
(66132, 450, '2015-10-13 10:50:00', 3, 71, 42),
(66133, 447, '2015-09-30 07:30:00', 1, 71, 53),
(66134, 447, '2015-10-07 07:30:00', 1, 71, 53),
(66135, 447, '2015-10-14 07:30:00', 1, 71, 53),
(66136, 447, '2015-09-30 09:10:00', 2, 71, 53),
(66137, 447, '2015-10-07 09:10:00', 2, 71, 53),
(66138, 447, '2015-10-14 09:10:00', 2, 71, 53),
(66139, 450, '2015-09-30 10:50:00', 3, 71, 42),
(66140, 450, '2015-10-07 10:50:00', 3, 71, 42),
(66141, 450, '2015-10-14 10:50:00', 3, 71, 42),
(66142, 448, '2015-10-01 07:30:00', 1, 71, 64),
(66143, 448, '2015-10-08 07:30:00', 1, 71, 64),
(66144, 448, '2015-10-15 07:30:00', 1, 71, 64),
(66145, 448, '2015-10-01 09:10:00', 2, 71, 64),
(66146, 448, '2015-10-08 09:10:00', 2, 71, 64),
(66147, 448, '2015-10-15 09:10:00', 2, 71, 64),
(66148, 450, '2015-10-01 10:50:00', 3, 71, 42),
(66149, 450, '2015-10-08 10:50:00', 3, 71, 42),
(66150, 450, '2015-10-15 10:50:00', 3, 71, 42),
(66151, 448, '2015-10-02 07:30:00', 1, 71, 64),
(66152, 448, '2015-10-09 07:30:00', 1, 71, 64),
(66153, 448, '2015-10-16 07:30:00', 1, 71, 64),
(66154, 448, '2015-10-02 09:10:00', 2, 71, 64),
(66155, 448, '2015-10-09 09:10:00', 2, 71, 64),
(66156, 448, '2015-10-16 09:10:00', 2, 71, 64),
(66157, 450, '2015-10-02 10:50:00', 3, 71, 42),
(66158, 450, '2015-10-09 10:50:00', 3, 71, 42),
(66159, 450, '2015-10-16 10:50:00', 3, 71, 42),
(66160, 449, '2015-11-09 09:10:00', 2, 71, 51),
(66161, 449, '2015-11-16 09:10:00', 2, 71, 51),
(66162, 449, '2015-11-23 09:10:00', 2, 71, 51),
(66163, 449, '2015-11-09 10:50:00', 3, 71, 51),
(66164, 449, '2015-11-16 10:50:00', 3, 71, 51),
(66165, 449, '2015-11-23 10:50:00', 3, 71, 51),
(66166, 446, '2015-11-10 07:30:00', 1, 71, 55),
(66167, 446, '2015-11-17 07:30:00', 1, 71, 55),
(66168, 446, '2015-11-24 07:30:00', 1, 71, 55),
(66169, 446, '2015-11-10 09:10:00', 2, 71, 55),
(66170, 446, '2015-11-17 09:10:00', 2, 71, 55),
(66171, 446, '2015-11-24 09:10:00', 2, 71, 55),
(66172, 449, '2015-11-11 09:10:00', 2, 71, 51),
(66173, 449, '2015-11-18 09:10:00', 2, 71, 51),
(66174, 449, '2015-11-25 09:10:00', 2, 71, 51),
(66175, 449, '2015-11-11 10:50:00', 3, 71, 51),
(66176, 449, '2015-11-18 10:50:00', 3, 71, 51),
(66177, 449, '2015-11-25 10:50:00', 3, 71, 51),
(66178, 446, '2015-11-12 07:30:00', 1, 71, 55),
(66179, 446, '2015-11-19 07:30:00', 1, 71, 55),
(66180, 446, '2015-11-26 07:30:00', 1, 71, 55),
(66181, 446, '2015-11-12 09:10:00', 2, 71, 55),
(66182, 446, '2015-11-19 09:10:00', 2, 71, 55),
(66183, 446, '2015-11-26 09:10:00', 2, 71, 55),
(66184, 449, '2015-11-13 09:10:00', 2, 71, 51),
(66185, 449, '2015-11-20 09:10:00', 2, 71, 51),
(66186, 449, '2015-11-27 09:10:00', 2, 71, 51),
(66187, 449, '2015-11-13 10:50:00', 3, 71, 51),
(66188, 449, '2015-11-20 10:50:00', 3, 71, 51),
(66189, 449, '2015-11-27 10:50:00', 3, 71, 51),
(66190, 449, '2015-11-30 09:10:00', 2, 71, 51),
(66191, 449, '2015-12-07 09:10:00', 2, 71, 51),
(66192, 449, '2015-12-14 09:10:00', 2, 71, 51),
(66193, 449, '2015-11-30 10:50:00', 3, 71, 51),
(66194, 449, '2015-12-07 10:50:00', 3, 71, 51),
(66195, 449, '2015-12-14 10:50:00', 3, 71, 51),
(66196, 446, '2015-12-01 07:30:00', 1, 71, 55),
(66197, 446, '2015-12-08 07:30:00', 1, 71, 55),
(66198, 446, '2015-12-15 07:30:00', 1, 71, 55),
(66199, 446, '2015-12-01 09:10:00', 2, 71, 55),
(66200, 446, '2015-12-08 09:10:00', 2, 71, 55),
(66201, 446, '2015-12-15 09:10:00', 2, 71, 55),
(66202, 449, '2015-12-02 09:10:00', 2, 71, 51),
(66203, 449, '2015-12-09 09:10:00', 2, 71, 51),
(66204, 449, '2015-12-16 09:10:00', 2, 71, 51),
(66205, 449, '2015-12-02 10:50:00', 3, 71, 51),
(66206, 449, '2015-12-09 10:50:00', 3, 71, 51),
(66207, 449, '2015-12-16 10:50:00', 3, 71, 51),
(66208, 446, '2015-12-03 07:30:00', 1, 71, 55),
(66209, 446, '2015-12-10 07:30:00', 1, 71, 55),
(66210, 446, '2015-12-17 07:30:00', 1, 71, 55),
(66211, 446, '2015-12-03 09:10:00', 2, 71, 55),
(66212, 446, '2015-12-10 09:10:00', 2, 71, 55),
(66213, 446, '2015-12-17 09:10:00', 2, 71, 55),
(66214, 446, '2015-12-04 07:30:00', 1, 71, 55),
(66215, 446, '2015-12-11 07:30:00', 1, 71, 55),
(66216, 446, '2015-12-18 07:30:00', 1, 71, 55),
(66217, 446, '2015-12-04 09:10:00', 2, 71, 55),
(66218, 446, '2015-12-11 09:10:00', 2, 71, 55),
(66219, 446, '2015-12-18 09:10:00', 2, 71, 55),
(66220, 452, '2015-09-07 07:30:00', 1, 73, 54),
(66221, 452, '2015-09-14 07:30:00', 1, 73, 54),
(66222, 452, '2015-09-21 07:30:00', 1, 73, 54),
(66223, 452, '2015-09-07 09:10:00', 2, 73, 54),
(66224, 452, '2015-09-14 09:10:00', 2, 73, 54),
(66225, 452, '2015-09-21 09:10:00', 2, 73, 54),
(66226, 453, '2015-09-08 07:30:00', 1, 73, 55),
(66227, 453, '2015-09-15 07:30:00', 1, 73, 55),
(66228, 453, '2015-09-22 07:30:00', 1, 73, 55),
(66229, 453, '2015-09-08 09:10:00', 2, 73, 55),
(66230, 453, '2015-09-15 09:10:00', 2, 73, 55),
(66231, 453, '2015-09-22 09:10:00', 2, 73, 55),
(66232, 452, '2015-09-09 07:30:00', 1, 73, 54),
(66233, 452, '2015-09-16 07:30:00', 1, 73, 54),
(66234, 452, '2015-09-23 07:30:00', 1, 73, 54),
(66235, 452, '2015-09-09 09:10:00', 2, 73, 54),
(66236, 452, '2015-09-16 09:10:00', 2, 73, 54),
(66237, 452, '2015-09-23 09:10:00', 2, 73, 54),
(66238, 453, '2015-09-10 07:30:00', 1, 73, 55),
(66239, 453, '2015-09-17 07:30:00', 1, 73, 55),
(66240, 453, '2015-09-24 07:30:00', 1, 73, 55),
(66241, 453, '2015-09-10 09:10:00', 2, 73, 55),
(66242, 453, '2015-09-17 09:10:00', 2, 73, 55),
(66243, 453, '2015-09-24 09:10:00', 2, 73, 55),
(66244, 452, '2015-09-11 07:30:00', 1, 73, 54),
(66245, 452, '2015-09-18 07:30:00', 1, 73, 54),
(66246, 452, '2015-09-25 07:30:00', 1, 73, 54),
(66247, 452, '2015-09-11 09:10:00', 2, 73, 54),
(66248, 452, '2015-09-18 09:10:00', 2, 73, 54),
(66249, 452, '2015-09-25 09:10:00', 2, 73, 54),
(66250, 452, '2015-09-28 07:30:00', 1, 73, 54),
(66251, 452, '2015-10-05 07:30:00', 1, 73, 54),
(66252, 452, '2015-10-12 07:30:00', 1, 73, 54),
(66253, 452, '2015-09-28 09:10:00', 2, 73, 54),
(66254, 452, '2015-10-05 09:10:00', 2, 73, 54),
(66255, 452, '2015-10-12 09:10:00', 2, 73, 54),
(66256, 453, '2015-09-29 07:30:00', 1, 73, 55),
(66257, 453, '2015-10-06 07:30:00', 1, 73, 55),
(66258, 453, '2015-10-13 07:30:00', 1, 73, 55),
(66259, 453, '2015-09-29 09:10:00', 2, 73, 55),
(66260, 453, '2015-10-06 09:10:00', 2, 73, 55),
(66261, 453, '2015-10-13 09:10:00', 2, 73, 55),
(66262, 452, '2015-09-30 07:30:00', 1, 73, 54),
(66263, 452, '2015-10-07 07:30:00', 1, 73, 54),
(66264, 452, '2015-10-14 07:30:00', 1, 73, 54),
(66265, 452, '2015-09-30 09:10:00', 2, 73, 54),
(66266, 452, '2015-10-07 09:10:00', 2, 73, 54),
(66267, 452, '2015-10-14 09:10:00', 2, 73, 54),
(66268, 453, '2015-10-01 07:30:00', 1, 73, 55),
(66269, 453, '2015-10-08 07:30:00', 1, 73, 55),
(66270, 453, '2015-10-15 07:30:00', 1, 73, 55),
(66271, 453, '2015-10-01 09:10:00', 2, 73, 55),
(66272, 453, '2015-10-08 09:10:00', 2, 73, 55),
(66273, 453, '2015-10-15 09:10:00', 2, 73, 55),
(66274, 453, '2015-10-02 07:30:00', 1, 73, 55),
(66275, 453, '2015-10-09 07:30:00', 1, 73, 55),
(66276, 453, '2015-10-16 07:30:00', 1, 73, 55),
(66277, 453, '2015-10-02 09:10:00', 2, 73, 55),
(66278, 453, '2015-10-09 09:10:00', 2, 73, 55),
(66279, 453, '2015-10-16 09:10:00', 2, 73, 55),
(66280, 451, '2015-11-09 07:30:00', 1, 73, 54),
(66281, 451, '2015-11-16 07:30:00', 1, 73, 54),
(66282, 451, '2015-11-23 07:30:00', 1, 73, 54),
(66283, 451, '2015-11-09 09:10:00', 2, 73, 54),
(66284, 451, '2015-11-16 09:10:00', 2, 73, 54),
(66285, 451, '2015-11-23 09:10:00', 2, 73, 54),
(66286, 455, '2015-11-09 10:50:00', 3, 73, 57),
(66287, 455, '2015-11-16 10:50:00', 3, 73, 57),
(66288, 455, '2015-11-23 10:50:00', 3, 73, 57),
(66289, 454, '2015-11-10 07:30:00', 1, 73, 56),
(66290, 454, '2015-11-17 07:30:00', 1, 73, 56),
(66291, 454, '2015-11-24 07:30:00', 1, 73, 56),
(66292, 454, '2015-11-10 09:10:00', 2, 73, 56),
(66293, 454, '2015-11-17 09:10:00', 2, 73, 56),
(66294, 454, '2015-11-24 09:10:00', 2, 73, 56),
(66295, 455, '2015-11-10 10:50:00', 3, 73, 57),
(66296, 455, '2015-11-17 10:50:00', 3, 73, 57),
(66297, 455, '2015-11-24 10:50:00', 3, 73, 57),
(66298, 451, '2015-11-11 07:30:00', 1, 73, 54),
(66299, 451, '2015-11-18 07:30:00', 1, 73, 54),
(66300, 451, '2015-11-25 07:30:00', 1, 73, 54),
(66301, 451, '2015-11-11 09:10:00', 2, 73, 54),
(66302, 451, '2015-11-18 09:10:00', 2, 73, 54),
(66303, 451, '2015-11-25 09:10:00', 2, 73, 54),
(66304, 455, '2015-11-11 10:50:00', 3, 73, 57),
(66305, 455, '2015-11-18 10:50:00', 3, 73, 57),
(66306, 455, '2015-11-25 10:50:00', 3, 73, 57),
(66307, 454, '2015-11-12 07:30:00', 1, 73, 56),
(66308, 454, '2015-11-19 07:30:00', 1, 73, 56),
(66309, 454, '2015-11-26 07:30:00', 1, 73, 56),
(66310, 454, '2015-11-12 09:10:00', 2, 73, 56),
(66311, 454, '2015-11-19 09:10:00', 2, 73, 56),
(66312, 454, '2015-11-26 09:10:00', 2, 73, 56),
(66313, 455, '2015-11-12 10:50:00', 3, 73, 57),
(66314, 455, '2015-11-19 10:50:00', 3, 73, 57),
(66315, 455, '2015-11-26 10:50:00', 3, 73, 57),
(66316, 451, '2015-11-13 07:30:00', 1, 73, 54),
(66317, 451, '2015-11-20 07:30:00', 1, 73, 54),
(66318, 451, '2015-11-27 07:30:00', 1, 73, 54),
(66319, 451, '2015-11-13 09:10:00', 2, 73, 54),
(66320, 451, '2015-11-20 09:10:00', 2, 73, 54),
(66321, 451, '2015-11-27 09:10:00', 2, 73, 54),
(66322, 455, '2015-11-13 10:50:00', 3, 73, 57),
(66323, 455, '2015-11-20 10:50:00', 3, 73, 57),
(66324, 455, '2015-11-27 10:50:00', 3, 73, 57),
(66325, 451, '2015-11-30 07:30:00', 1, 73, 54),
(66326, 451, '2015-12-07 07:30:00', 1, 73, 54),
(66327, 451, '2015-12-14 07:30:00', 1, 73, 54),
(66328, 451, '2015-11-30 09:10:00', 2, 73, 54),
(66329, 451, '2015-12-07 09:10:00', 2, 73, 54),
(66330, 451, '2015-12-14 09:10:00', 2, 73, 54),
(66331, 455, '2015-11-30 10:50:00', 3, 73, 57),
(66332, 455, '2015-12-07 10:50:00', 3, 73, 57),
(66333, 455, '2015-12-14 10:50:00', 3, 73, 57),
(66334, 454, '2015-12-01 07:30:00', 1, 73, 56),
(66335, 454, '2015-12-08 07:30:00', 1, 73, 56),
(66336, 454, '2015-12-15 07:30:00', 1, 73, 56),
(66337, 454, '2015-12-01 09:10:00', 2, 73, 56),
(66338, 454, '2015-12-08 09:10:00', 2, 73, 56),
(66339, 454, '2015-12-15 09:10:00', 2, 73, 56),
(66340, 455, '2015-12-01 10:50:00', 3, 73, 57),
(66341, 455, '2015-12-08 10:50:00', 3, 73, 57),
(66342, 455, '2015-12-15 10:50:00', 3, 73, 57),
(66343, 451, '2015-12-02 07:30:00', 1, 73, 54),
(66344, 451, '2015-12-09 07:30:00', 1, 73, 54),
(66345, 451, '2015-12-16 07:30:00', 1, 73, 54),
(66346, 451, '2015-12-02 09:10:00', 2, 73, 54),
(66347, 451, '2015-12-09 09:10:00', 2, 73, 54),
(66348, 451, '2015-12-16 09:10:00', 2, 73, 54),
(66349, 455, '2015-12-02 10:50:00', 3, 73, 57),
(66350, 455, '2015-12-09 10:50:00', 3, 73, 57),
(66351, 455, '2015-12-16 10:50:00', 3, 73, 57),
(66352, 454, '2015-12-03 07:30:00', 1, 73, 56),
(66353, 454, '2015-12-10 07:30:00', 1, 73, 56),
(66354, 454, '2015-12-17 07:30:00', 1, 73, 56),
(66355, 454, '2015-12-03 09:10:00', 2, 73, 56),
(66356, 454, '2015-12-10 09:10:00', 2, 73, 56),
(66357, 454, '2015-12-17 09:10:00', 2, 73, 56),
(66358, 455, '2015-12-03 10:50:00', 3, 73, 57),
(66359, 455, '2015-12-10 10:50:00', 3, 73, 57),
(66360, 455, '2015-12-17 10:50:00', 3, 73, 57),
(66361, 454, '2015-12-04 07:30:00', 1, 73, 56),
(66362, 454, '2015-12-11 07:30:00', 1, 73, 56),
(66363, 454, '2015-12-18 07:30:00', 1, 73, 56),
(66364, 454, '2015-12-04 09:10:00', 2, 73, 56),
(66365, 454, '2015-12-11 09:10:00', 2, 73, 56),
(66366, 454, '2015-12-18 09:10:00', 2, 73, 56),
(66367, 455, '2015-12-04 10:50:00', 3, 73, 57),
(66368, 455, '2015-12-11 10:50:00', 3, 73, 57),
(66369, 455, '2015-12-18 10:50:00', 3, 73, 57),
(66370, 397, '2015-11-09 12:50:00', 4, 61, 44),
(66371, 397, '2015-11-16 12:50:00', 4, 61, 44),
(66372, 397, '2015-11-23 12:50:00', 4, 61, 44),
(66373, 397, '2015-11-09 14:30:00', 5, 61, 44),
(66374, 397, '2015-11-16 14:30:00', 5, 61, 44),
(66375, 397, '2015-11-23 14:30:00', 5, 61, 44),
(66376, 397, '2015-11-11 12:50:00', 4, 61, 44),
(66377, 397, '2015-11-18 12:50:00', 4, 61, 44),
(66378, 397, '2015-11-25 12:50:00', 4, 61, 44),
(66379, 397, '2015-11-11 14:30:00', 5, 61, 44),
(66380, 397, '2015-11-18 14:30:00', 5, 61, 44),
(66381, 397, '2015-11-25 14:30:00', 5, 61, 44),
(66382, 397, '2015-11-13 12:50:00', 4, 61, 44),
(66383, 397, '2015-11-20 12:50:00', 4, 61, 44),
(66384, 397, '2015-11-27 12:50:00', 4, 61, 44),
(66385, 397, '2015-11-13 14:30:00', 5, 61, 44),
(66386, 397, '2015-11-20 14:30:00', 5, 61, 44),
(66387, 397, '2015-11-27 14:30:00', 5, 61, 44),
(66388, 397, '2015-11-30 12:50:00', 4, 61, 44),
(66389, 397, '2015-12-07 12:50:00', 4, 61, 44),
(66390, 397, '2015-12-14 12:50:00', 4, 61, 44),
(66391, 397, '2015-11-30 14:30:00', 5, 61, 44),
(66392, 397, '2015-12-07 14:30:00', 5, 61, 44),
(66393, 397, '2015-12-14 14:30:00', 5, 61, 44),
(66394, 397, '2015-12-02 12:50:00', 4, 61, 44),
(66395, 397, '2015-12-09 12:50:00', 4, 61, 44),
(66396, 397, '2015-12-16 12:50:00', 4, 61, 44),
(66397, 397, '2015-12-02 14:30:00', 5, 61, 44),
(66398, 397, '2015-12-09 14:30:00', 5, 61, 44),
(66399, 397, '2015-12-16 14:30:00', 5, 61, 44),
(66400, 398, '2015-09-07 12:50:00', 4, 61, 43),
(66401, 398, '2015-09-14 12:50:00', 4, 61, 43),
(66402, 398, '2015-09-21 12:50:00', 4, 61, 43),
(66403, 398, '2015-09-07 14:30:00', 5, 61, 43),
(66404, 398, '2015-09-14 14:30:00', 5, 61, 43),
(66405, 398, '2015-09-21 14:30:00', 5, 61, 43),
(66406, 398, '2015-09-09 12:50:00', 4, 61, 43),
(66407, 398, '2015-09-16 12:50:00', 4, 61, 43),
(66408, 398, '2015-09-23 12:50:00', 4, 61, 43),
(66409, 398, '2015-09-09 14:30:00', 5, 61, 43),
(66410, 398, '2015-09-16 14:30:00', 5, 61, 43),
(66411, 398, '2015-09-23 14:30:00', 5, 61, 43),
(66412, 398, '2015-09-11 12:50:00', 4, 61, 43),
(66413, 398, '2015-09-18 12:50:00', 4, 61, 43),
(66414, 398, '2015-09-25 12:50:00', 4, 61, 43),
(66415, 398, '2015-09-11 14:30:00', 5, 61, 43),
(66416, 398, '2015-09-18 14:30:00', 5, 61, 43),
(66417, 398, '2015-09-25 14:30:00', 5, 61, 43),
(66418, 398, '2015-09-28 12:50:00', 4, 61, 43),
(66419, 398, '2015-10-05 12:50:00', 4, 61, 43),
(66420, 398, '2015-10-12 12:50:00', 4, 61, 43),
(66421, 398, '2015-09-28 14:30:00', 5, 61, 43),
(66422, 398, '2015-10-05 14:30:00', 5, 61, 43),
(66423, 398, '2015-10-12 14:30:00', 5, 61, 43),
(66424, 398, '2015-09-30 12:50:00', 4, 61, 43),
(66425, 398, '2015-10-07 12:50:00', 4, 61, 43),
(66426, 398, '2015-10-14 12:50:00', 4, 61, 43),
(66427, 398, '2015-09-30 14:30:00', 5, 61, 43),
(66428, 398, '2015-10-07 14:30:00', 5, 61, 43),
(66429, 398, '2015-10-14 14:30:00', 5, 61, 43),
(66430, 399, '2015-09-07 09:10:00', 2, 59, 62),
(66431, 399, '2015-09-14 09:10:00', 2, 59, 62),
(66432, 399, '2015-09-21 09:10:00', 2, 59, 62),
(66433, 399, '2015-09-07 10:50:00', 3, 59, 62),
(66434, 399, '2015-09-14 10:50:00', 3, 59, 62),
(66435, 399, '2015-09-21 10:50:00', 3, 59, 62),
(66436, 399, '2015-09-09 09:10:00', 2, 59, 62),
(66437, 399, '2015-09-16 09:10:00', 2, 59, 62),
(66438, 399, '2015-09-23 09:10:00', 2, 59, 62),
(66439, 399, '2015-09-09 10:50:00', 3, 59, 62),
(66440, 399, '2015-09-16 10:50:00', 3, 59, 62),
(66441, 399, '2015-09-23 10:50:00', 3, 59, 62),
(66442, 399, '2015-09-11 09:10:00', 2, 59, 62),
(66443, 399, '2015-09-18 09:10:00', 2, 59, 62),
(66444, 399, '2015-09-25 09:10:00', 2, 59, 62),
(66445, 399, '2015-09-11 10:50:00', 3, 59, 62),
(66446, 399, '2015-09-18 10:50:00', 3, 59, 62),
(66447, 399, '2015-09-25 10:50:00', 3, 59, 62),
(66448, 399, '2015-09-28 09:10:00', 2, 59, 62),
(66449, 399, '2015-10-05 09:10:00', 2, 59, 62),
(66450, 399, '2015-10-12 09:10:00', 2, 59, 62),
(66451, 399, '2015-09-28 10:50:00', 3, 59, 62),
(66452, 399, '2015-10-05 10:50:00', 3, 59, 62),
(66453, 399, '2015-10-12 10:50:00', 3, 59, 62),
(66454, 399, '2015-09-30 09:10:00', 2, 59, 62),
(66455, 399, '2015-10-07 09:10:00', 2, 59, 62),
(66456, 399, '2015-10-14 09:10:00', 2, 59, 62),
(66457, 399, '2015-09-30 10:50:00', 3, 59, 62),
(66458, 399, '2015-10-07 10:50:00', 3, 59, 62),
(66459, 399, '2015-10-14 10:50:00', 3, 59, 62),
(66460, 400, '2015-11-09 16:10:00', 6, 97, 46),
(66461, 400, '2015-11-16 16:10:00', 6, 97, 46),
(66462, 400, '2015-11-23 16:10:00', 6, 97, 46),
(66463, 400, '2015-11-10 16:10:00', 6, 97, 46),
(66464, 400, '2015-11-17 16:10:00', 6, 97, 46),
(66465, 400, '2015-11-24 16:10:00', 6, 97, 46),
(66466, 400, '2015-11-11 16:10:00', 6, 97, 46),
(66467, 400, '2015-11-18 16:10:00', 6, 97, 46),
(66468, 400, '2015-11-25 16:10:00', 6, 97, 46),
(66469, 400, '2015-11-12 16:10:00', 6, 97, 46),
(66470, 400, '2015-11-19 16:10:00', 6, 97, 46),
(66471, 400, '2015-11-26 16:10:00', 6, 97, 46),
(66472, 400, '2015-11-13 16:10:00', 6, 97, 46),
(66473, 400, '2015-11-20 16:10:00', 6, 97, 46),
(66474, 400, '2015-11-27 16:10:00', 6, 97, 46),
(66475, 400, '2015-11-30 16:10:00', 6, 97, 46),
(66476, 400, '2015-12-07 16:10:00', 6, 97, 46),
(66477, 400, '2015-12-14 16:10:00', 6, 97, 46),
(66478, 400, '2015-12-01 16:10:00', 6, 97, 46),
(66479, 400, '2015-12-08 16:10:00', 6, 97, 46),
(66480, 400, '2015-12-15 16:10:00', 6, 97, 46),
(66481, 400, '2015-12-02 16:10:00', 6, 97, 46),
(66482, 400, '2015-12-09 16:10:00', 6, 97, 46),
(66483, 400, '2015-12-16 16:10:00', 6, 97, 46),
(66484, 400, '2015-12-03 16:10:00', 6, 97, 46),
(66485, 400, '2015-12-10 16:10:00', 6, 97, 46),
(66486, 400, '2015-12-17 16:10:00', 6, 97, 46),
(66487, 400, '2015-12-04 16:10:00', 6, 97, 46),
(66488, 400, '2015-12-11 16:10:00', 6, 97, 46),
(66489, 400, '2015-12-18 16:10:00', 6, 97, 46);

--
-- Indexes for dumped tables
--

--
-- Indexes for table `buildings`
--
ALTER TABLE `buildings`
 ADD PRIMARY KEY (`building_id`);

--
-- Indexes for table `classes`
--
ALTER TABLE `classes`
 ADD PRIMARY KEY (`class_id`), ADD UNIQUE KEY `code` (`code`), ADD KEY `specialized_id` (`specialized_id`), ADD KEY `course_id` (`course_id`), ADD KEY `detail_specialized_id` (`detail_specialized_id`);

--
-- Indexes for table `class_course_semester`
--
ALTER TABLE `class_course_semester`
 ADD PRIMARY KEY (`class_course_semester_id`), ADD UNIQUE KEY `class_course_semester_idx` (`class_semester_id`,`course_semester_id`), ADD KEY `class_semester_id` (`class_semester_id`), ADD KEY `course_semester_id` (`course_semester_id`);

--
-- Indexes for table `class_course_semester_merge`
--
ALTER TABLE `class_course_semester_merge`
 ADD PRIMARY KEY (`class_course_semester_merge_id`), ADD KEY `class_course_semester_id_1` (`class_course_semester_id_1`), ADD KEY `class_course_semester_id_2` (`class_course_semester_id_2`);

--
-- Indexes for table `class_course_student_semester`
--
ALTER TABLE `class_course_student_semester`
 ADD PRIMARY KEY (`class_course_student_semester_id`), ADD UNIQUE KEY `class_course_student_semester_idx` (`class_course_semester_id`,`student_id`), ADD KEY `class_course_semester_id` (`class_course_semester_id`), ADD KEY `student_id` (`student_id`);

--
-- Indexes for table `class_semester`
--
ALTER TABLE `class_semester`
 ADD PRIMARY KEY (`class_semester_id`), ADD UNIQUE KEY `class_id` (`class_id`,`semester_id`), ADD KEY `semester_id` (`semester_id`);

--
-- Indexes for table `courses`
--
ALTER TABLE `courses`
 ADD PRIMARY KEY (`course_id`), ADD UNIQUE KEY `code` (`code`), ADD KEY `department_id` (`department_id`);

--
-- Indexes for table `course_semester`
--
ALTER TABLE `course_semester`
 ADD PRIMARY KEY (`course_semester_id`), ADD UNIQUE KEY `my_idx` (`course_id`,`semester_id`), ADD KEY `course_condition_id` (`course_condition_id`), ADD KEY `course_id` (`course_id`), ADD KEY `semester_id` (`semester_id`);

--
-- Indexes for table `department`
--
ALTER TABLE `department`
 ADD PRIMARY KEY (`department_id`), ADD UNIQUE KEY `code` (`code`);

--
-- Indexes for table `program_semester`
--
ALTER TABLE `program_semester`
 ADD PRIMARY KEY (`program_semester_id`), ADD UNIQUE KEY `semester_id_2` (`semester_id`,`current_semester`,`specialized_id`,`detail_specialized_id`), ADD KEY `semester_id` (`semester_id`), ADD KEY `specialized_id` (`specialized_id`), ADD KEY `detail_specialized_id` (`detail_specialized_id`);

--
-- Indexes for table `program_semester_detail`
--
ALTER TABLE `program_semester_detail`
 ADD PRIMARY KEY (`program_semester_detail_id`), ADD UNIQUE KEY `program_semester_id_2` (`program_semester_id`,`course_semester_id`), ADD KEY `program_semester_id` (`program_semester_id`), ADD KEY `course_semester_id` (`course_semester_id`);

--
-- Indexes for table `rooms`
--
ALTER TABLE `rooms`
 ADD PRIMARY KEY (`room_id`), ADD UNIQUE KEY `code` (`code`), ADD KEY `building_id` (`building_id`);

--
-- Indexes for table `semesters`
--
ALTER TABLE `semesters`
 ADD PRIMARY KEY (`semester_id`), ADD UNIQUE KEY `code` (`code`);

--
-- Indexes for table `specialized`
--
ALTER TABLE `specialized`
 ADD PRIMARY KEY (`specialized_id`), ADD UNIQUE KEY `code` (`code`);

--
-- Indexes for table `staff`
--
ALTER TABLE `staff`
 ADD PRIMARY KEY (`staff_id`), ADD UNIQUE KEY `account` (`account`,`email`);

--
-- Indexes for table `students`
--
ALTER TABLE `students`
 ADD PRIMARY KEY (`student_id`), ADD UNIQUE KEY `account` (`account`,`email`,`student_code`), ADD KEY `class_semester_id` (`class_semester_id`), ADD KEY `specialized_id` (`specialized_id`), ADD KEY `detail_specialized_id` (`detail_specialized_id`);

--
-- Indexes for table `teachers`
--
ALTER TABLE `teachers`
 ADD PRIMARY KEY (`teacher_id`), ADD UNIQUE KEY `account` (`account`), ADD UNIQUE KEY `email` (`email`);

--
-- Indexes for table `teacher_course_semester`
--
ALTER TABLE `teacher_course_semester`
 ADD PRIMARY KEY (`teacher_course_semester_id`), ADD KEY `course_semester_id` (`course_semester_id`), ADD KEY `teacher_semester_id` (`teacher_semester_id`);

--
-- Indexes for table `teacher_semester`
--
ALTER TABLE `teacher_semester`
 ADD PRIMARY KEY (`teacher_semester_id`), ADD UNIQUE KEY `teacher_id` (`teacher_id`,`semester_id`), ADD KEY `semester_id` (`semester_id`);

--
-- Indexes for table `time_table`
--
ALTER TABLE `time_table`
 ADD PRIMARY KEY (`time_table_id`), ADD UNIQUE KEY `date` (`date`,`slot`,`class_course_semester_id`), ADD KEY `class_course_semester_id` (`class_course_semester_id`), ADD KEY `room_id` (`room_id`), ADD KEY `teacher_id` (`teacher_semester_id`);

--
-- AUTO_INCREMENT for dumped tables
--

--
-- AUTO_INCREMENT for table `buildings`
--
ALTER TABLE `buildings`
MODIFY `building_id` int(11) NOT NULL AUTO_INCREMENT,AUTO_INCREMENT=5;
--
-- AUTO_INCREMENT for table `classes`
--
ALTER TABLE `classes`
MODIFY `class_id` int(11) NOT NULL AUTO_INCREMENT,AUTO_INCREMENT=111;
--
-- AUTO_INCREMENT for table `class_course_semester`
--
ALTER TABLE `class_course_semester`
MODIFY `class_course_semester_id` int(11) NOT NULL AUTO_INCREMENT,AUTO_INCREMENT=456;
--
-- AUTO_INCREMENT for table `class_course_semester_merge`
--
ALTER TABLE `class_course_semester_merge`
MODIFY `class_course_semester_merge_id` int(11) NOT NULL AUTO_INCREMENT,AUTO_INCREMENT=189;
--
-- AUTO_INCREMENT for table `class_course_student_semester`
--
ALTER TABLE `class_course_student_semester`
MODIFY `class_course_student_semester_id` int(11) NOT NULL AUTO_INCREMENT,AUTO_INCREMENT=16306;
--
-- AUTO_INCREMENT for table `class_semester`
--
ALTER TABLE `class_semester`
MODIFY `class_semester_id` int(11) NOT NULL AUTO_INCREMENT,AUTO_INCREMENT=108;
--
-- AUTO_INCREMENT for table `courses`
--
ALTER TABLE `courses`
MODIFY `course_id` int(11) NOT NULL AUTO_INCREMENT,AUTO_INCREMENT=277;
--
-- AUTO_INCREMENT for table `course_semester`
--
ALTER TABLE `course_semester`
MODIFY `course_semester_id` int(11) NOT NULL AUTO_INCREMENT,AUTO_INCREMENT=277;
--
-- AUTO_INCREMENT for table `department`
--
ALTER TABLE `department`
MODIFY `department_id` int(11) NOT NULL AUTO_INCREMENT,AUTO_INCREMENT=27;
--
-- AUTO_INCREMENT for table `program_semester`
--
ALTER TABLE `program_semester`
MODIFY `program_semester_id` int(11) NOT NULL AUTO_INCREMENT,AUTO_INCREMENT=24;
--
-- AUTO_INCREMENT for table `program_semester_detail`
--
ALTER TABLE `program_semester_detail`
MODIFY `program_semester_detail_id` int(11) NOT NULL AUTO_INCREMENT,AUTO_INCREMENT=107;
--
-- AUTO_INCREMENT for table `rooms`
--
ALTER TABLE `rooms`
MODIFY `room_id` int(11) NOT NULL AUTO_INCREMENT,AUTO_INCREMENT=98;
--
-- AUTO_INCREMENT for table `semesters`
--
ALTER TABLE `semesters`
MODIFY `semester_id` int(11) NOT NULL AUTO_INCREMENT,AUTO_INCREMENT=4;
--
-- AUTO_INCREMENT for table `specialized`
--
ALTER TABLE `specialized`
MODIFY `specialized_id` int(11) NOT NULL AUTO_INCREMENT,AUTO_INCREMENT=9;
--
-- AUTO_INCREMENT for table `staff`
--
ALTER TABLE `staff`
MODIFY `staff_id` int(11) NOT NULL AUTO_INCREMENT,AUTO_INCREMENT=7;
--
-- AUTO_INCREMENT for table `students`
--
ALTER TABLE `students`
MODIFY `student_id` int(11) NOT NULL AUTO_INCREMENT,AUTO_INCREMENT=647;
--
-- AUTO_INCREMENT for table `teachers`
--
ALTER TABLE `teachers`
MODIFY `teacher_id` int(11) NOT NULL AUTO_INCREMENT,AUTO_INCREMENT=73;
--
-- AUTO_INCREMENT for table `teacher_course_semester`
--
ALTER TABLE `teacher_course_semester`
MODIFY `teacher_course_semester_id` int(11) NOT NULL AUTO_INCREMENT,AUTO_INCREMENT=756;
--
-- AUTO_INCREMENT for table `teacher_semester`
--
ALTER TABLE `teacher_semester`
MODIFY `teacher_semester_id` int(11) NOT NULL AUTO_INCREMENT,AUTO_INCREMENT=73;
--
-- AUTO_INCREMENT for table `time_table`
--
ALTER TABLE `time_table`
MODIFY `time_table_id` int(11) NOT NULL AUTO_INCREMENT,AUTO_INCREMENT=66490;
--
-- Constraints for dumped tables
--

--
-- Constraints for table `classes`
--
ALTER TABLE `classes`
ADD CONSTRAINT `classes_ibfk_1` FOREIGN KEY (`specialized_id`) REFERENCES `specialized` (`specialized_id`),
ADD CONSTRAINT `classes_ibfk_2` FOREIGN KEY (`course_id`) REFERENCES `courses` (`course_id`),
ADD CONSTRAINT `classes_ibfk_3` FOREIGN KEY (`detail_specialized_id`) REFERENCES `specialized` (`specialized_id`);

--
-- Constraints for table `class_course_semester`
--
ALTER TABLE `class_course_semester`
ADD CONSTRAINT `class_course_semester_ibfk_1` FOREIGN KEY (`class_semester_id`) REFERENCES `class_semester` (`class_semester_id`),
ADD CONSTRAINT `class_course_semester_ibfk_2` FOREIGN KEY (`course_semester_id`) REFERENCES `course_semester` (`course_semester_id`);

--
-- Constraints for table `class_course_semester_merge`
--
ALTER TABLE `class_course_semester_merge`
ADD CONSTRAINT `class_course_semester_merge_ibfk_1` FOREIGN KEY (`class_course_semester_id_1`) REFERENCES `class_course_semester` (`class_course_semester_id`),
ADD CONSTRAINT `class_course_semester_merge_ibfk_2` FOREIGN KEY (`class_course_semester_id_2`) REFERENCES `class_course_semester` (`class_course_semester_id`);

--
-- Constraints for table `class_course_student_semester`
--
ALTER TABLE `class_course_student_semester`
ADD CONSTRAINT `class_course_student_semester_ibfk_1` FOREIGN KEY (`class_course_semester_id`) REFERENCES `class_course_semester` (`class_course_semester_id`),
ADD CONSTRAINT `class_course_student_semester_ibfk_2` FOREIGN KEY (`student_id`) REFERENCES `students` (`student_id`);

--
-- Constraints for table `class_semester`
--
ALTER TABLE `class_semester`
ADD CONSTRAINT `class_semester_ibfk_1` FOREIGN KEY (`class_id`) REFERENCES `classes` (`class_id`),
ADD CONSTRAINT `class_semester_ibfk_2` FOREIGN KEY (`semester_id`) REFERENCES `semesters` (`semester_id`);

--
-- Constraints for table `courses`
--
ALTER TABLE `courses`
ADD CONSTRAINT `courses_ibfk_2` FOREIGN KEY (`department_id`) REFERENCES `department` (`department_id`);

--
-- Constraints for table `course_semester`
--
ALTER TABLE `course_semester`
ADD CONSTRAINT `course_semester_ibfk_3` FOREIGN KEY (`course_condition_id`) REFERENCES `courses` (`course_id`),
ADD CONSTRAINT `course_semester_ibfk_4` FOREIGN KEY (`course_id`) REFERENCES `courses` (`course_id`),
ADD CONSTRAINT `course_semester_ibfk_5` FOREIGN KEY (`semester_id`) REFERENCES `semesters` (`semester_id`);

--
-- Constraints for table `program_semester`
--
ALTER TABLE `program_semester`
ADD CONSTRAINT `program_semester_ibfk_1` FOREIGN KEY (`semester_id`) REFERENCES `semesters` (`semester_id`),
ADD CONSTRAINT `program_semester_ibfk_2` FOREIGN KEY (`specialized_id`) REFERENCES `specialized` (`specialized_id`),
ADD CONSTRAINT `program_semester_ibfk_3` FOREIGN KEY (`detail_specialized_id`) REFERENCES `specialized` (`specialized_id`);

--
-- Constraints for table `program_semester_detail`
--
ALTER TABLE `program_semester_detail`
ADD CONSTRAINT `program_semester_detail_ibfk_1` FOREIGN KEY (`program_semester_id`) REFERENCES `program_semester` (`program_semester_id`),
ADD CONSTRAINT `program_semester_detail_ibfk_2` FOREIGN KEY (`course_semester_id`) REFERENCES `course_semester` (`course_semester_id`);

--
-- Constraints for table `rooms`
--
ALTER TABLE `rooms`
ADD CONSTRAINT `rooms_ibfk_1` FOREIGN KEY (`building_id`) REFERENCES `buildings` (`building_id`);

--
-- Constraints for table `students`
--
ALTER TABLE `students`
ADD CONSTRAINT `students_ibfk_1` FOREIGN KEY (`class_semester_id`) REFERENCES `class_semester` (`class_semester_id`),
ADD CONSTRAINT `students_ibfk_2` FOREIGN KEY (`specialized_id`) REFERENCES `specialized` (`specialized_id`),
ADD CONSTRAINT `students_ibfk_3` FOREIGN KEY (`detail_specialized_id`) REFERENCES `specialized` (`specialized_id`);

--
-- Constraints for table `teacher_course_semester`
--
ALTER TABLE `teacher_course_semester`
ADD CONSTRAINT `teacher_course_semester_ibfk_1` FOREIGN KEY (`course_semester_id`) REFERENCES `course_semester` (`course_semester_id`),
ADD CONSTRAINT `teacher_course_semester_ibfk_2` FOREIGN KEY (`teacher_semester_id`) REFERENCES `teacher_semester` (`teacher_semester_id`);

--
-- Constraints for table `teacher_semester`
--
ALTER TABLE `teacher_semester`
ADD CONSTRAINT `teacher_semester_ibfk_1` FOREIGN KEY (`teacher_id`) REFERENCES `teachers` (`teacher_id`),
ADD CONSTRAINT `teacher_semester_ibfk_2` FOREIGN KEY (`semester_id`) REFERENCES `semesters` (`semester_id`);

--
-- Constraints for table `time_table`
--
ALTER TABLE `time_table`
ADD CONSTRAINT `time_table_ibfk_1` FOREIGN KEY (`class_course_semester_id`) REFERENCES `class_course_semester` (`class_course_semester_id`),
ADD CONSTRAINT `time_table_ibfk_2` FOREIGN KEY (`room_id`) REFERENCES `rooms` (`room_id`),
ADD CONSTRAINT `time_table_ibfk_3` FOREIGN KEY (`teacher_semester_id`) REFERENCES `teacher_semester` (`teacher_semester_id`);

/*!40101 SET CHARACTER_SET_CLIENT=@OLD_CHARACTER_SET_CLIENT */;
/*!40101 SET CHARACTER_SET_RESULTS=@OLD_CHARACTER_SET_RESULTS */;
/*!40101 SET COLLATION_CONNECTION=@OLD_COLLATION_CONNECTION */;
