-- phpMyAdmin SQL Dump
-- version 4.2.11
-- http://www.phpmyadmin.net
--
-- Host: 127.0.0.1
-- Generation Time: Aug 23, 2015 at 03:43 AM
-- Server version: 5.6.21
-- PHP Version: 5.6.3

SET SQL_MODE = "NO_AUTO_VALUE_ON_ZERO";
SET time_zone = "+00:00";


/*!40101 SET @OLD_CHARACTER_SET_CLIENT=@@CHARACTER_SET_CLIENT */;
/*!40101 SET @OLD_CHARACTER_SET_RESULTS=@@CHARACTER_SET_RESULTS */;
/*!40101 SET @OLD_COLLATION_CONNECTION=@@COLLATION_CONNECTION */;
/*!40101 SET NAMES utf8 */;

--
-- Database: `academic_portal`
--
CREATE DATABASE IF NOT EXISTS `academic_portal` DEFAULT CHARACTER SET utf8 COLLATE utf8_vietnamese_ci;
USE `academic_portal`;

-- --------------------------------------------------------

--
-- Table structure for table `buildings`
--

DROP TABLE IF EXISTS `buildings`;
CREATE TABLE IF NOT EXISTS `buildings` (
`building_id` int(11) NOT NULL,
  `building_code` varchar(11) COLLATE utf8_vietnamese_ci NOT NULL
) ENGINE=InnoDB AUTO_INCREMENT=5 DEFAULT CHARSET=utf8 COLLATE=utf8_vietnamese_ci;

--
-- Dumping data for table `buildings`
--

INSERT INTO `buildings` (`building_id`, `building_code`) VALUES
(3, 'HB'),
(4, 'GD');

-- --------------------------------------------------------

--
-- Table structure for table `classes`
--

DROP TABLE IF EXISTS `classes`;
CREATE TABLE IF NOT EXISTS `classes` (
`class_id` int(11) NOT NULL,
  `code` varchar(30) NOT NULL,
  `type` varchar(11) NOT NULL,
  `specialized_id` int(11) DEFAULT NULL,
  `detail_specialized_id` int(11) DEFAULT NULL,
  `course_id` int(11) DEFAULT NULL,
  `batch` int(11) DEFAULT NULL,
  `batch_char` varchar(1) DEFAULT NULL,
  `number` int(11) DEFAULT NULL
) ENGINE=InnoDB AUTO_INCREMENT=111 DEFAULT CHARSET=latin1;

--
-- Dumping data for table `classes`
--

INSERT INTO `classes` (`class_id`, `code`, `type`, `specialized_id`, `detail_specialized_id`, `course_id`, `batch`, `batch_char`, `number`) VALUES
(84, 'SE1007', 'Specialized', 1, 1, NULL, 10, 'C', 7),
(85, 'SE1008', 'Specialized', 1, 1, NULL, 10, 'C', 8),
(86, 'SE1009', 'Specialized', 1, 1, NULL, 10, 'C', 9),
(87, 'SE1010', 'Specialized', 1, 1, NULL, 10, 'C', 10),
(88, 'SE1011', 'Specialized', 1, 1, NULL, 10, 'C', 11),
(89, 'SE1012', 'Specialized', 1, 1, NULL, 10, 'C', 12),
(90, 'EC1003', 'Specialized', 1, 8, NULL, 10, 'C', 3),
(91, 'IA1003', 'Specialized', 1, 7, NULL, 10, 'C', 3),
(92, 'SE1004', 'Specialized', 1, 1, NULL, 10, 'B', 4),
(93, 'SE1005', 'Specialized', 1, 1, NULL, 10, 'B', 5),
(94, 'SE1006', 'Specialized', 1, 1, NULL, 10, 'B', 6),
(95, 'IA1002', 'Specialized', 1, 7, NULL, 10, 'B', 2),
(96, 'SE1001', 'Specialized', 1, 1, NULL, 9, 'A', 1),
(97, 'SE1002', 'Specialized', 1, 1, NULL, 9, 'A', 2),
(98, 'SE1003', 'Specialized', 1, 1, NULL, 9, 'A', 3),
(99, 'EC1001', 'Specialized', 1, 8, NULL, 9, 'A', 1),
(100, 'SE0907', 'Specialized', 1, 1, NULL, 9, 'C', 7),
(101, 'SE0908', 'Specialized', 1, 1, NULL, 9, 'C', 8),
(102, 'SE0909', 'Specialized', 1, 1, NULL, 9, 'C', 9),
(103, 'SE0910', 'Specialized', 1, 1, NULL, 9, 'C', 10),
(104, 'SE0911', 'Specialized', 1, 1, NULL, 9, 'C', 11),
(105, 'IA0902', 'Specialized', 1, 7, NULL, 9, 'C', 2),
(106, 'IA0903', 'Specialized', 1, 7, NULL, 9, 'C', 3),
(107, 'SE0904', 'Specialized', 1, 1, NULL, 9, 'B', 4),
(108, 'SE0905', 'Specialized', 1, 1, NULL, 9, 'B', 5),
(109, 'SE0906', 'Specialized', 1, 1, NULL, 9, 'B', 6),
(110, 'IA10901', 'Specialized', 1, 7, NULL, 9, 'B', 1);

-- --------------------------------------------------------

--
-- Table structure for table `class_course_semester`
--

DROP TABLE IF EXISTS `class_course_semester`;
CREATE TABLE IF NOT EXISTS `class_course_semester` (
`class_course_semester_id` int(11) NOT NULL,
  `class_semester_id` int(11) NOT NULL,
  `course_semester_id` int(11) NOT NULL,
  `block_condition` int(11) DEFAULT NULL,
  `is_semester_long` tinyint(1) NOT NULL
) ENGINE=InnoDB AUTO_INCREMENT=456 DEFAULT CHARSET=latin1;

--
-- Dumping data for table `class_course_semester`
--

INSERT INTO `class_course_semester` (`class_course_semester_id`, `class_semester_id`, `course_semester_id`, `block_condition`, `is_semester_long`) VALUES
(321, 81, 243, 0, 0),
(322, 81, 242, 0, 0),
(323, 81, 263, 0, 0),
(324, 81, 251, 0, 0),
(325, 81, 257, 0, 1),
(326, 82, 243, 0, 0),
(327, 82, 242, 0, 0),
(328, 82, 263, 0, 0),
(329, 82, 251, 0, 0),
(330, 82, 257, 0, 1),
(331, 83, 243, 0, 0),
(332, 83, 242, 0, 0),
(333, 83, 263, 0, 0),
(334, 83, 251, 0, 0),
(335, 83, 257, 0, 1),
(336, 84, 243, 0, 0),
(337, 84, 242, 0, 0),
(338, 84, 263, 0, 0),
(339, 84, 251, 0, 0),
(340, 84, 257, 0, 1),
(341, 85, 243, 0, 0),
(342, 85, 242, 0, 0),
(343, 85, 263, 0, 0),
(344, 85, 251, 0, 0),
(345, 85, 257, 0, 1),
(346, 86, 243, 0, 0),
(347, 86, 242, 0, 0),
(348, 86, 263, 0, 0),
(349, 86, 251, 0, 0),
(350, 86, 257, 0, 1),
(351, 87, 263, 0, 0),
(352, 87, 243, 0, 0),
(353, 87, 257, 0, 0),
(354, 87, 251, 0, 0),
(355, 87, 266, 0, 1),
(356, 88, 243, 0, 0),
(357, 88, 242, 0, 0),
(358, 88, 263, 0, 0),
(359, 88, 251, 0, 0),
(360, 88, 257, 0, 1),
(361, 89, 244, 0, 0),
(362, 89, 247, 0, 0),
(363, 89, 275, 0, 0),
(364, 89, 264, 0, 0),
(365, 89, 255, 0, 1),
(366, 90, 244, 0, 0),
(367, 90, 247, 0, 0),
(368, 90, 275, 0, 0),
(369, 90, 264, 0, 0),
(370, 90, 255, 0, 1),
(371, 91, 244, 0, 0),
(372, 91, 247, 0, 0),
(373, 91, 275, 0, 0),
(374, 91, 264, 0, 0),
(375, 91, 255, 0, 1),
(376, 92, 244, 0, 0),
(377, 92, 247, 0, 0),
(378, 92, 275, 0, 0),
(379, 92, 264, 0, 0),
(380, 92, 255, 0, 1),
(381, 93, 260, 0, 0),
(382, 93, 248, 0, 0),
(383, 93, 250, 1, 0),
(384, 93, 252, 1, 0),
(385, 93, 258, 0, 1),
(386, 94, 260, 0, 0),
(387, 94, 248, 0, 0),
(388, 94, 250, 1, 0),
(389, 94, 252, 1, 0),
(390, 94, 258, 0, 1),
(391, 95, 260, 0, 0),
(392, 95, 248, 0, 0),
(393, 95, 250, 1, 0),
(394, 95, 252, 1, 0),
(395, 95, 258, 0, 1),
(396, 96, 256, 0, 0),
(397, 96, 248, 0, 0),
(398, 96, 250, 1, 0),
(399, 96, 252, 1, 0),
(400, 96, 258, 0, 1),
(401, 97, 275, 0, 0),
(402, 97, 249, 0, 0),
(403, 97, 250, 1, 0),
(404, 97, 253, 1, 0),
(405, 97, 262, 0, 1),
(406, 98, 275, 0, 0),
(407, 98, 249, 0, 0),
(408, 98, 250, 1, 0),
(409, 98, 253, 1, 0),
(410, 98, 262, 0, 1),
(411, 99, 275, 0, 0),
(412, 99, 249, 0, 0),
(413, 99, 250, 1, 0),
(414, 99, 253, 1, 0),
(415, 99, 262, 0, 1),
(416, 100, 275, 0, 0),
(417, 100, 249, 0, 0),
(418, 100, 250, 1, 0),
(419, 100, 253, 1, 0),
(420, 100, 262, 0, 1),
(421, 101, 275, 0, 0),
(422, 101, 249, 0, 0),
(423, 101, 250, 1, 0),
(424, 101, 253, 1, 0),
(425, 101, 262, 0, 1),
(426, 102, 246, 0, 0),
(427, 102, 275, 0, 0),
(428, 102, 271, 0, 0),
(429, 102, 253, 1, 0),
(430, 102, 259, 0, 1),
(431, 103, 246, 0, 0),
(432, 103, 275, 0, 0),
(433, 103, 271, 0, 0),
(434, 103, 253, 1, 0),
(435, 103, 259, 0, 1),
(436, 104, 267, 0, 0),
(437, 104, 269, 0, 0),
(438, 104, 261, 0, 0),
(439, 104, 265, 0, 0),
(440, 104, 254, 0, 1),
(441, 105, 267, 0, 0),
(442, 105, 269, 0, 0),
(443, 105, 261, 0, 0),
(444, 105, 265, 0, 0),
(445, 105, 254, 0, 1),
(446, 106, 267, 0, 0),
(447, 106, 269, 0, 0),
(448, 106, 261, 0, 0),
(449, 106, 265, 0, 0),
(450, 106, 254, 0, 1),
(451, 107, 268, 0, 0),
(452, 107, 270, 0, 0),
(453, 107, 272, 0, 0),
(454, 107, 273, 0, 0),
(455, 107, 274, 0, 1);

-- --------------------------------------------------------

--
-- Table structure for table `class_course_semester_merge`
--

DROP TABLE IF EXISTS `class_course_semester_merge`;
CREATE TABLE IF NOT EXISTS `class_course_semester_merge` (
`class_course_semester_merge_id` int(11) NOT NULL,
  `class_course_semester_id_1` int(11) NOT NULL,
  `class_course_semester_id_2` int(11) NOT NULL
) ENGINE=InnoDB AUTO_INCREMENT=198 DEFAULT CHARSET=utf8 COLLATE=utf8_vietnamese_ci;

--
-- Dumping data for table `class_course_semester_merge`
--

INSERT INTO `class_course_semester_merge` (`class_course_semester_merge_id`, `class_course_semester_id_1`, `class_course_semester_id_2`) VALUES
(189, 366, 376),
(190, 367, 377),
(191, 392, 397),
(192, 423, 398),
(193, 394, 399),
(194, 370, 380),
(195, 395, 400),
(196, 369, 379),
(197, 368, 378);

-- --------------------------------------------------------

--
-- Table structure for table `class_course_student_semester`
--

DROP TABLE IF EXISTS `class_course_student_semester`;
CREATE TABLE IF NOT EXISTS `class_course_student_semester` (
`class_course_student_semester_id` int(11) NOT NULL,
  `class_course_semester_id` int(11) NOT NULL,
  `student_id` int(11) NOT NULL
) ENGINE=InnoDB AUTO_INCREMENT=25231 DEFAULT CHARSET=latin1;

--
-- Dumping data for table `class_course_student_semester`
--

INSERT INTO `class_course_student_semester` (`class_course_student_semester_id`, `class_course_semester_id`, `student_id`) VALUES
(22001, 321, 466),
(22006, 321, 467),
(22011, 321, 468),
(22016, 321, 469),
(22021, 321, 470),
(22026, 321, 471),
(22031, 321, 472),
(22036, 321, 473),
(22041, 321, 474),
(22046, 321, 475),
(22051, 321, 476),
(22056, 321, 477),
(22061, 321, 478),
(22066, 321, 479),
(22071, 321, 480),
(22076, 321, 481),
(22081, 321, 482),
(22086, 321, 483),
(22091, 321, 484),
(22096, 321, 485),
(22101, 321, 486),
(22106, 321, 487),
(22111, 321, 488),
(22116, 321, 489),
(22121, 321, 490),
(22126, 321, 491),
(22131, 321, 492),
(22136, 321, 493),
(22141, 321, 494),
(22146, 321, 495),
(22002, 322, 466),
(22007, 322, 467),
(22012, 322, 468),
(22017, 322, 469),
(22022, 322, 470),
(22027, 322, 471),
(22032, 322, 472),
(22037, 322, 473),
(22042, 322, 474),
(22047, 322, 475),
(22052, 322, 476),
(22057, 322, 477),
(22062, 322, 478),
(22067, 322, 479),
(22072, 322, 480),
(22077, 322, 481),
(22082, 322, 482),
(22087, 322, 483),
(22092, 322, 484),
(22097, 322, 485),
(22102, 322, 486),
(22107, 322, 487),
(22112, 322, 488),
(22117, 322, 489),
(22122, 322, 490),
(22127, 322, 491),
(22132, 322, 492),
(22137, 322, 493),
(22142, 322, 494),
(22147, 322, 495),
(22003, 323, 466),
(22008, 323, 467),
(22013, 323, 468),
(22018, 323, 469),
(22023, 323, 470),
(22028, 323, 471),
(22033, 323, 472),
(22038, 323, 473),
(22043, 323, 474),
(22048, 323, 475),
(22053, 323, 476),
(22058, 323, 477),
(22063, 323, 478),
(22068, 323, 479),
(22073, 323, 480),
(22078, 323, 481),
(22083, 323, 482),
(22088, 323, 483),
(22093, 323, 484),
(22098, 323, 485),
(22103, 323, 486),
(22108, 323, 487),
(22113, 323, 488),
(22118, 323, 489),
(22123, 323, 490),
(22128, 323, 491),
(22133, 323, 492),
(22138, 323, 493),
(22143, 323, 494),
(22148, 323, 495),
(22004, 324, 466),
(22009, 324, 467),
(22014, 324, 468),
(22019, 324, 469),
(22024, 324, 470),
(22029, 324, 471),
(22034, 324, 472),
(22039, 324, 473),
(22044, 324, 474),
(22049, 324, 475),
(22054, 324, 476),
(22059, 324, 477),
(22064, 324, 478),
(22069, 324, 479),
(22074, 324, 480),
(22079, 324, 481),
(22084, 324, 482),
(22089, 324, 483),
(22094, 324, 484),
(22099, 324, 485),
(22104, 324, 486),
(22109, 324, 487),
(22114, 324, 488),
(22119, 324, 489),
(22124, 324, 490),
(22129, 324, 491),
(22134, 324, 492),
(22139, 324, 493),
(22144, 324, 494),
(22149, 324, 495),
(22005, 325, 466),
(22010, 325, 467),
(22015, 325, 468),
(22020, 325, 469),
(22025, 325, 470),
(22030, 325, 471),
(22035, 325, 472),
(22040, 325, 473),
(22045, 325, 474),
(22050, 325, 475),
(22055, 325, 476),
(22060, 325, 477),
(22065, 325, 478),
(22070, 325, 479),
(22075, 325, 480),
(22080, 325, 481),
(22085, 325, 482),
(22090, 325, 483),
(22095, 325, 484),
(22100, 325, 485),
(22105, 325, 486),
(22110, 325, 487),
(22115, 325, 488),
(22120, 325, 489),
(22125, 325, 490),
(22130, 325, 491),
(22135, 325, 492),
(22140, 325, 493),
(22145, 325, 494),
(22150, 325, 495),
(22151, 326, 496),
(22156, 326, 497),
(22161, 326, 498),
(22166, 326, 499),
(22171, 326, 500),
(22176, 326, 501),
(22181, 326, 502),
(22186, 326, 503),
(22191, 326, 504),
(22196, 326, 505),
(22201, 326, 506),
(22206, 326, 507),
(22211, 326, 508),
(22216, 326, 509),
(22221, 326, 510),
(22226, 326, 511),
(22231, 326, 512),
(22236, 326, 513),
(22241, 326, 514),
(22246, 326, 515),
(22251, 326, 516),
(22256, 326, 517),
(22261, 326, 518),
(22266, 326, 519),
(22271, 326, 520),
(22276, 326, 521),
(22281, 326, 522),
(22286, 326, 523),
(22291, 326, 524),
(22296, 326, 525),
(22152, 327, 496),
(22157, 327, 497),
(22162, 327, 498),
(22167, 327, 499),
(22172, 327, 500),
(22177, 327, 501),
(22182, 327, 502),
(22187, 327, 503),
(22192, 327, 504),
(22197, 327, 505),
(22202, 327, 506),
(22207, 327, 507),
(22212, 327, 508),
(22217, 327, 509),
(22222, 327, 510),
(22227, 327, 511),
(22232, 327, 512),
(22237, 327, 513),
(22242, 327, 514),
(22247, 327, 515),
(22252, 327, 516),
(22257, 327, 517),
(22262, 327, 518),
(22267, 327, 519),
(22272, 327, 520),
(22277, 327, 521),
(22282, 327, 522),
(22287, 327, 523),
(22292, 327, 524),
(22297, 327, 525),
(22153, 328, 496),
(22158, 328, 497),
(22163, 328, 498),
(22168, 328, 499),
(22173, 328, 500),
(22178, 328, 501),
(22183, 328, 502),
(22188, 328, 503),
(22193, 328, 504),
(22198, 328, 505),
(22203, 328, 506),
(22208, 328, 507),
(22213, 328, 508),
(22218, 328, 509),
(22223, 328, 510),
(22228, 328, 511),
(22233, 328, 512),
(22238, 328, 513),
(22243, 328, 514),
(22248, 328, 515),
(22253, 328, 516),
(22258, 328, 517),
(22263, 328, 518),
(22268, 328, 519),
(22273, 328, 520),
(22278, 328, 521),
(22283, 328, 522),
(22288, 328, 523),
(22293, 328, 524),
(22298, 328, 525),
(22154, 329, 496),
(22159, 329, 497),
(22164, 329, 498),
(22169, 329, 499),
(22174, 329, 500),
(22179, 329, 501),
(22184, 329, 502),
(22189, 329, 503),
(22194, 329, 504),
(22199, 329, 505),
(22204, 329, 506),
(22209, 329, 507),
(22214, 329, 508),
(22219, 329, 509),
(22224, 329, 510),
(22229, 329, 511),
(22234, 329, 512),
(22239, 329, 513),
(22244, 329, 514),
(22249, 329, 515),
(22254, 329, 516),
(22259, 329, 517),
(22264, 329, 518),
(22269, 329, 519),
(22274, 329, 520),
(22279, 329, 521),
(22284, 329, 522),
(22289, 329, 523),
(22294, 329, 524),
(22299, 329, 525),
(22155, 330, 496),
(22160, 330, 497),
(22165, 330, 498),
(22170, 330, 499),
(22175, 330, 500),
(22180, 330, 501),
(22185, 330, 502),
(22190, 330, 503),
(22195, 330, 504),
(22200, 330, 505),
(22205, 330, 506),
(22210, 330, 507),
(22215, 330, 508),
(22220, 330, 509),
(22225, 330, 510),
(22230, 330, 511),
(22235, 330, 512),
(22240, 330, 513),
(22245, 330, 514),
(22250, 330, 515),
(22255, 330, 516),
(22260, 330, 517),
(22265, 330, 518),
(22270, 330, 519),
(22275, 330, 520),
(22280, 330, 521),
(22285, 330, 522),
(22290, 330, 523),
(22295, 330, 524),
(22300, 330, 525),
(22301, 331, 526),
(22306, 331, 527),
(22311, 331, 528),
(22316, 331, 529),
(22321, 331, 530),
(22326, 331, 531),
(22331, 331, 532),
(22336, 331, 533),
(22341, 331, 534),
(22346, 331, 535),
(22351, 331, 536),
(22356, 331, 537),
(22361, 331, 538),
(22366, 331, 539),
(22371, 331, 540),
(22376, 331, 541),
(22381, 331, 542),
(22386, 331, 543),
(22391, 331, 544),
(22396, 331, 545),
(22401, 331, 546),
(22406, 331, 547),
(22411, 331, 548),
(22416, 331, 549),
(22421, 331, 550),
(22426, 331, 551),
(22431, 331, 552),
(22436, 331, 553),
(22441, 331, 554),
(22446, 331, 555),
(22302, 332, 526),
(22307, 332, 527),
(22312, 332, 528),
(22317, 332, 529),
(22322, 332, 530),
(22327, 332, 531),
(22332, 332, 532),
(22337, 332, 533),
(22342, 332, 534),
(22347, 332, 535),
(22352, 332, 536),
(22357, 332, 537),
(22362, 332, 538),
(22367, 332, 539),
(22372, 332, 540),
(22377, 332, 541),
(22382, 332, 542),
(22387, 332, 543),
(22392, 332, 544),
(22397, 332, 545),
(22402, 332, 546),
(22407, 332, 547),
(22412, 332, 548),
(22417, 332, 549),
(22422, 332, 550),
(22427, 332, 551),
(22432, 332, 552),
(22437, 332, 553),
(22442, 332, 554),
(22447, 332, 555),
(22303, 333, 526),
(22308, 333, 527),
(22313, 333, 528),
(22318, 333, 529),
(22323, 333, 530),
(22328, 333, 531),
(22333, 333, 532),
(22338, 333, 533),
(22343, 333, 534),
(22348, 333, 535),
(22353, 333, 536),
(22358, 333, 537),
(22363, 333, 538),
(22368, 333, 539),
(22373, 333, 540),
(22378, 333, 541),
(22383, 333, 542),
(22388, 333, 543),
(22393, 333, 544),
(22398, 333, 545),
(22403, 333, 546),
(22408, 333, 547),
(22413, 333, 548),
(22418, 333, 549),
(22423, 333, 550),
(22428, 333, 551),
(22433, 333, 552),
(22438, 333, 553),
(22443, 333, 554),
(22448, 333, 555),
(22304, 334, 526),
(22309, 334, 527),
(22314, 334, 528),
(22319, 334, 529),
(22324, 334, 530),
(22329, 334, 531),
(22334, 334, 532),
(22339, 334, 533),
(22344, 334, 534),
(22349, 334, 535),
(22354, 334, 536),
(22359, 334, 537),
(22364, 334, 538),
(22369, 334, 539),
(22374, 334, 540),
(22379, 334, 541),
(22384, 334, 542),
(22389, 334, 543),
(22394, 334, 544),
(22399, 334, 545),
(22404, 334, 546),
(22409, 334, 547),
(22414, 334, 548),
(22419, 334, 549),
(22424, 334, 550),
(22429, 334, 551),
(22434, 334, 552),
(22439, 334, 553),
(22444, 334, 554),
(22449, 334, 555),
(22305, 335, 526),
(22310, 335, 527),
(22315, 335, 528),
(22320, 335, 529),
(22325, 335, 530),
(22330, 335, 531),
(22335, 335, 532),
(22340, 335, 533),
(22345, 335, 534),
(22350, 335, 535),
(22355, 335, 536),
(22360, 335, 537),
(22365, 335, 538),
(22370, 335, 539),
(22375, 335, 540),
(22380, 335, 541),
(22385, 335, 542),
(22390, 335, 543),
(22395, 335, 544),
(22400, 335, 545),
(22405, 335, 546),
(22410, 335, 547),
(22415, 335, 548),
(22420, 335, 549),
(22425, 335, 550),
(22430, 335, 551),
(22435, 335, 552),
(22440, 335, 553),
(22445, 335, 554),
(22450, 335, 555),
(22451, 336, 556),
(22456, 336, 557),
(22461, 336, 558),
(22466, 336, 559),
(22471, 336, 560),
(22476, 336, 561),
(22481, 336, 562),
(22486, 336, 563),
(22491, 336, 564),
(22496, 336, 565),
(22501, 336, 566),
(22506, 336, 567),
(22511, 336, 568),
(22516, 336, 569),
(22521, 336, 570),
(22526, 336, 571),
(22531, 336, 572),
(22536, 336, 573),
(22541, 336, 574),
(22546, 336, 575),
(22551, 336, 576),
(22556, 336, 577),
(22561, 336, 578),
(22566, 336, 579),
(22571, 336, 580),
(22576, 336, 581),
(22581, 336, 582),
(22586, 336, 583),
(22591, 336, 584),
(22596, 336, 585),
(22452, 337, 556),
(22457, 337, 557),
(22462, 337, 558),
(22467, 337, 559),
(22472, 337, 560),
(22477, 337, 561),
(22482, 337, 562),
(22487, 337, 563),
(22492, 337, 564),
(22497, 337, 565),
(22502, 337, 566),
(22507, 337, 567),
(22512, 337, 568),
(22517, 337, 569),
(22522, 337, 570),
(22527, 337, 571),
(22532, 337, 572),
(22537, 337, 573),
(22542, 337, 574),
(22547, 337, 575),
(22552, 337, 576),
(22557, 337, 577),
(22562, 337, 578),
(22567, 337, 579),
(22572, 337, 580),
(22577, 337, 581),
(22582, 337, 582),
(22587, 337, 583),
(22592, 337, 584),
(22597, 337, 585),
(22453, 338, 556),
(22458, 338, 557),
(22463, 338, 558),
(22468, 338, 559),
(22473, 338, 560),
(22478, 338, 561),
(22483, 338, 562),
(22488, 338, 563),
(22493, 338, 564),
(22498, 338, 565),
(22503, 338, 566),
(22508, 338, 567),
(22513, 338, 568),
(22518, 338, 569),
(22523, 338, 570),
(22528, 338, 571),
(22533, 338, 572),
(22538, 338, 573),
(22543, 338, 574),
(22548, 338, 575),
(22553, 338, 576),
(22558, 338, 577),
(22563, 338, 578),
(22568, 338, 579),
(22573, 338, 580),
(22578, 338, 581),
(22583, 338, 582),
(22588, 338, 583),
(22593, 338, 584),
(22598, 338, 585),
(22454, 339, 556),
(22459, 339, 557),
(22464, 339, 558),
(22469, 339, 559),
(22474, 339, 560),
(22479, 339, 561),
(22484, 339, 562),
(22489, 339, 563),
(22494, 339, 564),
(22499, 339, 565),
(22504, 339, 566),
(22509, 339, 567),
(22514, 339, 568),
(22519, 339, 569),
(22524, 339, 570),
(22529, 339, 571),
(22534, 339, 572),
(22539, 339, 573),
(22544, 339, 574),
(22549, 339, 575),
(22554, 339, 576),
(22559, 339, 577),
(22564, 339, 578),
(22569, 339, 579),
(22574, 339, 580),
(22579, 339, 581),
(22584, 339, 582),
(22589, 339, 583),
(22594, 339, 584),
(22599, 339, 585),
(22455, 340, 556),
(22460, 340, 557),
(22465, 340, 558),
(22470, 340, 559),
(22475, 340, 560),
(22480, 340, 561),
(22485, 340, 562),
(22490, 340, 563),
(22495, 340, 564),
(22500, 340, 565),
(22505, 340, 566),
(22510, 340, 567),
(22515, 340, 568),
(22520, 340, 569),
(22525, 340, 570),
(22530, 340, 571),
(22535, 340, 572),
(22540, 340, 573),
(22545, 340, 574),
(22550, 340, 575),
(22555, 340, 576),
(22560, 340, 577),
(22565, 340, 578),
(22570, 340, 579),
(22575, 340, 580),
(22580, 340, 581),
(22585, 340, 582),
(22590, 340, 583),
(22595, 340, 584),
(22600, 340, 585),
(22601, 341, 586),
(22606, 341, 587),
(22611, 341, 588),
(22616, 341, 589),
(22621, 341, 590),
(22626, 341, 591),
(22631, 341, 592),
(22636, 341, 593),
(22641, 341, 594),
(22646, 341, 595),
(22651, 341, 596),
(22656, 341, 597),
(22661, 341, 598),
(22666, 341, 599),
(22671, 341, 600),
(22676, 341, 601),
(22681, 341, 602),
(22686, 341, 603),
(22691, 341, 604),
(22696, 341, 605),
(22701, 341, 606),
(22706, 341, 607),
(22711, 341, 608),
(22716, 341, 609),
(22721, 341, 610),
(22726, 341, 611),
(22731, 341, 612),
(22736, 341, 613),
(22741, 341, 614),
(22746, 341, 615),
(22602, 342, 586),
(22607, 342, 587),
(22612, 342, 588),
(22617, 342, 589),
(22622, 342, 590),
(22627, 342, 591),
(22632, 342, 592),
(22637, 342, 593),
(22642, 342, 594),
(22647, 342, 595),
(22652, 342, 596),
(22657, 342, 597),
(22662, 342, 598),
(22667, 342, 599),
(22672, 342, 600),
(22677, 342, 601),
(22682, 342, 602),
(22687, 342, 603),
(22692, 342, 604),
(22697, 342, 605),
(22702, 342, 606),
(22707, 342, 607),
(22712, 342, 608),
(22717, 342, 609),
(22722, 342, 610),
(22727, 342, 611),
(22732, 342, 612),
(22737, 342, 613),
(22742, 342, 614),
(22747, 342, 615),
(22603, 343, 586),
(22608, 343, 587),
(22613, 343, 588),
(22618, 343, 589),
(22623, 343, 590),
(22628, 343, 591),
(22633, 343, 592),
(22638, 343, 593),
(22643, 343, 594),
(22648, 343, 595),
(22653, 343, 596),
(22658, 343, 597),
(22663, 343, 598),
(22668, 343, 599),
(22673, 343, 600),
(22678, 343, 601),
(22683, 343, 602),
(22688, 343, 603),
(22693, 343, 604),
(22698, 343, 605),
(22703, 343, 606),
(22708, 343, 607),
(22713, 343, 608),
(22718, 343, 609),
(22723, 343, 610),
(22728, 343, 611),
(22733, 343, 612),
(22738, 343, 613),
(22743, 343, 614),
(22748, 343, 615),
(22604, 344, 586),
(22609, 344, 587),
(22614, 344, 588),
(22619, 344, 589),
(22624, 344, 590),
(22629, 344, 591),
(22634, 344, 592),
(22639, 344, 593),
(22644, 344, 594),
(22649, 344, 595),
(22654, 344, 596),
(22659, 344, 597),
(22664, 344, 598),
(22669, 344, 599),
(22674, 344, 600),
(22679, 344, 601),
(22684, 344, 602),
(22689, 344, 603),
(22694, 344, 604),
(22699, 344, 605),
(22704, 344, 606),
(22709, 344, 607),
(22714, 344, 608),
(22719, 344, 609),
(22724, 344, 610),
(22729, 344, 611),
(22734, 344, 612),
(22739, 344, 613),
(22744, 344, 614),
(22749, 344, 615),
(22605, 345, 586),
(22610, 345, 587),
(22615, 345, 588),
(22620, 345, 589),
(22625, 345, 590),
(22630, 345, 591),
(22635, 345, 592),
(22640, 345, 593),
(22645, 345, 594),
(22650, 345, 595),
(22655, 345, 596),
(22660, 345, 597),
(22665, 345, 598),
(22670, 345, 599),
(22675, 345, 600),
(22680, 345, 601),
(22685, 345, 602),
(22690, 345, 603),
(22695, 345, 604),
(22700, 345, 605),
(22705, 345, 606),
(22710, 345, 607),
(22715, 345, 608),
(22720, 345, 609),
(22725, 345, 610),
(22730, 345, 611),
(22735, 345, 612),
(22740, 345, 613),
(22745, 345, 614),
(22750, 345, 615),
(22751, 346, 616),
(22756, 346, 617),
(22761, 346, 618),
(22766, 346, 619),
(22771, 346, 620),
(22776, 346, 621),
(22781, 346, 622),
(22786, 346, 623),
(22791, 346, 624),
(22796, 346, 625),
(22801, 346, 626),
(22806, 346, 627),
(22811, 346, 628),
(22816, 346, 629),
(22821, 346, 630),
(22826, 346, 631),
(22831, 346, 632),
(22836, 346, 633),
(22841, 346, 634),
(22846, 346, 635),
(22851, 346, 636),
(22856, 346, 637),
(22861, 346, 638),
(22866, 346, 639),
(22871, 346, 640),
(22876, 346, 641),
(22881, 346, 642),
(22886, 346, 643),
(22891, 346, 644),
(22752, 347, 616),
(22757, 347, 617),
(22762, 347, 618),
(22767, 347, 619),
(22772, 347, 620),
(22777, 347, 621),
(22782, 347, 622),
(22787, 347, 623),
(22792, 347, 624),
(22797, 347, 625),
(22802, 347, 626),
(22807, 347, 627),
(22812, 347, 628),
(22817, 347, 629),
(22822, 347, 630),
(22827, 347, 631),
(22832, 347, 632),
(22837, 347, 633),
(22842, 347, 634),
(22847, 347, 635),
(22852, 347, 636),
(22857, 347, 637),
(22862, 347, 638),
(22867, 347, 639),
(22872, 347, 640),
(22877, 347, 641),
(22882, 347, 642),
(22887, 347, 643),
(22892, 347, 644),
(22753, 348, 616),
(22758, 348, 617),
(22763, 348, 618),
(22768, 348, 619),
(22773, 348, 620),
(22778, 348, 621),
(22783, 348, 622),
(22788, 348, 623),
(22793, 348, 624),
(22798, 348, 625),
(22803, 348, 626),
(22808, 348, 627),
(22813, 348, 628),
(22818, 348, 629),
(22823, 348, 630),
(22828, 348, 631),
(22833, 348, 632),
(22838, 348, 633),
(22843, 348, 634),
(22848, 348, 635),
(22853, 348, 636),
(22858, 348, 637),
(22863, 348, 638),
(22868, 348, 639),
(22873, 348, 640),
(22878, 348, 641),
(22883, 348, 642),
(22888, 348, 643),
(22893, 348, 644),
(22754, 349, 616),
(22759, 349, 617),
(22764, 349, 618),
(22769, 349, 619),
(22774, 349, 620),
(22779, 349, 621),
(22784, 349, 622),
(22789, 349, 623),
(22794, 349, 624),
(22799, 349, 625),
(22804, 349, 626),
(22809, 349, 627),
(22814, 349, 628),
(22819, 349, 629),
(22824, 349, 630),
(22829, 349, 631),
(22834, 349, 632),
(22839, 349, 633),
(22844, 349, 634),
(22849, 349, 635),
(22854, 349, 636),
(22859, 349, 637),
(22864, 349, 638),
(22869, 349, 639),
(22874, 349, 640),
(22879, 349, 641),
(22884, 349, 642),
(22889, 349, 643),
(22894, 349, 644),
(22755, 350, 616),
(22760, 350, 617),
(22765, 350, 618),
(22770, 350, 619),
(22775, 350, 620),
(22780, 350, 621),
(22785, 350, 622),
(22790, 350, 623),
(22795, 350, 624),
(22800, 350, 625),
(22805, 350, 626),
(22810, 350, 627),
(22815, 350, 628),
(22820, 350, 629),
(22825, 350, 630),
(22830, 350, 631),
(22835, 350, 632),
(22840, 350, 633),
(22845, 350, 634),
(22850, 350, 635),
(22855, 350, 636),
(22860, 350, 637),
(22865, 350, 638),
(22870, 350, 639),
(22875, 350, 640),
(22880, 350, 641),
(22885, 350, 642),
(22890, 350, 643),
(22895, 350, 644),
(24901, 351, 341),
(24906, 351, 342),
(24911, 351, 343),
(24916, 351, 344),
(24921, 351, 345),
(24926, 351, 346),
(24931, 351, 347),
(24936, 351, 348),
(24941, 351, 349),
(24946, 351, 350),
(24951, 351, 351),
(24956, 351, 368),
(24961, 351, 369),
(24966, 351, 370),
(24971, 351, 371),
(24976, 351, 372),
(24981, 351, 373),
(24986, 351, 374),
(24991, 351, 375),
(24996, 351, 376),
(25001, 351, 377),
(25006, 351, 378),
(25011, 351, 379),
(25016, 351, 380),
(25021, 351, 381),
(25026, 351, 382),
(25031, 351, 383),
(24902, 352, 341),
(24907, 352, 342),
(24912, 352, 343),
(24917, 352, 344),
(24922, 352, 345),
(24927, 352, 346),
(24932, 352, 347),
(24937, 352, 348),
(24942, 352, 349),
(24947, 352, 350),
(24952, 352, 351),
(24957, 352, 368),
(24962, 352, 369),
(24967, 352, 370),
(24972, 352, 371),
(24977, 352, 372),
(24982, 352, 373),
(24987, 352, 374),
(24992, 352, 375),
(24997, 352, 376),
(25002, 352, 377),
(25007, 352, 378),
(25012, 352, 379),
(25017, 352, 380),
(25022, 352, 381),
(25027, 352, 382),
(25032, 352, 383),
(24903, 353, 341),
(24908, 353, 342),
(24913, 353, 343),
(24918, 353, 344),
(24923, 353, 345),
(24928, 353, 346),
(24933, 353, 347),
(24938, 353, 348),
(24943, 353, 349),
(24948, 353, 350),
(24953, 353, 351),
(24958, 353, 368),
(24963, 353, 369),
(24968, 353, 370),
(24973, 353, 371),
(24978, 353, 372),
(24983, 353, 373),
(24988, 353, 374),
(24993, 353, 375),
(24998, 353, 376),
(25003, 353, 377),
(25008, 353, 378),
(25013, 353, 379),
(25018, 353, 380),
(25023, 353, 381),
(25028, 353, 382),
(25033, 353, 383),
(24904, 354, 341),
(24909, 354, 342),
(24914, 354, 343),
(24919, 354, 344),
(24924, 354, 345),
(24929, 354, 346),
(24934, 354, 347),
(24939, 354, 348),
(24944, 354, 349),
(24949, 354, 350),
(24954, 354, 351),
(24959, 354, 368),
(24964, 354, 369),
(24969, 354, 370),
(24974, 354, 371),
(24979, 354, 372),
(24984, 354, 373),
(24989, 354, 374),
(24994, 354, 375),
(24999, 354, 376),
(25004, 354, 377),
(25009, 354, 378),
(25014, 354, 379),
(25019, 354, 380),
(25024, 354, 381),
(25029, 354, 382),
(25034, 354, 383),
(24905, 355, 341),
(24910, 355, 342),
(24915, 355, 343),
(24920, 355, 344),
(24925, 355, 345),
(24930, 355, 346),
(24935, 355, 347),
(24940, 355, 348),
(24945, 355, 349),
(24950, 355, 350),
(24955, 355, 351),
(24960, 355, 368),
(24965, 355, 369),
(24970, 355, 370),
(24975, 355, 371),
(24980, 355, 372),
(24985, 355, 373),
(24990, 355, 374),
(24995, 355, 375),
(25000, 355, 376),
(25005, 355, 377),
(25010, 355, 378),
(25015, 355, 379),
(25020, 355, 380),
(25025, 355, 381),
(25030, 355, 382),
(25035, 355, 383),
(25151, 356, 352),
(25156, 356, 353),
(25161, 356, 354),
(25166, 356, 355),
(25171, 356, 356),
(25176, 356, 357),
(25181, 356, 358),
(25186, 356, 359),
(25191, 356, 360),
(25196, 356, 361),
(25201, 356, 362),
(25206, 356, 363),
(25211, 356, 364),
(25216, 356, 365),
(25221, 356, 366),
(25226, 356, 367),
(25152, 357, 352),
(25157, 357, 353),
(25162, 357, 354),
(25167, 357, 355),
(25172, 357, 356),
(25177, 357, 357),
(25182, 357, 358),
(25187, 357, 359),
(25192, 357, 360),
(25197, 357, 361),
(25202, 357, 362),
(25207, 357, 363),
(25212, 357, 364),
(25217, 357, 365),
(25222, 357, 366),
(25227, 357, 367),
(25153, 358, 352),
(25158, 358, 353),
(25163, 358, 354),
(25168, 358, 355),
(25173, 358, 356),
(25178, 358, 357),
(25183, 358, 358),
(25188, 358, 359),
(25193, 358, 360),
(25198, 358, 361),
(25203, 358, 362),
(25208, 358, 363),
(25213, 358, 364),
(25218, 358, 365),
(25223, 358, 366),
(25228, 358, 367),
(25154, 359, 352),
(25159, 359, 353),
(25164, 359, 354),
(25169, 359, 355),
(25174, 359, 356),
(25179, 359, 357),
(25184, 359, 358),
(25189, 359, 359),
(25194, 359, 360),
(25199, 359, 361),
(25204, 359, 362),
(25209, 359, 363),
(25214, 359, 364),
(25219, 359, 365),
(25224, 359, 366),
(25229, 359, 367),
(25155, 360, 352),
(25160, 360, 353),
(25165, 360, 354),
(25170, 360, 355),
(25175, 360, 356),
(25180, 360, 357),
(25185, 360, 358),
(25190, 360, 359),
(25195, 360, 360),
(25200, 360, 361),
(25205, 360, 362),
(25210, 360, 363),
(25215, 360, 364),
(25220, 360, 365),
(25225, 360, 366),
(25230, 360, 367),
(22896, 361, 9),
(22901, 361, 10),
(22906, 361, 15),
(22911, 361, 16),
(22916, 361, 18),
(22921, 361, 21),
(22926, 361, 24),
(22931, 361, 25),
(22936, 361, 28),
(22941, 361, 50),
(22946, 361, 53),
(22951, 361, 63),
(22956, 361, 65),
(22961, 361, 75),
(22966, 361, 91),
(22971, 361, 122),
(22976, 361, 142),
(22981, 361, 282),
(22986, 361, 283),
(22991, 361, 284),
(22996, 361, 285),
(23001, 361, 286),
(23006, 361, 287),
(23011, 361, 288),
(23016, 361, 289),
(23021, 361, 290),
(23026, 361, 291),
(23031, 361, 292),
(23036, 361, 293),
(23041, 361, 294),
(22897, 362, 9),
(22902, 362, 10),
(22907, 362, 15),
(22912, 362, 16),
(22917, 362, 18),
(22922, 362, 21),
(22927, 362, 24),
(22932, 362, 25),
(22937, 362, 28),
(22942, 362, 50),
(22947, 362, 53),
(22952, 362, 63),
(22957, 362, 65),
(22962, 362, 75),
(22967, 362, 91),
(22972, 362, 122),
(22977, 362, 142),
(22982, 362, 282),
(22987, 362, 283),
(22992, 362, 284),
(22997, 362, 285),
(23002, 362, 286),
(23007, 362, 287),
(23012, 362, 288),
(23017, 362, 289),
(23022, 362, 290),
(23027, 362, 291),
(23032, 362, 292),
(23037, 362, 293),
(23042, 362, 294),
(22898, 363, 9),
(22903, 363, 10),
(22908, 363, 15),
(22913, 363, 16),
(22918, 363, 18),
(22923, 363, 21),
(22928, 363, 24),
(22933, 363, 25),
(22938, 363, 28),
(22943, 363, 50),
(22948, 363, 53),
(22953, 363, 63),
(22958, 363, 65),
(22963, 363, 75),
(22968, 363, 91),
(22973, 363, 122),
(22978, 363, 142),
(22983, 363, 282),
(22988, 363, 283),
(22993, 363, 284),
(22998, 363, 285),
(23003, 363, 286),
(23008, 363, 287),
(23013, 363, 288),
(23018, 363, 289),
(23023, 363, 290),
(23028, 363, 291),
(23033, 363, 292),
(23038, 363, 293),
(23043, 363, 294),
(22899, 364, 9),
(22904, 364, 10),
(22909, 364, 15),
(22914, 364, 16),
(22919, 364, 18),
(22924, 364, 21),
(22929, 364, 24),
(22934, 364, 25),
(22939, 364, 28),
(22944, 364, 50),
(22949, 364, 53),
(22954, 364, 63),
(22959, 364, 65),
(22964, 364, 75),
(22969, 364, 91),
(22974, 364, 122),
(22979, 364, 142),
(22984, 364, 282),
(22989, 364, 283),
(22994, 364, 284),
(22999, 364, 285),
(23004, 364, 286),
(23009, 364, 287),
(23014, 364, 288),
(23019, 364, 289),
(23024, 364, 290),
(23029, 364, 291),
(23034, 364, 292),
(23039, 364, 293),
(23044, 364, 294),
(22900, 365, 9),
(22905, 365, 10),
(22910, 365, 15),
(22915, 365, 16),
(22920, 365, 18),
(22925, 365, 21),
(22930, 365, 24),
(22935, 365, 25),
(22940, 365, 28),
(22945, 365, 50),
(22950, 365, 53),
(22955, 365, 63),
(22960, 365, 65),
(22965, 365, 75),
(22970, 365, 91),
(22975, 365, 122),
(22980, 365, 142),
(22985, 365, 282),
(22990, 365, 283),
(22995, 365, 284),
(23000, 365, 285),
(23005, 365, 286),
(23010, 365, 287),
(23015, 365, 288),
(23020, 365, 289),
(23025, 365, 290),
(23030, 365, 291),
(23035, 365, 292),
(23040, 365, 293),
(23045, 365, 294),
(23046, 366, 295),
(23051, 366, 296),
(23056, 366, 297),
(23061, 366, 298),
(23066, 366, 299),
(23071, 366, 300),
(23076, 366, 301),
(23081, 366, 302),
(23086, 366, 303),
(23091, 366, 304),
(23096, 366, 305),
(23101, 366, 306),
(23106, 366, 307),
(23111, 366, 308),
(23116, 366, 309),
(23047, 367, 295),
(23052, 367, 296),
(23057, 367, 297),
(23062, 367, 298),
(23067, 367, 299),
(23072, 367, 300),
(23077, 367, 301),
(23082, 367, 302),
(23087, 367, 303),
(23092, 367, 304),
(23097, 367, 305),
(23102, 367, 306),
(23107, 367, 307),
(23112, 367, 308),
(23117, 367, 309),
(23048, 368, 295),
(23053, 368, 296),
(23058, 368, 297),
(23063, 368, 298),
(23068, 368, 299),
(23073, 368, 300),
(23078, 368, 301),
(23083, 368, 302),
(23088, 368, 303),
(23093, 368, 304),
(23098, 368, 305),
(23103, 368, 306),
(23108, 368, 307),
(23113, 368, 308),
(23118, 368, 309),
(23049, 369, 295),
(23054, 369, 296),
(23059, 369, 297),
(23064, 369, 298),
(23069, 369, 299),
(23074, 369, 300),
(23079, 369, 301),
(23084, 369, 302),
(23089, 369, 303),
(23094, 369, 304),
(23099, 369, 305),
(23104, 369, 306),
(23109, 369, 307),
(23114, 369, 308),
(23119, 369, 309),
(23050, 370, 295),
(23055, 370, 296),
(23060, 370, 297),
(23065, 370, 298),
(23070, 370, 299),
(23075, 370, 300),
(23080, 370, 301),
(23085, 370, 302),
(23090, 370, 303),
(23095, 370, 304),
(23100, 370, 305),
(23105, 370, 306),
(23110, 370, 307),
(23115, 370, 308),
(23120, 370, 309),
(23121, 371, 310),
(23126, 371, 311),
(23131, 371, 312),
(23136, 371, 313),
(23141, 371, 314),
(23146, 371, 315),
(23151, 371, 316),
(23156, 371, 317),
(23161, 371, 318),
(23166, 371, 319),
(23171, 371, 320),
(23176, 371, 321),
(23181, 371, 322),
(23186, 371, 323),
(23191, 371, 324),
(23196, 371, 325),
(23201, 371, 326),
(23206, 371, 327),
(23211, 371, 328),
(23216, 371, 329),
(23221, 371, 331),
(23122, 372, 310),
(23127, 372, 311),
(23132, 372, 312),
(23137, 372, 313),
(23142, 372, 314),
(23147, 372, 315),
(23152, 372, 316),
(23157, 372, 317),
(23162, 372, 318),
(23167, 372, 319),
(23172, 372, 320),
(23177, 372, 321),
(23182, 372, 322),
(23187, 372, 323),
(23192, 372, 324),
(23197, 372, 325),
(23202, 372, 326),
(23207, 372, 327),
(23212, 372, 328),
(23217, 372, 329),
(23222, 372, 331),
(23123, 373, 310),
(23128, 373, 311),
(23133, 373, 312),
(23138, 373, 313),
(23143, 373, 314),
(23148, 373, 315),
(23153, 373, 316),
(23158, 373, 317),
(23163, 373, 318),
(23168, 373, 319),
(23173, 373, 320),
(23178, 373, 321),
(23183, 373, 322),
(23188, 373, 323),
(23193, 373, 324),
(23198, 373, 325),
(23203, 373, 326),
(23208, 373, 327),
(23213, 373, 328),
(23218, 373, 329),
(23223, 373, 331),
(23124, 374, 310),
(23129, 374, 311),
(23134, 374, 312),
(23139, 374, 313),
(23144, 374, 314),
(23149, 374, 315),
(23154, 374, 316),
(23159, 374, 317),
(23164, 374, 318),
(23169, 374, 319),
(23174, 374, 320),
(23179, 374, 321),
(23184, 374, 322),
(23189, 374, 323),
(23194, 374, 324),
(23199, 374, 325),
(23204, 374, 326),
(23209, 374, 327),
(23214, 374, 328),
(23219, 374, 329),
(23224, 374, 331),
(23125, 375, 310),
(23130, 375, 311),
(23135, 375, 312),
(23140, 375, 313),
(23145, 375, 314),
(23150, 375, 315),
(23155, 375, 316),
(23160, 375, 317),
(23165, 375, 318),
(23170, 375, 319),
(23175, 375, 320),
(23180, 375, 321),
(23185, 375, 322),
(23190, 375, 323),
(23195, 375, 324),
(23200, 375, 325),
(23205, 375, 326),
(23210, 375, 327),
(23215, 375, 328),
(23220, 375, 329),
(23225, 375, 331),
(24296, 376, 384),
(24301, 376, 385),
(24306, 376, 386),
(24311, 376, 387),
(24316, 376, 388),
(24321, 376, 389),
(24326, 376, 390),
(24331, 376, 391),
(24336, 376, 392),
(24341, 376, 393),
(24346, 376, 394),
(24351, 376, 395),
(24356, 376, 396),
(24361, 376, 397),
(24297, 377, 384),
(24302, 377, 385),
(24307, 377, 386),
(24312, 377, 387),
(24317, 377, 388),
(24322, 377, 389),
(24327, 377, 390),
(24332, 377, 391),
(24337, 377, 392),
(24342, 377, 393),
(24347, 377, 394),
(24352, 377, 395),
(24357, 377, 396),
(24362, 377, 397),
(24298, 378, 384),
(24303, 378, 385),
(24308, 378, 386),
(24313, 378, 387),
(24318, 378, 388),
(24323, 378, 389),
(24328, 378, 390),
(24333, 378, 391),
(24338, 378, 392),
(24343, 378, 393),
(24348, 378, 394),
(24353, 378, 395),
(24358, 378, 396),
(24363, 378, 397),
(24299, 379, 384),
(24304, 379, 385),
(24309, 379, 386),
(24314, 379, 387),
(24319, 379, 388),
(24324, 379, 389),
(24329, 379, 390),
(24334, 379, 391),
(24339, 379, 392),
(24344, 379, 393),
(24349, 379, 394),
(24354, 379, 395),
(24359, 379, 396),
(24364, 379, 397),
(24300, 380, 384),
(24305, 380, 385),
(24310, 380, 386),
(24315, 380, 387),
(24320, 380, 388),
(24325, 380, 389),
(24330, 380, 390),
(24335, 380, 391),
(24340, 380, 392),
(24345, 380, 393),
(24350, 380, 394),
(24355, 380, 395),
(24360, 380, 396),
(24365, 380, 397),
(23226, 381, 1),
(23231, 381, 5),
(23236, 381, 11),
(23241, 381, 14),
(23246, 381, 17),
(23251, 381, 19),
(23256, 381, 20),
(23261, 381, 22),
(23266, 381, 23),
(23271, 381, 26),
(23276, 381, 27),
(23281, 381, 29),
(23286, 381, 30),
(23291, 381, 31),
(23296, 381, 32),
(23301, 381, 33),
(23306, 381, 34),
(23311, 381, 35),
(23316, 381, 36),
(23321, 381, 37),
(23326, 381, 38),
(23331, 381, 39),
(23336, 381, 40),
(23341, 381, 41),
(23346, 381, 42),
(23351, 381, 43),
(23356, 381, 44),
(23361, 381, 45),
(23366, 381, 46),
(23371, 381, 47),
(23227, 382, 1),
(23232, 382, 5),
(23237, 382, 11),
(23242, 382, 14),
(23247, 382, 17),
(23252, 382, 19),
(23257, 382, 20),
(23262, 382, 22),
(23267, 382, 23),
(23272, 382, 26),
(23277, 382, 27),
(23282, 382, 29),
(23287, 382, 30),
(23292, 382, 31),
(23297, 382, 32),
(23302, 382, 33),
(23307, 382, 34),
(23312, 382, 35),
(23317, 382, 36),
(23322, 382, 37),
(23327, 382, 38),
(23332, 382, 39),
(23337, 382, 40),
(23342, 382, 41),
(23347, 382, 42),
(23352, 382, 43),
(23357, 382, 44),
(23362, 382, 45),
(23367, 382, 46),
(23372, 382, 47),
(23228, 383, 1),
(23233, 383, 5),
(23238, 383, 11),
(23243, 383, 14),
(23248, 383, 17),
(23253, 383, 19),
(23258, 383, 20),
(23263, 383, 22),
(23268, 383, 23),
(23273, 383, 26),
(23278, 383, 27),
(23283, 383, 29),
(23288, 383, 30),
(23293, 383, 31),
(23298, 383, 32),
(23303, 383, 33),
(23308, 383, 34),
(23313, 383, 35),
(23318, 383, 36),
(23323, 383, 37),
(23328, 383, 38),
(23333, 383, 39),
(23338, 383, 40),
(23343, 383, 41),
(23348, 383, 42),
(23353, 383, 43),
(23358, 383, 44),
(23363, 383, 45),
(23368, 383, 46),
(23373, 383, 47),
(23229, 384, 1),
(23234, 384, 5),
(23239, 384, 11),
(23244, 384, 14),
(23249, 384, 17),
(23254, 384, 19),
(23259, 384, 20),
(23264, 384, 22),
(23269, 384, 23),
(23274, 384, 26),
(23279, 384, 27),
(23284, 384, 29),
(23289, 384, 30),
(23294, 384, 31),
(23299, 384, 32),
(23304, 384, 33),
(23309, 384, 34),
(23314, 384, 35),
(23319, 384, 36),
(23324, 384, 37),
(23329, 384, 38),
(23334, 384, 39),
(23339, 384, 40),
(23344, 384, 41),
(23349, 384, 42),
(23354, 384, 43),
(23359, 384, 44),
(23364, 384, 45),
(23369, 384, 46),
(23374, 384, 47),
(23230, 385, 1),
(23235, 385, 5),
(23240, 385, 11),
(23245, 385, 14),
(23250, 385, 17),
(23255, 385, 19),
(23260, 385, 20),
(23265, 385, 22),
(23270, 385, 23),
(23275, 385, 26),
(23280, 385, 27),
(23285, 385, 29),
(23290, 385, 30),
(23295, 385, 31),
(23300, 385, 32),
(23305, 385, 33),
(23310, 385, 34),
(23315, 385, 35),
(23320, 385, 36),
(23325, 385, 37),
(23330, 385, 38),
(23335, 385, 39),
(23340, 385, 40),
(23345, 385, 41),
(23350, 385, 42),
(23355, 385, 43),
(23360, 385, 44),
(23365, 385, 45),
(23370, 385, 46),
(23375, 385, 47),
(23376, 386, 48),
(23381, 386, 49),
(23386, 386, 51),
(23391, 386, 52),
(23396, 386, 54),
(23401, 386, 55),
(23406, 386, 56),
(23411, 386, 57),
(23416, 386, 58),
(23421, 386, 59),
(23426, 386, 60),
(23431, 386, 61),
(23436, 386, 62),
(23441, 386, 64),
(23446, 386, 66),
(23451, 386, 67),
(23456, 386, 68),
(23461, 386, 69),
(23466, 386, 70),
(23471, 386, 71),
(23476, 386, 72),
(23481, 386, 73),
(23486, 386, 74),
(23491, 386, 76),
(23496, 386, 77),
(23501, 386, 78),
(23506, 386, 79),
(23511, 386, 80),
(23516, 386, 81),
(23521, 386, 82),
(23377, 387, 48),
(23382, 387, 49),
(23387, 387, 51),
(23392, 387, 52),
(23397, 387, 54),
(23402, 387, 55),
(23407, 387, 56),
(23412, 387, 57),
(23417, 387, 58),
(23422, 387, 59),
(23427, 387, 60),
(23432, 387, 61),
(23437, 387, 62),
(23442, 387, 64),
(23447, 387, 66),
(23452, 387, 67),
(23457, 387, 68),
(23462, 387, 69),
(23467, 387, 70),
(23472, 387, 71),
(23477, 387, 72),
(23482, 387, 73),
(23487, 387, 74),
(23492, 387, 76),
(23497, 387, 77),
(23502, 387, 78),
(23507, 387, 79),
(23512, 387, 80),
(23517, 387, 81),
(23522, 387, 82),
(23378, 388, 48),
(23383, 388, 49),
(23388, 388, 51),
(23393, 388, 52),
(23398, 388, 54),
(23403, 388, 55),
(23408, 388, 56),
(23413, 388, 57),
(23418, 388, 58),
(23423, 388, 59),
(23428, 388, 60),
(23433, 388, 61),
(23438, 388, 62),
(23443, 388, 64),
(23448, 388, 66),
(23453, 388, 67),
(23458, 388, 68),
(23463, 388, 69),
(23468, 388, 70),
(23473, 388, 71),
(23478, 388, 72),
(23483, 388, 73),
(23488, 388, 74),
(23493, 388, 76),
(23498, 388, 77),
(23503, 388, 78),
(23508, 388, 79),
(23513, 388, 80),
(23518, 388, 81),
(23523, 388, 82),
(23379, 389, 48),
(23384, 389, 49),
(23389, 389, 51),
(23394, 389, 52),
(23399, 389, 54),
(23404, 389, 55),
(23409, 389, 56),
(23414, 389, 57),
(23419, 389, 58),
(23424, 389, 59),
(23429, 389, 60),
(23434, 389, 61),
(23439, 389, 62),
(23444, 389, 64),
(23449, 389, 66),
(23454, 389, 67),
(23459, 389, 68),
(23464, 389, 69),
(23469, 389, 70),
(23474, 389, 71),
(23479, 389, 72),
(23484, 389, 73),
(23489, 389, 74),
(23494, 389, 76),
(23499, 389, 77),
(23504, 389, 78),
(23509, 389, 79),
(23514, 389, 80),
(23519, 389, 81),
(23524, 389, 82),
(23380, 390, 48),
(23385, 390, 49),
(23390, 390, 51),
(23395, 390, 52),
(23400, 390, 54),
(23405, 390, 55),
(23410, 390, 56),
(23415, 390, 57),
(23420, 390, 58),
(23425, 390, 59),
(23430, 390, 60),
(23435, 390, 61),
(23440, 390, 62),
(23445, 390, 64),
(23450, 390, 66),
(23455, 390, 67),
(23460, 390, 68),
(23465, 390, 69),
(23470, 390, 70),
(23475, 390, 71),
(23480, 390, 72),
(23485, 390, 73),
(23490, 390, 74),
(23495, 390, 76),
(23500, 390, 77),
(23505, 390, 78),
(23510, 390, 79),
(23515, 390, 80),
(23520, 390, 81),
(23525, 390, 82),
(23526, 391, 83),
(23531, 391, 84),
(23536, 391, 85),
(23541, 391, 86),
(23546, 391, 89),
(23551, 391, 113),
(23556, 391, 133),
(23561, 391, 151),
(23566, 391, 164),
(23571, 391, 171),
(23576, 391, 188),
(23581, 391, 330),
(23586, 391, 333),
(23591, 391, 337),
(23596, 391, 338),
(23601, 391, 339),
(23527, 392, 83),
(23532, 392, 84),
(23537, 392, 85),
(23542, 392, 86),
(23547, 392, 89),
(23552, 392, 113),
(23557, 392, 133),
(23562, 392, 151),
(23567, 392, 164),
(23572, 392, 171),
(23577, 392, 188),
(23582, 392, 330),
(23587, 392, 333),
(23592, 392, 337),
(23597, 392, 338),
(23602, 392, 339),
(23528, 393, 83),
(23533, 393, 84),
(23538, 393, 85),
(23543, 393, 86),
(23548, 393, 89),
(23553, 393, 113),
(23558, 393, 133),
(23563, 393, 151),
(23568, 393, 164),
(23573, 393, 171),
(23578, 393, 188),
(23583, 393, 330),
(23588, 393, 333),
(23593, 393, 337),
(23598, 393, 338),
(23603, 393, 339),
(23529, 394, 83),
(23534, 394, 84),
(23539, 394, 85),
(23544, 394, 86),
(23549, 394, 89),
(23554, 394, 113),
(23559, 394, 133),
(23564, 394, 151),
(23569, 394, 164),
(23574, 394, 171),
(23579, 394, 188),
(23584, 394, 330),
(23589, 394, 333),
(23594, 394, 337),
(23599, 394, 338),
(23604, 394, 339),
(23530, 395, 83),
(23535, 395, 84),
(23540, 395, 85),
(23545, 395, 86),
(23550, 395, 89),
(23555, 395, 113),
(23560, 395, 133),
(23565, 395, 151),
(23570, 395, 164),
(23575, 395, 171),
(23580, 395, 188),
(23585, 395, 330),
(23590, 395, 333),
(23595, 395, 337),
(23600, 395, 338),
(23605, 395, 339),
(24676, 396, 398),
(24681, 396, 399),
(24686, 396, 400),
(24691, 396, 401),
(24677, 397, 398),
(24682, 397, 399),
(24687, 397, 400),
(24692, 397, 401),
(24678, 398, 398),
(24683, 398, 399),
(24688, 398, 400),
(24693, 398, 401),
(24679, 399, 398),
(24684, 399, 399),
(24689, 399, 400),
(24694, 399, 401),
(24680, 400, 398),
(24685, 400, 399),
(24690, 400, 400),
(24695, 400, 401),
(23606, 401, 2),
(23611, 401, 3),
(23616, 401, 4),
(23621, 401, 6),
(23626, 401, 7),
(23631, 401, 8),
(23636, 401, 12),
(23641, 401, 13),
(23646, 401, 87),
(23651, 401, 88),
(23656, 401, 90),
(23661, 401, 92),
(23666, 401, 93),
(23671, 401, 94),
(23676, 401, 95),
(23681, 401, 96),
(23686, 401, 97),
(23691, 401, 98),
(23696, 401, 99),
(23701, 401, 100),
(23706, 401, 101),
(23711, 401, 102),
(23716, 401, 103),
(23721, 401, 104),
(23726, 401, 105),
(23731, 401, 106),
(23736, 401, 107),
(23741, 401, 108),
(23746, 401, 109),
(23751, 401, 110),
(23607, 402, 2),
(23612, 402, 3),
(23617, 402, 4),
(23622, 402, 6),
(23627, 402, 7),
(23632, 402, 8),
(23637, 402, 12),
(23642, 402, 13),
(23647, 402, 87),
(23652, 402, 88),
(23657, 402, 90),
(23662, 402, 92),
(23667, 402, 93),
(23672, 402, 94),
(23677, 402, 95),
(23682, 402, 96),
(23687, 402, 97),
(23692, 402, 98),
(23697, 402, 99),
(23702, 402, 100),
(23707, 402, 101),
(23712, 402, 102),
(23717, 402, 103),
(23722, 402, 104),
(23727, 402, 105),
(23732, 402, 106),
(23737, 402, 107),
(23742, 402, 108),
(23747, 402, 109),
(23752, 402, 110),
(23608, 403, 2),
(23613, 403, 3),
(23618, 403, 4),
(23623, 403, 6),
(23628, 403, 7),
(23633, 403, 8),
(23638, 403, 12),
(23643, 403, 13),
(23648, 403, 87),
(23653, 403, 88),
(23658, 403, 90),
(23663, 403, 92),
(23668, 403, 93),
(23673, 403, 94),
(23678, 403, 95),
(23683, 403, 96),
(23688, 403, 97),
(23693, 403, 98),
(23698, 403, 99),
(23703, 403, 100),
(23708, 403, 101),
(23713, 403, 102),
(23718, 403, 103),
(23723, 403, 104),
(23728, 403, 105),
(23733, 403, 106),
(23738, 403, 107),
(23743, 403, 108),
(23748, 403, 109),
(23753, 403, 110),
(23609, 404, 2),
(23614, 404, 3),
(23619, 404, 4),
(23624, 404, 6),
(23629, 404, 7),
(23634, 404, 8),
(23639, 404, 12),
(23644, 404, 13),
(23649, 404, 87),
(23654, 404, 88),
(23659, 404, 90),
(23664, 404, 92),
(23669, 404, 93),
(23674, 404, 94),
(23679, 404, 95),
(23684, 404, 96),
(23689, 404, 97),
(23694, 404, 98),
(23699, 404, 99),
(23704, 404, 100),
(23709, 404, 101),
(23714, 404, 102),
(23719, 404, 103),
(23724, 404, 104),
(23729, 404, 105),
(23734, 404, 106),
(23739, 404, 107),
(23744, 404, 108),
(23749, 404, 109),
(23754, 404, 110),
(23610, 405, 2),
(23615, 405, 3),
(23620, 405, 4),
(23625, 405, 6),
(23630, 405, 7),
(23635, 405, 8),
(23640, 405, 12),
(23645, 405, 13),
(23650, 405, 87),
(23655, 405, 88),
(23660, 405, 90),
(23665, 405, 92),
(23670, 405, 93),
(23675, 405, 94),
(23680, 405, 95),
(23685, 405, 96),
(23690, 405, 97),
(23695, 405, 98),
(23700, 405, 99),
(23705, 405, 100),
(23710, 405, 101),
(23715, 405, 102),
(23720, 405, 103),
(23725, 405, 104),
(23730, 405, 105),
(23735, 405, 106),
(23740, 405, 107),
(23745, 405, 108),
(23750, 405, 109),
(23755, 405, 110),
(23756, 406, 111),
(23761, 406, 112),
(23766, 406, 114),
(23771, 406, 115),
(23776, 406, 116),
(23781, 406, 117),
(23786, 406, 118),
(23791, 406, 119),
(23796, 406, 120),
(23801, 406, 121),
(23806, 406, 123),
(23811, 406, 124),
(23816, 406, 125),
(23821, 406, 126),
(23826, 406, 127),
(23831, 406, 128),
(23836, 406, 129),
(23841, 406, 130),
(23846, 406, 131),
(23851, 406, 132),
(23856, 406, 134),
(23861, 406, 135),
(23866, 406, 136),
(23871, 406, 137),
(23876, 406, 138),
(23881, 406, 139),
(23886, 406, 140),
(23891, 406, 141),
(23896, 406, 143),
(23901, 406, 144),
(23757, 407, 111),
(23762, 407, 112),
(23767, 407, 114),
(23772, 407, 115),
(23777, 407, 116),
(23782, 407, 117),
(23787, 407, 118),
(23792, 407, 119),
(23797, 407, 120),
(23802, 407, 121),
(23807, 407, 123),
(23812, 407, 124),
(23817, 407, 125),
(23822, 407, 126),
(23827, 407, 127),
(23832, 407, 128),
(23837, 407, 129),
(23842, 407, 130),
(23847, 407, 131),
(23852, 407, 132),
(23857, 407, 134),
(23862, 407, 135),
(23867, 407, 136),
(23872, 407, 137),
(23877, 407, 138),
(23882, 407, 139),
(23887, 407, 140),
(23892, 407, 141),
(23897, 407, 143),
(23902, 407, 144),
(23758, 408, 111),
(23763, 408, 112),
(23768, 408, 114),
(23773, 408, 115),
(23778, 408, 116),
(23783, 408, 117),
(23788, 408, 118),
(23793, 408, 119),
(23798, 408, 120),
(23803, 408, 121),
(23808, 408, 123),
(23813, 408, 124),
(23818, 408, 125),
(23823, 408, 126),
(23828, 408, 127),
(23833, 408, 128),
(23838, 408, 129),
(23843, 408, 130),
(23848, 408, 131),
(23853, 408, 132),
(23858, 408, 134),
(23863, 408, 135),
(23868, 408, 136),
(23873, 408, 137),
(23878, 408, 138),
(23883, 408, 139),
(23888, 408, 140),
(23893, 408, 141),
(23898, 408, 143),
(23903, 408, 144),
(23759, 409, 111),
(23764, 409, 112),
(23769, 409, 114),
(23774, 409, 115),
(23779, 409, 116),
(23784, 409, 117),
(23789, 409, 118),
(23794, 409, 119),
(23799, 409, 120),
(23804, 409, 121),
(23809, 409, 123),
(23814, 409, 124),
(23819, 409, 125),
(23824, 409, 126),
(23829, 409, 127),
(23834, 409, 128),
(23839, 409, 129),
(23844, 409, 130),
(23849, 409, 131),
(23854, 409, 132),
(23859, 409, 134),
(23864, 409, 135),
(23869, 409, 136),
(23874, 409, 137),
(23879, 409, 138),
(23884, 409, 139),
(23889, 409, 140),
(23894, 409, 141),
(23899, 409, 143),
(23904, 409, 144),
(23760, 410, 111),
(23765, 410, 112),
(23770, 410, 114),
(23775, 410, 115),
(23780, 410, 116),
(23785, 410, 117),
(23790, 410, 118),
(23795, 410, 119),
(23800, 410, 120),
(23805, 410, 121),
(23810, 410, 123),
(23815, 410, 124),
(23820, 410, 125),
(23825, 410, 126),
(23830, 410, 127),
(23835, 410, 128),
(23840, 410, 129),
(23845, 410, 130),
(23850, 410, 131),
(23855, 410, 132),
(23860, 410, 134),
(23865, 410, 135),
(23870, 410, 136),
(23875, 410, 137),
(23880, 410, 138),
(23885, 410, 139),
(23890, 410, 140),
(23895, 410, 141),
(23900, 410, 143),
(23905, 410, 144),
(23906, 411, 145),
(23911, 411, 146),
(23916, 411, 147),
(23921, 411, 148),
(23926, 411, 149),
(23931, 411, 150),
(23936, 411, 152),
(23941, 411, 153),
(23946, 411, 154),
(23951, 411, 155),
(23956, 411, 156),
(23961, 411, 157),
(23966, 411, 158),
(23971, 411, 159),
(23976, 411, 160),
(23981, 411, 161),
(23986, 411, 162),
(23991, 411, 163),
(23996, 411, 165),
(24001, 411, 166),
(24006, 411, 167),
(24011, 411, 168),
(24016, 411, 169),
(24021, 411, 170),
(24026, 411, 172),
(24031, 411, 173),
(24036, 411, 174),
(24041, 411, 175),
(24046, 411, 176),
(24051, 411, 177),
(23907, 412, 145),
(23912, 412, 146),
(23917, 412, 147),
(23922, 412, 148),
(23927, 412, 149),
(23932, 412, 150),
(23937, 412, 152),
(23942, 412, 153),
(23947, 412, 154),
(23952, 412, 155),
(23957, 412, 156),
(23962, 412, 157),
(23967, 412, 158),
(23972, 412, 159),
(23977, 412, 160),
(23982, 412, 161),
(23987, 412, 162),
(23992, 412, 163),
(23997, 412, 165),
(24002, 412, 166),
(24007, 412, 167),
(24012, 412, 168),
(24017, 412, 169),
(24022, 412, 170),
(24027, 412, 172),
(24032, 412, 173),
(24037, 412, 174),
(24042, 412, 175),
(24047, 412, 176),
(24052, 412, 177),
(23908, 413, 145),
(23913, 413, 146),
(23918, 413, 147),
(23923, 413, 148),
(23928, 413, 149),
(23933, 413, 150),
(23938, 413, 152),
(23943, 413, 153),
(23948, 413, 154),
(23953, 413, 155),
(23958, 413, 156),
(23963, 413, 157),
(23968, 413, 158),
(23973, 413, 159),
(23978, 413, 160),
(23983, 413, 161),
(23988, 413, 162),
(23993, 413, 163),
(23998, 413, 165),
(24003, 413, 166),
(24008, 413, 167),
(24013, 413, 168),
(24018, 413, 169),
(24023, 413, 170),
(24028, 413, 172),
(24033, 413, 173),
(24038, 413, 174),
(24043, 413, 175),
(24048, 413, 176),
(24053, 413, 177),
(23909, 414, 145),
(23914, 414, 146),
(23919, 414, 147),
(23924, 414, 148),
(23929, 414, 149),
(23934, 414, 150),
(23939, 414, 152),
(23944, 414, 153),
(23949, 414, 154),
(23954, 414, 155),
(23959, 414, 156),
(23964, 414, 157),
(23969, 414, 158),
(23974, 414, 159),
(23979, 414, 160),
(23984, 414, 161),
(23989, 414, 162),
(23994, 414, 163),
(23999, 414, 165),
(24004, 414, 166),
(24009, 414, 167),
(24014, 414, 168),
(24019, 414, 169),
(24024, 414, 170),
(24029, 414, 172),
(24034, 414, 173),
(24039, 414, 174),
(24044, 414, 175),
(24049, 414, 176),
(24054, 414, 177),
(23910, 415, 145),
(23915, 415, 146),
(23920, 415, 147),
(23925, 415, 148),
(23930, 415, 149),
(23935, 415, 150),
(23940, 415, 152),
(23945, 415, 153),
(23950, 415, 154),
(23955, 415, 155),
(23960, 415, 156),
(23965, 415, 157),
(23970, 415, 158),
(23975, 415, 159),
(23980, 415, 160),
(23985, 415, 161),
(23990, 415, 162),
(23995, 415, 163),
(24000, 415, 165),
(24005, 415, 166),
(24010, 415, 167),
(24015, 415, 168),
(24020, 415, 169),
(24025, 415, 170),
(24030, 415, 172),
(24035, 415, 173),
(24040, 415, 174),
(24045, 415, 175),
(24050, 415, 176),
(24055, 415, 177),
(24056, 416, 178),
(24061, 416, 179),
(24066, 416, 180),
(24071, 416, 181),
(24076, 416, 182),
(24081, 416, 183),
(24086, 416, 184),
(24091, 416, 185),
(24096, 416, 186),
(24101, 416, 187),
(24106, 416, 189),
(24111, 416, 190),
(24116, 416, 191),
(24121, 416, 192),
(24126, 416, 193),
(24131, 416, 194),
(24136, 416, 195),
(24141, 416, 196),
(24146, 416, 197),
(24151, 416, 198),
(24156, 416, 199),
(24161, 416, 200),
(24166, 416, 201),
(24171, 416, 202),
(24176, 416, 203),
(24181, 416, 204),
(24186, 416, 205),
(24191, 416, 206),
(24196, 416, 207),
(24201, 416, 208),
(24057, 417, 178),
(24062, 417, 179),
(24067, 417, 180),
(24072, 417, 181),
(24077, 417, 182),
(24082, 417, 183),
(24087, 417, 184),
(24092, 417, 185),
(24097, 417, 186),
(24102, 417, 187),
(24107, 417, 189),
(24112, 417, 190),
(24117, 417, 191),
(24122, 417, 192),
(24127, 417, 193),
(24132, 417, 194),
(24137, 417, 195),
(24142, 417, 196),
(24147, 417, 197),
(24152, 417, 198),
(24157, 417, 199),
(24162, 417, 200),
(24167, 417, 201),
(24172, 417, 202),
(24177, 417, 203),
(24182, 417, 204),
(24187, 417, 205),
(24192, 417, 206),
(24197, 417, 207),
(24202, 417, 208),
(24058, 418, 178),
(24063, 418, 179),
(24068, 418, 180),
(24073, 418, 181),
(24078, 418, 182),
(24083, 418, 183),
(24088, 418, 184),
(24093, 418, 185),
(24098, 418, 186),
(24103, 418, 187),
(24108, 418, 189),
(24113, 418, 190),
(24118, 418, 191),
(24123, 418, 192),
(24128, 418, 193),
(24133, 418, 194),
(24138, 418, 195),
(24143, 418, 196),
(24148, 418, 197),
(24153, 418, 198),
(24158, 418, 199),
(24163, 418, 200),
(24168, 418, 201),
(24173, 418, 202),
(24178, 418, 203),
(24183, 418, 204),
(24188, 418, 205),
(24193, 418, 206),
(24198, 418, 207),
(24203, 418, 208),
(24059, 419, 178),
(24064, 419, 179),
(24069, 419, 180),
(24074, 419, 181),
(24079, 419, 182),
(24084, 419, 183),
(24089, 419, 184),
(24094, 419, 185),
(24099, 419, 186),
(24104, 419, 187),
(24109, 419, 189),
(24114, 419, 190),
(24119, 419, 191),
(24124, 419, 192),
(24129, 419, 193),
(24134, 419, 194),
(24139, 419, 195),
(24144, 419, 196),
(24149, 419, 197),
(24154, 419, 198),
(24159, 419, 199),
(24164, 419, 200),
(24169, 419, 201),
(24174, 419, 202),
(24179, 419, 203),
(24184, 419, 204),
(24189, 419, 205),
(24194, 419, 206),
(24199, 419, 207),
(24204, 419, 208),
(24060, 420, 178),
(24065, 420, 179),
(24070, 420, 180),
(24075, 420, 181),
(24080, 420, 182),
(24085, 420, 183),
(24090, 420, 184),
(24095, 420, 185),
(24100, 420, 186),
(24105, 420, 187),
(24110, 420, 189),
(24115, 420, 190),
(24120, 420, 191),
(24125, 420, 192),
(24130, 420, 193),
(24135, 420, 194),
(24140, 420, 195),
(24145, 420, 196),
(24150, 420, 197),
(24155, 420, 198),
(24160, 420, 199),
(24165, 420, 200),
(24170, 420, 201),
(24175, 420, 202),
(24180, 420, 203),
(24185, 420, 204),
(24190, 420, 205),
(24195, 420, 206),
(24200, 420, 207),
(24205, 420, 208),
(24206, 421, 209),
(24211, 421, 210),
(24216, 421, 211),
(24221, 421, 212),
(24226, 421, 214),
(24231, 421, 230),
(24236, 421, 237),
(24241, 421, 249),
(24246, 421, 253),
(24251, 421, 254),
(24256, 421, 256),
(24261, 421, 264),
(24266, 421, 270),
(24271, 421, 271),
(24276, 421, 275),
(24281, 421, 332),
(24286, 421, 335),
(24291, 421, 336),
(24207, 422, 209),
(24212, 422, 210),
(24217, 422, 211),
(24222, 422, 212),
(24227, 422, 214),
(24232, 422, 230),
(24237, 422, 237),
(24242, 422, 249),
(24247, 422, 253),
(24252, 422, 254),
(24257, 422, 256),
(24262, 422, 264),
(24267, 422, 270),
(24272, 422, 271),
(24277, 422, 275),
(24282, 422, 332),
(24287, 422, 335),
(24292, 422, 336),
(24208, 423, 209),
(24213, 423, 210),
(24218, 423, 211),
(24223, 423, 212),
(24228, 423, 214),
(24233, 423, 230),
(24238, 423, 237),
(24243, 423, 249),
(24248, 423, 253),
(24253, 423, 254),
(24258, 423, 256),
(24263, 423, 264),
(24268, 423, 270),
(24273, 423, 271),
(24278, 423, 275),
(24283, 423, 332),
(24288, 423, 335),
(24293, 423, 336),
(24209, 424, 209),
(24214, 424, 210),
(24219, 424, 211),
(24224, 424, 212),
(24229, 424, 214),
(24234, 424, 230),
(24239, 424, 237),
(24244, 424, 249),
(24249, 424, 253),
(24254, 424, 254),
(24259, 424, 256),
(24264, 424, 264),
(24269, 424, 270),
(24274, 424, 271),
(24279, 424, 275),
(24284, 424, 332),
(24289, 424, 335),
(24294, 424, 336),
(24210, 425, 209),
(24215, 425, 210),
(24220, 425, 211),
(24225, 425, 212),
(24230, 425, 214),
(24235, 425, 230),
(24240, 425, 237),
(24245, 425, 249),
(24250, 425, 253),
(24255, 425, 254),
(24260, 425, 256),
(24265, 425, 264),
(24270, 425, 270),
(24275, 425, 271),
(24280, 425, 275),
(24285, 425, 332),
(24290, 425, 335),
(24295, 425, 336),
(24696, 426, 402),
(24701, 426, 403),
(24706, 426, 404),
(24711, 426, 405),
(24716, 426, 406),
(24721, 426, 407),
(24726, 426, 408),
(24731, 426, 409),
(24736, 426, 410),
(24741, 426, 411),
(24746, 426, 412),
(24751, 426, 413),
(24756, 426, 414),
(24761, 426, 415),
(24766, 426, 416),
(24697, 427, 402),
(24702, 427, 403),
(24707, 427, 404),
(24712, 427, 405),
(24717, 427, 406),
(24722, 427, 407),
(24727, 427, 408),
(24732, 427, 409),
(24737, 427, 410),
(24742, 427, 411),
(24747, 427, 412),
(24752, 427, 413),
(24757, 427, 414),
(24762, 427, 415),
(24767, 427, 416),
(24698, 428, 402),
(24703, 428, 403),
(24708, 428, 404),
(24713, 428, 405),
(24718, 428, 406),
(24723, 428, 407),
(24728, 428, 408),
(24733, 428, 409),
(24738, 428, 410),
(24743, 428, 411),
(24748, 428, 412),
(24753, 428, 413),
(24758, 428, 414),
(24763, 428, 415),
(24768, 428, 416),
(24699, 429, 402),
(24704, 429, 403),
(24709, 429, 404),
(24714, 429, 405),
(24719, 429, 406),
(24724, 429, 407),
(24729, 429, 408),
(24734, 429, 409),
(24739, 429, 410),
(24744, 429, 411),
(24749, 429, 412),
(24754, 429, 413),
(24759, 429, 414),
(24764, 429, 415),
(24769, 429, 416),
(24700, 430, 402),
(24705, 430, 403),
(24710, 430, 404),
(24715, 430, 405),
(24720, 430, 406),
(24725, 430, 407),
(24730, 430, 408),
(24735, 430, 409),
(24740, 430, 410),
(24745, 430, 411),
(24750, 430, 412),
(24755, 430, 413),
(24760, 430, 414),
(24765, 430, 415),
(24770, 430, 416),
(24771, 431, 417),
(24776, 431, 418),
(24781, 431, 419),
(24786, 431, 420),
(24791, 431, 421),
(24796, 431, 422),
(24801, 431, 423),
(24806, 431, 424),
(24811, 431, 425),
(24816, 431, 426),
(24821, 431, 427),
(24826, 431, 428),
(24831, 431, 429),
(24836, 431, 430),
(24841, 431, 431),
(24846, 431, 432),
(24851, 431, 433),
(24856, 431, 434),
(24861, 431, 435),
(24866, 431, 436),
(24871, 431, 437),
(24876, 431, 438),
(24881, 431, 439),
(24886, 431, 440),
(24891, 431, 441),
(24896, 431, 442),
(24772, 432, 417),
(24777, 432, 418),
(24782, 432, 419),
(24787, 432, 420),
(24792, 432, 421),
(24797, 432, 422),
(24802, 432, 423),
(24807, 432, 424),
(24812, 432, 425),
(24817, 432, 426),
(24822, 432, 427),
(24827, 432, 428),
(24832, 432, 429),
(24837, 432, 430),
(24842, 432, 431),
(24847, 432, 432),
(24852, 432, 433),
(24857, 432, 434),
(24862, 432, 435),
(24867, 432, 436),
(24872, 432, 437),
(24877, 432, 438),
(24882, 432, 439),
(24887, 432, 440),
(24892, 432, 441),
(24897, 432, 442),
(24773, 433, 417),
(24778, 433, 418),
(24783, 433, 419),
(24788, 433, 420),
(24793, 433, 421),
(24798, 433, 422),
(24803, 433, 423),
(24808, 433, 424),
(24813, 433, 425),
(24818, 433, 426),
(24823, 433, 427),
(24828, 433, 428),
(24833, 433, 429),
(24838, 433, 430),
(24843, 433, 431),
(24848, 433, 432),
(24853, 433, 433),
(24858, 433, 434),
(24863, 433, 435),
(24868, 433, 436),
(24873, 433, 437),
(24878, 433, 438),
(24883, 433, 439),
(24888, 433, 440),
(24893, 433, 441),
(24898, 433, 442),
(24774, 434, 417),
(24779, 434, 418),
(24784, 434, 419),
(24789, 434, 420),
(24794, 434, 421),
(24799, 434, 422),
(24804, 434, 423),
(24809, 434, 424),
(24814, 434, 425),
(24819, 434, 426),
(24824, 434, 427),
(24829, 434, 428),
(24834, 434, 429),
(24839, 434, 430),
(24844, 434, 431),
(24849, 434, 432),
(24854, 434, 433),
(24859, 434, 434),
(24864, 434, 435),
(24869, 434, 436),
(24874, 434, 437),
(24879, 434, 438),
(24884, 434, 439),
(24889, 434, 440),
(24894, 434, 441),
(24899, 434, 442),
(24775, 435, 417),
(24780, 435, 418),
(24785, 435, 419),
(24790, 435, 420),
(24795, 435, 421),
(24800, 435, 422),
(24805, 435, 423),
(24810, 435, 424),
(24815, 435, 425),
(24820, 435, 426),
(24825, 435, 427),
(24830, 435, 428),
(24835, 435, 429),
(24840, 435, 430),
(24845, 435, 431),
(24850, 435, 432),
(24855, 435, 433),
(24860, 435, 434),
(24865, 435, 435),
(24870, 435, 436),
(24875, 435, 437),
(24880, 435, 438),
(24885, 435, 439),
(24890, 435, 440),
(24895, 435, 441),
(24900, 435, 442),
(24366, 436, 213),
(24371, 436, 215),
(24376, 436, 216),
(24381, 436, 217),
(24386, 436, 218),
(24391, 436, 219),
(24396, 436, 220),
(24401, 436, 221),
(24406, 436, 222),
(24411, 436, 223),
(24416, 436, 224),
(24421, 436, 225),
(24426, 436, 226),
(24431, 436, 227),
(24436, 436, 228),
(24441, 436, 229),
(24446, 436, 231),
(24451, 436, 232),
(24456, 436, 233),
(24461, 436, 234),
(24466, 436, 235),
(24471, 436, 236),
(24476, 436, 238),
(24481, 436, 239),
(24486, 436, 240),
(24491, 436, 241),
(24496, 436, 242),
(24501, 436, 243),
(24506, 436, 244),
(24511, 436, 245),
(24367, 437, 213),
(24372, 437, 215),
(24377, 437, 216),
(24382, 437, 217),
(24387, 437, 218),
(24392, 437, 219),
(24397, 437, 220),
(24402, 437, 221),
(24407, 437, 222),
(24412, 437, 223),
(24417, 437, 224),
(24422, 437, 225),
(24427, 437, 226),
(24432, 437, 227),
(24437, 437, 228),
(24442, 437, 229),
(24447, 437, 231),
(24452, 437, 232),
(24457, 437, 233),
(24462, 437, 234),
(24467, 437, 235),
(24472, 437, 236),
(24477, 437, 238),
(24482, 437, 239),
(24487, 437, 240),
(24492, 437, 241),
(24497, 437, 242),
(24502, 437, 243),
(24507, 437, 244),
(24512, 437, 245),
(24368, 438, 213),
(24373, 438, 215),
(24378, 438, 216),
(24383, 438, 217),
(24388, 438, 218),
(24393, 438, 219),
(24398, 438, 220),
(24403, 438, 221),
(24408, 438, 222),
(24413, 438, 223),
(24418, 438, 224),
(24423, 438, 225),
(24428, 438, 226),
(24433, 438, 227),
(24438, 438, 228),
(24443, 438, 229),
(24448, 438, 231),
(24453, 438, 232),
(24458, 438, 233),
(24463, 438, 234),
(24468, 438, 235),
(24473, 438, 236),
(24478, 438, 238),
(24483, 438, 239),
(24488, 438, 240),
(24493, 438, 241),
(24498, 438, 242),
(24503, 438, 243),
(24508, 438, 244),
(24513, 438, 245),
(24369, 439, 213),
(24374, 439, 215),
(24379, 439, 216),
(24384, 439, 217),
(24389, 439, 218),
(24394, 439, 219),
(24399, 439, 220),
(24404, 439, 221),
(24409, 439, 222),
(24414, 439, 223),
(24419, 439, 224),
(24424, 439, 225),
(24429, 439, 226),
(24434, 439, 227),
(24439, 439, 228),
(24444, 439, 229),
(24449, 439, 231),
(24454, 439, 232),
(24459, 439, 233),
(24464, 439, 234),
(24469, 439, 235),
(24474, 439, 236),
(24479, 439, 238),
(24484, 439, 239),
(24489, 439, 240),
(24494, 439, 241),
(24499, 439, 242),
(24504, 439, 243),
(24509, 439, 244),
(24514, 439, 245),
(24370, 440, 213),
(24375, 440, 215),
(24380, 440, 216),
(24385, 440, 217),
(24390, 440, 218),
(24395, 440, 219),
(24400, 440, 220),
(24405, 440, 221),
(24410, 440, 222),
(24415, 440, 223),
(24420, 440, 224),
(24425, 440, 225),
(24430, 440, 226),
(24435, 440, 227),
(24440, 440, 228),
(24445, 440, 229),
(24450, 440, 231),
(24455, 440, 232),
(24460, 440, 233),
(24465, 440, 234),
(24470, 440, 235),
(24475, 440, 236),
(24480, 440, 238),
(24485, 440, 239),
(24490, 440, 240),
(24495, 440, 241),
(24500, 440, 242),
(24505, 440, 243),
(24510, 440, 244),
(24515, 440, 245),
(24516, 441, 246),
(24521, 441, 247),
(24526, 441, 248),
(24531, 441, 250),
(24536, 441, 251),
(24541, 441, 252),
(24546, 441, 255),
(24551, 441, 257),
(24556, 441, 258),
(24561, 441, 259);
INSERT INTO `class_course_student_semester` (`class_course_student_semester_id`, `class_course_semester_id`, `student_id`) VALUES
(24566, 441, 260),
(24571, 441, 261),
(24576, 441, 262),
(24581, 441, 263),
(24586, 441, 265),
(24517, 442, 246),
(24522, 442, 247),
(24527, 442, 248),
(24532, 442, 250),
(24537, 442, 251),
(24542, 442, 252),
(24547, 442, 255),
(24552, 442, 257),
(24557, 442, 258),
(24562, 442, 259),
(24567, 442, 260),
(24572, 442, 261),
(24577, 442, 262),
(24582, 442, 263),
(24587, 442, 265),
(24518, 443, 246),
(24523, 443, 247),
(24528, 443, 248),
(24533, 443, 250),
(24538, 443, 251),
(24543, 443, 252),
(24548, 443, 255),
(24553, 443, 257),
(24558, 443, 258),
(24563, 443, 259),
(24568, 443, 260),
(24573, 443, 261),
(24578, 443, 262),
(24583, 443, 263),
(24588, 443, 265),
(24519, 444, 246),
(24524, 444, 247),
(24529, 444, 248),
(24534, 444, 250),
(24539, 444, 251),
(24544, 444, 252),
(24549, 444, 255),
(24554, 444, 257),
(24559, 444, 258),
(24564, 444, 259),
(24569, 444, 260),
(24574, 444, 261),
(24579, 444, 262),
(24584, 444, 263),
(24589, 444, 265),
(24520, 445, 246),
(24525, 445, 247),
(24530, 445, 248),
(24535, 445, 250),
(24540, 445, 251),
(24545, 445, 252),
(24550, 445, 255),
(24555, 445, 257),
(24560, 445, 258),
(24565, 445, 259),
(24570, 445, 260),
(24575, 445, 261),
(24580, 445, 262),
(24585, 445, 263),
(24590, 445, 265),
(24591, 446, 266),
(24596, 446, 267),
(24601, 446, 268),
(24606, 446, 269),
(24611, 446, 272),
(24616, 446, 273),
(24621, 446, 274),
(24626, 446, 276),
(24631, 446, 277),
(24636, 446, 278),
(24641, 446, 279),
(24646, 446, 280),
(24651, 446, 281),
(24656, 446, 334),
(24661, 446, 340),
(24666, 446, 645),
(24671, 446, 646),
(24592, 447, 266),
(24597, 447, 267),
(24602, 447, 268),
(24607, 447, 269),
(24612, 447, 272),
(24617, 447, 273),
(24622, 447, 274),
(24627, 447, 276),
(24632, 447, 277),
(24637, 447, 278),
(24642, 447, 279),
(24647, 447, 280),
(24652, 447, 281),
(24657, 447, 334),
(24662, 447, 340),
(24667, 447, 645),
(24672, 447, 646),
(24593, 448, 266),
(24598, 448, 267),
(24603, 448, 268),
(24608, 448, 269),
(24613, 448, 272),
(24618, 448, 273),
(24623, 448, 274),
(24628, 448, 276),
(24633, 448, 277),
(24638, 448, 278),
(24643, 448, 279),
(24648, 448, 280),
(24653, 448, 281),
(24658, 448, 334),
(24663, 448, 340),
(24668, 448, 645),
(24673, 448, 646),
(24594, 449, 266),
(24599, 449, 267),
(24604, 449, 268),
(24609, 449, 269),
(24614, 449, 272),
(24619, 449, 273),
(24624, 449, 274),
(24629, 449, 276),
(24634, 449, 277),
(24639, 449, 278),
(24644, 449, 279),
(24649, 449, 280),
(24654, 449, 281),
(24659, 449, 334),
(24664, 449, 340),
(24669, 449, 645),
(24674, 449, 646),
(24595, 450, 266),
(24600, 450, 267),
(24605, 450, 268),
(24610, 450, 269),
(24615, 450, 272),
(24620, 450, 273),
(24625, 450, 274),
(24630, 450, 276),
(24635, 450, 277),
(24640, 450, 278),
(24645, 450, 279),
(24650, 450, 280),
(24655, 450, 281),
(24660, 450, 334),
(24665, 450, 340),
(24670, 450, 645),
(24675, 450, 646),
(25036, 451, 443),
(25041, 451, 444),
(25046, 451, 445),
(25051, 451, 446),
(25056, 451, 447),
(25061, 451, 448),
(25066, 451, 449),
(25071, 451, 450),
(25076, 451, 451),
(25081, 451, 452),
(25086, 451, 453),
(25091, 451, 454),
(25096, 451, 455),
(25101, 451, 456),
(25106, 451, 457),
(25111, 451, 458),
(25116, 451, 459),
(25121, 451, 460),
(25126, 451, 461),
(25131, 451, 462),
(25136, 451, 463),
(25141, 451, 464),
(25146, 451, 465),
(25037, 452, 443),
(25042, 452, 444),
(25047, 452, 445),
(25052, 452, 446),
(25057, 452, 447),
(25062, 452, 448),
(25067, 452, 449),
(25072, 452, 450),
(25077, 452, 451),
(25082, 452, 452),
(25087, 452, 453),
(25092, 452, 454),
(25097, 452, 455),
(25102, 452, 456),
(25107, 452, 457),
(25112, 452, 458),
(25117, 452, 459),
(25122, 452, 460),
(25127, 452, 461),
(25132, 452, 462),
(25137, 452, 463),
(25142, 452, 464),
(25147, 452, 465),
(25038, 453, 443),
(25043, 453, 444),
(25048, 453, 445),
(25053, 453, 446),
(25058, 453, 447),
(25063, 453, 448),
(25068, 453, 449),
(25073, 453, 450),
(25078, 453, 451),
(25083, 453, 452),
(25088, 453, 453),
(25093, 453, 454),
(25098, 453, 455),
(25103, 453, 456),
(25108, 453, 457),
(25113, 453, 458),
(25118, 453, 459),
(25123, 453, 460),
(25128, 453, 461),
(25133, 453, 462),
(25138, 453, 463),
(25143, 453, 464),
(25148, 453, 465),
(25039, 454, 443),
(25044, 454, 444),
(25049, 454, 445),
(25054, 454, 446),
(25059, 454, 447),
(25064, 454, 448),
(25069, 454, 449),
(25074, 454, 450),
(25079, 454, 451),
(25084, 454, 452),
(25089, 454, 453),
(25094, 454, 454),
(25099, 454, 455),
(25104, 454, 456),
(25109, 454, 457),
(25114, 454, 458),
(25119, 454, 459),
(25124, 454, 460),
(25129, 454, 461),
(25134, 454, 462),
(25139, 454, 463),
(25144, 454, 464),
(25149, 454, 465),
(25040, 455, 443),
(25045, 455, 444),
(25050, 455, 445),
(25055, 455, 446),
(25060, 455, 447),
(25065, 455, 448),
(25070, 455, 449),
(25075, 455, 450),
(25080, 455, 451),
(25085, 455, 452),
(25090, 455, 453),
(25095, 455, 454),
(25100, 455, 455),
(25105, 455, 456),
(25110, 455, 457),
(25115, 455, 458),
(25120, 455, 459),
(25125, 455, 460),
(25130, 455, 461),
(25135, 455, 462),
(25140, 455, 463),
(25145, 455, 464),
(25150, 455, 465);

-- --------------------------------------------------------

--
-- Table structure for table `class_semester`
--

DROP TABLE IF EXISTS `class_semester`;
CREATE TABLE IF NOT EXISTS `class_semester` (
`class_semester_id` int(11) NOT NULL,
  `class_id` int(11) NOT NULL,
  `semester_id` int(11) NOT NULL,
  `semester` int(11) NOT NULL
) ENGINE=InnoDB AUTO_INCREMENT=108 DEFAULT CHARSET=latin1;

--
-- Dumping data for table `class_semester`
--

INSERT INTO `class_semester` (`class_semester_id`, `class_id`, `semester_id`, `semester`) VALUES
(81, 84, 2, 1),
(82, 85, 2, 1),
(83, 86, 2, 1),
(84, 87, 2, 1),
(85, 88, 2, 1),
(86, 89, 2, 1),
(87, 90, 2, 1),
(88, 91, 2, 1),
(89, 92, 2, 2),
(90, 93, 2, 2),
(91, 94, 2, 2),
(92, 95, 2, 2),
(93, 96, 2, 3),
(94, 97, 2, 3),
(95, 98, 2, 3),
(96, 99, 2, 3),
(97, 100, 2, 4),
(98, 101, 2, 4),
(99, 102, 2, 4),
(100, 103, 2, 4),
(101, 104, 2, 4),
(102, 105, 2, 4),
(103, 106, 2, 4),
(104, 107, 2, 5),
(105, 108, 2, 5),
(106, 109, 2, 5),
(107, 110, 2, 5);

-- --------------------------------------------------------

--
-- Table structure for table `courses`
--

DROP TABLE IF EXISTS `courses`;
CREATE TABLE IF NOT EXISTS `courses` (
`course_id` int(11) NOT NULL,
  `code` varchar(20) NOT NULL,
  `name` varchar(500) CHARACTER SET utf8 COLLATE utf8_vietnamese_ci NOT NULL,
  `department_id` int(11) DEFAULT NULL
) ENGINE=InnoDB AUTO_INCREMENT=277 DEFAULT CHARSET=latin1;

--
-- Dumping data for table `courses`
--

INSERT INTO `courses` (`course_id`, `code`, `name`, `department_id`) VALUES
(242, 'SSG101', 'Working in Group', 25),
(243, 'CSI101', 'Introduction to Computing', 15),
(244, 'PRO201', 'Front-end Web Development', 15),
(245, 'DBI201', 'Introduction to Databases', 15),
(246, 'CSD202', 'Data structures and algorithms (In C++)', 15),
(247, 'PRO192', 'Object-Oriented Programming with Java', 15),
(248, 'OSG202', 'Operating Systems', 15),
(249, 'PRN292', 'C# and .Net Technology', 15),
(250, 'CSD201', 'Data Structures and Algorithms', 15),
(251, 'PRF192', 'Programming fundamentals using C', 15),
(252, 'PRJ311', 'Desktop Java Applications', 15),
(253, 'NWC202', 'Computer Networking', 15),
(254, 'PRJ321', 'Web-based Java Applications', 15),
(255, 'LAB101', 'Lab 1', 18),
(256, 'IAO101', 'Information Assurance Overview', 21),
(257, 'CEA201', 'Computer Organization and Architecture', 21),
(258, 'LAB211', 'Pre-intermediate Practicing', 18),
(259, 'CES201', 'System support and Trouble shooting for Windows Server 2008', 21),
(260, 'JPD111', 'Japanese 1', 22),
(261, 'JPS132', 'Japanese 3', 22),
(262, 'JPD131', 'Industry driven course (Japanese 3)', 22),
(263, 'MAE101', 'Mathematics for Engineering', 23),
(264, 'MAD101', 'Discrete mathematics', 23),
(265, 'MAS291', 'Probability and Applied Statistics', 23),
(266, 'PHY101', 'Physics', 23),
(267, 'SWR301', 'Software Requirements', 24),
(268, 'IAA301', 'Phn tch thng tin\nIntelligence Analysics', 24),
(269, 'SWQ391', 'Software Quality Assurance and Testing', 24),
(270, 'IAA201', 'Phn tch l hng v ri roRisk-Vulnerability Analysis', 24),
(271, 'IAP201', 'Privacy and IT Ethics', 24),
(272, 'IAP301', 'Pht trin chnh sch ATTT\nPolicy Development in Information Assurance', 24),
(273, 'SRE301', 'Ky thut dich ngc \nSoftware Revert Engineering', 24),
(274, 'OSP201', 'H thng ngun m v qun tr mng\nOpen Source Platform and Network Administration', 24),
(275, 'DBI202', 'DBI202', 15),
(276, 'SWD391', 'SWD391', 24);

-- --------------------------------------------------------

--
-- Table structure for table `course_semester`
--

DROP TABLE IF EXISTS `course_semester`;
CREATE TABLE IF NOT EXISTS `course_semester` (
`course_semester_id` int(11) NOT NULL,
  `course_id` int(11) NOT NULL,
  `semester_id` int(11) NOT NULL,
  `slots` int(11) NOT NULL,
  `course_condition_id` int(11) DEFAULT NULL
) ENGINE=InnoDB AUTO_INCREMENT=277 DEFAULT CHARSET=latin1;

--
-- Dumping data for table `course_semester`
--

INSERT INTO `course_semester` (`course_semester_id`, `course_id`, `semester_id`, `slots`, `course_condition_id`) VALUES
(242, 242, 2, 30, NULL),
(243, 243, 2, 30, NULL),
(244, 244, 2, 30, NULL),
(245, 245, 2, 30, NULL),
(246, 246, 2, 30, NULL),
(247, 247, 2, 30, NULL),
(248, 248, 2, 30, NULL),
(249, 249, 2, 30, NULL),
(250, 250, 2, 30, 247),
(251, 251, 2, 30, NULL),
(252, 252, 2, 30, 247),
(253, 253, 2, 30, 248),
(254, 254, 2, 30, 251),
(255, 255, 2, 30, 251),
(256, 256, 2, 30, NULL),
(257, 257, 2, 30, NULL),
(258, 258, 2, 30, 247),
(259, 259, 2, 30, NULL),
(260, 260, 2, 30, NULL),
(261, 261, 2, 30, NULL),
(262, 262, 2, 30, 260),
(263, 263, 2, 30, NULL),
(264, 264, 2, 30, NULL),
(265, 265, 2, 30, NULL),
(266, 266, 2, 30, NULL),
(267, 267, 2, 30, NULL),
(268, 268, 2, 30, NULL),
(269, 269, 2, 30, NULL),
(270, 270, 2, 30, NULL),
(271, 271, 2, 30, NULL),
(272, 272, 2, 30, NULL),
(273, 273, 2, 30, NULL),
(274, 274, 2, 30, NULL),
(275, 275, 2, 30, NULL),
(276, 276, 2, 30, NULL);

-- --------------------------------------------------------

--
-- Table structure for table `department`
--

DROP TABLE IF EXISTS `department`;
CREATE TABLE IF NOT EXISTS `department` (
`department_id` int(11) NOT NULL,
  `code` varchar(10) NOT NULL,
  `name` varchar(50) NOT NULL
) ENGINE=InnoDB AUTO_INCREMENT=27 DEFAULT CHARSET=latin1;

--
-- Dumping data for table `department`
--

INSERT INTO `department` (`department_id`, `code`, `name`) VALUES
(14, 'BA', 'BA'),
(15, 'CF', 'CF'),
(16, 'CS', 'CS'),
(17, 'ENG', 'ENG'),
(18, 'FSOFT', 'FSOFT'),
(19, 'GD', 'GD'),
(20, 'HS', 'HS'),
(21, 'ITS', 'ITS'),
(22, 'JPN', 'JPN'),
(23, 'Math', 'Math'),
(24, 'SE', 'SE'),
(25, 'SS', 'SS'),
(26, 'TI', 'TI');

-- --------------------------------------------------------

--
-- Table structure for table `program_semester`
--

DROP TABLE IF EXISTS `program_semester`;
CREATE TABLE IF NOT EXISTS `program_semester` (
`program_semester_id` int(11) NOT NULL,
  `semester_id` int(11) NOT NULL,
  `current_semester` int(11) NOT NULL,
  `specialized_id` int(11) NOT NULL,
  `detail_specialized_id` int(11) DEFAULT NULL,
  `batch` int(11) NOT NULL
) ENGINE=InnoDB AUTO_INCREMENT=24 DEFAULT CHARSET=latin1;

--
-- Dumping data for table `program_semester`
--

INSERT INTO `program_semester` (`program_semester_id`, `semester_id`, `current_semester`, `specialized_id`, `detail_specialized_id`, `batch`) VALUES
(13, 2, 1, 1, 1, 10),
(14, 2, 2, 1, 1, 10),
(15, 2, 3, 1, 1, 10),
(16, 2, 4, 1, 1, 9),
(17, 2, 5, 1, 1, 9),
(18, 2, 1, 1, 7, 10),
(19, 2, 2, 1, 7, 10),
(20, 2, 3, 1, 8, 10),
(21, 2, 4, 1, 7, 9),
(22, 2, 5, 1, 7, 9),
(23, 2, 1, 1, 8, 10);

-- --------------------------------------------------------

--
-- Table structure for table `program_semester_detail`
--

DROP TABLE IF EXISTS `program_semester_detail`;
CREATE TABLE IF NOT EXISTS `program_semester_detail` (
`program_semester_detail_id` int(11) NOT NULL,
  `program_semester_id` int(11) NOT NULL,
  `course_semester_id` int(11) NOT NULL,
  `is_semester_long` tinyint(1) NOT NULL
) ENGINE=InnoDB AUTO_INCREMENT=107 DEFAULT CHARSET=latin1;

--
-- Dumping data for table `program_semester_detail`
--

INSERT INTO `program_semester_detail` (`program_semester_detail_id`, `program_semester_id`, `course_semester_id`, `is_semester_long`) VALUES
(52, 13, 243, 0),
(53, 13, 242, 0),
(54, 13, 263, 0),
(55, 13, 251, 0),
(56, 13, 257, 1),
(57, 14, 244, 0),
(58, 14, 247, 0),
(59, 14, 275, 0),
(60, 14, 264, 0),
(61, 14, 255, 1),
(62, 15, 260, 0),
(63, 15, 248, 0),
(64, 15, 250, 0),
(65, 15, 252, 0),
(66, 15, 258, 1),
(67, 16, 275, 0),
(68, 16, 249, 0),
(69, 16, 250, 0),
(70, 16, 253, 0),
(71, 16, 262, 1),
(72, 17, 267, 0),
(73, 17, 269, 0),
(74, 17, 261, 0),
(75, 17, 265, 0),
(76, 17, 254, 1),
(77, 18, 243, 0),
(78, 18, 242, 0),
(79, 18, 263, 0),
(80, 18, 251, 0),
(81, 18, 257, 1),
(82, 19, 244, 0),
(83, 19, 247, 0),
(84, 19, 275, 0),
(85, 19, 264, 0),
(86, 19, 255, 1),
(87, 20, 256, 0),
(88, 20, 248, 0),
(89, 20, 250, 0),
(90, 20, 252, 0),
(91, 20, 258, 1),
(92, 21, 246, 0),
(93, 21, 275, 0),
(94, 21, 271, 0),
(95, 21, 253, 0),
(96, 21, 259, 1),
(97, 22, 268, 0),
(98, 22, 270, 0),
(99, 22, 272, 0),
(100, 22, 273, 0),
(101, 22, 274, 1),
(102, 23, 263, 0),
(103, 23, 243, 0),
(104, 23, 257, 0),
(105, 23, 251, 0),
(106, 23, 266, 1);

-- --------------------------------------------------------

--
-- Table structure for table `rooms`
--

DROP TABLE IF EXISTS `rooms`;
CREATE TABLE IF NOT EXISTS `rooms` (
`room_id` int(11) NOT NULL,
  `code` varchar(20) NOT NULL,
  `courses` varchar(1000) DEFAULT NULL,
  `capacity` int(11) NOT NULL,
  `building_id` int(11) DEFAULT NULL
) ENGINE=InnoDB AUTO_INCREMENT=98 DEFAULT CHARSET=latin1;

--
-- Dumping data for table `rooms`
--

INSERT INTO `rooms` (`room_id`, `code`, `courses`, `capacity`, `building_id`) VALUES
(50, 'P201', 'SSG101, SSC102, SSC101', 30, 4),
(51, 'P202', 'SSG101, SSC102, SSC101', 30, 4),
(52, 'P203', 'SSG101, SSC102, SSC101', 30, 4),
(53, 'P204', NULL, 30, 4),
(54, 'P205', NULL, 30, 4),
(55, 'P209', NULL, 30, 4),
(56, 'P211', NULL, 30, 4),
(57, 'P212', NULL, 30, 4),
(58, 'P215', NULL, 30, 4),
(59, 'P216', NULL, 30, 4),
(60, 'P217', NULL, 30, 4),
(61, 'P218', NULL, 30, 4),
(62, 'P219', NULL, 30, 4),
(63, 'P220', NULL, 30, 4),
(64, 'P221', NULL, 30, 4),
(65, 'P301', NULL, 30, 4),
(66, 'P302', NULL, 30, 4),
(67, 'P303', NULL, 30, 4),
(68, 'P304', NULL, 30, 4),
(69, 'P305', NULL, 30, 4),
(70, 'P306', NULL, 30, 4),
(71, 'P307', NULL, 30, 4),
(72, 'P308', NULL, 30, 4),
(73, 'P309', NULL, 30, 4),
(74, 'P310', NULL, 30, 4),
(75, 'P311', NULL, 31, 4),
(76, 'P312', NULL, 32, 4),
(77, 'P313', NULL, 30, 4),
(78, 'P314', NULL, 30, 4),
(79, 'P315', NULL, 30, 4),
(80, 'P316', NULL, 30, 4),
(81, 'P317', NULL, 30, 4),
(82, 'P318', NULL, 30, 4),
(83, 'P319', NULL, 30, 4),
(84, 'P320', NULL, 31, 4),
(85, 'P321', NULL, 30, 4),
(86, 'P411', NULL, 32, 4),
(87, 'HB/201L', NULL, 33, 3),
(88, 'HB/203L', NULL, 30, 3),
(89, 'HB/204L', NULL, 30, 3),
(90, 'HB/207L', NULL, 30, 3),
(91, 'HB/301R', NULL, 30, 3),
(92, 'HB/302R', NULL, 30, 3),
(93, 'HB/303R-305R', NULL, 70, 3),
(94, 'HB/304R', 'GDG401, WMT201, DRA301, GDS301, CAA201, PST201, AFA201, GDF101, HOA101, DRF201, VCM201, DRS101, DGT101, PST201, DRP101, VNC101', 30, 3),
(95, 'HB/307R', NULL, 30, 3),
(96, 'HB/309R', 'GDG401, WMT201, DRA301, GDS301, CAA201, PST201, AFA201, GDF101, HOA101, DRF201, VCM201, DRS101, DGT101, PST201, DRP101, VNC101', 30, 3),
(97, 'HB/202R', 'LAB101, LAB211', 30, 3);

-- --------------------------------------------------------

--
-- Table structure for table `semesters`
--

DROP TABLE IF EXISTS `semesters`;
CREATE TABLE IF NOT EXISTS `semesters` (
`semester_id` int(11) NOT NULL,
  `code` varchar(10) NOT NULL,
  `name` varchar(100) NOT NULL,
  `semester_year` int(11) NOT NULL,
  `start_date` date NOT NULL,
  `end_date` date NOT NULL
) ENGINE=InnoDB AUTO_INCREMENT=4 DEFAULT CHARSET=latin1;

--
-- Dumping data for table `semesters`
--

INSERT INTO `semesters` (`semester_id`, `code`, `name`, `semester_year`, `start_date`, `end_date`) VALUES
(2, 'FA15', 'Fall 2015', 0, '2015-09-07', '2016-01-02'),
(3, '11111', '11', 0, '2015-08-02', '2015-08-21');

-- --------------------------------------------------------

--
-- Table structure for table `specialized`
--

DROP TABLE IF EXISTS `specialized`;
CREATE TABLE IF NOT EXISTS `specialized` (
`specialized_id` int(11) NOT NULL,
  `code` varchar(10) NOT NULL,
  `name` varchar(20) NOT NULL,
  `is_detail_specialized` tinyint(1) NOT NULL
) ENGINE=InnoDB AUTO_INCREMENT=9 DEFAULT CHARSET=latin1;

--
-- Dumping data for table `specialized`
--

INSERT INTO `specialized` (`specialized_id`, `code`, `name`, `is_detail_specialized`) VALUES
(1, 'SE', 'SE', 0),
(2, 'IS1', 'IS1', 1),
(3, 'IS2', 'IS2', 1),
(4, 'ES1', 'ES1', 1),
(5, 'ES2', 'ES2', 1),
(6, 'JS', 'JS', 1),
(7, 'IA', 'IA', 1),
(8, 'EC', 'EC', 1);

-- --------------------------------------------------------

--
-- Table structure for table `staff`
--

DROP TABLE IF EXISTS `staff`;
CREATE TABLE IF NOT EXISTS `staff` (
`staff_id` int(11) NOT NULL,
  `account` varchar(20) NOT NULL,
  `name` varchar(100) CHARACTER SET utf8 COLLATE utf8_vietnamese_ci NOT NULL,
  `email` varchar(50) NOT NULL
) ENGINE=InnoDB AUTO_INCREMENT=7 DEFAULT CHARSET=latin1;

--
-- Dumping data for table `staff`
--

INSERT INTO `staff` (`staff_id`, `account`, `name`, `email`) VALUES
(4, 'duchmse02551', 'Hoang Minh Duc', 'duchmse02551@fpt.edu.vn'),
(5, 'hansse02618', 'hansse02618', 'hansse02618@fpt.edu.vn'),
(6, 'CongLTSE02543', 'Lu Thnh Cng', 'congltse02543@fpt.edu.vn');

-- --------------------------------------------------------

--
-- Table structure for table `students`
--

DROP TABLE IF EXISTS `students`;
CREATE TABLE IF NOT EXISTS `students` (
`student_id` int(11) NOT NULL,
  `account` varchar(20) CHARACTER SET latin1 NOT NULL,
  `name` varchar(100) COLLATE utf8_vietnamese_ci NOT NULL,
  `email` varchar(50) CHARACTER SET latin1 NOT NULL,
  `student_code` varchar(10) CHARACTER SET latin1 NOT NULL,
  `specialized_id` int(11) NOT NULL,
  `detail_specialized_id` int(11) DEFAULT NULL,
  `batch` varchar(10) CHARACTER SET latin1 NOT NULL,
  `semester` int(11) NOT NULL,
  `class_semester_id` int(11) DEFAULT NULL
) ENGINE=InnoDB AUTO_INCREMENT=647 DEFAULT CHARSET=utf8 COLLATE=utf8_vietnamese_ci;

--
-- Dumping data for table `students`
--

INSERT INTO `students` (`student_id`, `account`, `name`, `email`, `student_code`, `specialized_id`, `detail_specialized_id`, `batch`, `semester`, `class_semester_id`) VALUES
(1, 'DinhNTSE04486', 'Nguyn Th Dinh', 'DinhNTSE04486@fpt.edu.vn', 'SE04486', 1, 1, 'NotSet', 3, NULL),
(2, 'HuynhDTSE03573', ' Thin Hunh', 'HuynhDTSE03573@fpt.edu.vn', 'SE03573', 1, 1, 'NotSet', 4, NULL),
(3, 'QuyNHSE03631', 'Nguyn Hng Qu', 'QuyNHSE03631@fpt.edu.vn', 'SE03631', 1, 1, 'NotSet', 4, NULL),
(4, 'TuanDASE03644', 'o Anh Tun', 'TuanDASE03644@fpt.edu.vn', 'SE03644', 1, 1, 'NotSet', 4, NULL),
(5, 'LuongNVSE03673', 'Nguyn Vn Lng', 'LuongNVSE03673@fpt.edu.vn', 'SE03673', 1, 1, 'NotSet', 3, NULL),
(6, 'DongNPSE03794', 'Nguyn Phng ng', 'DongNPSE03794@fpt.edu.vn', 'SE03794', 1, 1, 'NotSet', 4, NULL),
(7, 'TrungNDSE03802', 'Nguyn c Trung', 'TrungNDSE03802@fpt.edu.vn', 'SE03802', 1, 1, 'NotSet', 4, NULL),
(8, 'NamNPSE03883', 'Nguyn Phng Nam', 'NamNPSE03883@fpt.edu.vn', 'SE03883', 1, 1, 'NotSet', 4, NULL),
(9, 'AnhPBSE04073', 'Phm Bo Anh', 'AnhPBSE04073@fpt.edu.vn', 'SE04073', 1, 1, 'NotSet', 2, NULL),
(10, 'DangVHSE04121', 'V Hi ng', 'DangVHSE04121@fpt.edu.vn', 'SE04121', 1, 1, 'NotSet', 2, NULL),
(11, 'MungDVSE03914', 'on Vn Mng', 'MungDVSE03914@fpt.edu.vn', 'SE03914', 1, 1, 'NotSet', 3, NULL),
(12, 'DatLHSE03841', 'L Huy t', 'DatLHSE03841@fpt.edu.vn', 'SE03841', 1, 1, 'NotSet', 4, NULL),
(13, 'AnhCVTSE03893', 'Chu V Tng Anh', 'AnhCVTSE03893@fpt.edu.vn', 'SE03893', 1, 1, 'NotSet', 4, NULL),
(14, 'AnhNTSE03679', 'Ng Tun Anh', 'AnhNTSE03679@fpt.edu.vn', 'SE03679', 1, 1, 'NotSet', 3, NULL),
(15, 'SonHHSE03835', 'H Hng Sn', 'SonHHSE03835@fpt.edu.vn', 'SE03835', 1, 1, 'NotSet', 2, NULL),
(16, 'BaoNVSE03858', 'Nguyn Vn Bo', 'BaoNVSE03858@fpt.edu.vn', 'SE03858', 1, 1, 'NotSet', 2, NULL),
(17, 'HungTVSE03537', 'Trn Vn Hng', 'HungTVSE03537@fpt.edu.vn', 'SE03537', 1, 1, 'NotSet', 3, NULL),
(18, 'TungNDSE03588', 'Nguyn c Tng', 'TungNDSE03588@fpt.edu.vn', 'SE03588', 1, 1, 'NotSet', 2, NULL),
(19, 'CuongTVSE03663', 'Thn Vn Cng', 'CuongTVSE03663@fpt.edu.vn', 'SE03663', 1, 1, 'NotSet', 3, NULL),
(20, 'TuanLMSE03688', 'L Minh Tun', 'TuanLMSE03688@fpt.edu.vn', 'SE03688', 1, 1, 'NotSet', 3, NULL),
(21, 'HaiPVSE03698', 'Phm Vit Hi', 'HaiPVSE03698@fpt.edu.vn', 'SE03698', 1, 1, 'NotSet', 2, NULL),
(22, 'TuanHDSE03730', 'Hong ng Tun', 'TuanHDSE03730@fpt.edu.vn', 'SE03730', 1, 1, 'NotSet', 3, NULL),
(23, 'TrungVHSE03751', 'V Huy Trung', 'TrungVHSE03751@fpt.edu.vn', 'SE03751', 1, 1, 'NotSet', 3, NULL),
(24, 'TrongDTSE03761', 'ng Tun Trng', 'TrongDTSE03761@fpt.edu.vn', 'SE03761', 1, 1, 'NotSet', 2, NULL),
(25, 'DungNDSE03796', 'Nguyn nh Dng', 'DungNDSE03796@fpt.edu.vn', 'SE03796', 1, 1, 'NotSet', 2, NULL),
(26, 'ThanhPTSE03828', 'Phm Trng Thnh', 'ThanhPTSE03828@fpt.edu.vn', 'SE03828', 1, 1, 'NotSet', 3, NULL),
(27, 'AnhLVSE03908', 'L Vit Anh', 'AnhLVSE03908@fpt.edu.vn', 'SE03908', 1, 1, 'NotSet', 3, NULL),
(28, 'HungNTSE03913', 'Nguyn Th Hng', 'HungNTSE03913@fpt.edu.vn', 'SE03913', 1, 1, 'NotSet', 2, NULL),
(29, 'TungNTSE03924', 'Nguyn Thanh Tng', 'TungNTSE03924@fpt.edu.vn', 'SE03924', 1, 1, 'NotSet', 3, NULL),
(30, 'TuyenPKSE03937', 'Phm Kim Tuyn', 'TuyenPKSE03937@fpt.edu.vn', 'SE03937', 1, 1, 'NotSet', 3, NULL),
(31, 'KhoaTDSE03372', 'Trn ng Khoa', 'KhoaTDSE03372@fpt.edu.vn', 'SE03372', 1, 1, 'NotSet', 3, NULL),
(32, 'HieuTTSE03468', 'Trn Trung Hiu', 'HieuTTSE03468@fpt.edu.vn', 'SE03468', 1, 1, 'NotSet', 3, NULL),
(33, 'AnhNCSE03485', 'Nguyn Cng Anh', 'AnhNCSE03485@fpt.edu.vn', 'SE03485', 1, 1, 'NotSet', 3, NULL),
(34, 'TuanTASE03554', 'Trn Anh Tun', 'TuanTASE03554@fpt.edu.vn', 'SE03554', 1, 1, 'NotSet', 3, NULL),
(35, 'HiepNHSE03561', 'Nguyn Hu Hip', 'HiepNHSE03561@fpt.edu.vn', 'SE03561', 1, 1, 'NotSet', 3, NULL),
(36, 'TrungNHSE03608', 'Nguyn Hong Trung', 'TrungNHSE03608@fpt.edu.vn', 'SE03608', 1, 1, 'NotSet', 3, NULL),
(37, 'HoaNKSE03609', 'Nguyn Khnh Ha', 'HoaNKSE03609@fpt.edu.vn', 'SE03609', 1, 1, 'NotSet', 3, NULL),
(38, 'TruongNXSE03627', 'Nguyn Xun Trng', 'TruongNXSE03627@fpt.edu.vn', 'SE03627', 1, 1, 'NotSet', 3, NULL),
(39, 'KhanhCVSE03642', 'Chu Vn Khnh', 'KhanhCVSE03642@fpt.edu.vn', 'SE03642', 1, 1, 'NotSet', 3, NULL),
(40, 'DungPTSE03655', 'Phm Tun Dng', 'DungPTSE03655@fpt.edu.vn', 'SE03655', 1, 1, 'NotSet', 3, NULL),
(41, 'HoangTVSE03656', 'Trn Vit Hong', 'HoangTVSE03656@fpt.edu.vn', 'SE03656', 1, 1, 'NotSet', 3, NULL),
(42, 'AnhVNSE03674', 'Vn Ngc nh', 'AnhVNSE03674@fpt.edu.vn', 'SE03674', 1, 1, 'NotSet', 3, NULL),
(43, 'BangNVSE03684', 'Nguyn Vn Bng', 'BangNVSE03684@fpt.edu.vn', 'SE03684', 1, 1, 'NotSet', 3, NULL),
(44, 'DuongHTNSE03716', 'Hong Trn Nht Dng', 'DuongHTNSE03716@fpt.edu.vn', 'SE03716', 1, 1, 'NotSet', 3, NULL),
(45, 'DucHASE03729', 'H Anh c', 'DucHASE03729@fpt.edu.vn', 'SE03729', 1, 1, 'NotSet', 3, NULL),
(46, 'HiepDHSE03731', 'ng Hong Hip', 'HiepDHSE03731@fpt.edu.vn', 'SE03731', 1, 1, 'NotSet', 3, NULL),
(47, 'AnhVMSE03758', 'V Minh nh', 'AnhVMSE03758@fpt.edu.vn', 'SE03758', 1, 1, 'NotSet', 3, NULL),
(48, 'AnhNVSE03759', 'Nguyn Vit Anh', 'AnhNVSE03759@fpt.edu.vn', 'SE03759', 1, 1, 'NotSet', 3, NULL),
(49, 'HaiNNSE03772', 'Nguyn Ngc Hi', 'HaiNNSE03772@fpt.edu.vn', 'SE03772', 1, 1, 'NotSet', 3, NULL),
(50, 'QuangNHSE03792', 'Nguyn Huy Quang', 'QuangNHSE03792@fpt.edu.vn', 'SE03792', 1, 1, 'NotSet', 2, NULL),
(51, 'HoanLTSE03813', 'L Trn Hon', 'HoanLTSE03813@fpt.edu.vn', 'SE03813', 1, 1, 'NotSet', 3, NULL),
(52, 'TruongTVSE03815', 'Trn Vn Trng', 'TruongTVSE03815@fpt.edu.vn', 'SE03815', 1, 1, 'NotSet', 3, NULL),
(53, 'AnhNNTSE03823', 'Nguyn Ngc Tun Anh', 'AnhNNTSE03823@fpt.edu.vn', 'SE03823', 1, 1, 'NotSet', 2, NULL),
(54, 'TuanLASE03831', 'L Anh Tun', 'TuanLASE03831@fpt.edu.vn', 'SE03831', 1, 1, 'NotSet', 3, NULL),
(55, 'NamLASE03836', 'L Anh Nam', 'NamLASE03836@fpt.edu.vn', 'SE03836', 1, 1, 'NotSet', 3, NULL),
(56, 'SonPBSE03907', 'Phan Bo Sn', 'SonPBSE03907@fpt.edu.vn', 'SE03907', 1, 1, 'NotSet', 3, NULL),
(57, 'ThaiHTSE03926', 'Hong Tun Thi', 'ThaiHTSE03926@fpt.edu.vn', 'SE03926', 1, 1, 'NotSet', 3, NULL),
(58, 'VinhNVSE03927', 'Nguyn Vn Vinh', 'VinhNVSE03927@fpt.edu.vn', 'SE03927', 1, 1, 'NotSet', 3, NULL),
(59, 'CongLDSE03929', 'L Duy Cng', 'CongLDSE03929@fpt.edu.vn', 'SE03929', 1, 1, 'NotSet', 3, NULL),
(60, 'HanhNTSE03934', 'Nguyn Th Hnh', 'HanhNTSE03934@fpt.edu.vn', 'SE03934', 1, 1, 'NotSet', 3, NULL),
(61, 'TinhNXSE03935', 'Nguyn Xun Tnh', 'TinhNXSE03935@fpt.edu.vn', 'SE03935', 1, 1, 'NotSet', 3, NULL),
(62, 'AnhDTSE03942', ' Tun Anh', 'AnhDTSE03942@fpt.edu.vn', 'SE03942', 1, 1, 'NotSet', 3, NULL),
(63, 'TungVKSE02372', 'V Khnh Tng', 'TungVKSE02372@fpt.edu.vn', 'SE02372', 1, 1, 'NotSet', 2, NULL),
(64, 'TinNVSE03660', 'Nguyn Vn Tn', 'TinNVSE03660@fpt.edu.vn', 'SE03660', 1, 1, 'NotSet', 3, NULL),
(65, 'QuanTDSE03667', 'Trn ng Qun', 'QuanTDSE03667@fpt.edu.vn', 'SE03667', 1, 1, 'NotSet', 2, NULL),
(66, 'NgocNVSE03390', 'Nguyn Vn Ngc', 'NgocNVSE03390@fpt.edu.vn', 'SE03390', 1, 1, 'NotSet', 3, NULL),
(67, 'TungNDSE03526', 'Nguyn c Tng', 'TungNDSE03526@fpt.edu.vn', 'SE03526', 1, 1, 'NotSet', 3, NULL),
(68, 'LucDVSE03546', 'inh Vn Lc', 'LucDVSE03546@fpt.edu.vn', 'SE03546', 1, 1, 'NotSet', 3, NULL),
(69, 'ThinhNTSE03548', 'Nguyn Tin Thnh', 'ThinhNTSE03548@fpt.edu.vn', 'SE03548', 1, 1, 'NotSet', 3, NULL),
(70, 'LinhNTSE03586', 'Nguyn Th Linh', 'LinhNTSE03586@fpt.edu.vn', 'SE03586', 1, 1, 'NotSet', 3, NULL),
(71, 'ManhDKSE03686', 'o Khc Mnh', 'ManhDKSE03686@fpt.edu.vn', 'SE03686', 1, 1, 'NotSet', 3, NULL),
(72, 'HinhNXSE03687', 'Nguyn Xun Hinh', 'HinhNXSE03687@fpt.edu.vn', 'SE03687', 1, 1, 'NotSet', 3, NULL),
(73, 'GiangNTSE03695', 'Nguyn Trng Giang', 'GiangNTSE03695@fpt.edu.vn', 'SE03695', 1, 1, 'NotSet', 3, NULL),
(74, 'QuanTHSE03733', 'Trn Hng Qun', 'QuanTHSE03733@fpt.edu.vn', 'SE03733', 1, 1, 'NotSet', 3, NULL),
(75, 'NamPTSE04116', 'Phan Thnh Nam', 'NamPTSE04116@fpt.edu.vn', 'SE04116', 1, 1, 'NotSet', 2, NULL),
(76, 'PhuongNMSE04196', 'Nguyn Minh Phng', 'PhuongNMSE04196@fpt.edu.vn', 'SE04196', 1, 1, 'NotSet', 3, NULL),
(77, 'HaDNSE04048', 'ng Nht H', 'HaDNSE04048@fpt.edu.vn', 'SE04048', 1, 1, 'NotSet', 3, NULL),
(78, 'MinhNTSE04083', 'Ng Th Minh', 'MinhNTSE04083@fpt.edu.vn', 'SE04083', 1, 1, 'NotSet', 3, NULL),
(79, 'TuanTASE04118', 'Trn Anh Tun', 'TuanTASE04118@fpt.edu.vn', 'SE04118', 1, 1, 'NotSet', 3, NULL),
(80, 'DungLHSE04230', 'L Hong Dng', 'DungLHSE04230@fpt.edu.vn', 'SE04230', 1, 1, 'NotSet', 3, NULL),
(81, 'TungVDSE04074', 'V c Tng', 'TungVDSE04074@fpt.edu.vn', 'SE04074', 1, 1, 'NotSet', 3, NULL),
(82, 'TrungBDSE04114', 'Bi c Trung', 'TrungBDSE04114@fpt.edu.vn', 'SE04114', 1, 1, 'NotSet', 3, NULL),
(83, 'ManhNTSE04004', 'Nguyn Tin Mnh', 'ManhNTSE04004@fpt.edu.vn', 'SE04004', 1, 1, 'NotSet', 3, NULL),
(84, 'TuTHSE04063', 'Trn Hu T', 'TuTHSE04063@fpt.edu.vn', 'SE04063', 1, 1, 'NotSet', 3, NULL),
(85, 'ManhHDSE04394', 'Hong c Mnh', 'ManhHDSE04394@fpt.edu.vn', 'SE04394', 1, 1, 'NotSet', 3, NULL),
(86, 'HoangVVSE04088', 'Vng Vit Hong', 'HoangVVSE04088@fpt.edu.vn', 'SE04088', 1, 1, 'NotSet', 3, NULL),
(87, 'CuongNTSE03238', 'Nguyn Thnh Cng', 'CuongNTSE03238@fpt.edu.vn', 'SE03238', 1, 1, 'NotSet', 4, NULL),
(88, 'NguyenTCSE03248', 'Trn Cng Nguyn', 'NguyenTCSE03248@fpt.edu.vn', 'SE03248', 1, 1, 'NotSet', 4, NULL),
(89, 'DungPASE03281', 'Phng Anh Dng', 'DungPASE03281@fpt.edu.vn', 'SE03281', 1, 1, 'NotSet', 3, NULL),
(90, 'LongNHSE03299', 'Nguyn Hong Long', 'LongNHSE03299@fpt.edu.vn', 'SE03299', 1, 1, 'NotSet', 4, NULL),
(91, 'LamNTSE03307', 'Nguyn Tng Lm', 'LamNTSE03307@fpt.edu.vn', 'SE03307', 1, 1, 'NotSet', 2, NULL),
(92, 'HoangLNSE03385', 'L Nht Hong', 'HoangLNSE03385@fpt.edu.vn', 'SE03385', 1, 1, 'NotSet', 4, NULL),
(93, 'LinhNTLSE04216', 'Nguyn Th L Linh', 'LinhNTLSE04216@fpt.edu.vn', 'SE04216', 1, 1, 'NotSet', 4, NULL),
(94, 'AnhLTSE03448', 'L Tun Anh', 'AnhLTSE03448@fpt.edu.vn', 'SE03448', 1, 1, 'NotSet', 4, NULL),
(95, 'HoangNMSE03455', 'Nguyn Minh Hong', 'HoangNMSE03455@fpt.edu.vn', 'SE03455', 1, 1, 'NotSet', 4, NULL),
(96, 'VietDXSE03456', ' Xun Vit', 'VietDXSE03456@fpt.edu.vn', 'SE03456', 1, 1, 'NotSet', 4, NULL),
(97, 'QuangHDSE03459', 'Hong nh Quang', 'QuangHDSE03459@fpt.edu.vn', 'SE03459', 1, 1, 'NotSet', 4, NULL),
(98, 'PhuongNTMSE03461', 'Nguyn Th Mai Phng', 'PhuongNTMSE03461@fpt.edu.vn', 'SE03461', 1, 1, 'NotSet', 4, NULL),
(99, 'HiepBHSE03463', 'Bi Hong Hip', 'HiepBHSE03463@fpt.edu.vn', 'SE03463', 1, 1, 'NotSet', 4, NULL),
(100, 'BachVNSE03480', 'V Ngc Bch', 'BachVNSE03480@fpt.edu.vn', 'SE03480', 1, 1, 'NotSet', 4, NULL),
(101, 'AnhPTSE03482', 'Phm Tun Anh', 'AnhPTSE03482@fpt.edu.vn', 'SE03482', 1, 1, 'NotSet', 4, NULL),
(102, 'ChinhNDSE03483', 'Nguyn c Chnh', 'ChinhNDSE03483@fpt.edu.vn', 'SE03483', 1, 1, 'NotSet', 4, NULL),
(103, 'HaNXSE03484', 'Nguyn Xun H', 'HaNXSE03484@fpt.edu.vn', 'SE03484', 1, 1, 'NotSet', 4, NULL),
(104, 'ThanhNVSE03492', 'Nguyn Vn Thnh', 'ThanhNVSE03492@fpt.edu.vn', 'SE03492', 1, 1, 'NotSet', 4, NULL),
(105, 'DongNASE03494', 'Nguyn  ng', 'DongNASE03494@fpt.edu.vn', 'SE03494', 1, 1, 'NotSet', 4, NULL),
(106, 'TungNHHSE03498', 'Nguyn Hu Hong Tng', 'TungNHHSE03498@fpt.edu.vn', 'SE03498', 1, 1, 'NotSet', 4, NULL),
(107, 'DatNTSE03522', 'Ng Tin t', 'DatNTSE03522@fpt.edu.vn', 'SE03522', 1, 1, 'NotSet', 4, NULL),
(108, 'ThangLDSE03529', 'Lm c Thng', 'ThangLDSE03529@fpt.edu.vn', 'SE03529', 1, 1, 'NotSet', 4, NULL),
(109, 'ManhDDSE03539', 'ng c Mnh', 'ManhDDSE03539@fpt.edu.vn', 'SE03539', 1, 1, 'NotSet', 4, NULL),
(110, 'HoangVSE03540', 'V Hong', 'HoangVSE03540@fpt.edu.vn', 'SE03540', 1, 1, 'NotSet', 4, NULL),
(111, 'ThuongNTHSE03542', 'Nng Th Hoi Thng', 'ThuongNTHSE03542@fpt.edu.vn', 'SE03542', 1, 1, 'NotSet', 4, NULL),
(112, 'TruongDBSE03543', 'Dng B Trng', 'TruongDBSE03543@fpt.edu.vn', 'SE03543', 1, 1, 'NotSet', 4, NULL),
(113, 'TuNTSE03545', 'Nguyn Tun T', 'TuNTSE03545@fpt.edu.vn', 'SE03545', 1, 1, 'NotSet', 3, NULL),
(114, 'PhatNHSE03551', 'Nguyn Huy Pht', 'PhatNHSE03551@fpt.edu.vn', 'SE03551', 1, 1, 'NotSet', 4, NULL),
(115, 'LongPTSE03552', 'Phm Tin Long', 'LongPTSE03552@fpt.edu.vn', 'SE03552', 1, 1, 'NotSet', 4, NULL),
(116, 'SonLASE03553', 'L Anh Sn', 'SonLASE03553@fpt.edu.vn', 'SE03553', 1, 1, 'NotSet', 4, NULL),
(117, 'DaiTQSE03557', 'Trnh Quang i', 'DaiTQSE03557@fpt.edu.vn', 'SE03557', 1, 1, 'NotSet', 4, NULL),
(118, 'AnhTTSE03560', 'Trng Tun Anh', 'AnhTTSE03560@fpt.edu.vn', 'SE03560', 1, 1, 'NotSet', 4, NULL),
(119, 'SonDCSE03564', 'ng Cng Sn', 'SonDCSE03564@fpt.edu.vn', 'SE03564', 1, 1, 'NotSet', 4, NULL),
(120, 'DucNTSE03565', 'Nguyn Trung c', 'DucNTSE03565@fpt.edu.vn', 'SE03565', 1, 1, 'NotSet', 4, NULL),
(121, 'TuanNASE03567', 'Nguyn Anh Tun', 'TuanNASE03567@fpt.edu.vn', 'SE03567', 1, 1, 'NotSet', 4, NULL),
(122, 'ThuongTXSE03568', 'Trn Xun Thng', 'ThuongTXSE03568@fpt.edu.vn', 'SE03568', 1, 1, 'NotSet', 2, NULL),
(123, 'LinhDQSE03570', 'o Quang Linh', 'LinhDQSE03570@fpt.edu.vn', 'SE03570', 1, 1, 'NotSet', 4, NULL),
(124, 'HoangNASE03574', 'Nguyn Anh Hong', 'HoangNASE03574@fpt.edu.vn', 'SE03574', 1, 1, 'NotSet', 4, NULL),
(125, 'QuanTMSE03575', 'Trn Mnh Qun', 'QuanTMSE03575@fpt.edu.vn', 'SE03575', 1, 1, 'NotSet', 4, NULL),
(126, 'VinhKMSE03576', 'Khut Mnh Vinh', 'VinhKMSE03576@fpt.edu.vn', 'SE03576', 1, 1, 'NotSet', 4, NULL),
(127, 'HungNVSE03577', 'Nguyn Vit Hng', 'HungNVSE03577@fpt.edu.vn', 'SE03577', 1, 1, 'NotSet', 4, NULL),
(128, 'AnhNPSE03583', 'Nguyn Phan Anh', 'AnhNPSE03583@fpt.edu.vn', 'SE03583', 1, 1, 'NotSet', 4, NULL),
(129, 'QuanTMSE03585', 'T Minh Qun', 'QuanTMSE03585@fpt.edu.vn', 'SE03585', 1, 1, 'NotSet', 4, NULL),
(130, 'TriBMSE03590', 'Bi Mnh Tr', 'TriBMSE03590@fpt.edu.vn', 'SE03590', 1, 1, 'NotSet', 4, NULL),
(131, 'TamNASE03594', 'Nguyn Anh Tm', 'TamNASE03594@fpt.edu.vn', 'SE03594', 1, 1, 'NotSet', 4, NULL),
(132, 'NamNVSE03599', 'Nguyn Vit Nam', 'NamNVSE03599@fpt.edu.vn', 'SE03599', 1, 1, 'NotSet', 4, NULL),
(133, 'ThangTCSE03602', 'Trn Cng Thng', 'ThangTCSE03602@fpt.edu.vn', 'SE03602', 1, 1, 'NotSet', 3, NULL),
(134, 'AnhGTSE03603', 'Giang Tun Anh', 'AnhGTSE03603@fpt.edu.vn', 'SE03603', 1, 1, 'NotSet', 4, NULL),
(135, 'AnhPTSE03615', 'Phm Tun Anh', 'AnhPTSE03615@fpt.edu.vn', 'SE03615', 1, 1, 'NotSet', 4, NULL),
(136, 'KhangPQSE03624', 'Phm Quang Khang', 'KhangPQSE03624@fpt.edu.vn', 'SE03624', 1, 1, 'NotSet', 4, NULL),
(137, 'HungDXSE03628', 'o Xun Hng', 'HungDXSE03628@fpt.edu.vn', 'SE03628', 1, 1, 'NotSet', 4, NULL),
(138, 'VietPQSE03630', 'Phm Quc Vit', 'VietPQSE03630@fpt.edu.vn', 'SE03630', 1, 1, 'NotSet', 4, NULL),
(139, 'DucNTSE03632', 'Nguyn Trung c', 'DucNTSE03632@fpt.edu.vn', 'SE03632', 1, 1, 'NotSet', 4, NULL),
(140, 'TuanNSSE03635', 'Nguyn S Tun', 'TuanNSSE03635@fpt.edu.vn', 'SE03635', 1, 1, 'NotSet', 4, NULL),
(141, 'TungNTSE03636', 'Nguyn Thanh Tng', 'TungNTSE03636@fpt.edu.vn', 'SE03636', 1, 1, 'NotSet', 4, NULL),
(142, 'HocNNSE03646', 'Nguyn Nh Hc', 'HocNNSE03646@fpt.edu.vn', 'SE03646', 1, 1, 'NotSet', 2, NULL),
(143, 'KienHTSE03661', 'Hong Trung Kin', 'KienHTSE03661@fpt.edu.vn', 'SE03661', 1, 1, 'NotSet', 4, NULL),
(144, 'CuongNMSE03666', 'Nguyn Mnh Cng', 'CuongNMSE03666@fpt.edu.vn', 'SE03666', 1, 1, 'NotSet', 4, NULL),
(145, 'VuNSSE03669', 'Nguyn Sn V', 'VuNSSE03669@fpt.edu.vn', 'SE03669', 1, 1, 'NotSet', 4, NULL),
(146, 'ThaiNGDSE03670', 'Nguyn Gia Duy Thi', 'ThaiNGDSE03670@fpt.edu.vn', 'SE03670', 1, 1, 'NotSet', 4, NULL),
(147, 'HungTNSE03671', 'Trn Ngc Hng', 'HungTNSE03671@fpt.edu.vn', 'SE03671', 1, 1, 'NotSet', 4, NULL),
(148, 'ToanCVSE03675', 'Chu Vn Ton', 'ToanCVSE03675@fpt.edu.vn', 'SE03675', 1, 1, 'NotSet', 4, NULL),
(149, 'QuangTMSE03677', 'Trn Minh Quang', 'QuangTMSE03677@fpt.edu.vn', 'SE03677', 1, 1, 'NotSet', 4, NULL),
(150, 'GiangNDSE03680', 'Nguyn c Giang', 'GiangNDSE03680@fpt.edu.vn', 'SE03680', 1, 1, 'NotSet', 4, NULL),
(151, 'CongNCSE03681', 'Nguyn Ch Cng', 'CongNCSE03681@fpt.edu.vn', 'SE03681', 1, 1, 'NotSet', 3, NULL),
(152, 'DatBTSE03683', 'Bi Tt t', 'DatBTSE03683@fpt.edu.vn', 'SE03683', 1, 1, 'NotSet', 4, NULL),
(153, 'LongNHSE03685', 'Nguyn Hong Long', 'LongNHSE03685@fpt.edu.vn', 'SE03685', 1, 1, 'NotSet', 4, NULL),
(154, 'PhongNHSE03697', 'Nguyn Huy Phong', 'PhongNHSE03697@fpt.edu.vn', 'SE03697', 1, 1, 'NotSet', 4, NULL),
(155, 'BachNKXSE03699', 'Nguyn Khc Xun Bch', 'BachNKXSE03699@fpt.edu.vn', 'SE03699', 1, 1, 'NotSet', 4, NULL),
(156, 'DucLTSE03700', 'Lu Trung c', 'DucLTSE03700@fpt.edu.vn', 'SE03700', 1, 1, 'NotSet', 4, NULL),
(157, 'AnhNNTSE03702', 'Nguyn Nghim Tun Anh', 'AnhNNTSE03702@fpt.edu.vn', 'SE03702', 1, 1, 'NotSet', 4, NULL),
(158, 'LongMHSE03705', 'Mai Hong Long', 'LongMHSE03705@fpt.edu.vn', 'SE03705', 1, 1, 'NotSet', 4, NULL),
(159, 'HuyTQSE03706', 'T Quang Huy', 'HuyTQSE03706@fpt.edu.vn', 'SE03706', 1, 1, 'NotSet', 4, NULL),
(160, 'HaVKSE03708', 'Vng Khi H', 'HaVKSE03708@fpt.edu.vn', 'SE03708', 1, 1, 'NotSet', 4, NULL),
(161, 'PhuongHASE03715', 'Hong Anh Phng', 'PhuongHASE03715@fpt.edu.vn', 'SE03715', 1, 1, 'NotSet', 4, NULL),
(162, 'TuanHMSE03722', 'H Minh Tun', 'TuanHMSE03722@fpt.edu.vn', 'SE03722', 1, 1, 'NotSet', 4, NULL),
(163, 'QuanLHSE03726', 'L Hng Qun', 'QuanLHSE03726@fpt.edu.vn', 'SE03726', 1, 1, 'NotSet', 4, NULL),
(164, 'QuanNHSE03727', 'Nguyn Hu Qun', 'QuanNHSE03727@fpt.edu.vn', 'SE03727', 1, 1, 'NotSet', 3, NULL),
(165, 'DatNTSE03734', 'Nguyn Thnh t', 'DatNTSE03734@fpt.edu.vn', 'SE03734', 1, 1, 'NotSet', 4, NULL),
(166, 'KienNTSE03736', 'Ng Trung Kin', 'KienNTSE03736@fpt.edu.vn', 'SE03736', 1, 1, 'NotSet', 4, NULL),
(167, 'TuanCASE03737', 'Cao Anh Tun', 'TuanCASE03737@fpt.edu.vn', 'SE03737', 1, 1, 'NotSet', 4, NULL),
(168, 'HieuDVSE03739', 'on Vn Hiu', 'HieuDVSE03739@fpt.edu.vn', 'SE03739', 1, 1, 'NotSet', 4, NULL),
(169, 'MinhVHSE03742', 'V Hong Minh', 'MinhVHSE03742@fpt.edu.vn', 'SE03742', 1, 1, 'NotSet', 4, NULL),
(170, 'TungNTSE03745', 'Nguyn Tun Tng', 'TungNTSE03745@fpt.edu.vn', 'SE03745', 1, 1, 'NotSet', 4, NULL),
(171, 'ThanhNNSE03750', 'Nguyn Ngc Thanh', 'ThanhNNSE03750@fpt.edu.vn', 'SE03750', 1, 1, 'NotSet', 3, NULL),
(172, 'KhoaPDSE03752', 'Phm c Khoa', 'KhoaPDSE03752@fpt.edu.vn', 'SE03752', 1, 1, 'NotSet', 4, NULL),
(173, 'AnhLTSE03760', 'L Tun Anh', 'AnhLTSE03760@fpt.edu.vn', 'SE03760', 1, 1, 'NotSet', 4, NULL),
(174, 'PhuongPTMSE03773', 'Phm Th Minh Phng', 'PhuongPTMSE03773@fpt.edu.vn', 'SE03773', 1, 1, 'NotSet', 4, NULL),
(175, 'SonDHSE03775', ' Hng Sn', 'SonDHSE03775@fpt.edu.vn', 'SE03775', 1, 1, 'NotSet', 4, NULL),
(176, 'QuangNDSE03776', 'Nguyn ng Quang', 'QuangNDSE03776@fpt.edu.vn', 'SE03776', 1, 1, 'NotSet', 4, NULL),
(177, 'DatDHSE03781', 'o Huy t', 'DatDHSE03781@fpt.edu.vn', 'SE03781', 1, 1, 'NotSet', 4, NULL),
(178, 'ThanhNCSE03786', 'Nguyn Cng Thnh', 'ThanhNCSE03786@fpt.edu.vn', 'SE03786', 1, 1, 'NotSet', 4, NULL),
(179, 'PhucLASE03793', 'L Anh Phc', 'PhucLASE03793@fpt.edu.vn', 'SE03793', 1, 1, 'NotSet', 4, NULL),
(180, 'LinhTNSE03795', 'Trn Nht Linh', 'LinhTNSE03795@fpt.edu.vn', 'SE03795', 1, 1, 'NotSet', 4, NULL),
(181, 'LongNBSE03804', 'Nguyn Bo Long', 'LongNBSE03804@fpt.edu.vn', 'SE03804', 1, 1, 'NotSet', 4, NULL),
(182, 'CongHPASE03806', 'H Phan Anh Cng', 'CongHPASE03806@fpt.edu.vn', 'SE03806', 1, 1, 'NotSet', 4, NULL),
(183, 'HieuNMSE03810', 'Nguyn Minh Hiu', 'HieuNMSE03810@fpt.edu.vn', 'SE03810', 1, 1, 'NotSet', 4, NULL),
(184, 'TrinhDNSE03817', ' Ngc Trnh', 'TrinhDNSE03817@fpt.edu.vn', 'SE03817', 1, 1, 'NotSet', 4, NULL),
(185, 'LoiTDSE03822', 'Trn ng Li', 'LoiTDSE03822@fpt.edu.vn', 'SE03822', 1, 1, 'NotSet', 4, NULL),
(186, 'DoPKSE03824', 'Phm Khc ', 'DoPKSE03824@fpt.edu.vn', 'SE03824', 1, 1, 'NotSet', 4, NULL),
(187, 'CuongNCSE03825', 'Nguyn Ch Cng', 'CuongNCSE03825@fpt.edu.vn', 'SE03825', 1, 1, 'NotSet', 4, NULL),
(188, 'AnhNDSE03826', 'Nguyn Duy Anh', 'AnhNDSE03826@fpt.edu.vn', 'SE03826', 1, 1, 'NotSet', 3, NULL),
(189, 'QuanNHSE03830', 'Ng Hu Qun', 'QuanNHSE03830@fpt.edu.vn', 'SE03830', 1, 1, 'NotSet', 4, NULL),
(190, 'PhuocVVSE03837', 'V Vn Phc', 'PhuocVVSE03837@fpt.edu.vn', 'SE03837', 1, 1, 'NotSet', 4, NULL),
(191, 'ManhHTSE03844', 'Hong Th Mnh', 'ManhHTSE03844@fpt.edu.vn', 'SE03844', 1, 1, 'NotSet', 4, NULL),
(192, 'LamVTSE03846', 'V Th Lm', 'LamVTSE03846@fpt.edu.vn', 'SE03846', 1, 1, 'NotSet', 4, NULL),
(193, 'VuongTVSE03854', 'Trn Vit Vng', 'VuongTVSE03854@fpt.edu.vn', 'SE03854', 1, 1, 'NotSet', 4, NULL),
(194, 'HieuPVDSE03855', 'Phan V nh Hiu', 'HieuPVDSE03855@fpt.edu.vn', 'SE03855', 1, 1, 'NotSet', 4, NULL),
(195, 'HaoHQSE03856', 'H Quang Ho', 'HaoHQSE03856@fpt.edu.vn', 'SE03856', 1, 1, 'NotSet', 4, NULL),
(196, 'HungPPSE03862', 'Phm Phi Hng', 'HungPPSE03862@fpt.edu.vn', 'SE03862', 1, 1, 'NotSet', 4, NULL),
(197, 'TuyenLASE03863', 'L Anh Tuyn', 'TuyenLASE03863@fpt.edu.vn', 'SE03863', 1, 1, 'NotSet', 4, NULL),
(198, 'HieuNMSE03870', 'Nguyn Mnh Hiu', 'HieuNMSE03870@fpt.edu.vn', 'SE03870', 1, 1, 'NotSet', 4, NULL),
(199, 'TuanTQSE03873', 'Trn Quc Tun', 'TuanTQSE03873@fpt.edu.vn', 'SE03873', 1, 1, 'NotSet', 4, NULL),
(200, 'DatBVSE03875', 'Bi Vinh t', 'DatBVSE03875@fpt.edu.vn', 'SE03875', 1, 1, 'NotSet', 4, NULL),
(201, 'TrungVTSE03880', 'V Tr Trung', 'TrungVTSE03880@fpt.edu.vn', 'SE03880', 1, 1, 'NotSet', 4, NULL),
(202, 'HaNTTSE03882', 'Nguyn Th Thu H', 'HaNTTSE03882@fpt.edu.vn', 'SE03882', 1, 1, 'NotSet', 4, NULL),
(203, 'QuangVNSE03887', 'V Ngc Quang', 'QuangVNSE03887@fpt.edu.vn', 'SE03887', 1, 1, 'NotSet', 4, NULL),
(204, 'ChuongHVSE03891', 'Hong Vn Chng', 'ChuongHVSE03891@fpt.edu.vn', 'SE03891', 1, 1, 'NotSet', 4, NULL),
(205, 'TrungNQSE03897', 'Nguyn Quang Trung', 'TrungNQSE03897@fpt.edu.vn', 'SE03897', 1, 1, 'NotSet', 4, NULL),
(206, 'LinhVVSE03899', 'V Vn Linh', 'LinhVVSE03899@fpt.edu.vn', 'SE03899', 1, 1, 'NotSet', 4, NULL),
(207, 'LucNVSE03901', 'Nguyn Vn Lc', 'LucNVSE03901@fpt.edu.vn', 'SE03901', 1, 1, 'NotSet', 4, NULL),
(208, 'TungTTSE03909', 'Trn Thanh Tng', 'TungTTSE03909@fpt.edu.vn', 'SE03909', 1, 1, 'NotSet', 4, NULL),
(209, 'HoangVTSE03931', 'V Trn Hong', 'HoangVTSE03931@fpt.edu.vn', 'SE03931', 1, 1, 'NotSet', 4, NULL),
(210, 'KhoiDHSE03944', ' Hng Khi', 'KhoiDHSE03944@fpt.edu.vn', 'SE03944', 1, 1, 'NotSet', 4, NULL),
(211, 'SangTMSE03273', 'Trn Minh Sng', 'SangTMSE03273@fpt.edu.vn', 'SE03273', 1, 1, 'NotSet', 4, NULL),
(212, 'ThanhNHSE03110', 'Ng Hu Thnh', 'ThanhNHSE03110@fpt.edu.vn', 'SE03110', 1, 1, 'NotSet', 4, NULL),
(213, 'DuyLNSE03114', 'L Ngc Duy', 'DuyLNSE03114@fpt.edu.vn', 'SE03114', 1, 1, 'NotSet', 5, NULL),
(214, 'NhatLTSE03124', 'Li Th Nht', 'NhatLTSE03124@fpt.edu.vn', 'SE03124', 1, 1, 'NotSet', 4, NULL),
(215, 'TruongVNSE03130', 'V Ngc Trng', 'TruongVNSE03130@fpt.edu.vn', 'SE03130', 1, 1, 'NotSet', 5, NULL),
(216, 'TuanNTSE03136', 'Nguyn Ti Tun', 'TuanNTSE03136@fpt.edu.vn', 'SE03136', 1, 1, 'NotSet', 5, NULL),
(217, 'ThaiNHSE03151', 'Nguyn Hu Thi', 'ThaiNHSE03151@fpt.edu.vn', 'SE03151', 1, 1, 'NotSet', 5, NULL),
(218, 'TienNVSE03185', 'Nguyn Vn Tin', 'TienNVSE03185@fpt.edu.vn', 'SE03185', 1, 1, 'NotSet', 5, NULL),
(219, 'PhongDCSE03196', ' Cao Phong', 'PhongDCSE03196@fpt.edu.vn', 'SE03196', 1, 1, 'NotSet', 5, NULL),
(220, 'HoangLGSE03200', 'L Gia Hong', 'HoangLGSE03200@fpt.edu.vn', 'SE03200', 1, 1, 'NotSet', 5, NULL),
(221, 'MinhTDSE03276', 'Trn c Minh', 'MinhTDSE03276@fpt.edu.vn', 'SE03276', 1, 1, 'NotSet', 5, NULL),
(222, 'DuongLVSE03290', 'L Vn Dng', 'DuongLVSE03290@fpt.edu.vn', 'SE03290', 1, 1, 'NotSet', 5, NULL),
(223, 'BachLVSE03304', 'La Vn Bch', 'BachLVSE03304@fpt.edu.vn', 'SE03304', 1, 1, 'NotSet', 5, NULL),
(224, 'TruongTHSE03310', 'Trn Hn Trng', 'TruongTHSE03310@fpt.edu.vn', 'SE03310', 1, 1, 'NotSet', 5, NULL),
(225, 'AnhLQDSE03347', 'L Qu c Anh', 'AnhLQDSE03347@fpt.edu.vn', 'SE03347', 1, 1, 'NotSet', 5, NULL),
(226, 'HuongLXSE03388', 'L Xun Hng', 'HuongLXSE03388@fpt.edu.vn', 'SE03388', 1, 1, 'NotSet', 5, NULL),
(227, 'SiDQSE03425', 'ng Quang S', 'SiDQSE03425@fpt.edu.vn', 'SE03425', 1, 1, 'NotSet', 5, NULL),
(228, 'ThanhPSSE03430', 'Phm S Thanh', 'ThanhPSSE03430@fpt.edu.vn', 'SE03430', 1, 1, 'NotSet', 5, NULL),
(229, 'AnhDTSE03435', 'inh Tun Anh', 'AnhDTSE03435@fpt.edu.vn', 'SE03435', 1, 1, 'NotSet', 5, NULL),
(230, 'HaiPTSE02802', 'Phm Thanh Hi', 'HaiPTSE02802@fpt.edu.vn', 'SE02802', 1, 1, 'NotSet', 4, NULL),
(231, 'TrinhNVSE02680', 'Nguyn Vn Trinh', 'TrinhNVSE02680@fpt.edu.vn', 'SE02680', 1, 1, 'NotSet', 5, NULL),
(232, 'DucDVSE03458', ' Vn c', 'DucDVSE03458@fpt.edu.vn', 'SE03458', 1, 1, 'NotSet', 5, NULL),
(233, 'HuyVKSE03478', 'V Kim Huy', 'HuyVKSE03478@fpt.edu.vn', 'SE03478', 1, 1, 'NotSet', 5, NULL),
(234, 'AnhNQSE03490', 'Nguyn Quang Anh', 'AnhNQSE03490@fpt.edu.vn', 'SE03490', 1, 1, 'NotSet', 5, NULL),
(235, 'NguyenVBASE03496', 'V B Anh Nguyn', 'NguyenVBASE03496@fpt.edu.vn', 'SE03496', 1, 1, 'NotSet', 5, NULL),
(236, 'TruongTNSE03527', 'Trn Nht Trng', 'TruongTNSE03527@fpt.edu.vn', 'SE03527', 1, 1, 'NotSet', 5, NULL),
(237, 'YenNHSE03536', 'Nguyn Hi Yn', 'YenNHSE03536@fpt.edu.vn', 'SE03536', 1, 1, 'NotSet', 4, NULL),
(238, 'TuDTSE03559', 'inh Tun T', 'TuDTSE03559@fpt.edu.vn', 'SE03559', 1, 1, 'NotSet', 5, NULL),
(239, 'ChauBHHSE03571', 'Bi Hong H Chu', 'ChauBHHSE03571@fpt.edu.vn', 'SE03571', 1, 1, 'NotSet', 5, NULL),
(240, 'MinhNLSE03580', 'Nguyn L Minh', 'MinhNLSE03580@fpt.edu.vn', 'SE03580', 1, 1, 'NotSet', 5, NULL),
(241, 'AnhNHSE03584', 'Nguyn Hong Anh', 'AnhNHSE03584@fpt.edu.vn', 'SE03584', 1, 1, 'NotSet', 5, NULL),
(242, 'TuDNSE03591', 'ng Ngc T', 'TuDNSE03591@fpt.edu.vn', 'SE03591', 1, 1, 'NotSet', 5, NULL),
(243, 'MinhNHSE03596', 'Nguyn Hu Minh', 'MinhNHSE03596@fpt.edu.vn', 'SE03596', 1, 1, 'NotSet', 5, NULL),
(244, 'BaoPQSE03606', 'Phan Quc Bo', 'BaoPQSE03606@fpt.edu.vn', 'SE03606', 1, 1, 'NotSet', 5, NULL),
(245, 'ManhNDSE03610', 'Nguyn c Mnh', 'ManhNDSE03610@fpt.edu.vn', 'SE03610', 1, 1, 'NotSet', 5, NULL),
(246, 'AnhPDSE03611', 'Phm c Anh', 'AnhPDSE03611@fpt.edu.vn', 'SE03611', 1, 1, 'NotSet', 5, NULL),
(247, 'ToanNVSE03619', 'Ng Vn Ton', 'ToanNVSE03619@fpt.edu.vn', 'SE03619', 1, 1, 'NotSet', 5, NULL),
(248, 'TungNTSE03621', 'Nguyn Thanh Tng', 'TungNTSE03621@fpt.edu.vn', 'SE03621', 1, 1, 'NotSet', 5, NULL),
(249, 'HungNDSE03647', 'Nguyn c Hng', 'HungNDSE03647@fpt.edu.vn', 'SE03647', 1, 1, 'NotSet', 4, NULL),
(250, 'AnhNQSE03650', 'Nguyn Quc Anh', 'AnhNQSE03650@fpt.edu.vn', 'SE03650', 1, 1, 'NotSet', 5, NULL),
(251, 'SonDNSE03703', 'on Ngc Sn', 'SonDNSE03703@fpt.edu.vn', 'SE03703', 1, 1, 'NotSet', 5, NULL),
(252, 'BachNSSE03704', 'Nguyn S Bch', 'BachNSSE03704@fpt.edu.vn', 'SE03704', 1, 1, 'NotSet', 5, NULL),
(253, 'HuyDNQSE03714', 'on Nguyn Quang Huy', 'HuyDNQSE03714@fpt.edu.vn', 'SE03714', 1, 1, 'NotSet', 4, NULL),
(254, 'HieuLTSE03719', 'Lm Trung Hiu', 'HieuLTSE03719@fpt.edu.vn', 'SE03719', 1, 1, 'NotSet', 4, NULL),
(255, 'AnhLBSE03747', 'Luyn Bo Anh', 'AnhLBSE03747@fpt.edu.vn', 'SE03747', 1, 1, 'NotSet', 5, NULL),
(256, 'CuongVMSE03763', 'V Mnh Cng', 'CuongVMSE03763@fpt.edu.vn', 'SE03763', 1, 1, 'NotSet', 4, NULL),
(257, 'HoangPMSE03769', 'Phm Minh Hong', 'HoangPMSE03769@fpt.edu.vn', 'SE03769', 1, 1, 'NotSet', 5, NULL),
(258, 'HueNTSE03789', 'Nguyn Th Hu', 'HueNTSE03789@fpt.edu.vn', 'SE03789', 1, 1, 'NotSet', 5, NULL),
(259, 'VuCLSE03800', 'Cao Lm V', 'VuCLSE03800@fpt.edu.vn', 'SE03800', 1, 1, 'NotSet', 5, NULL),
(260, 'TuanDLSE03807', 'ng L Tun', 'TuanDLSE03807@fpt.edu.vn', 'SE03807', 1, 1, 'NotSet', 5, NULL),
(261, 'CuongTDSE03827', 'Trn c Cng', 'CuongTDSE03827@fpt.edu.vn', 'SE03827', 1, 1, 'NotSet', 5, NULL),
(262, 'HaiNMSE03832', 'Nguyn Minh Hi', 'HaiNMSE03832@fpt.edu.vn', 'SE03832', 1, 1, 'NotSet', 5, NULL),
(263, 'AnhLHSE03838', 'L Hong Anh', 'AnhLHSE03838@fpt.edu.vn', 'SE03838', 1, 1, 'NotSet', 5, NULL),
(264, 'HaiTPTSE03859', 'Trn Phm Triu Hi', 'HaiTPTSE03859@fpt.edu.vn', 'SE03859', 1, 1, 'NotSet', 4, NULL),
(265, 'CanhNHTSE03860', 'Nguyn Hu Thanh Cnh', 'CanhNHTSE03860@fpt.edu.vn', 'SE03860', 1, 1, 'NotSet', 5, NULL),
(266, 'LongNBSE03877', 'Nguyn Bo Long', 'LongNBSE03877@fpt.edu.vn', 'SE03877', 1, 1, 'NotSet', 5, NULL),
(267, 'DatDMSE03884', 'on Mnh t', 'DatDMSE03884@fpt.edu.vn', 'SE03884', 1, 1, 'NotSet', 5, NULL),
(268, 'NamNVSE03888', 'Nguyn Vn Nam', 'NamNVSE03888@fpt.edu.vn', 'SE03888', 1, 1, 'NotSet', 5, NULL),
(269, 'LamLTSE03936', 'L Thanh Lm', 'LamLTSE03936@fpt.edu.vn', 'SE03936', 1, 1, 'NotSet', 5, NULL),
(270, 'GiangTDSE03127', 'Trn i Giang', 'GiangTDSE03127@fpt.edu.vn', 'SE03127', 1, 1, 'NotSet', 4, NULL),
(271, 'SonPMSE03298', 'Phm Minh Sn', 'SonPMSE03298@fpt.edu.vn', 'SE03298', 1, 1, 'NotSet', 4, NULL),
(272, 'ThanhNTSE03301', 'Nguyn Trung Thnh', 'ThanhNTSE03301@fpt.edu.vn', 'SE03301', 1, 1, 'NotSet', 5, NULL),
(273, 'HaTTSE03361', 'Trn Th H', 'HaTTSE03361@fpt.edu.vn', 'SE03361', 1, 1, 'NotSet', 5, NULL),
(274, 'LongNVSE03428', 'Nguyn Vn Long', 'LongNVSE03428@fpt.edu.vn', 'SE03428', 1, 1, 'NotSet', 5, NULL),
(275, 'TrongHDSE02889', 'Hong c Trng', 'TrongHDSE02889@fpt.edu.vn', 'SE02889', 1, 1, 'NotSet', 4, NULL),
(276, 'TrungTCSE02306', 'Ta Cao Trung', 'TrungTCSE02306@fpt.edu.vn', 'SE02306', 1, 1, 'NotSet', 5, NULL),
(277, 'CuongDVHSE02662', 'on Vn Hng Cng', 'CuongDVHSE02662@fpt.edu.vn', 'SE02662', 1, 1, 'NotSet', 5, NULL),
(278, 'TuanLTSE02697', 'L Thanh Tun', 'TuanLTSE02697@fpt.edu.vn', 'SE02697', 1, 1, 'NotSet', 5, NULL),
(279, 'TuTHSE02922', 'Trn Hong T', 'TuTHSE02922@fpt.edu.vn', 'SE02922', 1, 1, 'NotSet', 5, NULL),
(280, 'ThangLTSE03240', 'L Tt Thng', 'ThangLTSE03240@fpt.edu.vn', 'SE03240', 1, 1, 'NotSet', 5, NULL),
(281, 'GiangNHSE60950', 'Nguyn H Giang', 'GiangNHSE60950@fpt.edu.vn', 'SE60950', 1, 1, 'NotSet', 5, NULL),
(282, 'CuongNMSE04273', 'Nguyn Mnh Cng', 'CuongNMSE04273@fpt.edu.vn', 'SE04273', 1, 1, 'NotSet', 2, NULL),
(283, 'BinhNNSE04190', 'Nguyn Ngc Bnh', 'BinhNNSE04190@fpt.edu.vn', 'SE04190', 1, 1, 'NotSet', 2, NULL),
(284, 'HungLTSE04132', 'Li Thnh Hng', 'HungLTSE04132@fpt.edu.vn', 'SE04132', 1, 1, 'NotSet', 2, NULL),
(285, 'HiepNVSE04146', 'Nguyn V Hip', 'HiepNVSE04146@fpt.edu.vn', 'SE04146', 1, 1, 'NotSet', 2, NULL),
(286, 'TuyenDDSE04046', 'Dng nh Tuyn', 'TuyenDDSE04046@fpt.edu.vn', 'SE04046', 1, 1, 'NotSet', 2, NULL),
(287, 'HieuTXSE04374', 'Trnh Xun Hiu', 'HieuTXSE04374@fpt.edu.vn', 'SE04374', 1, 1, 'NotSet', 2, NULL),
(288, 'HauPHSE04126', 'Phm Hu Hu', 'HauPHSE04126@fpt.edu.vn', 'SE04126', 1, 1, 'NotSet', 2, NULL),
(289, 'NgocBTMSE04052', 'Bi Th Minh Ngc', 'NgocBTMSE04052@fpt.edu.vn', 'SE04052', 1, 1, 'NotSet', 2, NULL),
(290, 'SonHSE04107', 'Hong Sn', 'SonHSE04107@fpt.edu.vn', 'SE04107', 1, 1, 'NotSet', 2, NULL),
(291, 'HieuDCSE04338', 'inh Cng Hiu', 'HieuDCSE04338@fpt.edu.vn', 'SE04338', 1, 1, 'NotSet', 2, NULL),
(292, 'HungTMSE04400', 'Trnh Minh Hng', 'HungTMSE04400@fpt.edu.vn', 'SE04400', 1, 1, 'NotSet', 2, NULL),
(293, 'QuanDLSE04215', ' Long Qun', 'QuanDLSE04215@fpt.edu.vn', 'SE04215', 1, 1, 'NotSet', 2, NULL),
(294, 'HungNDSE04035', 'Nguyn ng Hng', 'HungNDSE04035@fpt.edu.vn', 'SE04035', 1, 1, 'NotSet', 2, NULL),
(295, 'SonVHSE04276', 'V Hong Sn', 'SonVHSE04276@fpt.edu.vn', 'SE04276', 1, 1, 'NotSet', 2, NULL),
(296, 'NhungGTHSE04110', 'Gip Th Hng Nhung', 'NhungGTHSE04110@fpt.edu.vn', 'SE04110', 1, 1, 'NotSet', 2, NULL),
(297, 'HienNVSE04388', 'Nguyn Vn Hin', 'HienNVSE04388@fpt.edu.vn', 'SE04388', 1, 1, 'NotSet', 2, NULL),
(298, 'KhanhLXSE03999', 'L Xun Khnh', 'KhanhLXSE03999@fpt.edu.vn', 'SE03999', 1, 1, 'NotSet', 2, NULL),
(299, 'CuongNVSE04047', 'Nguyn Vn Cng', 'CuongNVSE04047@fpt.edu.vn', 'SE04047', 1, 1, 'NotSet', 2, NULL),
(300, 'BaoPNSE04414', 'Phan Nguyn Bo', 'BaoPNSE04414@fpt.edu.vn', 'SE04414', 1, 1, 'NotSet', 2, NULL),
(301, 'LongNCSE03983', 'Nguyn Cng Long', 'LongNCSE03983@fpt.edu.vn', 'SE03983', 1, 1, 'NotSet', 2, NULL),
(302, 'GiangTHSE04148', 'Trn Hong Giang', 'GiangTHSE04148@fpt.edu.vn', 'SE04148', 1, 1, 'NotSet', 2, NULL),
(303, 'TrangDNPSE04416', 'ng Nguyn Phng Trang', 'TrangDNPSE04416@fpt.edu.vn', 'SE04416', 1, 1, 'NotSet', 2, NULL),
(304, 'ChauDNTSE04187', 'Dng Nguyn Tho Chu', 'ChauDNTSE04187@fpt.edu.vn', 'SE04187', 1, 1, 'NotSet', 2, NULL),
(305, 'DungNTKSE03989', 'Nguyn Th Kim Dung', 'DungNTKSE03989@fpt.edu.vn', 'SE03989', 1, 1, 'NotSet', 2, NULL),
(306, 'HoangNLSE04303', 'Nguyn L Hong', 'HoangNLSE04303@fpt.edu.vn', 'SE04303', 1, 1, 'NotSet', 2, NULL),
(307, 'TungLDSE04071', 'L ng Tng', 'TungLDSE04071@fpt.edu.vn', 'SE04071', 1, 1, 'NotSet', 2, NULL),
(308, 'LanNHSE04186', 'Ng Hong Lan', 'LanNHSE04186@fpt.edu.vn', 'SE04186', 1, 1, 'NotSet', 2, NULL),
(309, 'DungDCSE03691', 'o Cng Dng', 'DungDCSE03691@fpt.edu.vn', 'SE03691', 1, 1, 'NotSet', 2, NULL),
(310, 'KhueNDSE03287', 'Nguyn on Khu', 'KhueNDSE03287@fpt.edu.vn', 'SE03287', 1, 1, 'NotSet', 2, NULL),
(311, 'SonNVSE04038', 'Nguyn Vn Sn', 'SonNVSE04038@fpt.edu.vn', 'SE04038', 1, 1, 'NotSet', 2, NULL),
(312, 'DucDHVSE04075', 'o Hong Vit c', 'DucDHVSE04075@fpt.edu.vn', 'SE04075', 1, 1, 'NotSet', 2, NULL),
(313, 'ThachVNSE04094', 'V Ngc Thch', 'ThachVNSE04094@fpt.edu.vn', 'SE04094', 1, 1, 'NotSet', 2, NULL),
(314, 'DatNTSE04096', 'Nguyn Trng t', 'DatNTSE04096@fpt.edu.vn', 'SE04096', 1, 1, 'NotSet', 2, NULL),
(315, 'TrungNTSE04160', 'Nguyn Tin Trung', 'TrungNTSE04160@fpt.edu.vn', 'SE04160', 1, 1, 'NotSet', 2, NULL),
(316, 'NghiaTTSE04301', 'Trn Tun Ngha', 'NghiaTTSE04301@fpt.edu.vn', 'SE04301', 1, 1, 'NotSet', 2, NULL),
(317, 'ThinhDNSE04178', ' Ngc Thnh', 'ThinhDNSE04178@fpt.edu.vn', 'SE04178', 1, 1, 'NotSet', 2, NULL),
(318, 'LongPTSE04304', 'Phm Thanh Long', 'LongPTSE04304@fpt.edu.vn', 'SE04304', 1, 1, 'NotSet', 2, NULL),
(319, 'HanhLMSE04255', 'L Minh Hnh', 'HanhLMSE04255@fpt.edu.vn', 'SE04255', 1, 1, 'NotSet', 2, NULL),
(320, 'ThuyPMSE03992', 'Phm Minh Thy', 'ThuyPMSE03992@fpt.edu.vn', 'SE03992', 1, 1, 'NotSet', 2, NULL),
(321, 'HoangNSE03997', 'Nguyn Hong', 'HoangNSE03997@fpt.edu.vn', 'SE03997', 1, 1, 'NotSet', 2, NULL),
(322, 'DuongNVSE04356', 'Nguyn Vn Dng', 'DuongNVSE04356@fpt.edu.vn', 'SE04356', 1, 1, 'NotSet', 2, NULL),
(323, 'QuanNMSE04141', 'Nguyn Minh Qun', 'QuanNMSE04141@fpt.edu.vn', 'SE04141', 1, 1, 'NotSet', 2, NULL),
(324, 'AnhNNSE04387', 'Nguyn Nam Anh', 'AnhNNSE04387@fpt.edu.vn', 'SE04387', 1, 1, 'NotSet', 2, NULL),
(325, 'TruongNXSE04362', 'Nguyn Xun Trng', 'TruongNXSE04362@fpt.edu.vn', 'SE04362', 1, 1, 'NotSet', 2, NULL),
(326, 'LinhLNSE04405', 'L Nguyn Linh', 'LinhLNSE04405@fpt.edu.vn', 'SE04405', 1, 1, 'NotSet', 2, NULL),
(327, 'TungNTSE04084', 'Nguyn Tun Tng', 'TungNTSE04084@fpt.edu.vn', 'SE04084', 1, 1, 'NotSet', 2, NULL),
(328, 'HungBNSE04268', 'Bi Nguyn Hng', 'HungBNSE04268@fpt.edu.vn', 'SE04268', 1, 1, 'NotSet', 2, NULL),
(329, 'DungNTTSE03851', 'Nguyn Th Thy Dung', 'DungNTTSE03851@fpt.edu.vn', 'SE03851', 1, 1, 'NotSet', 2, NULL),
(330, 'BachNGSE04422', 'Nguyn Gia Bch', 'BachNGSE04422@fpt.edu.vn', 'SE04422', 1, 1, 'NotSet', 3, NULL),
(331, 'NghiaDPSE04444', 'ng Phc Ngha', 'NghiaDPSE04444@fpt.edu.vn', 'SE04444', 1, 1, 'NotSet', 2, NULL),
(332, 'KhanhTVSE02814', 'Trn Vn Khnh', 'KhanhTVSE02814@fpt.edu.vn', 'SE02814', 1, 1, 'NotSet', 4, NULL),
(333, 'ThangMPSE61502', 'Mai Phi Thng', 'ThangMPSE61502@fpt.edu.vn', 'SE61502', 1, 1, 'NotSet', 3, NULL),
(334, 'LongHDSE61702', 'Hong c Long', 'LongHDSE61702@fpt.edu.vn', 'SE61702', 1, 1, 'NotSet', 5, NULL),
(335, 'NhatHuyenTNSE61693', 'Trn Ngc NhtHuyn', 'NhatHuyenTNSE61693@fpt.edu.vn', 'SE61693', 1, 1, 'NotSet', 4, NULL),
(336, 'NamLHSE61565', 'L Hong Nam', 'NamLHSE61565@fpt.edu.vn', 'SE61565', 1, 1, 'NotSet', 4, NULL),
(337, 'QuangLVSE03783', 'Lm Vit Quang', 'QuangLVSE03783@fpt.edu.vn', 'SE03783', 1, 1, 'NotSet', 3, NULL),
(338, 'BinhNTSE03718', 'Nguyn Thanh Bnh', 'BinhNTSE03718@fpt.edu.vn', 'SE03718', 1, 1, 'NotSet', 3, NULL),
(339, 'LamPSE03555', 'Phan Lm', 'LamPSE03555@fpt.edu.vn', 'SE03555', 1, 1, 'NotSet', 3, NULL),
(340, 'TaiNH01795', 'Nguyn Hu Ti', 'TaiNH01795@fpt.edu.vn', '01795', 1, 1, 'NotSet', 5, NULL),
(341, 'KhanhPDSE03812', 'Phm Duy Khnh', 'KhanhPDSE03812@fpt.edu.vn', 'SE03812', 1, 8, 'NotSet', 1, NULL),
(342, 'HoangVMSE04349', 'V Minh Hong', 'HoangVMSE04349@fpt.edu.vn', 'SE04349', 1, 8, 'NotSet', 1, NULL),
(343, 'TungDVSE04367', 'ng Vn Tng', 'TungDVSE04367@fpt.edu.vn', 'SE04367', 1, 8, 'NotSet', 1, NULL),
(344, 'MinhDNNSE04062', ' Nguyn Nht Minh', 'MinhDNNSE04062@fpt.edu.vn', 'SE04062', 1, 8, 'NotSet', 1, NULL),
(345, 'NghiaNCSE04270', 'Nguyn Ch Ngha', 'NghiaNCSE04270@fpt.edu.vn', 'SE04270', 1, 8, 'NotSet', 1, NULL),
(346, 'LucTTSE04138', 'T Tin Lc', 'LucTTSE04138@fpt.edu.vn', 'SE04138', 1, 8, 'NotSet', 1, NULL),
(347, 'HieuLTSE04326', 'L Trung Hiu', 'HieuLTSE04326@fpt.edu.vn', 'SE04326', 1, 8, 'NotSet', 1, NULL),
(348, 'ChiNNSE62028', 'Nguyn Ngc Ch', 'ChiNNSE62028@fpt.edu.vn', 'SE62028', 1, 8, 'NotSet', 1, NULL),
(349, 'DucNTSE04072', 'Nguyn Trng c', 'DucNTSE04072@fpt.edu.vn', 'SE04072', 1, 8, 'NotSet', 1, NULL),
(350, 'LamHASE04171', 'Hong Anh Lm', 'LamHASE04171@fpt.edu.vn', 'SE04171', 1, 8, 'NotSet', 1, NULL),
(351, 'AnhNDPSE04235', 'Ninh i Phc Anh', 'AnhNDPSE04235@fpt.edu.vn', 'SE04235', 1, 8, 'NotSet', 1, NULL),
(352, 'AnhHNSE61724', 'Hunh Nht Anh', 'AnhHNSE61724@fpt.edu.vn', 'SE61724', 1, 7, 'NotSet', 1, NULL),
(353, 'AnhVQSE04377', 'V Quc Anh', 'AnhVQSE04377@fpt.edu.vn', 'SE04377', 1, 7, 'NotSet', 1, NULL),
(354, 'LinhNXSE04363', 'Nguyn Xun Linh', 'LinhNXSE04363@fpt.edu.vn', 'SE04363', 1, 7, 'NotSet', 1, NULL),
(355, 'AnhDDSE04067', ' c Anh', 'AnhDDSE04067@fpt.edu.vn', 'SE04067', 1, 7, 'NotSet', 1, NULL),
(356, 'DatNTSE04286', 'Nguyn Tin t', 'DatNTSE04286@fpt.edu.vn', 'SE04286', 1, 7, 'NotSet', 1, NULL),
(357, 'VinhNTSE04274', 'Nguyn Thnh Vinh', 'VinhNTSE04274@fpt.edu.vn', 'SE04274', 1, 7, 'NotSet', 1, NULL),
(358, 'HoangNMSE03998', 'Nguyn Minh Hong', 'HoangNMSE03998@fpt.edu.vn', 'SE03998', 1, 7, 'NotSet', 1, NULL),
(359, 'AnhNTSE04003', 'Nguyn Tun Anh', 'AnhNTSE04003@fpt.edu.vn', 'SE04003', 1, 7, 'NotSet', 1, NULL),
(360, 'PhuNVSE04123', 'Ng Vn Ph', 'PhuNVSE04123@fpt.edu.vn', 'SE04123', 1, 7, 'NotSet', 1, NULL),
(361, 'CongNTSE04104', 'Nguyn Thnh Cng', 'CongNTSE04104@fpt.edu.vn', 'SE04104', 1, 7, 'NotSet', 1, NULL),
(362, 'AnhHKSE04034', 'H Kim Anh', 'AnhHKSE04034@fpt.edu.vn', 'SE04034', 1, 7, 'NotSet', 1, NULL),
(363, 'QuyNCSE03957', 'Nguyn Ch Qu', 'QuyNCSE03957@fpt.edu.vn', 'SE03957', 1, 7, 'NotSet', 1, NULL),
(364, 'ThangNDSE04090', 'Nguyn c Thng', 'ThangNDSE04090@fpt.edu.vn', 'SE04090', 1, 7, 'NotSet', 1, NULL),
(365, 'ThanhPDSE04309', 'Phan Duy Thnh', 'ThanhPDSE04309@fpt.edu.vn', 'SE04309', 1, 7, 'NotSet', 1, NULL),
(366, 'AnhVVSE04447', 'V Vit Anh', 'AnhVVSE04447@fpt.edu.vn', 'SE04447', 1, 7, 'NotSet', 1, NULL),
(367, 'HoangNTSE03960', 'Nguyn Trng Hong', 'HoangNTSE03960@fpt.edu.vn', 'SE03960', 1, 7, 'NotSet', 1, NULL),
(368, 'HaVMSE03868', 'V Mnh H', 'HaVMSE03868@fpt.edu.vn', 'SE03868', 1, 8, 'NotSet', 1, NULL),
(369, 'TungNXSE04275', 'Nguyn Xun Tng', 'TungNXSE04275@fpt.edu.vn', 'SE04275', 1, 8, 'NotSet', 1, NULL),
(370, 'ThangNVSE04385', 'Ngy Vn Thng', 'ThangNVSE04385@fpt.edu.vn', 'SE04385', 1, 8, 'NotSet', 1, NULL),
(371, 'ThangTQSE04101', 'Tiu Quang Thng', 'ThangTQSE04101@fpt.edu.vn', 'SE04101', 1, 8, 'NotSet', 1, NULL),
(372, 'SonNHSE03996', 'Nguyn Hng Sn', 'SonNHSE03996@fpt.edu.vn', 'SE03996', 1, 8, 'NotSet', 1, NULL),
(373, 'QuangCXSE04220', 'Cn Xun Quang', 'QuangCXSE04220@fpt.edu.vn', 'SE04220', 1, 8, 'NotSet', 1, NULL),
(374, 'LongNDSE04039', 'Nguyn nh Long', 'LongNDSE04039@fpt.edu.vn', 'SE04039', 1, 8, 'NotSet', 1, NULL),
(375, 'DuyNDSE04192', 'Nguyn c Duy', 'DuyNDSE04192@fpt.edu.vn', 'SE04192', 1, 8, 'NotSet', 1, NULL),
(376, 'ThanhPTSE04200', 'Phng Tun Thanh', 'ThanhPTSE04200@fpt.edu.vn', 'SE04200', 1, 8, 'NotSet', 1, NULL),
(377, 'QuanNASE04316', 'Nguyn Anh Qun', 'QuanNASE04316@fpt.edu.vn', 'SE04316', 1, 8, 'NotSet', 1, NULL),
(378, 'QuangTLSE04109', 'Trn Long Quang', 'QuangTLSE04109@fpt.edu.vn', 'SE04109', 1, 8, 'NotSet', 1, NULL),
(379, 'CuongLVSE04314', 'L Vn Cng', 'CuongLVSE04314@fpt.edu.vn', 'SE04314', 1, 8, 'NotSet', 1, NULL),
(380, 'LongNCSE04205', 'Nguyn Cao Long', 'LongNCSE04205@fpt.edu.vn', 'SE04205', 1, 8, 'NotSet', 1, NULL),
(381, 'CanhNDSE04042', 'Nguyn c Cnh', 'CanhNDSE04042@fpt.edu.vn', 'SE04042', 1, 8, 'NotSet', 1, NULL),
(382, 'HieuTMSE04225', 'Tng Minh Hiu', 'HieuTMSE04225@fpt.edu.vn', 'SE04225', 1, 8, 'NotSet', 1, NULL),
(383, 'HaHTSE04467', 'Hong Trng H', 'HaHTSE04467@fpt.edu.vn', 'SE04467', 1, 8, 'NotSet', 1, NULL),
(384, 'VinhBDSE04008', 'Bi c Vinh', 'VinhBDSE04008@fpt.edu.vn', 'SE04008', 1, 7, 'NotSet', 2, NULL),
(385, 'HuongLTSE03949', 'Lu Th Hng', 'HuongLTSE03949@fpt.edu.vn', 'SE03949', 1, 7, 'NotSet', 2, NULL),
(386, 'PhuLHDSE61898', 'Lu Hunh c Ph', 'PhuLHDSE61898@fpt.edu.vn', 'SE61898', 1, 7, 'NotSet', 2, NULL),
(387, 'SonNVSE03984', 'Ng Vit Sn', 'SonNVSE03984@fpt.edu.vn', 'SE03984', 1, 7, 'NotSet', 2, NULL),
(388, 'DucLHSE04203', 'L Hng c', 'DucLHSE04203@fpt.edu.vn', 'SE04203', 1, 7, 'NotSet', 2, NULL),
(389, 'BinhVQSE03979', 'V Quang Bnh', 'BinhVQSE03979@fpt.edu.vn', 'SE03979', 1, 7, 'NotSet', 2, NULL),
(390, 'AnhNTLSE04122', 'Nguyn Th Lan Anh', 'AnhNTLSE04122@fpt.edu.vn', 'SE04122', 1, 7, 'NotSet', 2, NULL),
(391, 'PhuNDSE04284', 'Nguyn Danh Ph', 'PhuNDSE04284@fpt.edu.vn', 'SE04284', 1, 7, 'NotSet', 2, NULL),
(392, 'HungTXSE04334', 'Trnh Xun Hng', 'HungTXSE04334@fpt.edu.vn', 'SE04334', 1, 7, 'NotSet', 2, NULL),
(393, 'NamNHSE04050', 'Nguyn Hu Nam', 'NamNHSE04050@fpt.edu.vn', 'SE04050', 1, 7, 'NotSet', 2, NULL),
(394, 'DatVVSE61792', 'Vng Vnh t', 'DatVVSE61792@fpt.edu.vn', 'SE61792', 1, 7, 'NotSet', 2, NULL),
(395, 'QuyTCSE04022', 'T Chu Qu', 'QuyTCSE04022@fpt.edu.vn', 'SE04022', 1, 7, 'NotSet', 2, NULL),
(396, 'HungNHSE04359', 'Nguyn Hong Hng', 'HungNHSE04359@fpt.edu.vn', 'SE04359', 1, 7, 'NotSet', 2, NULL),
(397, 'DucNTSE04128', 'Nguyn Ti c', 'DucNTSE04128@fpt.edu.vn', 'SE04128', 1, 7, 'NotSet', 2, NULL),
(398, 'AnhCHSE03808', 'Cao Hong Anh', 'AnhCHSE03808@fpt.edu.vn', 'SE03808', 1, 8, 'NotSet', 3, NULL),
(399, 'SonPNSE03916', 'Phm Ngc Sn', 'SonPNSE03916@fpt.edu.vn', 'SE03916', 1, 8, 'NotSet', 3, NULL),
(400, 'AnhNVVSE04271', 'Ng Vi Vit Anh', 'AnhNVVSE04271@fpt.edu.vn', 'SE04271', 1, 8, 'NotSet', 3, NULL),
(401, 'HanhNNSE03797', 'Nguyn Ngc Hnh', 'HanhNNSE03797@fpt.edu.vn', 'SE03797', 1, 8, 'NotSet', 3, NULL),
(402, 'CongNTSE03805', 'Nguyn Thnh Cng', 'CongNTSE03805@fpt.edu.vn', 'SE03805', 1, 7, 'NotSet', 4, NULL),
(403, 'ToanCGKSE03814', 'Chu Gia Khnh Ton', 'ToanCGKSE03814@fpt.edu.vn', 'SE03814', 1, 7, 'NotSet', 4, NULL),
(404, 'QuangTHSE03486', 'Trn Hng Quang', 'QuangTHSE03486@fpt.edu.vn', 'SE03486', 1, 7, 'NotSet', 4, NULL),
(405, 'HuyPQSE03487', 'Phm Quang Huy', 'HuyPQSE03487@fpt.edu.vn', 'SE03487', 1, 7, 'NotSet', 4, NULL),
(406, 'DucLASE03549', 'L Anh c', 'DucLASE03549@fpt.edu.vn', 'SE03549', 1, 7, 'NotSet', 4, NULL),
(407, 'MinhNNSE03550', 'Nguyn Nht Minh', 'MinhNNSE03550@fpt.edu.vn', 'SE03550', 1, 7, 'NotSet', 4, NULL),
(408, 'LeNHSE03612', 'Nguyn Hu L', 'LeNHSE03612@fpt.edu.vn', 'SE03612', 1, 7, 'NotSet', 4, NULL),
(409, 'PhucNVSE03616', 'Nguyn Vn Phc', 'PhucNVSE03616@fpt.edu.vn', 'SE03616', 1, 7, 'NotSet', 4, NULL),
(410, 'LinhNQSE03645', 'Nguyn Quang Linh', 'LinhNQSE03645@fpt.edu.vn', 'SE03645', 1, 7, 'NotSet', 4, NULL),
(411, 'HoanNTSE03654', 'Nguyn Trng Hon', 'HoanNTSE03654@fpt.edu.vn', 'SE03654', 1, 7, 'NotSet', 4, NULL),
(412, 'TuanTMSE03657', 'Trn Mnh Tun', 'TuanTMSE03657@fpt.edu.vn', 'SE03657', 1, 7, 'NotSet', 4, NULL),
(413, 'HuyVDSE03665', 'V c Huy', 'HuyVDSE03665@fpt.edu.vn', 'SE03665', 1, 7, 'NotSet', 4, NULL),
(414, 'DuyTTSE03672', 'Trn Trung Duy', 'DuyTTSE03672@fpt.edu.vn', 'SE03672', 1, 7, 'NotSet', 4, NULL),
(415, 'HangVKSE03676', 'V Khnh Hng', 'HangVKSE03676@fpt.edu.vn', 'SE03676', 1, 7, 'NotSet', 4, NULL),
(416, 'TungDXSE03682', 'inh Xun Tng', 'TungDXSE03682@fpt.edu.vn', 'SE03682', 1, 7, 'NotSet', 4, NULL),
(417, 'ThaoNDSE03717', 'Ng c Tho', 'ThaoNDSE03717@fpt.edu.vn', 'SE03717', 1, 7, 'NotSet', 4, NULL),
(418, 'AnhNTSE03748', 'Nguyn Th Anh', 'AnhNTSE03748@fpt.edu.vn', 'SE03748', 1, 7, 'NotSet', 4, NULL),
(419, 'PhuHMSE03757', 'H Minh Ph', 'PhuHMSE03757@fpt.edu.vn', 'SE03757', 1, 7, 'NotSet', 4, NULL),
(420, 'HieuNTSE03782', 'Nguyn Trung Hiu', 'HieuNTSE03782@fpt.edu.vn', 'SE03782', 1, 7, 'NotSet', 4, NULL),
(421, 'CuongCHSE03788', 'Chu Hong Cng', 'CuongCHSE03788@fpt.edu.vn', 'SE03788', 1, 7, 'NotSet', 4, NULL),
(422, 'ToanTVSE03872', 'Trn Vn Ton', 'ToanTVSE03872@fpt.edu.vn', 'SE03872', 1, 7, 'NotSet', 4, NULL),
(423, 'MyVTSE03878', 'V Th My', 'MyVTSE03878@fpt.edu.vn', 'SE03878', 1, 7, 'NotSet', 4, NULL),
(424, 'DuyDDSE03881', 'o c Duy', 'DuyDDSE03881@fpt.edu.vn', 'SE03881', 1, 7, 'NotSet', 4, NULL),
(425, 'NghiaNDSE03915', 'Nguyn c Ngha', 'NghiaNDSE03915@fpt.edu.vn', 'SE03915', 1, 7, 'NotSet', 4, NULL),
(426, 'LuanNTSE03925', 'Nguyn Thnh Lun', 'LuanNTSE03925@fpt.edu.vn', 'SE03925', 1, 7, 'NotSet', 4, NULL),
(427, 'TruongNMSE03938', 'Nguyn Mnh Trng', 'TruongNMSE03938@fpt.edu.vn', 'SE03938', 1, 7, 'NotSet', 4, NULL),
(428, 'DucNASE03952', 'Ng Anh c', 'DucNASE03952@fpt.edu.vn', 'SE03952', 1, 7, 'NotSet', 4, NULL),
(429, 'AnhLDSE03953', 'L Duy Anh', 'AnhLDSE03953@fpt.edu.vn', 'SE03953', 1, 7, 'NotSet', 4, NULL),
(430, 'AnhDTSE03956', 'inh Tun Anh', 'AnhDTSE03956@fpt.edu.vn', 'SE03956', 1, 7, 'NotSet', 4, NULL),
(431, 'ThanhPTSE61729', 'Phm Tin Thnh', 'ThanhPTSE61729@fpt.edu.vn', 'SE61729', 1, 7, 'NotSet', 4, NULL),
(432, 'HuyVTSE61529', 'V Thanh Huy', 'HuyVTSE61529@fpt.edu.vn', 'SE61529', 1, 7, 'NotSet', 4, NULL),
(433, 'TrungNMQSE61433', 'Nguyn Minh Quc Trung', 'TrungNMQSE61433@fpt.edu.vn', 'SE61433', 1, 7, 'NotSet', 4, NULL),
(434, 'KhoaPASE61403', 'Pham Anh Khoa', 'KhoaPASE61403@fpt.edu.vn', 'SE61403', 1, 7, 'NotSet', 4, NULL),
(435, 'TrungHTSE61581', 'Huynh Thanh Trung', 'TrungHTSE61581@fpt.edu.vn', 'SE61581', 1, 7, 'NotSet', 4, NULL),
(436, 'QuanNHSE61560', 'Nguyn Hoang Qun', 'QuanNHSE61560@fpt.edu.vn', 'SE61560', 1, 7, 'NotSet', 4, NULL),
(437, 'SinhDBTSE61674', 'inh Ba Thi Sinh', 'SinhDBTSE61674@fpt.edu.vn', 'SE61674', 1, 7, 'NotSet', 4, NULL),
(438, 'ThaoPTSE03601', 'Phm Thu Tho', 'ThaoPTSE03601@fpt.edu.vn', 'SE03601', 1, 7, 'NotSet', 4, NULL),
(439, 'HieuKNSE03605', 'Kiu Ngc Hiu', 'HieuKNSE03605@fpt.edu.vn', 'SE03605', 1, 7, 'NotSet', 4, NULL),
(440, 'NhatBVSE03740', 'Bi Vn Nht', 'NhatBVSE03740@fpt.edu.vn', 'SE03740', 1, 7, 'NotSet', 4, NULL),
(441, 'NguyenLSE03803', 'L Nguyn', 'NguyenLSE03803@fpt.edu.vn', 'SE03803', 1, 7, 'NotSet', 4, NULL),
(442, 'PhongDDSE03906', 'inh Duy Phong', 'PhongDDSE03906@fpt.edu.vn', 'SE03906', 1, 7, 'NotSet', 4, NULL),
(443, 'HungVNSE03969', 'V Ngc Hng', 'HungVNSE03969@fpt.edu.vn', 'SE03969', 1, 7, 'NotSet', 5, NULL),
(444, 'KhanhPBSE03453', 'Phm Bo Khnh', 'KhanhPBSE03453@fpt.edu.vn', 'SE03453', 1, 7, 'NotSet', 5, NULL),
(445, 'TungTTSE03495', 'Trn Thanh Tng', 'TungTTSE03495@fpt.edu.vn', 'SE03495', 1, 7, 'NotSet', 5, NULL),
(446, 'ThanhNMSE03534', 'Nguyn Minh Thnh', 'ThanhNMSE03534@fpt.edu.vn', 'SE03534', 1, 7, 'NotSet', 5, NULL),
(447, 'HieuTTSE03538', 'Trn Trung Hiu', 'HieuTTSE03538@fpt.edu.vn', 'SE03538', 1, 7, 'NotSet', 5, NULL),
(448, 'TriLMSE03613', 'Lu Minh Tr', 'TriLMSE03613@fpt.edu.vn', 'SE03613', 1, 7, 'NotSet', 5, NULL),
(449, 'LinhDBSE03640', 'on B Linh', 'LinhDBSE03640@fpt.edu.vn', 'SE03640', 1, 7, 'NotSet', 5, NULL),
(450, 'MinhHHSE03643', 'Hong Hi Minh', 'MinhHHSE03643@fpt.edu.vn', 'SE03643', 1, 7, 'NotSet', 5, NULL),
(451, 'AnhLDSE03662', 'L c Anh', 'AnhLDSE03662@fpt.edu.vn', 'SE03662', 1, 7, 'NotSet', 5, NULL),
(452, 'DuyDNSE03721', 'ng Ngc Duy', 'DuyDNSE03721@fpt.edu.vn', 'SE03721', 1, 7, 'NotSet', 5, NULL),
(453, 'AnhHTSE03756', 'Hong Tun Anh', 'AnhHTSE03756@fpt.edu.vn', 'SE03756', 1, 7, 'NotSet', 5, NULL),
(454, 'AnhHDSE03777', 'Hong c Anh', 'AnhHDSE03777@fpt.edu.vn', 'SE03777', 1, 7, 'NotSet', 5, NULL),
(455, 'DungLTSE03784', 'L Trung Dng', 'DungLTSE03784@fpt.edu.vn', 'SE03784', 1, 7, 'NotSet', 5, NULL),
(456, 'DucTQSE03819', 'T Quang c', 'DucTQSE03819@fpt.edu.vn', 'SE03819', 1, 7, 'NotSet', 5, NULL),
(457, 'ToanPVNSE03821', 'Phm V Nht Ton', 'ToanPVNSE03821@fpt.edu.vn', 'SE03821', 1, 7, 'NotSet', 5, NULL),
(458, 'HoangVMSE03833', 'V Minh  Hong', 'HoangVMSE03833@fpt.edu.vn', 'SE03833', 1, 7, 'NotSet', 5, NULL),
(459, 'VinhNQSE03886', 'Nguyn Quang Vinh', 'VinhNQSE03886@fpt.edu.vn', 'SE03886', 1, 7, 'NotSet', 5, NULL),
(460, 'HaVHSE03912', 'V Hng H', 'HaVHSE03912@fpt.edu.vn', 'SE03912', 1, 7, 'NotSet', 5, NULL);
INSERT INTO `students` (`student_id`, `account`, `name`, `email`, `student_code`, `specialized_id`, `detail_specialized_id`, `batch`, `semester`, `class_semester_id`) VALUES
(461, 'HongNTSE03940', 'Ng Thu Hng', 'HongNTSE03940@fpt.edu.vn', 'SE03940', 1, 7, 'NotSet', 5, NULL),
(462, 'SuongPTSSE61497', 'Phm Th Sng Sng', 'SuongPTSSE61497@fpt.edu.vn', 'SE61497', 1, 7, 'NotSet', 5, NULL),
(463, 'MinhPASE61477', 'Phm Anh Minh', 'MinhPASE61477@fpt.edu.vn', 'SE61477', 1, 7, 'NotSet', 5, NULL),
(464, 'DuyDTTSE61484', 'o Trn Tun Duy', 'DuyDTTSE61484@fpt.edu.vn', 'SE61484', 1, 7, 'NotSet', 5, NULL),
(465, 'TruongPMSE02605', 'Phan Mnh Trng', 'TruongPMSE02605@fpt.edu.vn', 'SE02605', 1, 7, 'NotSet', 5, NULL),
(466, 'DucDVSE04420', ' Vn c', 'DucDVSE04420@fpt.edu.vn', 'SE04420', 1, 1, 'NotSet', 1, NULL),
(467, 'HoangNKSE04300', 'Nguyn Khc Hong', 'HoangNKSE04300@fpt.edu.vn', 'SE04300', 1, 1, 'NotSet', 1, NULL),
(468, 'NamDVSE04360', 'm Vn Nam', 'NamDVSE04360@fpt.edu.vn', 'SE04360', 1, 1, 'NotSet', 1, NULL),
(469, 'AnhNTSE03288', 'Ng Tun Anh', 'AnhNTSE03288@fpt.edu.vn', 'SE03288', 1, 1, 'NotSet', 1, NULL),
(470, 'CongNNSE03402', 'Nguyn Nh Cng', 'CongNNSE03402@fpt.edu.vn', 'SE03402', 1, 1, 'NotSet', 1, NULL),
(471, 'DungNVSE04017', 'Nguyn Vn Dng', 'DungNVSE04017@fpt.edu.vn', 'SE04017', 1, 1, 'NotSet', 1, NULL),
(472, 'NamNHSE04018', 'Nguyn Hoi Nam', 'NamNHSE04018@fpt.edu.vn', 'SE04018', 1, 1, 'NotSet', 1, NULL),
(473, 'HauTTSE04044', 'Trn Th Hu', 'HauTTSE04044@fpt.edu.vn', 'SE04044', 1, 1, 'NotSet', 1, NULL),
(474, 'QuyetDVSE04265', ' Vn Quyt', 'QuyetDVSE04265@fpt.edu.vn', 'SE04265', 1, 1, 'NotSet', 1, NULL),
(475, 'AnhLTSE04277', 'L Th Anh', 'AnhLTSE04277@fpt.edu.vn', 'SE04277', 1, 1, 'NotSet', 1, NULL),
(476, 'PhuLQSE04278', 'L Quang Ph', 'PhuLQSE04278@fpt.edu.vn', 'SE04278', 1, 1, 'NotSet', 1, NULL),
(477, 'PhuNXSE04318', 'Nguyn Xun Ph', 'PhuNXSE04318@fpt.edu.vn', 'SE04318', 1, 1, 'NotSet', 1, NULL),
(478, 'TuPVSE03471', 'Phm Vn T', 'TuPVSE03471@fpt.edu.vn', 'SE03471', 1, 1, 'NotSet', 1, NULL),
(479, 'NhatNDSE03653', 'Nguyn c Nht', 'NhatNDSE03653@fpt.edu.vn', 'SE03653', 1, 1, 'NotSet', 1, NULL),
(480, 'NgocTDSE03898', 'T c Ngc', 'NgocTDSE03898@fpt.edu.vn', 'SE03898', 1, 1, 'NotSet', 1, NULL),
(481, 'CongNTSE03790', 'Nguyn Tin Cng', 'CongNTSE03790@fpt.edu.vn', 'SE03790', 1, 1, 'NotSet', 1, NULL),
(482, 'TuPASE03994', 'Phan Anh T', 'TuPASE03994@fpt.edu.vn', 'SE03994', 1, 1, 'NotSet', 1, NULL),
(483, 'TienPNSE04024', 'Phan Ngc Tin', 'TienPNSE04024@fpt.edu.vn', 'SE04024', 1, 1, 'NotSet', 1, NULL),
(484, 'KhanhLNSE04056', 'Lm Ngc Khnh', 'KhanhLNSE04056@fpt.edu.vn', 'SE04056', 1, 1, 'NotSet', 1, NULL),
(485, 'ThiNTSE04059', 'Nguyn Tin Thi', 'ThiNTSE04059@fpt.edu.vn', 'SE04059', 1, 1, 'NotSet', 1, NULL),
(486, 'VuongNVSE04060', 'Nguyn Vn Vng', 'VuongNVSE04060@fpt.edu.vn', 'SE04060', 1, 1, 'NotSet', 1, NULL),
(487, 'DungNDSE04105', 'Nguyn Duy Dng', 'DungNDSE04105@fpt.edu.vn', 'SE04105', 1, 1, 'NotSet', 1, NULL),
(488, 'ThangTVSE04129', 'Trn Vit Thng', 'ThangTVSE04129@fpt.edu.vn', 'SE04129', 1, 1, 'NotSet', 1, NULL),
(489, 'ChienTDSE04142', 'T nh Chin', 'ChienTDSE04142@fpt.edu.vn', 'SE04142', 1, 1, 'NotSet', 1, NULL),
(490, 'TrungNHHSE04279', 'Nguyn Hu Hong Trung', 'TrungNHHSE04279@fpt.edu.vn', 'SE04279', 1, 1, 'NotSet', 1, NULL),
(491, 'GiangLTSE04307', 'Lng Trng Giang', 'GiangLTSE04307@fpt.edu.vn', 'SE04307', 1, 1, 'NotSet', 1, NULL),
(492, 'QuynhLTSE04240', 'L Th Qunh', 'QuynhLTSE04240@fpt.edu.vn', 'SE04240', 1, 1, 'NotSet', 1, NULL),
(493, 'ThangNMSE04322', 'Nguyn Minh Thng', 'ThangNMSE04322@fpt.edu.vn', 'SE04322', 1, 1, 'NotSet', 1, NULL),
(494, 'TuyenNNSE04335', 'Ng Ngc Tuyn', 'TuyenNNSE04335@fpt.edu.vn', 'SE04335', 1, 1, 'NotSet', 1, NULL),
(495, 'BacNTSE04111', 'Nguyn Tun Bc', 'BacNTSE04111@fpt.edu.vn', 'SE04111', 1, 1, 'NotSet', 1, NULL),
(496, 'DuyAKSE04298', 'u Khng Duy', 'DuyAKSE04298@fpt.edu.vn', 'SE04298', 1, 1, 'NotSet', 1, NULL),
(497, 'ThangLKDSE04320', 'L Khc c Thng', 'ThangLKDSE04320@fpt.edu.vn', 'SE04320', 1, 1, 'NotSet', 1, NULL),
(498, 'YenNTHSE04366', 'Nguyn Th Hi Yn', 'YenNTHSE04366@fpt.edu.vn', 'SE04366', 1, 1, 'NotSet', 1, NULL),
(499, 'NamLTSE04267', 'Lu Thnh Nam', 'NamLTSE04267@fpt.edu.vn', 'SE04267', 1, 1, 'NotSet', 1, NULL),
(500, 'ThanhNCSE04005', 'Nguyn Ch Thnh', 'ThanhNCSE04005@fpt.edu.vn', 'SE04005', 1, 1, 'NotSet', 1, NULL),
(501, 'HungBQSE04029', 'Bi Quang Hng', 'HungBQSE04029@fpt.edu.vn', 'SE04029', 1, 1, 'NotSet', 1, NULL),
(502, 'DungNASE04066', 'Nguyn Anh Dng', 'DungNASE04066@fpt.edu.vn', 'SE04066', 1, 1, 'NotSet', 1, NULL),
(503, 'SonTTSE04026', 'Trn Thi Sn', 'SonTTSE04026@fpt.edu.vn', 'SE04026', 1, 1, 'NotSet', 1, NULL),
(504, 'TrungNHSE04291', 'Nguyn Hu Trung', 'TrungNHSE04291@fpt.edu.vn', 'SE04291', 1, 1, 'NotSet', 1, NULL),
(505, 'PhongNHSE04112', 'Nguyn H Phong', 'PhongNHSE04112@fpt.edu.vn', 'SE04112', 1, 1, 'NotSet', 1, NULL),
(506, 'AnhBVSE04380', 'Bi Vit Anh', 'AnhBVSE04380@fpt.edu.vn', 'SE04380', 1, 1, 'NotSet', 1, NULL),
(507, 'HungHDSE04010', 'Hong c Hng', 'HungHDSE04010@fpt.edu.vn', 'SE04010', 1, 1, 'NotSet', 1, NULL),
(508, 'PhatPXSE04208', 'Phan Xun Pht', 'PhatPXSE04208@fpt.edu.vn', 'SE04208', 1, 1, 'NotSet', 1, NULL),
(509, 'QuocTTSE04253', 'Trn Trng Quc', 'QuocTTSE04253@fpt.edu.vn', 'SE04253', 1, 1, 'NotSet', 1, NULL),
(510, 'DatNQSE04036', 'Nguyn Quc t', 'DatNQSE04036@fpt.edu.vn', 'SE04036', 1, 1, 'NotSet', 1, NULL),
(511, 'HauLVSE04158', 'Len Vn Hu', 'HauLVSE04158@fpt.edu.vn', 'SE04158', 1, 1, 'NotSet', 1, NULL),
(512, 'TuLASE04241', 'L Anh T', 'TuLASE04241@fpt.edu.vn', 'SE04241', 1, 1, 'NotSet', 1, NULL),
(513, 'ManhDDSE04244', 'inh Duy Mnh', 'ManhDDSE04244@fpt.edu.vn', 'SE04244', 1, 1, 'NotSet', 1, NULL),
(514, 'ThangNTSE04263', 'Nguyn Ton Thng', 'ThangNTSE04263@fpt.edu.vn', 'SE04263', 1, 1, 'NotSet', 1, NULL),
(515, 'VinhPTSE04106', 'Phm Trng Vinh', 'VinhPTSE04106@fpt.edu.vn', 'SE04106', 1, 1, 'NotSet', 1, NULL),
(516, 'ThanhVQSE04172', 'Vng Quc Thnh', 'ThanhVQSE04172@fpt.edu.vn', 'SE04172', 1, 1, 'NotSet', 1, NULL),
(517, 'DungPTSE04212', 'Phm Tin Dng', 'DungPTSE04212@fpt.edu.vn', 'SE04212', 1, 1, 'NotSet', 1, NULL),
(518, 'NamBHSE04266', 'Bi Hong Nam', 'NamBHSE04266@fpt.edu.vn', 'SE04266', 1, 1, 'NotSet', 1, NULL),
(519, 'TrungNNSE04407', 'Nguyn Ngc Trung', 'TrungNNSE04407@fpt.edu.vn', 'SE04407', 1, 1, 'NotSet', 1, NULL),
(520, 'DatNVSE04070', 'Nguyn Vn t', 'DatNVSE04070@fpt.edu.vn', 'SE04070', 1, 1, 'NotSet', 1, NULL),
(521, 'TuPTSE04117', 'Phan Tun T', 'TuPTSE04117@fpt.edu.vn', 'SE04117', 1, 1, 'NotSet', 1, NULL),
(522, 'BonVTSE04174', 'V Thnh Bn', 'BonVTSE04174@fpt.edu.vn', 'SE04174', 1, 1, 'NotSet', 1, NULL),
(523, 'DuNVSE04312', 'Nguyn Vn Du', 'DuNVSE04312@fpt.edu.vn', 'SE04312', 1, 1, 'NotSet', 1, NULL),
(524, 'PhuongBVSE04368', 'Bi Vit Phng', 'PhuongBVSE04368@fpt.edu.vn', 'SE04368', 1, 1, 'NotSet', 1, NULL),
(525, 'PhuongVTSE04392', 'V Th Phng', 'PhuongVTSE04392@fpt.edu.vn', 'SE04392', 1, 1, 'NotSet', 1, NULL),
(526, 'HungNVSE04023', 'Nguyn Vn Hng', 'HungNVSE04023@fpt.edu.vn', 'SE04023', 1, 1, 'NotSet', 1, NULL),
(527, 'CongNVSE04236', 'Nguyn Vn Cng', 'CongNVSE04236@fpt.edu.vn', 'SE04236', 1, 1, 'NotSet', 1, NULL),
(528, 'MinhLQSE04336', 'L Quang Minh', 'MinhLQSE04336@fpt.edu.vn', 'SE04336', 1, 1, 'NotSet', 1, NULL),
(529, 'KienNTSE04344', 'Nguyn Trung Kin', 'KienNTSE04344@fpt.edu.vn', 'SE04344', 1, 1, 'NotSet', 1, NULL),
(530, 'ThuyNTNSE04351', 'Nguyn Th Ngc Thy', 'ThuyNTNSE04351@fpt.edu.vn', 'SE04351', 1, 1, 'NotSet', 1, NULL),
(531, 'YenNTHSE04411', 'Nguyn Th Hi Yn', 'YenNTHSE04411@fpt.edu.vn', 'SE04411', 1, 1, 'NotSet', 1, NULL),
(532, 'ThangTMSE04173', 'Trn Mnh Thng', 'ThangTMSE04173@fpt.edu.vn', 'SE04173', 1, 1, 'NotSet', 1, NULL),
(533, 'QuynhNHSE04030', 'Nguyn Hu Qunh', 'QuynhNHSE04030@fpt.edu.vn', 'SE04030', 1, 1, 'NotSet', 1, NULL),
(534, 'HoangDDSE04370', ' nh Hong', 'HoangDDSE04370@fpt.edu.vn', 'SE04370', 1, 1, 'NotSet', 1, NULL),
(535, 'NhungDHSE04065', ' Hng Nhung', 'NhungDHSE04065@fpt.edu.vn', 'SE04065', 1, 1, 'NotSet', 1, NULL),
(536, 'TuanDMSE04002', 'o Mnh Tun', 'TuanDMSE04002@fpt.edu.vn', 'SE04002', 1, 1, 'NotSet', 1, NULL),
(537, 'TungDSSE04019', 'ng Sn Tng', 'TungDSSE04019@fpt.edu.vn', 'SE04019', 1, 1, 'NotSet', 1, NULL),
(538, 'ThaoDTPSE04341', 'o Th Phng Tho', 'ThaoDTPSE04341@fpt.edu.vn', 'SE04341', 1, 1, 'NotSet', 1, NULL),
(539, 'TungNXSE04170', 'Nguyn Xun Tng', 'TungNXSE04170@fpt.edu.vn', 'SE04170', 1, 1, 'NotSet', 1, NULL),
(540, 'TuanNQSE04330', 'Nguyn Qu Tun', 'TuanNQSE04330@fpt.edu.vn', 'SE04330', 1, 1, 'NotSet', 1, NULL),
(541, 'ThanhLHCSE04164', 'L Huy Cng Thnh', 'ThanhLHCSE04164@fpt.edu.vn', 'SE04164', 1, 1, 'NotSet', 1, NULL),
(542, 'TayLQSE04184', 'L Quang Ty', 'TayLQSE04184@fpt.edu.vn', 'SE04184', 1, 1, 'NotSet', 1, NULL),
(543, 'MinhHVSE04081', 'Hong Vn Minh', 'MinhHVSE04081@fpt.edu.vn', 'SE04081', 1, 1, 'NotSet', 1, NULL),
(544, 'HoanNNSE04151', 'Nguyn Nht Hon', 'HoanNNSE04151@fpt.edu.vn', 'SE04151', 1, 1, 'NotSet', 1, NULL),
(545, 'ThaoNTSE04311', 'Nguyn Th Tho', 'ThaoNTSE04311@fpt.edu.vn', 'SE04311', 1, 1, 'NotSet', 1, NULL),
(546, 'ToaiNTSE04189', 'Nguyn Thanh Toi', 'ToaiNTSE04189@fpt.edu.vn', 'SE04189', 1, 1, 'NotSet', 1, NULL),
(547, 'MinhPCSE04098', 'Phm Cng Minh', 'MinhPCSE04098@fpt.edu.vn', 'SE04098', 1, 1, 'NotSet', 1, NULL),
(548, 'GiangNTSE04376', 'Nguyn Th Giang', 'GiangNTSE04376@fpt.edu.vn', 'SE04376', 1, 1, 'NotSet', 1, NULL),
(549, 'HangHTHSE04246', 'Hong Th Hng Hng', 'HangHTHSE04246@fpt.edu.vn', 'SE04246', 1, 1, 'NotSet', 1, NULL),
(550, 'DanDDSE04237', 'Dng c Dn', 'DanDDSE04237@fpt.edu.vn', 'SE04237', 1, 1, 'NotSet', 1, NULL),
(551, 'TrungHPSE04281', 'Hong Phan Trung', 'TrungHPSE04281@fpt.edu.vn', 'SE04281', 1, 1, 'NotSet', 1, NULL),
(552, 'TienTMSE03980', 'Trn Mnh Tin', 'TienTMSE03980@fpt.edu.vn', 'SE03980', 1, 1, 'NotSet', 1, NULL),
(553, 'LinhVTMSE04165', 'V Th M Linh', 'LinhVTMSE04165@fpt.edu.vn', 'SE04165', 1, 1, 'NotSet', 1, NULL),
(554, 'TienNHSE04167', 'Nguyn Hu Tin', 'TienNHSE04167@fpt.edu.vn', 'SE04167', 1, 1, 'NotSet', 1, NULL),
(555, 'ThinhAVSE04295', 'u Vn Thnh', 'ThinhAVSE04295@fpt.edu.vn', 'SE04295', 1, 1, 'NotSet', 1, NULL),
(556, 'HoangNXSE03995', 'Nguyn Xun Hong', 'HoangNXSE03995@fpt.edu.vn', 'SE03995', 1, 1, 'NotSet', 1, NULL),
(557, 'AnhPTSE04328', 'Phm Tun Anh', 'AnhPTSE04328@fpt.edu.vn', 'SE04328', 1, 1, 'NotSet', 1, NULL),
(558, 'HieuNQSE04209', 'Nguyn Quang Hiu', 'HieuNQSE04209@fpt.edu.vn', 'SE04209', 1, 1, 'NotSet', 1, NULL),
(559, 'HieuNMSE04319', 'Nguyn Minh Hiu', 'HieuNMSE04319@fpt.edu.vn', 'SE04319', 1, 1, 'NotSet', 1, NULL),
(560, 'HuyNLQSE04182', 'Nguyn L Quang Huy', 'HuyNLQSE04182@fpt.edu.vn', 'SE04182', 1, 1, 'NotSet', 1, NULL),
(561, 'LuatNTSE04140', 'Nguyn Trng Lut', 'LuatNTSE04140@fpt.edu.vn', 'SE04140', 1, 1, 'NotSet', 1, NULL),
(562, 'TanNVSE03778', 'Nguyn Vn Tn', 'TanNVSE03778@fpt.edu.vn', 'SE03778', 1, 1, 'NotSet', 1, NULL),
(563, 'TungVSSE04113', 'V S Tng', 'TungVSSE04113@fpt.edu.vn', 'SE04113', 1, 1, 'NotSet', 1, NULL),
(564, 'DucLBTSE04211', 'L B Trung c', 'DucLBTSE04211@fpt.edu.vn', 'SE04211', 1, 1, 'NotSet', 1, NULL),
(565, 'TuMGSE04012', 'Mai Gia T', 'TuMGSE04012@fpt.edu.vn', 'SE04012', 1, 1, 'NotSet', 1, NULL),
(566, 'DatBTSE04115', 'Bi Tin t', 'DatBTSE04115@fpt.edu.vn', 'SE04115', 1, 1, 'NotSet', 1, NULL),
(567, 'DungVQSE04406', 'V Quang Dng', 'DungVQSE04406@fpt.edu.vn', 'SE04406', 1, 1, 'NotSet', 1, NULL),
(568, 'MinhNNSE04119', 'Nguyn Ngc Minh', 'MinhNNSE04119@fpt.edu.vn', 'SE04119', 1, 1, 'NotSet', 1, NULL),
(569, 'SonNKSE04290', 'Nguyn Khnh Sn', 'SonNKSE04290@fpt.edu.vn', 'SE04290', 1, 1, 'NotSet', 1, NULL),
(570, 'CuongDVSE03978', 'ng Vn Cng', 'CuongDVSE03978@fpt.edu.vn', 'SE03978', 1, 1, 'NotSet', 1, NULL),
(571, 'NhatDTSE03990', 'Dng Tun Nht', 'NhatDTSE03990@fpt.edu.vn', 'SE03990', 1, 1, 'NotSet', 1, NULL),
(572, 'TrinhPTSE04213', 'Ph Th Trinh', 'TrinhPTSE04213@fpt.edu.vn', 'SE04213', 1, 1, 'NotSet', 1, NULL),
(573, 'ThuanDBSE04389', ' Bnh Thun', 'ThuanDBSE04389@fpt.edu.vn', 'SE04389', 1, 1, 'NotSet', 1, NULL),
(574, 'TuNVSE04009', 'Nguyn Vn T', 'TuNVSE04009@fpt.edu.vn', 'SE04009', 1, 1, 'NotSet', 1, NULL),
(575, 'TuDVSE04020', 'Dng Vn T', 'TuDVSE04020@fpt.edu.vn', 'SE04020', 1, 1, 'NotSet', 1, NULL),
(576, 'HuyLVSE03982', 'L Vn Huy', 'HuyLVSE03982@fpt.edu.vn', 'SE03982', 1, 1, 'NotSet', 1, NULL),
(577, 'DoanCVSE04054', 'Cn Vit on', 'DoanCVSE04054@fpt.edu.vn', 'SE04054', 1, 1, 'NotSet', 1, NULL),
(578, 'HungHPSE04137', 'Hong Phi Hng', 'HungHPSE04137@fpt.edu.vn', 'SE04137', 1, 1, 'NotSet', 1, NULL),
(579, 'QuanTMSE04347', 'T Minh Qun', 'QuanTMSE04347@fpt.edu.vn', 'SE04347', 1, 1, 'NotSet', 1, NULL),
(580, 'TungNTSE04120', 'Nguyn Thanh Tng', 'TungNTSE04120@fpt.edu.vn', 'SE04120', 1, 1, 'NotSet', 1, NULL),
(581, 'DuyNDSE04204', 'Nguyn c Duy', 'DuyNDSE04204@fpt.edu.vn', 'SE04204', 1, 1, 'NotSet', 1, NULL),
(582, 'HieuVDSE04025', 'V c Hiu', 'HieuVDSE04025@fpt.edu.vn', 'SE04025', 1, 1, 'NotSet', 1, NULL),
(583, 'NgocNHSE04027', 'Nguyn Hng Ngc', 'NgocNHSE04027@fpt.edu.vn', 'SE04027', 1, 1, 'NotSet', 1, NULL),
(584, 'AnhDVSE04154', 'Dng Vit Anh', 'AnhDVSE04154@fpt.edu.vn', 'SE04154', 1, 1, 'NotSet', 1, NULL),
(585, 'LamNTSE04379', 'Ng T Lm', 'LamNTSE04379@fpt.edu.vn', 'SE04379', 1, 1, 'NotSet', 1, NULL),
(586, 'DatPTSE04037', 'Phm Tin t', 'DatPTSE04037@fpt.edu.vn', 'SE04037', 1, 1, 'NotSet', 1, NULL),
(587, 'HungNVSE04053', 'Nguyn Vit Hng', 'HungNVSE04053@fpt.edu.vn', 'SE04053', 1, 1, 'NotSet', 1, NULL),
(588, 'NamLTSE04085', 'L Trung Nam', 'NamLTSE04085@fpt.edu.vn', 'SE04085', 1, 1, 'NotSet', 1, NULL),
(589, 'DatLTSE04086', 'L Tun t', 'DatLTSE04086@fpt.edu.vn', 'SE04086', 1, 1, 'NotSet', 1, NULL),
(590, 'ThanhPKSE04131', 'Phng Khc Thnh', 'ThanhPKSE04131@fpt.edu.vn', 'SE04131', 1, 1, 'NotSet', 1, NULL),
(591, 'LongNHSE04143', 'Nguyn Hong Long', 'LongNHSE04143@fpt.edu.vn', 'SE04143', 1, 1, 'NotSet', 1, NULL),
(592, 'KyBHSE04210', 'Bi Hong K', 'KyBHSE04210@fpt.edu.vn', 'SE04210', 1, 1, 'NotSet', 1, NULL),
(593, 'AnhKHSE04323', 'Kiu Hong Anh', 'AnhKHSE04323@fpt.edu.vn', 'SE04323', 1, 1, 'NotSet', 1, NULL),
(594, 'HaiTNSE04386', 'Triu Nam Hi', 'HaiTNSE04386@fpt.edu.vn', 'SE04386', 1, 1, 'NotSet', 1, NULL),
(595, 'KhoiNDSE04028', 'Nguyn ng Khi', 'KhoiNDSE04028@fpt.edu.vn', 'SE04028', 1, 1, 'NotSet', 1, NULL),
(596, 'BachNVSE04221', 'Nguyn Vit Bch', 'BachNVSE04221@fpt.edu.vn', 'SE04221', 1, 1, 'NotSet', 1, NULL),
(597, 'BinhPTSE04222', 'Phng Thanh Bnh', 'BinhPTSE04222@fpt.edu.vn', 'SE04222', 1, 1, 'NotSet', 1, NULL),
(598, 'LamPTSE04354', 'Phm Tng Lm', 'LamPTSE04354@fpt.edu.vn', 'SE04354', 1, 1, 'NotSet', 1, NULL),
(599, 'QuangTMSE04402', 'Trn Minh Quang', 'QuangTMSE04402@fpt.edu.vn', 'SE04402', 1, 1, 'NotSet', 1, NULL),
(600, 'HaoDHSE04064', 'ng Ha Ho', 'HaoDHSE04064@fpt.edu.vn', 'SE04064', 1, 1, 'NotSet', 1, NULL),
(601, 'TuongDVSE04317', ' Vnh Tng', 'TuongDVSE04317@fpt.edu.vn', 'SE04317', 1, 1, 'NotSet', 1, NULL),
(602, 'QuynhDTTSE04133', ' Th Thu Qunh', 'QuynhDTTSE04133@fpt.edu.vn', 'SE04133', 1, 1, 'NotSet', 1, NULL),
(603, 'KhoaTNSE04180', 'Trn Nguyn Khoa', 'KhoaTNSE04180@fpt.edu.vn', 'SE04180', 1, 1, 'NotSet', 1, NULL),
(604, 'LamNPTSE04049', 'Nghim Ph Tng Lm', 'LamNPTSE04049@fpt.edu.vn', 'SE04049', 1, 1, 'NotSet', 1, NULL),
(605, 'DatNQSE04108', 'Nguyn Quc t', 'DatNQSE04108@fpt.edu.vn', 'SE04108', 1, 1, 'NotSet', 1, NULL),
(606, 'BinhNVSE04381', 'Nguyn V Bnh', 'BinhNVSE04381@fpt.edu.vn', 'SE04381', 1, 1, 'NotSet', 1, NULL),
(607, 'CongNDSE04261', 'Nguyn nh Cng', 'CongNDSE04261@fpt.edu.vn', 'SE04261', 1, 1, 'NotSet', 1, NULL),
(608, 'DucNVSE04287', 'Nguyn Vn c', 'DucNVSE04287@fpt.edu.vn', 'SE04287', 1, 1, 'NotSet', 1, NULL),
(609, 'HaHPSE04181', 'Hunh Phng H', 'HaHPSE04181@fpt.edu.vn', 'SE04181', 1, 1, 'NotSet', 1, NULL),
(610, 'DungNQSE04355', 'Nguyn Quc Dng', 'DungNQSE04355@fpt.edu.vn', 'SE04355', 1, 1, 'NotSet', 1, NULL),
(611, 'TrungNSSE04051', 'Nguyn S Trung', 'TrungNSSE04051@fpt.edu.vn', 'SE04051', 1, 1, 'NotSet', 1, NULL),
(612, 'KhanhNXSE04280', 'Nguyn Xun Khnh', 'KhanhNXSE04280@fpt.edu.vn', 'SE04280', 1, 1, 'NotSet', 1, NULL),
(613, 'HieuNTSE04238', 'Nguyn Trung Hiu', 'HieuNTSE04238@fpt.edu.vn', 'SE04238', 1, 1, 'NotSet', 1, NULL),
(614, 'KienNDSE04193', 'Nguyn c Kin', 'KienNDSE04193@fpt.edu.vn', 'SE04193', 1, 1, 'NotSet', 1, NULL),
(615, 'DuyLCSE04194', 'Lu Cao Duy', 'DuyLCSE04194@fpt.edu.vn', 'SE04194', 1, 1, 'NotSet', 1, NULL),
(616, 'SonTNSE04223', 'Trn Nguyn Sn', 'SonTNSE04223@fpt.edu.vn', 'SE04223', 1, 1, 'NotSet', 1, NULL),
(617, 'TuanLVSE04092', 'L Vn Tun', 'TuanLVSE04092@fpt.edu.vn', 'SE04092', 1, 1, 'NotSet', 1, NULL),
(618, 'DatPTSE04332', 'Phm Tin t', 'DatPTSE04332@fpt.edu.vn', 'SE04332', 1, 1, 'NotSet', 1, NULL),
(619, 'LanNTMSE04069', 'Nguyn Th Mai Lan', 'LanNTMSE04069@fpt.edu.vn', 'SE04069', 1, 1, 'NotSet', 1, NULL),
(620, 'HuyNGSE03985', 'Nguyn Gia Huy', 'HuyNGSE03985@fpt.edu.vn', 'SE03985', 1, 1, 'NotSet', 1, NULL),
(621, 'AnhDNSE04260', 'Dng Nht Anh', 'AnhDNSE04260@fpt.edu.vn', 'SE04260', 1, 1, 'NotSet', 1, NULL),
(622, 'VuNHSE04013', 'Nguyn Hi V', 'VuNHSE04013@fpt.edu.vn', 'SE04013', 1, 1, 'NotSet', 1, NULL),
(623, 'MinhHVCSE04183', 'H Vit Cng Minh', 'MinhHVCSE04183@fpt.edu.vn', 'SE04183', 1, 1, 'NotSet', 1, NULL),
(624, 'TamNTSE04247', 'Nguyn Thanh Tm', 'TamNTSE04247@fpt.edu.vn', 'SE04247', 1, 1, 'NotSet', 1, NULL),
(625, 'KienNKSE04150', 'Nguyn Khc Kin', 'KienNKSE04150@fpt.edu.vn', 'SE04150', 1, 1, 'NotSet', 1, NULL),
(626, 'DucPMSE04093', 'Phan Minh c', 'DucPMSE04093@fpt.edu.vn', 'SE04093', 1, 1, 'NotSet', 1, NULL),
(627, 'ThinhLCSE04248', 'L Cng Thnh', 'ThinhLCSE04248@fpt.edu.vn', 'SE04248', 1, 1, 'NotSet', 1, NULL),
(628, 'TungLTSE03911', 'L Trng Tng', 'TungLTSE03911@fpt.edu.vn', 'SE03911', 1, 1, 'NotSet', 1, NULL),
(629, 'TienPMSE03947', 'Phm Minh Tin', 'TienPMSE03947@fpt.edu.vn', 'SE03947', 1, 1, 'NotSet', 1, NULL),
(630, 'QuanNHSE04103', 'Nguyn H Qun', 'QuanNHSE04103@fpt.edu.vn', 'SE04103', 1, 1, 'NotSet', 1, NULL),
(631, 'LamNNSE04185', 'Ng Ngc Lm', 'LamNNSE04185@fpt.edu.vn', 'SE04185', 1, 1, 'NotSet', 1, NULL),
(632, 'HungUDSE04421', 'Ung ng Hng', 'HungUDSE04421@fpt.edu.vn', 'SE04421', 1, 1, 'NotSet', 1, NULL),
(633, 'HungVHSE04429', 'V Hong Hng', 'HungVHSE04429@fpt.edu.vn', 'SE04429', 1, 1, 'NotSet', 1, NULL),
(634, 'TanDDSE04433', ' Duy Tn', 'TanDDSE04433@fpt.edu.vn', 'SE04433', 1, 1, 'NotSet', 1, NULL),
(635, 'SonTHSE04439', 'Trn Hu Sn', 'SonTHSE04439@fpt.edu.vn', 'SE04439', 1, 1, 'NotSet', 1, NULL),
(636, 'ThangNDSE04441', 'Nguyn i Thng', 'ThangNDSE04441@fpt.edu.vn', 'SE04441', 1, 1, 'NotSet', 1, NULL),
(637, 'LeTNSE04454', 'Trng Nht L', 'LeTNSE04454@fpt.edu.vn', 'SE04454', 1, 1, 'NotSet', 1, NULL),
(638, 'LongTTSE04476', 'Trn Thi Long', 'LongTTSE04476@fpt.edu.vn', 'SE04476', 1, 1, 'NotSet', 1, NULL),
(639, 'UyenPTTSE04479', 'Phan Th T Uyn', 'UyenPTTSE04479@fpt.edu.vn', 'SE04479', 1, 1, 'NotSet', 1, NULL),
(640, 'ToanNVSE03701', 'Nguyn Vn Ton', 'ToanNVSE03701@fpt.edu.vn', 'SE03701', 1, 1, 'NotSet', 1, NULL),
(641, 'ThuanHVSE03172', 'Hong Vn Thun', 'ThuanHVSE03172@fpt.edu.vn', 'SE03172', 1, 1, 'NotSet', 1, NULL),
(642, 'MaiPDSE04409', 'Phm nh Mai', 'MaiPDSE04409@fpt.edu.vn', 'SE04409', 1, 1, 'NotSet', 1, NULL),
(643, 'ThaiTTSE04258', 'Trn Th Thi', 'ThaiTTSE04258@fpt.edu.vn', 'SE04258', 1, 1, 'NotSet', 1, NULL),
(644, 'TungNDSE03988', 'Nguyn ng Tng', 'TungNDSE03988@fpt.edu.vn', 'SE03988', 1, 1, 'NotSet', 1, NULL),
(645, 'TungLHSE02890', 'Lu Huy Tng', 'TungLHSE02890@fpt.edu.vn', 'SE02890', 1, 1, 'NotSet', 5, NULL),
(646, 'HaiLXSE03744', 'L Xun Hi', 'HaiLXSE03744@fpt.edu.vn', 'SE03744', 1, 1, 'NotSet', 5, NULL);

-- --------------------------------------------------------

--
-- Table structure for table `teachers`
--

DROP TABLE IF EXISTS `teachers`;
CREATE TABLE IF NOT EXISTS `teachers` (
`teacher_id` int(11) NOT NULL,
  `account` varchar(20) NOT NULL,
  `name` varchar(100) CHARACTER SET utf8 COLLATE utf8_vietnamese_ci NOT NULL,
  `email` varchar(50) NOT NULL
) ENGINE=InnoDB AUTO_INCREMENT=73 DEFAULT CHARSET=latin1;

--
-- Dumping data for table `teachers`
--

INSERT INTO `teachers` (`teacher_id`, `account`, `name`, `email`) VALUES
(40, 'MaiTT', 'MaiTT', 'MaiTT@fpt.edu.vn'),
(41, 'DungLM', 'DungLM', 'DungLM@fpt.edu.vn'),
(42, 'DuyDT', 'DuyDT', 'DuyDT@fpt.edu.vn'),
(43, 'CauPD', 'CauPD', 'CauPD@fpt.edu.vn'),
(44, 'VuNH', 'VuNH', 'VuNH@fpt.edu.vn'),
(45, 'HuongNT7', 'HuongNT7', 'HuongNT7@fpt.edu.vn'),
(46, 'HaNS2', 'HaNS2', 'HaNS2@fpt.edu.vn'),
(47, 'HieuLD2', 'HieuLD2', 'HieuLD2@fpt.edu.vn'),
(48, 'HungPD', 'HungPD', 'HungPD@fpt.edu.vn'),
(49, 'TrungNQ', 'TrungNQ', 'TrungNQ@fpt.edu.vn'),
(50, 'CuongN', 'CuongN', 'CuongN@fpt.edu.vn'),
(51, 'TrungDT', 'TrungDT', 'TrungDT@fpt.edu.vn'),
(52, 'KhuongPD', 'KhuongPD', 'KhuongPD@fpt.edu.vn'),
(53, 'SangNV', 'SangNV', 'SangNV@fpt.edu.vn'),
(54, 'DucHM2', 'DucHM2', 'DucHM2@fpt.edu.vn'),
(55, 'AnhPT', 'AnhPT', 'AnhPT@fpt.edu.vn'),
(56, 'CongLT2', 'CongLT2', 'CongLT2@fpt.edu.vn'),
(57, 'HoaiNV2', 'HoaiNV2', 'HoaiNV2@fpt.edu.vn'),
(58, 'HienDTT', 'HienDTT', 'HienDTT@fpt.edu.vn'),
(59, 'ChiLP', 'ChiLP', 'ChiLP@fpt.edu.vn'),
(60, 'BangBH', 'BangBH', 'BangBH@fpt.edu.vn'),
(61, 'LamPT', 'LamPT', 'LamPT@fpt.edu.vn'),
(62, 'BinhNV2', 'BinhNV2', 'BinhNV2@fpt.edu.vn'),
(63, 'SonHX', 'SonHX', 'SonHX@fpt.edu.vn'),
(64, 'ThuLX', 'ThuLX', 'ThuLX@fpt.edu.vn'),
(65, 'MaiVTT', 'MaiVTT', 'MaiVTT@fpt.edu.vn'),
(66, 'VietNK', 'VietNK', 'VietNK@fpt.edu.vn'),
(67, 'DuanTC', 'DuanTC', 'DuanTC@fpt.edu.vn'),
(68, 'TrungNT', 'TrungNT', 'TrungNT@fpt.edu.vn'),
(69, 'VanDT', 'VanDT', 'VanDT@fpt.edu.vn'),
(70, 'QuyPH', 'QuyPH', 'QuyPH@fpt.edu.vn'),
(71, 'DungNT', 'DungNT', 'DungNT@fpt.edu.vn'),
(72, 'HuyenTT', 'HuyenTT', 'HuyenTT@fpt.edu.vn');

-- --------------------------------------------------------

--
-- Table structure for table `teacher_course_semester`
--

DROP TABLE IF EXISTS `teacher_course_semester`;
CREATE TABLE IF NOT EXISTS `teacher_course_semester` (
`teacher_course_semester_id` int(11) NOT NULL,
  `teacher_semester_id` int(11) NOT NULL,
  `course_semester_id` int(11) NOT NULL
) ENGINE=InnoDB AUTO_INCREMENT=756 DEFAULT CHARSET=latin1;

--
-- Dumping data for table `teacher_course_semester`
--

INSERT INTO `teacher_course_semester` (`teacher_course_semester_id`, `teacher_semester_id`, `course_semester_id`) VALUES
(687, 40, 242),
(688, 58, 242),
(689, 41, 243),
(690, 42, 243),
(691, 42, 244),
(692, 59, 244),
(693, 42, 275),
(694, 59, 275),
(695, 43, 246),
(696, 42, 246),
(697, 43, 247),
(698, 42, 247),
(699, 59, 247),
(700, 41, 247),
(701, 44, 248),
(702, 60, 248),
(703, 45, 249),
(704, 61, 249),
(705, 43, 250),
(706, 42, 250),
(707, 41, 251),
(708, 52, 251),
(709, 42, 252),
(710, 62, 252),
(711, 44, 252),
(712, 43, 252),
(713, 44, 253),
(714, 60, 253),
(715, 42, 254),
(716, 62, 254),
(717, 46, 255),
(718, 47, 256),
(719, 48, 257),
(720, 63, 257),
(721, 46, 258),
(722, 49, 259),
(723, 50, 260),
(724, 64, 260),
(725, 69, 260),
(726, 72, 260),
(727, 50, 261),
(728, 64, 261),
(729, 69, 261),
(730, 72, 261),
(731, 50, 262),
(732, 64, 262),
(733, 69, 262),
(734, 72, 262),
(735, 51, 263),
(736, 65, 263),
(737, 70, 263),
(738, 51, 264),
(739, 65, 264),
(740, 71, 264),
(741, 51, 265),
(742, 66, 265),
(743, 71, 265),
(744, 52, 266),
(745, 67, 266),
(746, 53, 267),
(747, 55, 267),
(748, 54, 268),
(749, 53, 269),
(750, 68, 269),
(751, 54, 270),
(752, 55, 271),
(753, 55, 272),
(754, 56, 273),
(755, 57, 274);

-- --------------------------------------------------------

--
-- Table structure for table `teacher_semester`
--

DROP TABLE IF EXISTS `teacher_semester`;
CREATE TABLE IF NOT EXISTS `teacher_semester` (
`teacher_semester_id` int(11) NOT NULL,
  `teacher_id` int(11) NOT NULL,
  `semester_id` int(11) NOT NULL
) ENGINE=InnoDB AUTO_INCREMENT=73 DEFAULT CHARSET=latin1;

--
-- Dumping data for table `teacher_semester`
--

INSERT INTO `teacher_semester` (`teacher_semester_id`, `teacher_id`, `semester_id`) VALUES
(40, 40, 2),
(41, 41, 2),
(42, 42, 2),
(43, 43, 2),
(44, 44, 2),
(45, 45, 2),
(46, 46, 2),
(47, 47, 2),
(48, 48, 2),
(49, 49, 2),
(50, 50, 2),
(51, 51, 2),
(52, 52, 2),
(53, 53, 2),
(54, 54, 2),
(55, 55, 2),
(56, 56, 2),
(57, 57, 2),
(58, 58, 2),
(59, 59, 2),
(60, 60, 2),
(61, 61, 2),
(62, 62, 2),
(63, 63, 2),
(64, 64, 2),
(65, 65, 2),
(66, 66, 2),
(67, 67, 2),
(68, 68, 2),
(69, 69, 2),
(70, 70, 2),
(71, 71, 2),
(72, 72, 2);

-- --------------------------------------------------------

--
-- Table structure for table `time_table`
--

DROP TABLE IF EXISTS `time_table`;
CREATE TABLE IF NOT EXISTS `time_table` (
`time_table_id` int(11) NOT NULL,
  `class_course_semester_id` int(11) NOT NULL,
  `date` datetime NOT NULL,
  `slot` int(11) NOT NULL,
  `room_id` int(11) DEFAULT NULL,
  `teacher_semester_id` int(11) DEFAULT NULL
) ENGINE=InnoDB AUTO_INCREMENT=70510 DEFAULT CHARSET=latin1;

--
-- Dumping data for table `time_table`
--

INSERT INTO `time_table` (`time_table_id`, `class_course_semester_id`, `date`, `slot`, `room_id`, `teacher_semester_id`) VALUES
(66490, 321, '2015-09-07 09:10:00', 2, 53, NULL),
(66491, 321, '2015-09-14 09:10:00', 2, 53, NULL),
(66492, 321, '2015-09-21 09:10:00', 2, 53, NULL),
(66493, 321, '2015-09-07 10:50:00', 3, 53, NULL),
(66494, 321, '2015-09-14 10:50:00', 3, 53, NULL),
(66495, 321, '2015-09-21 10:50:00', 3, 53, NULL),
(66496, 323, '2015-09-08 09:10:00', 2, 53, 51),
(66497, 323, '2015-09-15 09:10:00', 2, 53, 51),
(66498, 323, '2015-09-22 09:10:00', 2, 53, 51),
(66499, 323, '2015-09-08 10:50:00', 3, 53, 51),
(66500, 323, '2015-09-15 10:50:00', 3, 53, 51),
(66501, 323, '2015-09-22 10:50:00', 3, 53, 51),
(66502, 321, '2015-09-09 09:10:00', 2, 53, NULL),
(66503, 321, '2015-09-16 09:10:00', 2, 53, NULL),
(66504, 321, '2015-09-23 09:10:00', 2, 53, NULL),
(66505, 321, '2015-09-09 10:50:00', 3, 53, NULL),
(66506, 321, '2015-09-16 10:50:00', 3, 53, NULL),
(66507, 321, '2015-09-23 10:50:00', 3, 53, NULL),
(66508, 323, '2015-09-10 09:10:00', 2, 53, 51),
(66509, 323, '2015-09-17 09:10:00', 2, 53, 51),
(66510, 323, '2015-09-24 09:10:00', 2, 53, 51),
(66511, 323, '2015-09-10 10:50:00', 3, 53, 51),
(66512, 323, '2015-09-17 10:50:00', 3, 53, 51),
(66513, 323, '2015-09-24 10:50:00', 3, 53, 51),
(66514, 321, '2015-09-11 09:10:00', 2, 53, NULL),
(66515, 321, '2015-09-18 09:10:00', 2, 53, NULL),
(66516, 321, '2015-09-25 09:10:00', 2, 53, NULL),
(66517, 321, '2015-09-11 10:50:00', 3, 53, NULL),
(66518, 321, '2015-09-18 10:50:00', 3, 53, NULL),
(66519, 321, '2015-09-25 10:50:00', 3, 53, NULL),
(66520, 321, '2015-09-28 09:10:00', 2, 53, NULL),
(66521, 321, '2015-10-05 09:10:00', 2, 53, NULL),
(66522, 321, '2015-10-12 09:10:00', 2, 53, NULL),
(66523, 321, '2015-09-28 10:50:00', 3, 53, NULL),
(66524, 321, '2015-10-05 10:50:00', 3, 53, NULL),
(66525, 321, '2015-10-12 10:50:00', 3, 53, NULL),
(66526, 323, '2015-09-29 09:10:00', 2, 53, 51),
(66527, 323, '2015-10-06 09:10:00', 2, 53, 51),
(66528, 323, '2015-10-13 09:10:00', 2, 53, 51),
(66529, 323, '2015-09-29 10:50:00', 3, 53, 51),
(66530, 323, '2015-10-06 10:50:00', 3, 53, 51),
(66531, 323, '2015-10-13 10:50:00', 3, 53, 51),
(66532, 321, '2015-09-30 09:10:00', 2, 53, NULL),
(66533, 321, '2015-10-07 09:10:00', 2, 53, NULL),
(66534, 321, '2015-10-14 09:10:00', 2, 53, NULL),
(66535, 321, '2015-09-30 10:50:00', 3, 53, NULL),
(66536, 321, '2015-10-07 10:50:00', 3, 53, NULL),
(66537, 321, '2015-10-14 10:50:00', 3, 53, NULL),
(66538, 323, '2015-10-01 09:10:00', 2, 53, 51),
(66539, 323, '2015-10-08 09:10:00', 2, 53, 51),
(66540, 323, '2015-10-15 09:10:00', 2, 53, 51),
(66541, 323, '2015-10-01 10:50:00', 3, 53, 51),
(66542, 323, '2015-10-08 10:50:00', 3, 53, 51),
(66543, 323, '2015-10-15 10:50:00', 3, 53, 51),
(66544, 323, '2015-10-02 09:10:00', 2, 53, 51),
(66545, 323, '2015-10-09 09:10:00', 2, 53, 51),
(66546, 323, '2015-10-16 09:10:00', 2, 53, 51),
(66547, 323, '2015-10-02 10:50:00', 3, 53, 51),
(66548, 323, '2015-10-09 10:50:00', 3, 53, 51),
(66549, 323, '2015-10-16 10:50:00', 3, 53, 51),
(66550, 325, '2015-11-09 07:30:00', 1, 53, 63),
(66551, 325, '2015-11-16 07:30:00', 1, 53, 63),
(66552, 325, '2015-11-23 07:30:00', 1, 53, 63),
(66553, 322, '2015-11-09 09:10:00', 2, 50, 40),
(66554, 322, '2015-11-16 09:10:00', 2, 50, 40),
(66555, 322, '2015-11-23 09:10:00', 2, 50, 40),
(66556, 322, '2015-11-09 10:50:00', 3, 50, 40),
(66557, 322, '2015-11-16 10:50:00', 3, 50, 40),
(66558, 322, '2015-11-23 10:50:00', 3, 50, 40),
(66559, 325, '2015-11-10 07:30:00', 1, 53, 63),
(66560, 325, '2015-11-17 07:30:00', 1, 53, 63),
(66561, 325, '2015-11-24 07:30:00', 1, 53, 63),
(66562, 324, '2015-11-10 09:10:00', 2, 53, 52),
(66563, 324, '2015-11-17 09:10:00', 2, 53, 52),
(66564, 324, '2015-11-24 09:10:00', 2, 53, 52),
(66565, 324, '2015-11-10 10:50:00', 3, 53, 52),
(66566, 324, '2015-11-17 10:50:00', 3, 53, 52),
(66567, 324, '2015-11-24 10:50:00', 3, 53, 52),
(66568, 325, '2015-11-11 07:30:00', 1, 53, 63),
(66569, 325, '2015-11-18 07:30:00', 1, 53, 63),
(66570, 325, '2015-11-25 07:30:00', 1, 53, 63),
(66571, 322, '2015-11-11 09:10:00', 2, 50, 40),
(66572, 322, '2015-11-18 09:10:00', 2, 50, 40),
(66573, 322, '2015-11-25 09:10:00', 2, 50, 40),
(66574, 322, '2015-11-11 10:50:00', 3, 50, 40),
(66575, 322, '2015-11-18 10:50:00', 3, 50, 40),
(66576, 322, '2015-11-25 10:50:00', 3, 50, 40),
(66577, 325, '2015-11-12 07:30:00', 1, 53, 63),
(66578, 325, '2015-11-19 07:30:00', 1, 53, 63),
(66579, 325, '2015-11-26 07:30:00', 1, 53, 63),
(66580, 324, '2015-11-12 09:10:00', 2, 53, 52),
(66581, 324, '2015-11-19 09:10:00', 2, 53, 52),
(66582, 324, '2015-11-26 09:10:00', 2, 53, 52),
(66583, 324, '2015-11-12 10:50:00', 3, 53, 52),
(66584, 324, '2015-11-19 10:50:00', 3, 53, 52),
(66585, 324, '2015-11-26 10:50:00', 3, 53, 52),
(66586, 325, '2015-11-13 07:30:00', 1, 53, 63),
(66587, 325, '2015-11-20 07:30:00', 1, 53, 63),
(66588, 325, '2015-11-27 07:30:00', 1, 53, 63),
(66589, 322, '2015-11-13 09:10:00', 2, 50, 40),
(66590, 322, '2015-11-20 09:10:00', 2, 50, 40),
(66591, 322, '2015-11-27 09:10:00', 2, 50, 40),
(66592, 322, '2015-11-13 10:50:00', 3, 50, 40),
(66593, 322, '2015-11-20 10:50:00', 3, 50, 40),
(66594, 322, '2015-11-27 10:50:00', 3, 50, 40),
(66595, 325, '2015-11-30 07:30:00', 1, 53, 63),
(66596, 325, '2015-12-07 07:30:00', 1, 53, 63),
(66597, 325, '2015-12-14 07:30:00', 1, 53, 63),
(66598, 322, '2015-11-30 09:10:00', 2, 50, 40),
(66599, 322, '2015-12-07 09:10:00', 2, 50, 40),
(66600, 322, '2015-12-14 09:10:00', 2, 50, 40),
(66601, 322, '2015-11-30 10:50:00', 3, 50, 40),
(66602, 322, '2015-12-07 10:50:00', 3, 50, 40),
(66603, 322, '2015-12-14 10:50:00', 3, 50, 40),
(66604, 325, '2015-12-01 07:30:00', 1, 53, 63),
(66605, 325, '2015-12-08 07:30:00', 1, 53, 63),
(66606, 325, '2015-12-15 07:30:00', 1, 53, 63),
(66607, 324, '2015-12-01 09:10:00', 2, 53, 52),
(66608, 324, '2015-12-08 09:10:00', 2, 53, 52),
(66609, 324, '2015-12-15 09:10:00', 2, 53, 52),
(66610, 324, '2015-12-01 10:50:00', 3, 53, 52),
(66611, 324, '2015-12-08 10:50:00', 3, 53, 52),
(66612, 324, '2015-12-15 10:50:00', 3, 53, 52),
(66613, 325, '2015-12-02 07:30:00', 1, 53, 63),
(66614, 325, '2015-12-09 07:30:00', 1, 53, 63),
(66615, 325, '2015-12-16 07:30:00', 1, 53, 63),
(66616, 322, '2015-12-02 09:10:00', 2, 50, 40),
(66617, 322, '2015-12-09 09:10:00', 2, 50, 40),
(66618, 322, '2015-12-16 09:10:00', 2, 50, 40),
(66619, 322, '2015-12-02 10:50:00', 3, 50, 40),
(66620, 322, '2015-12-09 10:50:00', 3, 50, 40),
(66621, 322, '2015-12-16 10:50:00', 3, 50, 40),
(66622, 325, '2015-12-03 07:30:00', 1, 53, 63),
(66623, 325, '2015-12-10 07:30:00', 1, 53, 63),
(66624, 325, '2015-12-17 07:30:00', 1, 53, 63),
(66625, 324, '2015-12-03 09:10:00', 2, 53, 52),
(66626, 324, '2015-12-10 09:10:00', 2, 53, 52),
(66627, 324, '2015-12-17 09:10:00', 2, 53, 52),
(66628, 324, '2015-12-03 10:50:00', 3, 53, 52),
(66629, 324, '2015-12-10 10:50:00', 3, 53, 52),
(66630, 324, '2015-12-17 10:50:00', 3, 53, 52),
(66631, 325, '2015-12-04 07:30:00', 1, 53, 63),
(66632, 325, '2015-12-11 07:30:00', 1, 53, 63),
(66633, 325, '2015-12-18 07:30:00', 1, 53, 63),
(66634, 324, '2015-12-04 09:10:00', 2, 53, 52),
(66635, 324, '2015-12-11 09:10:00', 2, 53, 52),
(66636, 324, '2015-12-18 09:10:00', 2, 53, 52),
(66637, 324, '2015-12-04 10:50:00', 3, 53, 52),
(66638, 324, '2015-12-11 10:50:00', 3, 53, 52),
(66639, 324, '2015-12-18 10:50:00', 3, 53, 52),
(66640, 328, '2015-09-07 12:50:00', 4, 53, 65),
(66641, 328, '2015-09-14 12:50:00', 4, 53, 65),
(66642, 328, '2015-09-21 12:50:00', 4, 53, 65),
(66643, 328, '2015-09-07 14:30:00', 5, 53, 65),
(66644, 328, '2015-09-14 14:30:00', 5, 53, 65),
(66645, 328, '2015-09-21 14:30:00', 5, 53, 65),
(66646, 327, '2015-09-08 12:50:00', 4, 50, 40),
(66647, 327, '2015-09-15 12:50:00', 4, 50, 40),
(66648, 327, '2015-09-22 12:50:00', 4, 50, 40),
(66649, 327, '2015-09-08 14:30:00', 5, 50, 40),
(66650, 327, '2015-09-15 14:30:00', 5, 50, 40),
(66651, 327, '2015-09-22 14:30:00', 5, 50, 40),
(66652, 328, '2015-09-09 12:50:00', 4, 53, 65),
(66653, 328, '2015-09-16 12:50:00', 4, 53, 65),
(66654, 328, '2015-09-23 12:50:00', 4, 53, 65),
(66655, 328, '2015-09-09 14:30:00', 5, 53, 65),
(66656, 328, '2015-09-16 14:30:00', 5, 53, 65),
(66657, 328, '2015-09-23 14:30:00', 5, 53, 65),
(66658, 327, '2015-09-10 12:50:00', 4, 50, 40),
(66659, 327, '2015-09-17 12:50:00', 4, 50, 40),
(66660, 327, '2015-09-24 12:50:00', 4, 50, 40),
(66661, 327, '2015-09-10 14:30:00', 5, 50, 40),
(66662, 327, '2015-09-17 14:30:00', 5, 50, 40),
(66663, 327, '2015-09-24 14:30:00', 5, 50, 40),
(66664, 328, '2015-09-11 12:50:00', 4, 53, 65),
(66665, 328, '2015-09-18 12:50:00', 4, 53, 65),
(66666, 328, '2015-09-25 12:50:00', 4, 53, 65),
(66667, 328, '2015-09-11 14:30:00', 5, 53, 65),
(66668, 328, '2015-09-18 14:30:00', 5, 53, 65),
(66669, 328, '2015-09-25 14:30:00', 5, 53, 65),
(66670, 328, '2015-09-28 12:50:00', 4, 53, 65),
(66671, 328, '2015-10-05 12:50:00', 4, 53, 65),
(66672, 328, '2015-10-12 12:50:00', 4, 53, 65),
(66673, 328, '2015-09-28 14:30:00', 5, 53, 65),
(66674, 328, '2015-10-05 14:30:00', 5, 53, 65),
(66675, 328, '2015-10-12 14:30:00', 5, 53, 65),
(66676, 327, '2015-09-29 12:50:00', 4, 50, 40),
(66677, 327, '2015-10-06 12:50:00', 4, 50, 40),
(66678, 327, '2015-10-13 12:50:00', 4, 50, 40),
(66679, 327, '2015-09-29 14:30:00', 5, 50, 40),
(66680, 327, '2015-10-06 14:30:00', 5, 50, 40),
(66681, 327, '2015-10-13 14:30:00', 5, 50, 40),
(66682, 328, '2015-09-30 12:50:00', 4, 53, 65),
(66683, 328, '2015-10-07 12:50:00', 4, 53, 65),
(66684, 328, '2015-10-14 12:50:00', 4, 53, 65),
(66685, 328, '2015-09-30 14:30:00', 5, 53, 65),
(66686, 328, '2015-10-07 14:30:00', 5, 53, 65),
(66687, 328, '2015-10-14 14:30:00', 5, 53, 65),
(66688, 327, '2015-10-01 12:50:00', 4, 50, 40),
(66689, 327, '2015-10-08 12:50:00', 4, 50, 40),
(66690, 327, '2015-10-15 12:50:00', 4, 50, 40),
(66691, 327, '2015-10-01 14:30:00', 5, 50, 40),
(66692, 327, '2015-10-08 14:30:00', 5, 50, 40),
(66693, 327, '2015-10-15 14:30:00', 5, 50, 40),
(66694, 327, '2015-10-02 12:50:00', 4, 50, 40),
(66695, 327, '2015-10-09 12:50:00', 4, 50, 40),
(66696, 327, '2015-10-16 12:50:00', 4, 50, 40),
(66697, 327, '2015-10-02 14:30:00', 5, 50, 40),
(66698, 327, '2015-10-09 14:30:00', 5, 50, 40),
(66699, 327, '2015-10-16 14:30:00', 5, 50, 40),
(66700, 326, '2015-11-09 12:50:00', 4, 53, 41),
(66701, 326, '2015-11-16 12:50:00', 4, 53, 41),
(66702, 326, '2015-11-23 12:50:00', 4, 53, 41),
(66703, 326, '2015-11-09 14:30:00', 5, 53, 41),
(66704, 326, '2015-11-16 14:30:00', 5, 53, 41),
(66705, 326, '2015-11-23 14:30:00', 5, 53, 41),
(66706, 330, '2015-11-09 16:10:00', 6, 53, 48),
(66707, 330, '2015-11-16 16:10:00', 6, 53, 48),
(66708, 330, '2015-11-23 16:10:00', 6, 53, 48),
(66709, 329, '2015-11-10 12:50:00', 4, 53, 52),
(66710, 329, '2015-11-17 12:50:00', 4, 53, 52),
(66711, 329, '2015-11-24 12:50:00', 4, 53, 52),
(66712, 329, '2015-11-10 14:30:00', 5, 53, 52),
(66713, 329, '2015-11-17 14:30:00', 5, 53, 52),
(66714, 329, '2015-11-24 14:30:00', 5, 53, 52),
(66715, 330, '2015-11-10 16:10:00', 6, 53, 48),
(66716, 330, '2015-11-17 16:10:00', 6, 53, 48),
(66717, 330, '2015-11-24 16:10:00', 6, 53, 48),
(66718, 326, '2015-11-11 12:50:00', 4, 53, 41),
(66719, 326, '2015-11-18 12:50:00', 4, 53, 41),
(66720, 326, '2015-11-25 12:50:00', 4, 53, 41),
(66721, 326, '2015-11-11 14:30:00', 5, 53, 41),
(66722, 326, '2015-11-18 14:30:00', 5, 53, 41),
(66723, 326, '2015-11-25 14:30:00', 5, 53, 41),
(66724, 330, '2015-11-11 16:10:00', 6, 53, 48),
(66725, 330, '2015-11-18 16:10:00', 6, 53, 48),
(66726, 330, '2015-11-25 16:10:00', 6, 53, 48),
(66727, 329, '2015-11-12 12:50:00', 4, 53, 52),
(66728, 329, '2015-11-19 12:50:00', 4, 53, 52),
(66729, 329, '2015-11-26 12:50:00', 4, 53, 52),
(66730, 329, '2015-11-12 14:30:00', 5, 53, 52),
(66731, 329, '2015-11-19 14:30:00', 5, 53, 52),
(66732, 329, '2015-11-26 14:30:00', 5, 53, 52),
(66733, 330, '2015-11-12 16:10:00', 6, 53, 48),
(66734, 330, '2015-11-19 16:10:00', 6, 53, 48),
(66735, 330, '2015-11-26 16:10:00', 6, 53, 48),
(66736, 326, '2015-11-13 12:50:00', 4, 53, 41),
(66737, 326, '2015-11-20 12:50:00', 4, 53, 41),
(66738, 326, '2015-11-27 12:50:00', 4, 53, 41),
(66739, 326, '2015-11-13 14:30:00', 5, 53, 41),
(66740, 326, '2015-11-20 14:30:00', 5, 53, 41),
(66741, 326, '2015-11-27 14:30:00', 5, 53, 41),
(66742, 330, '2015-11-13 16:10:00', 6, 53, 48),
(66743, 330, '2015-11-20 16:10:00', 6, 53, 48),
(66744, 330, '2015-11-27 16:10:00', 6, 53, 48),
(66745, 326, '2015-11-30 12:50:00', 4, 53, 41),
(66746, 326, '2015-12-07 12:50:00', 4, 53, 41),
(66747, 326, '2015-12-14 12:50:00', 4, 53, 41),
(66748, 326, '2015-11-30 14:30:00', 5, 53, 41),
(66749, 326, '2015-12-07 14:30:00', 5, 53, 41),
(66750, 326, '2015-12-14 14:30:00', 5, 53, 41),
(66751, 330, '2015-11-30 16:10:00', 6, 53, 48),
(66752, 330, '2015-12-07 16:10:00', 6, 53, 48),
(66753, 330, '2015-12-14 16:10:00', 6, 53, 48),
(66754, 329, '2015-12-01 12:50:00', 4, 53, 52),
(66755, 329, '2015-12-08 12:50:00', 4, 53, 52),
(66756, 329, '2015-12-15 12:50:00', 4, 53, 52),
(66757, 329, '2015-12-01 14:30:00', 5, 53, 52),
(66758, 329, '2015-12-08 14:30:00', 5, 53, 52),
(66759, 329, '2015-12-15 14:30:00', 5, 53, 52),
(66760, 330, '2015-12-01 16:10:00', 6, 53, 48),
(66761, 330, '2015-12-08 16:10:00', 6, 53, 48),
(66762, 330, '2015-12-15 16:10:00', 6, 53, 48),
(66763, 326, '2015-12-02 12:50:00', 4, 53, 41),
(66764, 326, '2015-12-09 12:50:00', 4, 53, 41),
(66765, 326, '2015-12-16 12:50:00', 4, 53, 41),
(66766, 326, '2015-12-02 14:30:00', 5, 53, 41),
(66767, 326, '2015-12-09 14:30:00', 5, 53, 41),
(66768, 326, '2015-12-16 14:30:00', 5, 53, 41),
(66769, 330, '2015-12-02 16:10:00', 6, 53, 48),
(66770, 330, '2015-12-09 16:10:00', 6, 53, 48),
(66771, 330, '2015-12-16 16:10:00', 6, 53, 48),
(66772, 329, '2015-12-03 12:50:00', 4, 53, 52),
(66773, 329, '2015-12-10 12:50:00', 4, 53, 52),
(66774, 329, '2015-12-17 12:50:00', 4, 53, 52),
(66775, 329, '2015-12-03 14:30:00', 5, 53, 52),
(66776, 329, '2015-12-10 14:30:00', 5, 53, 52),
(66777, 329, '2015-12-17 14:30:00', 5, 53, 52),
(66778, 330, '2015-12-03 16:10:00', 6, 53, 48),
(66779, 330, '2015-12-10 16:10:00', 6, 53, 48),
(66780, 330, '2015-12-17 16:10:00', 6, 53, 48),
(66781, 329, '2015-12-04 12:50:00', 4, 53, 52),
(66782, 329, '2015-12-11 12:50:00', 4, 53, 52),
(66783, 329, '2015-12-18 12:50:00', 4, 53, 52),
(66784, 329, '2015-12-04 14:30:00', 5, 53, 52),
(66785, 329, '2015-12-11 14:30:00', 5, 53, 52),
(66786, 329, '2015-12-18 14:30:00', 5, 53, 52),
(66787, 330, '2015-12-04 16:10:00', 6, 53, 48),
(66788, 330, '2015-12-11 16:10:00', 6, 53, 48),
(66789, 330, '2015-12-18 16:10:00', 6, 53, 48),
(66790, 334, '2015-09-07 14:30:00', 5, 54, 52),
(66791, 334, '2015-09-14 14:30:00', 5, 54, 52),
(66792, 334, '2015-09-21 14:30:00', 5, 54, 52),
(66793, 334, '2015-09-07 16:10:00', 6, 54, 52),
(66794, 334, '2015-09-14 16:10:00', 6, 54, 52),
(66795, 334, '2015-09-21 16:10:00', 6, 54, 52),
(66796, 333, '2015-09-08 14:30:00', 5, 54, 65),
(66797, 333, '2015-09-15 14:30:00', 5, 54, 65),
(66798, 333, '2015-09-22 14:30:00', 5, 54, 65),
(66799, 333, '2015-09-08 16:10:00', 6, 54, 65),
(66800, 333, '2015-09-15 16:10:00', 6, 54, 65),
(66801, 333, '2015-09-22 16:10:00', 6, 54, 65),
(66802, 334, '2015-09-09 14:30:00', 5, 54, 52),
(66803, 334, '2015-09-16 14:30:00', 5, 54, 52),
(66804, 334, '2015-09-23 14:30:00', 5, 54, 52),
(66805, 334, '2015-09-09 16:10:00', 6, 54, 52),
(66806, 334, '2015-09-16 16:10:00', 6, 54, 52),
(66807, 334, '2015-09-23 16:10:00', 6, 54, 52),
(66808, 333, '2015-09-10 14:30:00', 5, 54, 65),
(66809, 333, '2015-09-17 14:30:00', 5, 54, 65),
(66810, 333, '2015-09-24 14:30:00', 5, 54, 65),
(66811, 333, '2015-09-10 16:10:00', 6, 54, 65),
(66812, 333, '2015-09-17 16:10:00', 6, 54, 65),
(66813, 333, '2015-09-24 16:10:00', 6, 54, 65),
(66814, 334, '2015-09-11 14:30:00', 5, 54, 52),
(66815, 334, '2015-09-18 14:30:00', 5, 54, 52),
(66816, 334, '2015-09-25 14:30:00', 5, 54, 52),
(66817, 334, '2015-09-11 16:10:00', 6, 54, 52),
(66818, 334, '2015-09-18 16:10:00', 6, 54, 52),
(66819, 334, '2015-09-25 16:10:00', 6, 54, 52),
(66820, 334, '2015-09-28 14:30:00', 5, 54, 52),
(66821, 334, '2015-10-05 14:30:00', 5, 54, 52),
(66822, 334, '2015-10-12 14:30:00', 5, 54, 52),
(66823, 334, '2015-09-28 16:10:00', 6, 54, 52),
(66824, 334, '2015-10-05 16:10:00', 6, 54, 52),
(66825, 334, '2015-10-12 16:10:00', 6, 54, 52),
(66826, 333, '2015-09-29 14:30:00', 5, 54, 65),
(66827, 333, '2015-10-06 14:30:00', 5, 54, 65),
(66828, 333, '2015-10-13 14:30:00', 5, 54, 65),
(66829, 333, '2015-09-29 16:10:00', 6, 54, 65),
(66830, 333, '2015-10-06 16:10:00', 6, 54, 65),
(66831, 333, '2015-10-13 16:10:00', 6, 54, 65),
(66832, 334, '2015-09-30 14:30:00', 5, 54, 52),
(66833, 334, '2015-10-07 14:30:00', 5, 54, 52),
(66834, 334, '2015-10-14 14:30:00', 5, 54, 52),
(66835, 334, '2015-09-30 16:10:00', 6, 54, 52),
(66836, 334, '2015-10-07 16:10:00', 6, 54, 52),
(66837, 334, '2015-10-14 16:10:00', 6, 54, 52),
(66838, 333, '2015-10-01 14:30:00', 5, 54, 65),
(66839, 333, '2015-10-08 14:30:00', 5, 54, 65),
(66840, 333, '2015-10-15 14:30:00', 5, 54, 65),
(66841, 333, '2015-10-01 16:10:00', 6, 54, 65),
(66842, 333, '2015-10-08 16:10:00', 6, 54, 65),
(66843, 333, '2015-10-15 16:10:00', 6, 54, 65),
(66844, 333, '2015-10-02 14:30:00', 5, 54, 65),
(66845, 333, '2015-10-09 14:30:00', 5, 54, 65),
(66846, 333, '2015-10-16 14:30:00', 5, 54, 65),
(66847, 333, '2015-10-02 16:10:00', 6, 54, 65),
(66848, 333, '2015-10-09 16:10:00', 6, 54, 65),
(66849, 333, '2015-10-16 16:10:00', 6, 54, 65),
(66850, 332, '2015-11-09 12:50:00', 4, 50, 58),
(66851, 332, '2015-11-16 12:50:00', 4, 50, 58),
(66852, 332, '2015-11-23 12:50:00', 4, 50, 58),
(66853, 332, '2015-11-09 14:30:00', 5, 50, 58),
(66854, 332, '2015-11-16 14:30:00', 5, 50, 58),
(66855, 332, '2015-11-23 14:30:00', 5, 50, 58),
(66856, 335, '2015-11-09 16:10:00', 6, 54, 63),
(66857, 335, '2015-11-16 16:10:00', 6, 54, 63),
(66858, 335, '2015-11-23 16:10:00', 6, 54, 63),
(66859, 331, '2015-11-10 12:50:00', 4, 54, NULL),
(66860, 331, '2015-11-17 12:50:00', 4, 54, NULL),
(66861, 331, '2015-11-24 12:50:00', 4, 54, NULL),
(66862, 331, '2015-11-10 14:30:00', 5, 54, NULL),
(66863, 331, '2015-11-17 14:30:00', 5, 54, NULL),
(66864, 331, '2015-11-24 14:30:00', 5, 54, NULL),
(66865, 335, '2015-11-10 16:10:00', 6, 54, 63),
(66866, 335, '2015-11-17 16:10:00', 6, 54, 63),
(66867, 335, '2015-11-24 16:10:00', 6, 54, 63),
(66868, 332, '2015-11-11 12:50:00', 4, 50, 58),
(66869, 332, '2015-11-18 12:50:00', 4, 50, 58),
(66870, 332, '2015-11-25 12:50:00', 4, 50, 58),
(66871, 332, '2015-11-11 14:30:00', 5, 50, 58),
(66872, 332, '2015-11-18 14:30:00', 5, 50, 58),
(66873, 332, '2015-11-25 14:30:00', 5, 50, 58),
(66874, 335, '2015-11-11 16:10:00', 6, 54, 63),
(66875, 335, '2015-11-18 16:10:00', 6, 54, 63),
(66876, 335, '2015-11-25 16:10:00', 6, 54, 63),
(66877, 331, '2015-11-12 12:50:00', 4, 54, NULL),
(66878, 331, '2015-11-19 12:50:00', 4, 54, NULL),
(66879, 331, '2015-11-26 12:50:00', 4, 54, NULL),
(66880, 331, '2015-11-12 14:30:00', 5, 54, NULL),
(66881, 331, '2015-11-19 14:30:00', 5, 54, NULL),
(66882, 331, '2015-11-26 14:30:00', 5, 54, NULL),
(66883, 335, '2015-11-12 16:10:00', 6, 54, 63),
(66884, 335, '2015-11-19 16:10:00', 6, 54, 63),
(66885, 335, '2015-11-26 16:10:00', 6, 54, 63),
(66886, 332, '2015-11-13 12:50:00', 4, 50, 58),
(66887, 332, '2015-11-20 12:50:00', 4, 50, 58),
(66888, 332, '2015-11-27 12:50:00', 4, 50, 58),
(66889, 332, '2015-11-13 14:30:00', 5, 50, 58),
(66890, 332, '2015-11-20 14:30:00', 5, 50, 58),
(66891, 332, '2015-11-27 14:30:00', 5, 50, 58),
(66892, 335, '2015-11-13 16:10:00', 6, 54, 63),
(66893, 335, '2015-11-20 16:10:00', 6, 54, 63),
(66894, 335, '2015-11-27 16:10:00', 6, 54, 63),
(66895, 332, '2015-11-30 12:50:00', 4, 50, 58),
(66896, 332, '2015-12-07 12:50:00', 4, 50, 58),
(66897, 332, '2015-12-14 12:50:00', 4, 50, 58),
(66898, 332, '2015-11-30 14:30:00', 5, 50, 58),
(66899, 332, '2015-12-07 14:30:00', 5, 50, 58),
(66900, 332, '2015-12-14 14:30:00', 5, 50, 58),
(66901, 335, '2015-11-30 16:10:00', 6, 54, 63),
(66902, 335, '2015-12-07 16:10:00', 6, 54, 63),
(66903, 335, '2015-12-14 16:10:00', 6, 54, 63),
(66904, 331, '2015-12-01 12:50:00', 4, 54, NULL),
(66905, 331, '2015-12-08 12:50:00', 4, 54, NULL),
(66906, 331, '2015-12-15 12:50:00', 4, 54, NULL),
(66907, 331, '2015-12-01 14:30:00', 5, 54, NULL),
(66908, 331, '2015-12-08 14:30:00', 5, 54, NULL),
(66909, 331, '2015-12-15 14:30:00', 5, 54, NULL),
(66910, 335, '2015-12-01 16:10:00', 6, 54, 63),
(66911, 335, '2015-12-08 16:10:00', 6, 54, 63),
(66912, 335, '2015-12-15 16:10:00', 6, 54, 63),
(66913, 332, '2015-12-02 12:50:00', 4, 50, 58),
(66914, 332, '2015-12-09 12:50:00', 4, 50, 58),
(66915, 332, '2015-12-16 12:50:00', 4, 50, 58),
(66916, 332, '2015-12-02 14:30:00', 5, 50, 58),
(66917, 332, '2015-12-09 14:30:00', 5, 50, 58),
(66918, 332, '2015-12-16 14:30:00', 5, 50, 58),
(66919, 335, '2015-12-02 16:10:00', 6, 54, 63),
(66920, 335, '2015-12-09 16:10:00', 6, 54, 63),
(66921, 335, '2015-12-16 16:10:00', 6, 54, 63),
(66922, 331, '2015-12-03 12:50:00', 4, 54, NULL),
(66923, 331, '2015-12-10 12:50:00', 4, 54, NULL),
(66924, 331, '2015-12-17 12:50:00', 4, 54, NULL),
(66925, 331, '2015-12-03 14:30:00', 5, 54, NULL),
(66926, 331, '2015-12-10 14:30:00', 5, 54, NULL),
(66927, 331, '2015-12-17 14:30:00', 5, 54, NULL),
(66928, 335, '2015-12-03 16:10:00', 6, 54, 63),
(66929, 335, '2015-12-10 16:10:00', 6, 54, 63),
(66930, 335, '2015-12-17 16:10:00', 6, 54, 63),
(66931, 331, '2015-12-04 12:50:00', 4, 54, NULL),
(66932, 331, '2015-12-11 12:50:00', 4, 54, NULL),
(66933, 331, '2015-12-18 12:50:00', 4, 54, NULL),
(66934, 331, '2015-12-04 14:30:00', 5, 54, NULL),
(66935, 331, '2015-12-11 14:30:00', 5, 54, NULL),
(66936, 331, '2015-12-18 14:30:00', 5, 54, NULL),
(66937, 335, '2015-12-04 16:10:00', 6, 54, 63),
(66938, 335, '2015-12-11 16:10:00', 6, 54, 63),
(66939, 335, '2015-12-18 16:10:00', 6, 54, 63),
(66940, 339, '2015-09-07 07:30:00', 1, 54, 41),
(66941, 339, '2015-09-14 07:30:00', 1, 54, 41),
(66942, 339, '2015-09-21 07:30:00', 1, 54, 41),
(66943, 339, '2015-09-07 09:10:00', 2, 54, 41),
(66944, 339, '2015-09-14 09:10:00', 2, 54, 41),
(66945, 339, '2015-09-21 09:10:00', 2, 54, 41),
(66946, 337, '2015-09-08 07:30:00', 1, 50, 40),
(66947, 337, '2015-09-15 07:30:00', 1, 50, 40),
(66948, 337, '2015-09-22 07:30:00', 1, 50, 40),
(66949, 337, '2015-09-08 09:10:00', 2, 50, 40),
(66950, 337, '2015-09-15 09:10:00', 2, 50, 40),
(66951, 337, '2015-09-22 09:10:00', 2, 50, 40),
(66952, 339, '2015-09-09 07:30:00', 1, 54, 41),
(66953, 339, '2015-09-16 07:30:00', 1, 54, 41),
(66954, 339, '2015-09-23 07:30:00', 1, 54, 41),
(66955, 339, '2015-09-09 09:10:00', 2, 54, 41),
(66956, 339, '2015-09-16 09:10:00', 2, 54, 41),
(66957, 339, '2015-09-23 09:10:00', 2, 54, 41),
(66958, 337, '2015-09-10 07:30:00', 1, 50, 40),
(66959, 337, '2015-09-17 07:30:00', 1, 50, 40),
(66960, 337, '2015-09-24 07:30:00', 1, 50, 40),
(66961, 337, '2015-09-10 09:10:00', 2, 50, 40),
(66962, 337, '2015-09-17 09:10:00', 2, 50, 40),
(66963, 337, '2015-09-24 09:10:00', 2, 50, 40),
(66964, 339, '2015-09-11 07:30:00', 1, 54, 41),
(66965, 339, '2015-09-18 07:30:00', 1, 54, 41),
(66966, 339, '2015-09-25 07:30:00', 1, 54, 41),
(66967, 339, '2015-09-11 09:10:00', 2, 54, 41),
(66968, 339, '2015-09-18 09:10:00', 2, 54, 41),
(66969, 339, '2015-09-25 09:10:00', 2, 54, 41),
(66970, 339, '2015-09-28 07:30:00', 1, 54, 41),
(66971, 339, '2015-10-05 07:30:00', 1, 54, 41),
(66972, 339, '2015-10-12 07:30:00', 1, 54, 41),
(66973, 339, '2015-09-28 09:10:00', 2, 54, 41),
(66974, 339, '2015-10-05 09:10:00', 2, 54, 41),
(66975, 339, '2015-10-12 09:10:00', 2, 54, 41),
(66976, 337, '2015-09-29 07:30:00', 1, 50, 40),
(66977, 337, '2015-10-06 07:30:00', 1, 50, 40),
(66978, 337, '2015-10-13 07:30:00', 1, 50, 40),
(66979, 337, '2015-09-29 09:10:00', 2, 50, 40),
(66980, 337, '2015-10-06 09:10:00', 2, 50, 40),
(66981, 337, '2015-10-13 09:10:00', 2, 50, 40),
(66982, 339, '2015-09-30 07:30:00', 1, 54, 41),
(66983, 339, '2015-10-07 07:30:00', 1, 54, 41),
(66984, 339, '2015-10-14 07:30:00', 1, 54, 41),
(66985, 339, '2015-09-30 09:10:00', 2, 54, 41),
(66986, 339, '2015-10-07 09:10:00', 2, 54, 41),
(66987, 339, '2015-10-14 09:10:00', 2, 54, 41),
(66988, 337, '2015-10-01 07:30:00', 1, 50, 40),
(66989, 337, '2015-10-08 07:30:00', 1, 50, 40),
(66990, 337, '2015-10-15 07:30:00', 1, 50, 40),
(66991, 337, '2015-10-01 09:10:00', 2, 50, 40),
(66992, 337, '2015-10-08 09:10:00', 2, 50, 40),
(66993, 337, '2015-10-15 09:10:00', 2, 50, 40),
(66994, 337, '2015-10-02 07:30:00', 1, 50, 40),
(66995, 337, '2015-10-09 07:30:00', 1, 50, 40),
(66996, 337, '2015-10-16 07:30:00', 1, 50, 40),
(66997, 337, '2015-10-02 09:10:00', 2, 50, 40),
(66998, 337, '2015-10-09 09:10:00', 2, 50, 40),
(66999, 337, '2015-10-16 09:10:00', 2, 50, 40),
(67000, 338, '2015-11-09 07:30:00', 1, 54, NULL),
(67001, 338, '2015-11-16 07:30:00', 1, 54, NULL),
(67002, 338, '2015-11-23 07:30:00', 1, 54, NULL),
(67003, 338, '2015-11-09 09:10:00', 2, 54, NULL),
(67004, 338, '2015-11-16 09:10:00', 2, 54, NULL),
(67005, 338, '2015-11-23 09:10:00', 2, 54, NULL),
(67006, 340, '2015-11-09 10:50:00', 3, 54, 48),
(67007, 340, '2015-11-16 10:50:00', 3, 54, 48),
(67008, 340, '2015-11-23 10:50:00', 3, 54, 48),
(67009, 336, '2015-11-10 07:30:00', 1, 54, NULL),
(67010, 336, '2015-11-17 07:30:00', 1, 54, NULL),
(67011, 336, '2015-11-24 07:30:00', 1, 54, NULL),
(67012, 336, '2015-11-10 09:10:00', 2, 54, NULL),
(67013, 336, '2015-11-17 09:10:00', 2, 54, NULL),
(67014, 336, '2015-11-24 09:10:00', 2, 54, NULL),
(67015, 340, '2015-11-10 10:50:00', 3, 54, 48),
(67016, 340, '2015-11-17 10:50:00', 3, 54, 48),
(67017, 340, '2015-11-24 10:50:00', 3, 54, 48),
(67018, 338, '2015-11-11 07:30:00', 1, 54, NULL),
(67019, 338, '2015-11-18 07:30:00', 1, 54, NULL),
(67020, 338, '2015-11-25 07:30:00', 1, 54, NULL),
(67021, 338, '2015-11-11 09:10:00', 2, 54, NULL),
(67022, 338, '2015-11-18 09:10:00', 2, 54, NULL),
(67023, 338, '2015-11-25 09:10:00', 2, 54, NULL),
(67024, 340, '2015-11-11 10:50:00', 3, 54, 48),
(67025, 340, '2015-11-18 10:50:00', 3, 54, 48),
(67026, 340, '2015-11-25 10:50:00', 3, 54, 48),
(67027, 336, '2015-11-12 07:30:00', 1, 54, NULL),
(67028, 336, '2015-11-19 07:30:00', 1, 54, NULL),
(67029, 336, '2015-11-26 07:30:00', 1, 54, NULL),
(67030, 336, '2015-11-12 09:10:00', 2, 54, NULL),
(67031, 336, '2015-11-19 09:10:00', 2, 54, NULL),
(67032, 336, '2015-11-26 09:10:00', 2, 54, NULL),
(67033, 340, '2015-11-12 10:50:00', 3, 54, 48),
(67034, 340, '2015-11-19 10:50:00', 3, 54, 48),
(67035, 340, '2015-11-26 10:50:00', 3, 54, 48),
(67036, 338, '2015-11-13 07:30:00', 1, 54, NULL),
(67037, 338, '2015-11-20 07:30:00', 1, 54, NULL),
(67038, 338, '2015-11-27 07:30:00', 1, 54, NULL),
(67039, 338, '2015-11-13 09:10:00', 2, 54, NULL),
(67040, 338, '2015-11-20 09:10:00', 2, 54, NULL),
(67041, 338, '2015-11-27 09:10:00', 2, 54, NULL),
(67042, 340, '2015-11-13 10:50:00', 3, 54, 48),
(67043, 340, '2015-11-20 10:50:00', 3, 54, 48),
(67044, 340, '2015-11-27 10:50:00', 3, 54, 48),
(67045, 338, '2015-11-30 07:30:00', 1, 54, NULL),
(67046, 338, '2015-12-07 07:30:00', 1, 54, NULL),
(67047, 338, '2015-12-14 07:30:00', 1, 54, NULL),
(67048, 338, '2015-11-30 09:10:00', 2, 54, NULL),
(67049, 338, '2015-12-07 09:10:00', 2, 54, NULL),
(67050, 338, '2015-12-14 09:10:00', 2, 54, NULL),
(67051, 340, '2015-11-30 10:50:00', 3, 54, 48),
(67052, 340, '2015-12-07 10:50:00', 3, 54, 48),
(67053, 340, '2015-12-14 10:50:00', 3, 54, 48),
(67054, 336, '2015-12-01 07:30:00', 1, 54, NULL),
(67055, 336, '2015-12-08 07:30:00', 1, 54, NULL),
(67056, 336, '2015-12-15 07:30:00', 1, 54, NULL),
(67057, 336, '2015-12-01 09:10:00', 2, 54, NULL),
(67058, 336, '2015-12-08 09:10:00', 2, 54, NULL),
(67059, 336, '2015-12-15 09:10:00', 2, 54, NULL),
(67060, 340, '2015-12-01 10:50:00', 3, 54, 48),
(67061, 340, '2015-12-08 10:50:00', 3, 54, 48),
(67062, 340, '2015-12-15 10:50:00', 3, 54, 48),
(67063, 338, '2015-12-02 07:30:00', 1, 54, NULL),
(67064, 338, '2015-12-09 07:30:00', 1, 54, NULL),
(67065, 338, '2015-12-16 07:30:00', 1, 54, NULL),
(67066, 338, '2015-12-02 09:10:00', 2, 54, NULL),
(67067, 338, '2015-12-09 09:10:00', 2, 54, NULL),
(67068, 338, '2015-12-16 09:10:00', 2, 54, NULL),
(67069, 340, '2015-12-02 10:50:00', 3, 54, 48),
(67070, 340, '2015-12-09 10:50:00', 3, 54, 48),
(67071, 340, '2015-12-16 10:50:00', 3, 54, 48),
(67072, 336, '2015-12-03 07:30:00', 1, 54, NULL),
(67073, 336, '2015-12-10 07:30:00', 1, 54, NULL),
(67074, 336, '2015-12-17 07:30:00', 1, 54, NULL),
(67075, 336, '2015-12-03 09:10:00', 2, 54, NULL),
(67076, 336, '2015-12-10 09:10:00', 2, 54, NULL),
(67077, 336, '2015-12-17 09:10:00', 2, 54, NULL),
(67078, 340, '2015-12-03 10:50:00', 3, 54, 48),
(67079, 340, '2015-12-10 10:50:00', 3, 54, 48),
(67080, 340, '2015-12-17 10:50:00', 3, 54, 48),
(67081, 336, '2015-12-04 07:30:00', 1, 54, NULL),
(67082, 336, '2015-12-11 07:30:00', 1, 54, NULL),
(67083, 336, '2015-12-18 07:30:00', 1, 54, NULL),
(67084, 336, '2015-12-04 09:10:00', 2, 54, NULL),
(67085, 336, '2015-12-11 09:10:00', 2, 54, NULL),
(67086, 336, '2015-12-18 09:10:00', 2, 54, NULL),
(67087, 340, '2015-12-04 10:50:00', 3, 54, 48),
(67088, 340, '2015-12-11 10:50:00', 3, 54, 48),
(67089, 340, '2015-12-18 10:50:00', 3, 54, 48),
(67090, 345, '2015-09-07 07:30:00', 1, 55, 48),
(67091, 345, '2015-09-14 07:30:00', 1, 55, 48),
(67092, 345, '2015-09-21 07:30:00', 1, 55, 48),
(67093, 344, '2015-09-07 09:10:00', 2, 55, 52),
(67094, 344, '2015-09-14 09:10:00', 2, 55, 52),
(67095, 344, '2015-09-21 09:10:00', 2, 55, 52),
(67096, 344, '2015-09-07 10:50:00', 3, 55, 52),
(67097, 344, '2015-09-14 10:50:00', 3, 55, 52),
(67098, 344, '2015-09-21 10:50:00', 3, 55, 52),
(67099, 345, '2015-09-08 07:30:00', 1, 55, 48),
(67100, 345, '2015-09-15 07:30:00', 1, 55, 48),
(67101, 345, '2015-09-22 07:30:00', 1, 55, 48),
(67102, 341, '2015-09-08 09:10:00', 2, 55, NULL),
(67103, 341, '2015-09-15 09:10:00', 2, 55, NULL),
(67104, 341, '2015-09-22 09:10:00', 2, 55, NULL),
(67105, 341, '2015-09-08 10:50:00', 3, 55, NULL),
(67106, 341, '2015-09-15 10:50:00', 3, 55, NULL),
(67107, 341, '2015-09-22 10:50:00', 3, 55, NULL),
(67108, 345, '2015-09-09 07:30:00', 1, 55, 48),
(67109, 345, '2015-09-16 07:30:00', 1, 55, 48),
(67110, 345, '2015-09-23 07:30:00', 1, 55, 48),
(67111, 344, '2015-09-09 09:10:00', 2, 55, 52),
(67112, 344, '2015-09-16 09:10:00', 2, 55, 52),
(67113, 344, '2015-09-23 09:10:00', 2, 55, 52),
(67114, 344, '2015-09-09 10:50:00', 3, 55, 52),
(67115, 344, '2015-09-16 10:50:00', 3, 55, 52),
(67116, 344, '2015-09-23 10:50:00', 3, 55, 52),
(67117, 345, '2015-09-10 07:30:00', 1, 55, 48),
(67118, 345, '2015-09-17 07:30:00', 1, 55, 48),
(67119, 345, '2015-09-24 07:30:00', 1, 55, 48),
(67120, 341, '2015-09-10 09:10:00', 2, 55, NULL),
(67121, 341, '2015-09-17 09:10:00', 2, 55, NULL),
(67122, 341, '2015-09-24 09:10:00', 2, 55, NULL),
(67123, 341, '2015-09-10 10:50:00', 3, 55, NULL),
(67124, 341, '2015-09-17 10:50:00', 3, 55, NULL),
(67125, 341, '2015-09-24 10:50:00', 3, 55, NULL),
(67126, 345, '2015-09-11 07:30:00', 1, 55, 48),
(67127, 345, '2015-09-18 07:30:00', 1, 55, 48),
(67128, 345, '2015-09-25 07:30:00', 1, 55, 48),
(67129, 344, '2015-09-11 09:10:00', 2, 55, 52),
(67130, 344, '2015-09-18 09:10:00', 2, 55, 52),
(67131, 344, '2015-09-25 09:10:00', 2, 55, 52),
(67132, 344, '2015-09-11 10:50:00', 3, 55, 52),
(67133, 344, '2015-09-18 10:50:00', 3, 55, 52),
(67134, 344, '2015-09-25 10:50:00', 3, 55, 52),
(67135, 345, '2015-09-28 07:30:00', 1, 55, 48),
(67136, 345, '2015-10-05 07:30:00', 1, 55, 48),
(67137, 345, '2015-10-12 07:30:00', 1, 55, 48),
(67138, 344, '2015-09-28 09:10:00', 2, 55, 52),
(67139, 344, '2015-10-05 09:10:00', 2, 55, 52),
(67140, 344, '2015-10-12 09:10:00', 2, 55, 52),
(67141, 344, '2015-09-28 10:50:00', 3, 55, 52),
(67142, 344, '2015-10-05 10:50:00', 3, 55, 52),
(67143, 344, '2015-10-12 10:50:00', 3, 55, 52),
(67144, 345, '2015-09-29 07:30:00', 1, 55, 48),
(67145, 345, '2015-10-06 07:30:00', 1, 55, 48),
(67146, 345, '2015-10-13 07:30:00', 1, 55, 48),
(67147, 341, '2015-09-29 09:10:00', 2, 55, NULL),
(67148, 341, '2015-10-06 09:10:00', 2, 55, NULL),
(67149, 341, '2015-10-13 09:10:00', 2, 55, NULL),
(67150, 341, '2015-09-29 10:50:00', 3, 55, NULL),
(67151, 341, '2015-10-06 10:50:00', 3, 55, NULL),
(67152, 341, '2015-10-13 10:50:00', 3, 55, NULL),
(67153, 345, '2015-09-30 07:30:00', 1, 55, 48),
(67154, 345, '2015-10-07 07:30:00', 1, 55, 48),
(67155, 345, '2015-10-14 07:30:00', 1, 55, 48),
(67156, 344, '2015-09-30 09:10:00', 2, 55, 52),
(67157, 344, '2015-10-07 09:10:00', 2, 55, 52),
(67158, 344, '2015-10-14 09:10:00', 2, 55, 52),
(67159, 344, '2015-09-30 10:50:00', 3, 55, 52),
(67160, 344, '2015-10-07 10:50:00', 3, 55, 52),
(67161, 344, '2015-10-14 10:50:00', 3, 55, 52),
(67162, 345, '2015-10-01 07:30:00', 1, 55, 48),
(67163, 345, '2015-10-08 07:30:00', 1, 55, 48),
(67164, 345, '2015-10-15 07:30:00', 1, 55, 48),
(67165, 341, '2015-10-01 09:10:00', 2, 55, NULL),
(67166, 341, '2015-10-08 09:10:00', 2, 55, NULL),
(67167, 341, '2015-10-15 09:10:00', 2, 55, NULL),
(67168, 341, '2015-10-01 10:50:00', 3, 55, NULL),
(67169, 341, '2015-10-08 10:50:00', 3, 55, NULL),
(67170, 341, '2015-10-15 10:50:00', 3, 55, NULL),
(67171, 345, '2015-10-02 07:30:00', 1, 55, 48),
(67172, 345, '2015-10-09 07:30:00', 1, 55, 48),
(67173, 345, '2015-10-16 07:30:00', 1, 55, 48),
(67174, 341, '2015-10-02 09:10:00', 2, 55, NULL),
(67175, 341, '2015-10-09 09:10:00', 2, 55, NULL),
(67176, 341, '2015-10-16 09:10:00', 2, 55, NULL),
(67177, 341, '2015-10-02 10:50:00', 3, 55, NULL),
(67178, 341, '2015-10-09 10:50:00', 3, 55, NULL),
(67179, 341, '2015-10-16 10:50:00', 3, 55, NULL),
(67180, 343, '2015-11-09 07:30:00', 1, 55, 70),
(67181, 343, '2015-11-16 07:30:00', 1, 55, 70),
(67182, 343, '2015-11-23 07:30:00', 1, 55, 70),
(67183, 343, '2015-11-09 09:10:00', 2, 55, 70),
(67184, 343, '2015-11-16 09:10:00', 2, 55, 70),
(67185, 343, '2015-11-23 09:10:00', 2, 55, 70),
(67186, 342, '2015-11-10 09:10:00', 2, 50, 58),
(67187, 342, '2015-11-17 09:10:00', 2, 50, 58),
(67188, 342, '2015-11-24 09:10:00', 2, 50, 58),
(67189, 342, '2015-11-10 10:50:00', 3, 50, 58),
(67190, 342, '2015-11-17 10:50:00', 3, 50, 58),
(67191, 342, '2015-11-24 10:50:00', 3, 50, 58),
(67192, 343, '2015-11-11 07:30:00', 1, 55, 70),
(67193, 343, '2015-11-18 07:30:00', 1, 55, 70),
(67194, 343, '2015-11-25 07:30:00', 1, 55, 70),
(67195, 343, '2015-11-11 09:10:00', 2, 55, 70),
(67196, 343, '2015-11-18 09:10:00', 2, 55, 70),
(67197, 343, '2015-11-25 09:10:00', 2, 55, 70),
(67198, 342, '2015-11-12 09:10:00', 2, 50, 58),
(67199, 342, '2015-11-19 09:10:00', 2, 50, 58),
(67200, 342, '2015-11-26 09:10:00', 2, 50, 58),
(67201, 342, '2015-11-12 10:50:00', 3, 50, 58),
(67202, 342, '2015-11-19 10:50:00', 3, 50, 58),
(67203, 342, '2015-11-26 10:50:00', 3, 50, 58),
(67204, 343, '2015-11-13 07:30:00', 1, 55, 70),
(67205, 343, '2015-11-20 07:30:00', 1, 55, 70),
(67206, 343, '2015-11-27 07:30:00', 1, 55, 70),
(67207, 343, '2015-11-13 09:10:00', 2, 55, 70),
(67208, 343, '2015-11-20 09:10:00', 2, 55, 70),
(67209, 343, '2015-11-27 09:10:00', 2, 55, 70),
(67210, 343, '2015-11-30 07:30:00', 1, 55, 70),
(67211, 343, '2015-12-07 07:30:00', 1, 55, 70),
(67212, 343, '2015-12-14 07:30:00', 1, 55, 70),
(67213, 343, '2015-11-30 09:10:00', 2, 55, 70),
(67214, 343, '2015-12-07 09:10:00', 2, 55, 70),
(67215, 343, '2015-12-14 09:10:00', 2, 55, 70),
(67216, 342, '2015-12-01 09:10:00', 2, 50, 58),
(67217, 342, '2015-12-08 09:10:00', 2, 50, 58),
(67218, 342, '2015-12-15 09:10:00', 2, 50, 58),
(67219, 342, '2015-12-01 10:50:00', 3, 50, 58),
(67220, 342, '2015-12-08 10:50:00', 3, 50, 58),
(67221, 342, '2015-12-15 10:50:00', 3, 50, 58),
(67222, 343, '2015-12-02 07:30:00', 1, 55, 70),
(67223, 343, '2015-12-09 07:30:00', 1, 55, 70),
(67224, 343, '2015-12-16 07:30:00', 1, 55, 70),
(67225, 343, '2015-12-02 09:10:00', 2, 55, 70),
(67226, 343, '2015-12-09 09:10:00', 2, 55, 70),
(67227, 343, '2015-12-16 09:10:00', 2, 55, 70),
(67228, 342, '2015-12-03 09:10:00', 2, 50, 58),
(67229, 342, '2015-12-10 09:10:00', 2, 50, 58),
(67230, 342, '2015-12-17 09:10:00', 2, 50, 58),
(67231, 342, '2015-12-03 10:50:00', 3, 50, 58),
(67232, 342, '2015-12-10 10:50:00', 3, 50, 58),
(67233, 342, '2015-12-17 10:50:00', 3, 50, 58),
(67234, 342, '2015-12-04 09:10:00', 2, 50, 58),
(67235, 342, '2015-12-11 09:10:00', 2, 50, 58),
(67236, 342, '2015-12-18 09:10:00', 2, 50, 58),
(67237, 342, '2015-12-04 10:50:00', 3, 50, 58),
(67238, 342, '2015-12-11 10:50:00', 3, 50, 58),
(67239, 342, '2015-12-18 10:50:00', 3, 50, 58),
(67240, 347, '2015-09-07 09:10:00', 2, 50, 40),
(67241, 347, '2015-09-14 09:10:00', 2, 50, 40),
(67242, 347, '2015-09-21 09:10:00', 2, 50, 40),
(67243, 347, '2015-09-07 10:50:00', 3, 50, 40),
(67244, 347, '2015-09-14 10:50:00', 3, 50, 40),
(67245, 347, '2015-09-21 10:50:00', 3, 50, 40),
(67246, 349, '2015-09-08 09:10:00', 2, 56, NULL),
(67247, 349, '2015-09-15 09:10:00', 2, 56, NULL),
(67248, 349, '2015-09-22 09:10:00', 2, 56, NULL),
(67249, 349, '2015-09-08 10:50:00', 3, 56, NULL),
(67250, 349, '2015-09-15 10:50:00', 3, 56, NULL),
(67251, 349, '2015-09-22 10:50:00', 3, 56, NULL),
(67252, 347, '2015-09-09 09:10:00', 2, 50, 40),
(67253, 347, '2015-09-16 09:10:00', 2, 50, 40),
(67254, 347, '2015-09-23 09:10:00', 2, 50, 40),
(67255, 347, '2015-09-09 10:50:00', 3, 50, 40),
(67256, 347, '2015-09-16 10:50:00', 3, 50, 40),
(67257, 347, '2015-09-23 10:50:00', 3, 50, 40),
(67258, 349, '2015-09-10 09:10:00', 2, 56, NULL),
(67259, 349, '2015-09-17 09:10:00', 2, 56, NULL),
(67260, 349, '2015-09-24 09:10:00', 2, 56, NULL),
(67261, 349, '2015-09-10 10:50:00', 3, 56, NULL),
(67262, 349, '2015-09-17 10:50:00', 3, 56, NULL),
(67263, 349, '2015-09-24 10:50:00', 3, 56, NULL),
(67264, 347, '2015-09-11 09:10:00', 2, 50, 40),
(67265, 347, '2015-09-18 09:10:00', 2, 50, 40),
(67266, 347, '2015-09-25 09:10:00', 2, 50, 40),
(67267, 347, '2015-09-11 10:50:00', 3, 50, 40),
(67268, 347, '2015-09-18 10:50:00', 3, 50, 40),
(67269, 347, '2015-09-25 10:50:00', 3, 50, 40),
(67270, 347, '2015-09-28 09:10:00', 2, 50, 40),
(67271, 347, '2015-10-05 09:10:00', 2, 50, 40),
(67272, 347, '2015-10-12 09:10:00', 2, 50, 40),
(67273, 347, '2015-09-28 10:50:00', 3, 50, 40),
(67274, 347, '2015-10-05 10:50:00', 3, 50, 40),
(67275, 347, '2015-10-12 10:50:00', 3, 50, 40),
(67276, 349, '2015-09-29 09:10:00', 2, 56, NULL),
(67277, 349, '2015-10-06 09:10:00', 2, 56, NULL),
(67278, 349, '2015-10-13 09:10:00', 2, 56, NULL),
(67279, 349, '2015-09-29 10:50:00', 3, 56, NULL),
(67280, 349, '2015-10-06 10:50:00', 3, 56, NULL),
(67281, 349, '2015-10-13 10:50:00', 3, 56, NULL),
(67282, 347, '2015-09-30 09:10:00', 2, 50, 40),
(67283, 347, '2015-10-07 09:10:00', 2, 50, 40),
(67284, 347, '2015-10-14 09:10:00', 2, 50, 40),
(67285, 347, '2015-09-30 10:50:00', 3, 50, 40),
(67286, 347, '2015-10-07 10:50:00', 3, 50, 40),
(67287, 347, '2015-10-14 10:50:00', 3, 50, 40),
(67288, 349, '2015-10-01 09:10:00', 2, 56, NULL),
(67289, 349, '2015-10-08 09:10:00', 2, 56, NULL),
(67290, 349, '2015-10-15 09:10:00', 2, 56, NULL),
(67291, 349, '2015-10-01 10:50:00', 3, 56, NULL),
(67292, 349, '2015-10-08 10:50:00', 3, 56, NULL),
(67293, 349, '2015-10-15 10:50:00', 3, 56, NULL),
(67294, 349, '2015-10-02 09:10:00', 2, 56, NULL),
(67295, 349, '2015-10-09 09:10:00', 2, 56, NULL),
(67296, 349, '2015-10-16 09:10:00', 2, 56, NULL),
(67297, 349, '2015-10-02 10:50:00', 3, 56, NULL),
(67298, 349, '2015-10-09 10:50:00', 3, 56, NULL),
(67299, 349, '2015-10-16 10:50:00', 3, 56, NULL),
(67300, 346, '2015-11-09 07:30:00', 1, 56, 41),
(67301, 346, '2015-11-16 07:30:00', 1, 56, 41),
(67302, 346, '2015-11-23 07:30:00', 1, 56, 41),
(67303, 346, '2015-11-09 09:10:00', 2, 56, 41),
(67304, 346, '2015-11-16 09:10:00', 2, 56, 41),
(67305, 346, '2015-11-23 09:10:00', 2, 56, 41),
(67306, 350, '2015-11-09 10:50:00', 3, 56, 63),
(67307, 350, '2015-11-16 10:50:00', 3, 56, 63),
(67308, 350, '2015-11-23 10:50:00', 3, 56, 63),
(67309, 348, '2015-11-10 07:30:00', 1, 56, 51),
(67310, 348, '2015-11-17 07:30:00', 1, 56, 51),
(67311, 348, '2015-11-24 07:30:00', 1, 56, 51),
(67312, 348, '2015-11-10 09:10:00', 2, 56, 51),
(67313, 348, '2015-11-17 09:10:00', 2, 56, 51),
(67314, 348, '2015-11-24 09:10:00', 2, 56, 51),
(67315, 350, '2015-11-10 10:50:00', 3, 56, 63),
(67316, 350, '2015-11-17 10:50:00', 3, 56, 63),
(67317, 350, '2015-11-24 10:50:00', 3, 56, 63),
(67318, 346, '2015-11-11 07:30:00', 1, 56, 41),
(67319, 346, '2015-11-18 07:30:00', 1, 56, 41),
(67320, 346, '2015-11-25 07:30:00', 1, 56, 41),
(67321, 346, '2015-11-11 09:10:00', 2, 56, 41),
(67322, 346, '2015-11-18 09:10:00', 2, 56, 41),
(67323, 346, '2015-11-25 09:10:00', 2, 56, 41),
(67324, 350, '2015-11-11 10:50:00', 3, 56, 63),
(67325, 350, '2015-11-18 10:50:00', 3, 56, 63),
(67326, 350, '2015-11-25 10:50:00', 3, 56, 63),
(67327, 348, '2015-11-12 07:30:00', 1, 56, 51),
(67328, 348, '2015-11-19 07:30:00', 1, 56, 51),
(67329, 348, '2015-11-26 07:30:00', 1, 56, 51),
(67330, 348, '2015-11-12 09:10:00', 2, 56, 51),
(67331, 348, '2015-11-19 09:10:00', 2, 56, 51),
(67332, 348, '2015-11-26 09:10:00', 2, 56, 51),
(67333, 350, '2015-11-12 10:50:00', 3, 56, 63),
(67334, 350, '2015-11-19 10:50:00', 3, 56, 63),
(67335, 350, '2015-11-26 10:50:00', 3, 56, 63),
(67336, 346, '2015-11-13 07:30:00', 1, 56, 41),
(67337, 346, '2015-11-20 07:30:00', 1, 56, 41),
(67338, 346, '2015-11-27 07:30:00', 1, 56, 41),
(67339, 346, '2015-11-13 09:10:00', 2, 56, 41),
(67340, 346, '2015-11-20 09:10:00', 2, 56, 41),
(67341, 346, '2015-11-27 09:10:00', 2, 56, 41),
(67342, 350, '2015-11-13 10:50:00', 3, 56, 63),
(67343, 350, '2015-11-20 10:50:00', 3, 56, 63),
(67344, 350, '2015-11-27 10:50:00', 3, 56, 63),
(67345, 346, '2015-11-30 07:30:00', 1, 56, 41),
(67346, 346, '2015-12-07 07:30:00', 1, 56, 41),
(67347, 346, '2015-12-14 07:30:00', 1, 56, 41),
(67348, 346, '2015-11-30 09:10:00', 2, 56, 41),
(67349, 346, '2015-12-07 09:10:00', 2, 56, 41),
(67350, 346, '2015-12-14 09:10:00', 2, 56, 41),
(67351, 350, '2015-11-30 10:50:00', 3, 56, 63),
(67352, 350, '2015-12-07 10:50:00', 3, 56, 63),
(67353, 350, '2015-12-14 10:50:00', 3, 56, 63),
(67354, 348, '2015-12-01 07:30:00', 1, 56, 51),
(67355, 348, '2015-12-08 07:30:00', 1, 56, 51),
(67356, 348, '2015-12-15 07:30:00', 1, 56, 51),
(67357, 348, '2015-12-01 09:10:00', 2, 56, 51),
(67358, 348, '2015-12-08 09:10:00', 2, 56, 51),
(67359, 348, '2015-12-15 09:10:00', 2, 56, 51),
(67360, 350, '2015-12-01 10:50:00', 3, 56, 63),
(67361, 350, '2015-12-08 10:50:00', 3, 56, 63),
(67362, 350, '2015-12-15 10:50:00', 3, 56, 63),
(67363, 346, '2015-12-02 07:30:00', 1, 56, 41),
(67364, 346, '2015-12-09 07:30:00', 1, 56, 41),
(67365, 346, '2015-12-16 07:30:00', 1, 56, 41),
(67366, 346, '2015-12-02 09:10:00', 2, 56, 41),
(67367, 346, '2015-12-09 09:10:00', 2, 56, 41),
(67368, 346, '2015-12-16 09:10:00', 2, 56, 41),
(67369, 350, '2015-12-02 10:50:00', 3, 56, 63),
(67370, 350, '2015-12-09 10:50:00', 3, 56, 63),
(67371, 350, '2015-12-16 10:50:00', 3, 56, 63),
(67372, 348, '2015-12-03 07:30:00', 1, 56, 51),
(67373, 348, '2015-12-10 07:30:00', 1, 56, 51),
(67374, 348, '2015-12-17 07:30:00', 1, 56, 51),
(67375, 348, '2015-12-03 09:10:00', 2, 56, 51),
(67376, 348, '2015-12-10 09:10:00', 2, 56, 51),
(67377, 348, '2015-12-17 09:10:00', 2, 56, 51),
(67378, 350, '2015-12-03 10:50:00', 3, 56, 63),
(67379, 350, '2015-12-10 10:50:00', 3, 56, 63),
(67380, 350, '2015-12-17 10:50:00', 3, 56, 63),
(67381, 348, '2015-12-04 07:30:00', 1, 56, 51),
(67382, 348, '2015-12-11 07:30:00', 1, 56, 51),
(67383, 348, '2015-12-18 07:30:00', 1, 56, 51),
(67384, 348, '2015-12-04 09:10:00', 2, 56, 51),
(67385, 348, '2015-12-11 09:10:00', 2, 56, 51),
(67386, 348, '2015-12-18 09:10:00', 2, 56, 51),
(67387, 350, '2015-12-04 10:50:00', 3, 56, 63),
(67388, 350, '2015-12-11 10:50:00', 3, 56, 63),
(67389, 350, '2015-12-18 10:50:00', 3, 56, 63),
(67390, 355, '2015-09-07 12:50:00', 4, 55, 67),
(67391, 355, '2015-09-14 12:50:00', 4, 55, 67),
(67392, 355, '2015-09-21 12:50:00', 4, 55, 67),
(67393, 351, '2015-09-07 14:30:00', 5, 55, 70),
(67394, 351, '2015-09-14 14:30:00', 5, 55, 70),
(67395, 351, '2015-09-21 14:30:00', 5, 55, 70),
(67396, 351, '2015-09-07 16:10:00', 6, 55, 70),
(67397, 351, '2015-09-14 16:10:00', 6, 55, 70),
(67398, 351, '2015-09-21 16:10:00', 6, 55, 70),
(67399, 355, '2015-09-08 12:50:00', 4, 55, 67),
(67400, 355, '2015-09-15 12:50:00', 4, 55, 67),
(67401, 355, '2015-09-22 12:50:00', 4, 55, 67),
(67402, 354, '2015-09-08 14:30:00', 5, 55, 52),
(67403, 354, '2015-09-15 14:30:00', 5, 55, 52),
(67404, 354, '2015-09-22 14:30:00', 5, 55, 52),
(67405, 354, '2015-09-08 16:10:00', 6, 55, 52),
(67406, 354, '2015-09-15 16:10:00', 6, 55, 52),
(67407, 354, '2015-09-22 16:10:00', 6, 55, 52),
(67408, 355, '2015-09-09 12:50:00', 4, 55, 67),
(67409, 355, '2015-09-16 12:50:00', 4, 55, 67),
(67410, 355, '2015-09-23 12:50:00', 4, 55, 67),
(67411, 351, '2015-09-09 14:30:00', 5, 55, 70),
(67412, 351, '2015-09-16 14:30:00', 5, 55, 70),
(67413, 351, '2015-09-23 14:30:00', 5, 55, 70),
(67414, 351, '2015-09-09 16:10:00', 6, 55, 70),
(67415, 351, '2015-09-16 16:10:00', 6, 55, 70),
(67416, 351, '2015-09-23 16:10:00', 6, 55, 70),
(67417, 355, '2015-09-10 12:50:00', 4, 55, 67),
(67418, 355, '2015-09-17 12:50:00', 4, 55, 67),
(67419, 355, '2015-09-24 12:50:00', 4, 55, 67),
(67420, 354, '2015-09-10 14:30:00', 5, 55, 52),
(67421, 354, '2015-09-17 14:30:00', 5, 55, 52),
(67422, 354, '2015-09-24 14:30:00', 5, 55, 52),
(67423, 354, '2015-09-10 16:10:00', 6, 55, 52),
(67424, 354, '2015-09-17 16:10:00', 6, 55, 52),
(67425, 354, '2015-09-24 16:10:00', 6, 55, 52),
(67426, 355, '2015-09-11 12:50:00', 4, 55, 67),
(67427, 355, '2015-09-18 12:50:00', 4, 55, 67),
(67428, 355, '2015-09-25 12:50:00', 4, 55, 67),
(67429, 351, '2015-09-11 14:30:00', 5, 55, 70),
(67430, 351, '2015-09-18 14:30:00', 5, 55, 70),
(67431, 351, '2015-09-25 14:30:00', 5, 55, 70),
(67432, 351, '2015-09-11 16:10:00', 6, 55, 70),
(67433, 351, '2015-09-18 16:10:00', 6, 55, 70),
(67434, 351, '2015-09-25 16:10:00', 6, 55, 70),
(67435, 355, '2015-09-28 12:50:00', 4, 55, 67),
(67436, 355, '2015-10-05 12:50:00', 4, 55, 67),
(67437, 355, '2015-10-12 12:50:00', 4, 55, 67),
(67438, 351, '2015-09-28 14:30:00', 5, 55, 70),
(67439, 351, '2015-10-05 14:30:00', 5, 55, 70),
(67440, 351, '2015-10-12 14:30:00', 5, 55, 70),
(67441, 351, '2015-09-28 16:10:00', 6, 55, 70),
(67442, 351, '2015-10-05 16:10:00', 6, 55, 70),
(67443, 351, '2015-10-12 16:10:00', 6, 55, 70),
(67444, 355, '2015-09-29 12:50:00', 4, 55, 67),
(67445, 355, '2015-10-06 12:50:00', 4, 55, 67),
(67446, 355, '2015-10-13 12:50:00', 4, 55, 67),
(67447, 354, '2015-09-29 14:30:00', 5, 55, 52),
(67448, 354, '2015-10-06 14:30:00', 5, 55, 52),
(67449, 354, '2015-10-13 14:30:00', 5, 55, 52),
(67450, 354, '2015-09-29 16:10:00', 6, 55, 52),
(67451, 354, '2015-10-06 16:10:00', 6, 55, 52),
(67452, 354, '2015-10-13 16:10:00', 6, 55, 52),
(67453, 355, '2015-09-30 12:50:00', 4, 55, 67),
(67454, 355, '2015-10-07 12:50:00', 4, 55, 67),
(67455, 355, '2015-10-14 12:50:00', 4, 55, 67),
(67456, 351, '2015-09-30 14:30:00', 5, 55, 70),
(67457, 351, '2015-10-07 14:30:00', 5, 55, 70),
(67458, 351, '2015-10-14 14:30:00', 5, 55, 70),
(67459, 351, '2015-09-30 16:10:00', 6, 55, 70),
(67460, 351, '2015-10-07 16:10:00', 6, 55, 70),
(67461, 351, '2015-10-14 16:10:00', 6, 55, 70),
(67462, 355, '2015-10-01 12:50:00', 4, 55, 67),
(67463, 355, '2015-10-08 12:50:00', 4, 55, 67),
(67464, 355, '2015-10-15 12:50:00', 4, 55, 67),
(67465, 354, '2015-10-01 14:30:00', 5, 55, 52),
(67466, 354, '2015-10-08 14:30:00', 5, 55, 52),
(67467, 354, '2015-10-15 14:30:00', 5, 55, 52),
(67468, 354, '2015-10-01 16:10:00', 6, 55, 52),
(67469, 354, '2015-10-08 16:10:00', 6, 55, 52),
(67470, 354, '2015-10-15 16:10:00', 6, 55, 52),
(67471, 355, '2015-10-02 12:50:00', 4, 55, 67),
(67472, 355, '2015-10-09 12:50:00', 4, 55, 67),
(67473, 355, '2015-10-16 12:50:00', 4, 55, 67),
(67474, 354, '2015-10-02 14:30:00', 5, 55, 52),
(67475, 354, '2015-10-09 14:30:00', 5, 55, 52),
(67476, 354, '2015-10-16 14:30:00', 5, 55, 52),
(67477, 354, '2015-10-02 16:10:00', 6, 55, 52),
(67478, 354, '2015-10-09 16:10:00', 6, 55, 52),
(67479, 354, '2015-10-16 16:10:00', 6, 55, 52),
(67480, 353, '2015-11-09 12:50:00', 4, 55, 63),
(67481, 353, '2015-11-16 12:50:00', 4, 55, 63),
(67482, 353, '2015-11-23 12:50:00', 4, 55, 63),
(67483, 353, '2015-11-09 14:30:00', 5, 55, 63),
(67484, 353, '2015-11-16 14:30:00', 5, 55, 63),
(67485, 353, '2015-11-23 14:30:00', 5, 55, 63),
(67486, 352, '2015-11-10 12:50:00', 4, 55, 41),
(67487, 352, '2015-11-17 12:50:00', 4, 55, 41),
(67488, 352, '2015-11-24 12:50:00', 4, 55, 41),
(67489, 352, '2015-11-10 14:30:00', 5, 55, 41),
(67490, 352, '2015-11-17 14:30:00', 5, 55, 41),
(67491, 352, '2015-11-24 14:30:00', 5, 55, 41),
(67492, 353, '2015-11-11 12:50:00', 4, 55, 63),
(67493, 353, '2015-11-18 12:50:00', 4, 55, 63),
(67494, 353, '2015-11-25 12:50:00', 4, 55, 63),
(67495, 353, '2015-11-11 14:30:00', 5, 55, 63),
(67496, 353, '2015-11-18 14:30:00', 5, 55, 63),
(67497, 353, '2015-11-25 14:30:00', 5, 55, 63),
(67498, 352, '2015-11-12 12:50:00', 4, 55, 41),
(67499, 352, '2015-11-19 12:50:00', 4, 55, 41),
(67500, 352, '2015-11-26 12:50:00', 4, 55, 41),
(67501, 352, '2015-11-12 14:30:00', 5, 55, 41),
(67502, 352, '2015-11-19 14:30:00', 5, 55, 41),
(67503, 352, '2015-11-26 14:30:00', 5, 55, 41),
(67504, 353, '2015-11-13 12:50:00', 4, 55, 63),
(67505, 353, '2015-11-20 12:50:00', 4, 55, 63),
(67506, 353, '2015-11-27 12:50:00', 4, 55, 63),
(67507, 353, '2015-11-13 14:30:00', 5, 55, 63),
(67508, 353, '2015-11-20 14:30:00', 5, 55, 63),
(67509, 353, '2015-11-27 14:30:00', 5, 55, 63),
(67510, 353, '2015-11-30 12:50:00', 4, 55, 63),
(67511, 353, '2015-12-07 12:50:00', 4, 55, 63),
(67512, 353, '2015-12-14 12:50:00', 4, 55, 63),
(67513, 353, '2015-11-30 14:30:00', 5, 55, 63),
(67514, 353, '2015-12-07 14:30:00', 5, 55, 63),
(67515, 353, '2015-12-14 14:30:00', 5, 55, 63),
(67516, 352, '2015-12-01 12:50:00', 4, 55, 41),
(67517, 352, '2015-12-08 12:50:00', 4, 55, 41),
(67518, 352, '2015-12-15 12:50:00', 4, 55, 41),
(67519, 352, '2015-12-01 14:30:00', 5, 55, 41),
(67520, 352, '2015-12-08 14:30:00', 5, 55, 41),
(67521, 352, '2015-12-15 14:30:00', 5, 55, 41),
(67522, 353, '2015-12-02 12:50:00', 4, 55, 63),
(67523, 353, '2015-12-09 12:50:00', 4, 55, 63),
(67524, 353, '2015-12-16 12:50:00', 4, 55, 63),
(67525, 353, '2015-12-02 14:30:00', 5, 55, 63),
(67526, 353, '2015-12-09 14:30:00', 5, 55, 63),
(67527, 353, '2015-12-16 14:30:00', 5, 55, 63),
(67528, 352, '2015-12-03 12:50:00', 4, 55, 41),
(67529, 352, '2015-12-10 12:50:00', 4, 55, 41),
(67530, 352, '2015-12-17 12:50:00', 4, 55, 41),
(67531, 352, '2015-12-03 14:30:00', 5, 55, 41),
(67532, 352, '2015-12-10 14:30:00', 5, 55, 41),
(67533, 352, '2015-12-17 14:30:00', 5, 55, 41),
(67534, 352, '2015-12-04 12:50:00', 4, 55, 41),
(67535, 352, '2015-12-11 12:50:00', 4, 55, 41),
(67536, 352, '2015-12-18 12:50:00', 4, 55, 41),
(67537, 352, '2015-12-04 14:30:00', 5, 55, 41),
(67538, 352, '2015-12-11 14:30:00', 5, 55, 41),
(67539, 352, '2015-12-18 14:30:00', 5, 55, 41),
(67540, 358, '2015-09-07 07:30:00', 1, 57, 70),
(67541, 358, '2015-09-14 07:30:00', 1, 57, 70),
(67542, 358, '2015-09-21 07:30:00', 1, 57, 70),
(67543, 358, '2015-09-07 09:10:00', 2, 57, 70),
(67544, 358, '2015-09-14 09:10:00', 2, 57, 70),
(67545, 358, '2015-09-21 09:10:00', 2, 57, 70),
(67546, 360, '2015-09-07 10:50:00', 3, 57, 48),
(67547, 360, '2015-09-14 10:50:00', 3, 57, 48),
(67548, 360, '2015-09-21 10:50:00', 3, 57, 48),
(67549, 359, '2015-09-08 07:30:00', 1, 57, 52),
(67550, 359, '2015-09-15 07:30:00', 1, 57, 52),
(67551, 359, '2015-09-22 07:30:00', 1, 57, 52),
(67552, 359, '2015-09-08 09:10:00', 2, 57, 52),
(67553, 359, '2015-09-15 09:10:00', 2, 57, 52),
(67554, 359, '2015-09-22 09:10:00', 2, 57, 52),
(67555, 360, '2015-09-08 10:50:00', 3, 57, 48),
(67556, 360, '2015-09-15 10:50:00', 3, 57, 48),
(67557, 360, '2015-09-22 10:50:00', 3, 57, 48),
(67558, 358, '2015-09-09 07:30:00', 1, 57, 70),
(67559, 358, '2015-09-16 07:30:00', 1, 57, 70),
(67560, 358, '2015-09-23 07:30:00', 1, 57, 70),
(67561, 358, '2015-09-09 09:10:00', 2, 57, 70),
(67562, 358, '2015-09-16 09:10:00', 2, 57, 70),
(67563, 358, '2015-09-23 09:10:00', 2, 57, 70),
(67564, 360, '2015-09-09 10:50:00', 3, 57, 48),
(67565, 360, '2015-09-16 10:50:00', 3, 57, 48);
INSERT INTO `time_table` (`time_table_id`, `class_course_semester_id`, `date`, `slot`, `room_id`, `teacher_semester_id`) VALUES
(67566, 360, '2015-09-23 10:50:00', 3, 57, 48),
(67567, 359, '2015-09-10 07:30:00', 1, 57, 52),
(67568, 359, '2015-09-17 07:30:00', 1, 57, 52),
(67569, 359, '2015-09-24 07:30:00', 1, 57, 52),
(67570, 359, '2015-09-10 09:10:00', 2, 57, 52),
(67571, 359, '2015-09-17 09:10:00', 2, 57, 52),
(67572, 359, '2015-09-24 09:10:00', 2, 57, 52),
(67573, 360, '2015-09-10 10:50:00', 3, 57, 48),
(67574, 360, '2015-09-17 10:50:00', 3, 57, 48),
(67575, 360, '2015-09-24 10:50:00', 3, 57, 48),
(67576, 358, '2015-09-11 07:30:00', 1, 57, 70),
(67577, 358, '2015-09-18 07:30:00', 1, 57, 70),
(67578, 358, '2015-09-25 07:30:00', 1, 57, 70),
(67579, 358, '2015-09-11 09:10:00', 2, 57, 70),
(67580, 358, '2015-09-18 09:10:00', 2, 57, 70),
(67581, 358, '2015-09-25 09:10:00', 2, 57, 70),
(67582, 360, '2015-09-11 10:50:00', 3, 57, 48),
(67583, 360, '2015-09-18 10:50:00', 3, 57, 48),
(67584, 360, '2015-09-25 10:50:00', 3, 57, 48),
(67585, 358, '2015-09-28 07:30:00', 1, 57, 70),
(67586, 358, '2015-10-05 07:30:00', 1, 57, 70),
(67587, 358, '2015-10-12 07:30:00', 1, 57, 70),
(67588, 358, '2015-09-28 09:10:00', 2, 57, 70),
(67589, 358, '2015-10-05 09:10:00', 2, 57, 70),
(67590, 358, '2015-10-12 09:10:00', 2, 57, 70),
(67591, 360, '2015-09-28 10:50:00', 3, 57, 48),
(67592, 360, '2015-10-05 10:50:00', 3, 57, 48),
(67593, 360, '2015-10-12 10:50:00', 3, 57, 48),
(67594, 359, '2015-09-29 07:30:00', 1, 57, 52),
(67595, 359, '2015-10-06 07:30:00', 1, 57, 52),
(67596, 359, '2015-10-13 07:30:00', 1, 57, 52),
(67597, 359, '2015-09-29 09:10:00', 2, 57, 52),
(67598, 359, '2015-10-06 09:10:00', 2, 57, 52),
(67599, 359, '2015-10-13 09:10:00', 2, 57, 52),
(67600, 360, '2015-09-29 10:50:00', 3, 57, 48),
(67601, 360, '2015-10-06 10:50:00', 3, 57, 48),
(67602, 360, '2015-10-13 10:50:00', 3, 57, 48),
(67603, 358, '2015-09-30 07:30:00', 1, 57, 70),
(67604, 358, '2015-10-07 07:30:00', 1, 57, 70),
(67605, 358, '2015-10-14 07:30:00', 1, 57, 70),
(67606, 358, '2015-09-30 09:10:00', 2, 57, 70),
(67607, 358, '2015-10-07 09:10:00', 2, 57, 70),
(67608, 358, '2015-10-14 09:10:00', 2, 57, 70),
(67609, 360, '2015-09-30 10:50:00', 3, 57, 48),
(67610, 360, '2015-10-07 10:50:00', 3, 57, 48),
(67611, 360, '2015-10-14 10:50:00', 3, 57, 48),
(67612, 359, '2015-10-01 07:30:00', 1, 57, 52),
(67613, 359, '2015-10-08 07:30:00', 1, 57, 52),
(67614, 359, '2015-10-15 07:30:00', 1, 57, 52),
(67615, 359, '2015-10-01 09:10:00', 2, 57, 52),
(67616, 359, '2015-10-08 09:10:00', 2, 57, 52),
(67617, 359, '2015-10-15 09:10:00', 2, 57, 52),
(67618, 360, '2015-10-01 10:50:00', 3, 57, 48),
(67619, 360, '2015-10-08 10:50:00', 3, 57, 48),
(67620, 360, '2015-10-15 10:50:00', 3, 57, 48),
(67621, 359, '2015-10-02 07:30:00', 1, 57, 52),
(67622, 359, '2015-10-09 07:30:00', 1, 57, 52),
(67623, 359, '2015-10-16 07:30:00', 1, 57, 52),
(67624, 359, '2015-10-02 09:10:00', 2, 57, 52),
(67625, 359, '2015-10-09 09:10:00', 2, 57, 52),
(67626, 359, '2015-10-16 09:10:00', 2, 57, 52),
(67627, 360, '2015-10-02 10:50:00', 3, 57, 48),
(67628, 360, '2015-10-09 10:50:00', 3, 57, 48),
(67629, 360, '2015-10-16 10:50:00', 3, 57, 48),
(67630, 357, '2015-11-09 07:30:00', 1, 51, 58),
(67631, 357, '2015-11-16 07:30:00', 1, 51, 58),
(67632, 357, '2015-11-23 07:30:00', 1, 51, 58),
(67633, 357, '2015-11-09 09:10:00', 2, 51, 58),
(67634, 357, '2015-11-16 09:10:00', 2, 51, 58),
(67635, 357, '2015-11-23 09:10:00', 2, 51, 58),
(67636, 356, '2015-11-10 07:30:00', 1, 57, 41),
(67637, 356, '2015-11-17 07:30:00', 1, 57, 41),
(67638, 356, '2015-11-24 07:30:00', 1, 57, 41),
(67639, 356, '2015-11-10 09:10:00', 2, 57, 41),
(67640, 356, '2015-11-17 09:10:00', 2, 57, 41),
(67641, 356, '2015-11-24 09:10:00', 2, 57, 41),
(67642, 357, '2015-11-11 07:30:00', 1, 51, 58),
(67643, 357, '2015-11-18 07:30:00', 1, 51, 58),
(67644, 357, '2015-11-25 07:30:00', 1, 51, 58),
(67645, 357, '2015-11-11 09:10:00', 2, 51, 58),
(67646, 357, '2015-11-18 09:10:00', 2, 51, 58),
(67647, 357, '2015-11-25 09:10:00', 2, 51, 58),
(67648, 356, '2015-11-12 07:30:00', 1, 57, 41),
(67649, 356, '2015-11-19 07:30:00', 1, 57, 41),
(67650, 356, '2015-11-26 07:30:00', 1, 57, 41),
(67651, 356, '2015-11-12 09:10:00', 2, 57, 41),
(67652, 356, '2015-11-19 09:10:00', 2, 57, 41),
(67653, 356, '2015-11-26 09:10:00', 2, 57, 41),
(67654, 357, '2015-11-13 07:30:00', 1, 51, 58),
(67655, 357, '2015-11-20 07:30:00', 1, 51, 58),
(67656, 357, '2015-11-27 07:30:00', 1, 51, 58),
(67657, 357, '2015-11-13 09:10:00', 2, 51, 58),
(67658, 357, '2015-11-20 09:10:00', 2, 51, 58),
(67659, 357, '2015-11-27 09:10:00', 2, 51, 58),
(67660, 357, '2015-11-30 07:30:00', 1, 51, 58),
(67661, 357, '2015-12-07 07:30:00', 1, 51, 58),
(67662, 357, '2015-12-14 07:30:00', 1, 51, 58),
(67663, 357, '2015-11-30 09:10:00', 2, 51, 58),
(67664, 357, '2015-12-07 09:10:00', 2, 51, 58),
(67665, 357, '2015-12-14 09:10:00', 2, 51, 58),
(67666, 356, '2015-12-01 07:30:00', 1, 57, 41),
(67667, 356, '2015-12-08 07:30:00', 1, 57, 41),
(67668, 356, '2015-12-15 07:30:00', 1, 57, 41),
(67669, 356, '2015-12-01 09:10:00', 2, 57, 41),
(67670, 356, '2015-12-08 09:10:00', 2, 57, 41),
(67671, 356, '2015-12-15 09:10:00', 2, 57, 41),
(67672, 357, '2015-12-02 07:30:00', 1, 51, 58),
(67673, 357, '2015-12-09 07:30:00', 1, 51, 58),
(67674, 357, '2015-12-16 07:30:00', 1, 51, 58),
(67675, 357, '2015-12-02 09:10:00', 2, 51, 58),
(67676, 357, '2015-12-09 09:10:00', 2, 51, 58),
(67677, 357, '2015-12-16 09:10:00', 2, 51, 58),
(67678, 356, '2015-12-03 07:30:00', 1, 57, 41),
(67679, 356, '2015-12-10 07:30:00', 1, 57, 41),
(67680, 356, '2015-12-17 07:30:00', 1, 57, 41),
(67681, 356, '2015-12-03 09:10:00', 2, 57, 41),
(67682, 356, '2015-12-10 09:10:00', 2, 57, 41),
(67683, 356, '2015-12-17 09:10:00', 2, 57, 41),
(67684, 356, '2015-12-04 07:30:00', 1, 57, 41),
(67685, 356, '2015-12-11 07:30:00', 1, 57, 41),
(67686, 356, '2015-12-18 07:30:00', 1, 57, 41),
(67687, 356, '2015-12-04 09:10:00', 2, 57, 41),
(67688, 356, '2015-12-11 09:10:00', 2, 57, 41),
(67689, 356, '2015-12-18 09:10:00', 2, 57, 41),
(67690, 364, '2015-09-07 12:50:00', 4, 56, 51),
(67691, 364, '2015-09-14 12:50:00', 4, 56, 51),
(67692, 364, '2015-09-21 12:50:00', 4, 56, 51),
(67693, 364, '2015-09-07 14:30:00', 5, 56, 51),
(67694, 364, '2015-09-14 14:30:00', 5, 56, 51),
(67695, 364, '2015-09-21 14:30:00', 5, 56, 51),
(67696, 365, '2015-09-07 16:10:00', 6, 97, NULL),
(67697, 365, '2015-09-14 16:10:00', 6, 97, NULL),
(67698, 365, '2015-09-21 16:10:00', 6, 97, NULL),
(67699, 362, '2015-09-08 12:50:00', 4, 56, 59),
(67700, 362, '2015-09-15 12:50:00', 4, 56, 59),
(67701, 362, '2015-09-22 12:50:00', 4, 56, 59),
(67702, 362, '2015-09-08 14:30:00', 5, 56, 59),
(67703, 362, '2015-09-15 14:30:00', 5, 56, 59),
(67704, 362, '2015-09-22 14:30:00', 5, 56, 59),
(67705, 365, '2015-09-08 16:10:00', 6, 97, NULL),
(67706, 365, '2015-09-15 16:10:00', 6, 97, NULL),
(67707, 365, '2015-09-22 16:10:00', 6, 97, NULL),
(67708, 364, '2015-09-09 12:50:00', 4, 56, 51),
(67709, 364, '2015-09-16 12:50:00', 4, 56, 51),
(67710, 364, '2015-09-23 12:50:00', 4, 56, 51),
(67711, 364, '2015-09-09 14:30:00', 5, 56, 51),
(67712, 364, '2015-09-16 14:30:00', 5, 56, 51),
(67713, 364, '2015-09-23 14:30:00', 5, 56, 51),
(67714, 365, '2015-09-09 16:10:00', 6, 97, NULL),
(67715, 365, '2015-09-16 16:10:00', 6, 97, NULL),
(67716, 365, '2015-09-23 16:10:00', 6, 97, NULL),
(67717, 362, '2015-09-10 12:50:00', 4, 56, 59),
(67718, 362, '2015-09-17 12:50:00', 4, 56, 59),
(67719, 362, '2015-09-24 12:50:00', 4, 56, 59),
(67720, 362, '2015-09-10 14:30:00', 5, 56, 59),
(67721, 362, '2015-09-17 14:30:00', 5, 56, 59),
(67722, 362, '2015-09-24 14:30:00', 5, 56, 59),
(67723, 365, '2015-09-10 16:10:00', 6, 97, NULL),
(67724, 365, '2015-09-17 16:10:00', 6, 97, NULL),
(67725, 365, '2015-09-24 16:10:00', 6, 97, NULL),
(67726, 364, '2015-09-11 12:50:00', 4, 56, 51),
(67727, 364, '2015-09-18 12:50:00', 4, 56, 51),
(67728, 364, '2015-09-25 12:50:00', 4, 56, 51),
(67729, 364, '2015-09-11 14:30:00', 5, 56, 51),
(67730, 364, '2015-09-18 14:30:00', 5, 56, 51),
(67731, 364, '2015-09-25 14:30:00', 5, 56, 51),
(67732, 365, '2015-09-11 16:10:00', 6, 97, NULL),
(67733, 365, '2015-09-18 16:10:00', 6, 97, NULL),
(67734, 365, '2015-09-25 16:10:00', 6, 97, NULL),
(67735, 364, '2015-09-28 12:50:00', 4, 56, 51),
(67736, 364, '2015-10-05 12:50:00', 4, 56, 51),
(67737, 364, '2015-10-12 12:50:00', 4, 56, 51),
(67738, 364, '2015-09-28 14:30:00', 5, 56, 51),
(67739, 364, '2015-10-05 14:30:00', 5, 56, 51),
(67740, 364, '2015-10-12 14:30:00', 5, 56, 51),
(67741, 365, '2015-09-28 16:10:00', 6, 97, NULL),
(67742, 365, '2015-10-05 16:10:00', 6, 97, NULL),
(67743, 365, '2015-10-12 16:10:00', 6, 97, NULL),
(67744, 362, '2015-09-29 12:50:00', 4, 56, 59),
(67745, 362, '2015-10-06 12:50:00', 4, 56, 59),
(67746, 362, '2015-10-13 12:50:00', 4, 56, 59),
(67747, 362, '2015-09-29 14:30:00', 5, 56, 59),
(67748, 362, '2015-10-06 14:30:00', 5, 56, 59),
(67749, 362, '2015-10-13 14:30:00', 5, 56, 59),
(67750, 365, '2015-09-29 16:10:00', 6, 97, NULL),
(67751, 365, '2015-10-06 16:10:00', 6, 97, NULL),
(67752, 365, '2015-10-13 16:10:00', 6, 97, NULL),
(67753, 364, '2015-09-30 12:50:00', 4, 56, 51),
(67754, 364, '2015-10-07 12:50:00', 4, 56, 51),
(67755, 364, '2015-10-14 12:50:00', 4, 56, 51),
(67756, 364, '2015-09-30 14:30:00', 5, 56, 51),
(67757, 364, '2015-10-07 14:30:00', 5, 56, 51),
(67758, 364, '2015-10-14 14:30:00', 5, 56, 51),
(67759, 365, '2015-09-30 16:10:00', 6, 97, NULL),
(67760, 365, '2015-10-07 16:10:00', 6, 97, NULL),
(67761, 365, '2015-10-14 16:10:00', 6, 97, NULL),
(67762, 362, '2015-10-01 12:50:00', 4, 56, 59),
(67763, 362, '2015-10-08 12:50:00', 4, 56, 59),
(67764, 362, '2015-10-15 12:50:00', 4, 56, 59),
(67765, 362, '2015-10-01 14:30:00', 5, 56, 59),
(67766, 362, '2015-10-08 14:30:00', 5, 56, 59),
(67767, 362, '2015-10-15 14:30:00', 5, 56, 59),
(67768, 365, '2015-10-01 16:10:00', 6, 97, NULL),
(67769, 365, '2015-10-08 16:10:00', 6, 97, NULL),
(67770, 365, '2015-10-15 16:10:00', 6, 97, NULL),
(67771, 362, '2015-10-02 12:50:00', 4, 56, 59),
(67772, 362, '2015-10-09 12:50:00', 4, 56, 59),
(67773, 362, '2015-10-16 12:50:00', 4, 56, 59),
(67774, 362, '2015-10-02 14:30:00', 5, 56, 59),
(67775, 362, '2015-10-09 14:30:00', 5, 56, 59),
(67776, 362, '2015-10-16 14:30:00', 5, 56, 59),
(67777, 365, '2015-10-02 16:10:00', 6, 97, NULL),
(67778, 365, '2015-10-09 16:10:00', 6, 97, NULL),
(67779, 365, '2015-10-16 16:10:00', 6, 97, NULL),
(67780, 361, '2015-11-09 14:30:00', 5, 56, NULL),
(67781, 361, '2015-11-16 14:30:00', 5, 56, NULL),
(67782, 361, '2015-11-23 14:30:00', 5, 56, NULL),
(67783, 361, '2015-11-09 16:10:00', 6, 56, NULL),
(67784, 361, '2015-11-16 16:10:00', 6, 56, NULL),
(67785, 361, '2015-11-23 16:10:00', 6, 56, NULL),
(67786, 363, '2015-11-10 12:50:00', 4, 56, NULL),
(67787, 363, '2015-11-17 12:50:00', 4, 56, NULL),
(67788, 363, '2015-11-24 12:50:00', 4, 56, NULL),
(67789, 363, '2015-11-10 14:30:00', 5, 56, NULL),
(67790, 363, '2015-11-17 14:30:00', 5, 56, NULL),
(67791, 363, '2015-11-24 14:30:00', 5, 56, NULL),
(67792, 361, '2015-11-11 14:30:00', 5, 56, NULL),
(67793, 361, '2015-11-18 14:30:00', 5, 56, NULL),
(67794, 361, '2015-11-25 14:30:00', 5, 56, NULL),
(67795, 361, '2015-11-11 16:10:00', 6, 56, NULL),
(67796, 361, '2015-11-18 16:10:00', 6, 56, NULL),
(67797, 361, '2015-11-25 16:10:00', 6, 56, NULL),
(67798, 363, '2015-11-12 12:50:00', 4, 56, NULL),
(67799, 363, '2015-11-19 12:50:00', 4, 56, NULL),
(67800, 363, '2015-11-26 12:50:00', 4, 56, NULL),
(67801, 363, '2015-11-12 14:30:00', 5, 56, NULL),
(67802, 363, '2015-11-19 14:30:00', 5, 56, NULL),
(67803, 363, '2015-11-26 14:30:00', 5, 56, NULL),
(67804, 361, '2015-11-13 14:30:00', 5, 56, NULL),
(67805, 361, '2015-11-20 14:30:00', 5, 56, NULL),
(67806, 361, '2015-11-27 14:30:00', 5, 56, NULL),
(67807, 361, '2015-11-13 16:10:00', 6, 56, NULL),
(67808, 361, '2015-11-20 16:10:00', 6, 56, NULL),
(67809, 361, '2015-11-27 16:10:00', 6, 56, NULL),
(67810, 361, '2015-11-30 14:30:00', 5, 56, NULL),
(67811, 361, '2015-12-07 14:30:00', 5, 56, NULL),
(67812, 361, '2015-12-14 14:30:00', 5, 56, NULL),
(67813, 361, '2015-11-30 16:10:00', 6, 56, NULL),
(67814, 361, '2015-12-07 16:10:00', 6, 56, NULL),
(67815, 361, '2015-12-14 16:10:00', 6, 56, NULL),
(67816, 363, '2015-12-01 12:50:00', 4, 56, NULL),
(67817, 363, '2015-12-08 12:50:00', 4, 56, NULL),
(67818, 363, '2015-12-15 12:50:00', 4, 56, NULL),
(67819, 363, '2015-12-01 14:30:00', 5, 56, NULL),
(67820, 363, '2015-12-08 14:30:00', 5, 56, NULL),
(67821, 363, '2015-12-15 14:30:00', 5, 56, NULL),
(67822, 361, '2015-12-02 14:30:00', 5, 56, NULL),
(67823, 361, '2015-12-09 14:30:00', 5, 56, NULL),
(67824, 361, '2015-12-16 14:30:00', 5, 56, NULL),
(67825, 361, '2015-12-02 16:10:00', 6, 56, NULL),
(67826, 361, '2015-12-09 16:10:00', 6, 56, NULL),
(67827, 361, '2015-12-16 16:10:00', 6, 56, NULL),
(67828, 363, '2015-12-03 12:50:00', 4, 56, NULL),
(67829, 363, '2015-12-10 12:50:00', 4, 56, NULL),
(67830, 363, '2015-12-17 12:50:00', 4, 56, NULL),
(67831, 363, '2015-12-03 14:30:00', 5, 56, NULL),
(67832, 363, '2015-12-10 14:30:00', 5, 56, NULL),
(67833, 363, '2015-12-17 14:30:00', 5, 56, NULL),
(67834, 363, '2015-12-04 12:50:00', 4, 56, NULL),
(67835, 363, '2015-12-11 12:50:00', 4, 56, NULL),
(67836, 363, '2015-12-18 12:50:00', 4, 56, NULL),
(67837, 363, '2015-12-04 14:30:00', 5, 56, NULL),
(67838, 363, '2015-12-11 14:30:00', 5, 56, NULL),
(67839, 363, '2015-12-18 14:30:00', 5, 56, NULL),
(67840, 370, '2015-09-07 12:50:00', 4, 97, NULL),
(67841, 370, '2015-09-14 12:50:00', 4, 97, NULL),
(67842, 370, '2015-09-21 12:50:00', 4, 97, NULL),
(67843, 366, '2015-09-07 14:30:00', 5, 57, 59),
(67844, 366, '2015-09-14 14:30:00', 5, 57, 59),
(67845, 366, '2015-09-21 14:30:00', 5, 57, 59),
(67846, 366, '2015-09-07 16:10:00', 6, 57, 59),
(67847, 366, '2015-09-14 16:10:00', 6, 57, 59),
(67848, 366, '2015-09-21 16:10:00', 6, 57, 59),
(67849, 370, '2015-09-08 12:50:00', 4, 97, NULL),
(67850, 370, '2015-09-15 12:50:00', 4, 97, NULL),
(67851, 370, '2015-09-22 12:50:00', 4, 97, NULL),
(67852, 367, '2015-09-08 14:30:00', 5, 57, 41),
(67853, 367, '2015-09-15 14:30:00', 5, 57, 41),
(67854, 367, '2015-09-22 14:30:00', 5, 57, 41),
(67855, 367, '2015-09-08 16:10:00', 6, 57, 41),
(67856, 367, '2015-09-15 16:10:00', 6, 57, 41),
(67857, 367, '2015-09-22 16:10:00', 6, 57, 41),
(67858, 370, '2015-09-09 12:50:00', 4, 97, NULL),
(67859, 370, '2015-09-16 12:50:00', 4, 97, NULL),
(67860, 370, '2015-09-23 12:50:00', 4, 97, NULL),
(67861, 366, '2015-09-09 14:30:00', 5, 57, 59),
(67862, 366, '2015-09-16 14:30:00', 5, 57, 59),
(67863, 366, '2015-09-23 14:30:00', 5, 57, 59),
(67864, 366, '2015-09-09 16:10:00', 6, 57, 59),
(67865, 366, '2015-09-16 16:10:00', 6, 57, 59),
(67866, 366, '2015-09-23 16:10:00', 6, 57, 59),
(67867, 370, '2015-09-10 12:50:00', 4, 97, NULL),
(67868, 370, '2015-09-17 12:50:00', 4, 97, NULL),
(67869, 370, '2015-09-24 12:50:00', 4, 97, NULL),
(67870, 367, '2015-09-10 14:30:00', 5, 57, 41),
(67871, 367, '2015-09-17 14:30:00', 5, 57, 41),
(67872, 367, '2015-09-24 14:30:00', 5, 57, 41),
(67873, 367, '2015-09-10 16:10:00', 6, 57, 41),
(67874, 367, '2015-09-17 16:10:00', 6, 57, 41),
(67875, 367, '2015-09-24 16:10:00', 6, 57, 41),
(67876, 370, '2015-09-11 12:50:00', 4, 97, NULL),
(67877, 370, '2015-09-18 12:50:00', 4, 97, NULL),
(67878, 370, '2015-09-25 12:50:00', 4, 97, NULL),
(67879, 366, '2015-09-11 14:30:00', 5, 57, 59),
(67880, 366, '2015-09-18 14:30:00', 5, 57, 59),
(67881, 366, '2015-09-25 14:30:00', 5, 57, 59),
(67882, 366, '2015-09-11 16:10:00', 6, 57, 59),
(67883, 366, '2015-09-18 16:10:00', 6, 57, 59),
(67884, 366, '2015-09-25 16:10:00', 6, 57, 59),
(67885, 370, '2015-09-28 12:50:00', 4, 97, NULL),
(67886, 370, '2015-10-05 12:50:00', 4, 97, NULL),
(67887, 370, '2015-10-12 12:50:00', 4, 97, NULL),
(67888, 366, '2015-09-28 14:30:00', 5, 57, 59),
(67889, 366, '2015-10-05 14:30:00', 5, 57, 59),
(67890, 366, '2015-10-12 14:30:00', 5, 57, 59),
(67891, 366, '2015-09-28 16:10:00', 6, 57, 59),
(67892, 366, '2015-10-05 16:10:00', 6, 57, 59),
(67893, 366, '2015-10-12 16:10:00', 6, 57, 59),
(67894, 370, '2015-09-29 12:50:00', 4, 97, NULL),
(67895, 370, '2015-10-06 12:50:00', 4, 97, NULL),
(67896, 370, '2015-10-13 12:50:00', 4, 97, NULL),
(67897, 367, '2015-09-29 14:30:00', 5, 57, 41),
(67898, 367, '2015-10-06 14:30:00', 5, 57, 41),
(67899, 367, '2015-10-13 14:30:00', 5, 57, 41),
(67900, 367, '2015-09-29 16:10:00', 6, 57, 41),
(67901, 367, '2015-10-06 16:10:00', 6, 57, 41),
(67902, 367, '2015-10-13 16:10:00', 6, 57, 41),
(67903, 370, '2015-09-30 12:50:00', 4, 97, NULL),
(67904, 370, '2015-10-07 12:50:00', 4, 97, NULL),
(67905, 370, '2015-10-14 12:50:00', 4, 97, NULL),
(67906, 366, '2015-09-30 14:30:00', 5, 57, 59),
(67907, 366, '2015-10-07 14:30:00', 5, 57, 59),
(67908, 366, '2015-10-14 14:30:00', 5, 57, 59),
(67909, 366, '2015-09-30 16:10:00', 6, 57, 59),
(67910, 366, '2015-10-07 16:10:00', 6, 57, 59),
(67911, 366, '2015-10-14 16:10:00', 6, 57, 59),
(67912, 370, '2015-10-01 12:50:00', 4, 97, NULL),
(67913, 370, '2015-10-08 12:50:00', 4, 97, NULL),
(67914, 370, '2015-10-15 12:50:00', 4, 97, NULL),
(67915, 367, '2015-10-01 14:30:00', 5, 57, 41),
(67916, 367, '2015-10-08 14:30:00', 5, 57, 41),
(67917, 367, '2015-10-15 14:30:00', 5, 57, 41),
(67918, 367, '2015-10-01 16:10:00', 6, 57, 41),
(67919, 367, '2015-10-08 16:10:00', 6, 57, 41),
(67920, 367, '2015-10-15 16:10:00', 6, 57, 41),
(67921, 370, '2015-10-02 12:50:00', 4, 97, NULL),
(67922, 370, '2015-10-09 12:50:00', 4, 97, NULL),
(67923, 370, '2015-10-16 12:50:00', 4, 97, NULL),
(67924, 367, '2015-10-02 14:30:00', 5, 57, 41),
(67925, 367, '2015-10-09 14:30:00', 5, 57, 41),
(67926, 367, '2015-10-16 14:30:00', 5, 57, 41),
(67927, 367, '2015-10-02 16:10:00', 6, 57, 41),
(67928, 367, '2015-10-09 16:10:00', 6, 57, 41),
(67929, 367, '2015-10-16 16:10:00', 6, 57, 41),
(67930, 369, '2015-11-09 12:50:00', 4, 57, 65),
(67931, 369, '2015-11-16 12:50:00', 4, 57, 65),
(67932, 369, '2015-11-23 12:50:00', 4, 57, 65),
(67933, 369, '2015-11-09 14:30:00', 5, 57, 65),
(67934, 369, '2015-11-16 14:30:00', 5, 57, 65),
(67935, 369, '2015-11-23 14:30:00', 5, 57, 65),
(67936, 368, '2015-11-10 14:30:00', 5, 57, 59),
(67937, 368, '2015-11-17 14:30:00', 5, 57, 59),
(67938, 368, '2015-11-24 14:30:00', 5, 57, 59),
(67939, 368, '2015-11-10 16:10:00', 6, 57, 59),
(67940, 368, '2015-11-17 16:10:00', 6, 57, 59),
(67941, 368, '2015-11-24 16:10:00', 6, 57, 59),
(67942, 369, '2015-11-11 12:50:00', 4, 57, 65),
(67943, 369, '2015-11-18 12:50:00', 4, 57, 65),
(67944, 369, '2015-11-25 12:50:00', 4, 57, 65),
(67945, 369, '2015-11-11 14:30:00', 5, 57, 65),
(67946, 369, '2015-11-18 14:30:00', 5, 57, 65),
(67947, 369, '2015-11-25 14:30:00', 5, 57, 65),
(67948, 368, '2015-11-12 14:30:00', 5, 57, 59),
(67949, 368, '2015-11-19 14:30:00', 5, 57, 59),
(67950, 368, '2015-11-26 14:30:00', 5, 57, 59),
(67951, 368, '2015-11-12 16:10:00', 6, 57, 59),
(67952, 368, '2015-11-19 16:10:00', 6, 57, 59),
(67953, 368, '2015-11-26 16:10:00', 6, 57, 59),
(67954, 369, '2015-11-13 12:50:00', 4, 57, 65),
(67955, 369, '2015-11-20 12:50:00', 4, 57, 65),
(67956, 369, '2015-11-27 12:50:00', 4, 57, 65),
(67957, 369, '2015-11-13 14:30:00', 5, 57, 65),
(67958, 369, '2015-11-20 14:30:00', 5, 57, 65),
(67959, 369, '2015-11-27 14:30:00', 5, 57, 65),
(67960, 369, '2015-11-30 12:50:00', 4, 57, 65),
(67961, 369, '2015-12-07 12:50:00', 4, 57, 65),
(67962, 369, '2015-12-14 12:50:00', 4, 57, 65),
(67963, 369, '2015-11-30 14:30:00', 5, 57, 65),
(67964, 369, '2015-12-07 14:30:00', 5, 57, 65),
(67965, 369, '2015-12-14 14:30:00', 5, 57, 65),
(67966, 368, '2015-12-01 14:30:00', 5, 57, 59),
(67967, 368, '2015-12-08 14:30:00', 5, 57, 59),
(67968, 368, '2015-12-15 14:30:00', 5, 57, 59),
(67969, 368, '2015-12-01 16:10:00', 6, 57, 59),
(67970, 368, '2015-12-08 16:10:00', 6, 57, 59),
(67971, 368, '2015-12-15 16:10:00', 6, 57, 59),
(67972, 369, '2015-12-02 12:50:00', 4, 57, 65),
(67973, 369, '2015-12-09 12:50:00', 4, 57, 65),
(67974, 369, '2015-12-16 12:50:00', 4, 57, 65),
(67975, 369, '2015-12-02 14:30:00', 5, 57, 65),
(67976, 369, '2015-12-09 14:30:00', 5, 57, 65),
(67977, 369, '2015-12-16 14:30:00', 5, 57, 65),
(67978, 368, '2015-12-03 14:30:00', 5, 57, 59),
(67979, 368, '2015-12-10 14:30:00', 5, 57, 59),
(67980, 368, '2015-12-17 14:30:00', 5, 57, 59),
(67981, 368, '2015-12-03 16:10:00', 6, 57, 59),
(67982, 368, '2015-12-10 16:10:00', 6, 57, 59),
(67983, 368, '2015-12-17 16:10:00', 6, 57, 59),
(67984, 368, '2015-12-04 14:30:00', 5, 57, 59),
(67985, 368, '2015-12-11 14:30:00', 5, 57, 59),
(67986, 368, '2015-12-18 14:30:00', 5, 57, 59),
(67987, 368, '2015-12-04 16:10:00', 6, 57, 59),
(67988, 368, '2015-12-11 16:10:00', 6, 57, 59),
(67989, 368, '2015-12-18 16:10:00', 6, 57, 59),
(67990, 373, '2015-09-07 07:30:00', 1, 59, 42),
(67991, 373, '2015-09-14 07:30:00', 1, 59, 42),
(67992, 373, '2015-09-21 07:30:00', 1, 59, 42),
(67993, 373, '2015-09-07 09:10:00', 2, 59, 42),
(67994, 373, '2015-09-14 09:10:00', 2, 59, 42),
(67995, 373, '2015-09-21 09:10:00', 2, 59, 42),
(67996, 375, '2015-09-07 10:50:00', 3, 97, 46),
(67997, 375, '2015-09-14 10:50:00', 3, 97, 46),
(67998, 375, '2015-09-21 10:50:00', 3, 97, 46),
(67999, 372, '2015-09-08 07:30:00', 1, 59, 41),
(68000, 372, '2015-09-15 07:30:00', 1, 59, 41),
(68001, 372, '2015-09-22 07:30:00', 1, 59, 41),
(68002, 372, '2015-09-08 09:10:00', 2, 59, 41),
(68003, 372, '2015-09-15 09:10:00', 2, 59, 41),
(68004, 372, '2015-09-22 09:10:00', 2, 59, 41),
(68005, 375, '2015-09-08 10:50:00', 3, 97, 46),
(68006, 375, '2015-09-15 10:50:00', 3, 97, 46),
(68007, 375, '2015-09-22 10:50:00', 3, 97, 46),
(68008, 373, '2015-09-09 07:30:00', 1, 59, 42),
(68009, 373, '2015-09-16 07:30:00', 1, 59, 42),
(68010, 373, '2015-09-23 07:30:00', 1, 59, 42),
(68011, 373, '2015-09-09 09:10:00', 2, 59, 42),
(68012, 373, '2015-09-16 09:10:00', 2, 59, 42),
(68013, 373, '2015-09-23 09:10:00', 2, 59, 42),
(68014, 375, '2015-09-09 10:50:00', 3, 97, 46),
(68015, 375, '2015-09-16 10:50:00', 3, 97, 46),
(68016, 375, '2015-09-23 10:50:00', 3, 97, 46),
(68017, 372, '2015-09-10 07:30:00', 1, 59, 41),
(68018, 372, '2015-09-17 07:30:00', 1, 59, 41),
(68019, 372, '2015-09-24 07:30:00', 1, 59, 41),
(68020, 372, '2015-09-10 09:10:00', 2, 59, 41),
(68021, 372, '2015-09-17 09:10:00', 2, 59, 41),
(68022, 372, '2015-09-24 09:10:00', 2, 59, 41),
(68023, 375, '2015-09-10 10:50:00', 3, 97, 46),
(68024, 375, '2015-09-17 10:50:00', 3, 97, 46),
(68025, 375, '2015-09-24 10:50:00', 3, 97, 46),
(68026, 373, '2015-09-11 07:30:00', 1, 59, 42),
(68027, 373, '2015-09-18 07:30:00', 1, 59, 42),
(68028, 373, '2015-09-25 07:30:00', 1, 59, 42),
(68029, 373, '2015-09-11 09:10:00', 2, 59, 42),
(68030, 373, '2015-09-18 09:10:00', 2, 59, 42),
(68031, 373, '2015-09-25 09:10:00', 2, 59, 42),
(68032, 375, '2015-09-11 10:50:00', 3, 97, 46),
(68033, 375, '2015-09-18 10:50:00', 3, 97, 46),
(68034, 375, '2015-09-25 10:50:00', 3, 97, 46),
(68035, 373, '2015-09-28 07:30:00', 1, 59, 42),
(68036, 373, '2015-10-05 07:30:00', 1, 59, 42),
(68037, 373, '2015-10-12 07:30:00', 1, 59, 42),
(68038, 373, '2015-09-28 09:10:00', 2, 59, 42),
(68039, 373, '2015-10-05 09:10:00', 2, 59, 42),
(68040, 373, '2015-10-12 09:10:00', 2, 59, 42),
(68041, 375, '2015-09-28 10:50:00', 3, 97, 46),
(68042, 375, '2015-10-05 10:50:00', 3, 97, 46),
(68043, 375, '2015-10-12 10:50:00', 3, 97, 46),
(68044, 372, '2015-09-29 07:30:00', 1, 59, 41),
(68045, 372, '2015-10-06 07:30:00', 1, 59, 41),
(68046, 372, '2015-10-13 07:30:00', 1, 59, 41),
(68047, 372, '2015-09-29 09:10:00', 2, 59, 41),
(68048, 372, '2015-10-06 09:10:00', 2, 59, 41),
(68049, 372, '2015-10-13 09:10:00', 2, 59, 41),
(68050, 375, '2015-09-29 10:50:00', 3, 97, 46),
(68051, 375, '2015-10-06 10:50:00', 3, 97, 46),
(68052, 375, '2015-10-13 10:50:00', 3, 97, 46),
(68053, 373, '2015-09-30 07:30:00', 1, 59, 42),
(68054, 373, '2015-10-07 07:30:00', 1, 59, 42),
(68055, 373, '2015-10-14 07:30:00', 1, 59, 42),
(68056, 373, '2015-09-30 09:10:00', 2, 59, 42),
(68057, 373, '2015-10-07 09:10:00', 2, 59, 42),
(68058, 373, '2015-10-14 09:10:00', 2, 59, 42),
(68059, 375, '2015-09-30 10:50:00', 3, 97, 46),
(68060, 375, '2015-10-07 10:50:00', 3, 97, 46),
(68061, 375, '2015-10-14 10:50:00', 3, 97, 46),
(68062, 372, '2015-10-01 07:30:00', 1, 59, 41),
(68063, 372, '2015-10-08 07:30:00', 1, 59, 41),
(68064, 372, '2015-10-15 07:30:00', 1, 59, 41),
(68065, 372, '2015-10-01 09:10:00', 2, 59, 41),
(68066, 372, '2015-10-08 09:10:00', 2, 59, 41),
(68067, 372, '2015-10-15 09:10:00', 2, 59, 41),
(68068, 375, '2015-10-01 10:50:00', 3, 97, 46),
(68069, 375, '2015-10-08 10:50:00', 3, 97, 46),
(68070, 375, '2015-10-15 10:50:00', 3, 97, 46),
(68071, 372, '2015-10-02 07:30:00', 1, 59, 41),
(68072, 372, '2015-10-09 07:30:00', 1, 59, 41),
(68073, 372, '2015-10-16 07:30:00', 1, 59, 41),
(68074, 372, '2015-10-02 09:10:00', 2, 59, 41),
(68075, 372, '2015-10-09 09:10:00', 2, 59, 41),
(68076, 372, '2015-10-16 09:10:00', 2, 59, 41),
(68077, 375, '2015-10-02 10:50:00', 3, 97, 46),
(68078, 375, '2015-10-09 10:50:00', 3, 97, 46),
(68079, 375, '2015-10-16 10:50:00', 3, 97, 46),
(68080, 374, '2015-11-09 07:30:00', 1, 59, 65),
(68081, 374, '2015-11-16 07:30:00', 1, 59, 65),
(68082, 374, '2015-11-23 07:30:00', 1, 59, 65),
(68083, 374, '2015-11-09 09:10:00', 2, 59, 65),
(68084, 374, '2015-11-16 09:10:00', 2, 59, 65),
(68085, 374, '2015-11-23 09:10:00', 2, 59, 65),
(68086, 371, '2015-11-10 09:10:00', 2, 59, 42),
(68087, 371, '2015-11-17 09:10:00', 2, 59, 42),
(68088, 371, '2015-11-24 09:10:00', 2, 59, 42),
(68089, 371, '2015-11-10 10:50:00', 3, 59, 42),
(68090, 371, '2015-11-17 10:50:00', 3, 59, 42),
(68091, 371, '2015-11-24 10:50:00', 3, 59, 42),
(68092, 374, '2015-11-11 07:30:00', 1, 59, 65),
(68093, 374, '2015-11-18 07:30:00', 1, 59, 65),
(68094, 374, '2015-11-25 07:30:00', 1, 59, 65),
(68095, 374, '2015-11-11 09:10:00', 2, 59, 65),
(68096, 374, '2015-11-18 09:10:00', 2, 59, 65),
(68097, 374, '2015-11-25 09:10:00', 2, 59, 65),
(68098, 371, '2015-11-12 09:10:00', 2, 59, 42),
(68099, 371, '2015-11-19 09:10:00', 2, 59, 42),
(68100, 371, '2015-11-26 09:10:00', 2, 59, 42),
(68101, 371, '2015-11-12 10:50:00', 3, 59, 42),
(68102, 371, '2015-11-19 10:50:00', 3, 59, 42),
(68103, 371, '2015-11-26 10:50:00', 3, 59, 42),
(68104, 374, '2015-11-13 07:30:00', 1, 59, 65),
(68105, 374, '2015-11-20 07:30:00', 1, 59, 65),
(68106, 374, '2015-11-27 07:30:00', 1, 59, 65),
(68107, 374, '2015-11-13 09:10:00', 2, 59, 65),
(68108, 374, '2015-11-20 09:10:00', 2, 59, 65),
(68109, 374, '2015-11-27 09:10:00', 2, 59, 65),
(68110, 374, '2015-11-30 07:30:00', 1, 59, 65),
(68111, 374, '2015-12-07 07:30:00', 1, 59, 65),
(68112, 374, '2015-12-14 07:30:00', 1, 59, 65),
(68113, 374, '2015-11-30 09:10:00', 2, 59, 65),
(68114, 374, '2015-12-07 09:10:00', 2, 59, 65),
(68115, 374, '2015-12-14 09:10:00', 2, 59, 65),
(68116, 371, '2015-12-01 09:10:00', 2, 59, 42),
(68117, 371, '2015-12-08 09:10:00', 2, 59, 42),
(68118, 371, '2015-12-15 09:10:00', 2, 59, 42),
(68119, 371, '2015-12-01 10:50:00', 3, 59, 42),
(68120, 371, '2015-12-08 10:50:00', 3, 59, 42),
(68121, 371, '2015-12-15 10:50:00', 3, 59, 42),
(68122, 374, '2015-12-02 07:30:00', 1, 59, 65),
(68123, 374, '2015-12-09 07:30:00', 1, 59, 65),
(68124, 374, '2015-12-16 07:30:00', 1, 59, 65),
(68125, 374, '2015-12-02 09:10:00', 2, 59, 65),
(68126, 374, '2015-12-09 09:10:00', 2, 59, 65),
(68127, 374, '2015-12-16 09:10:00', 2, 59, 65),
(68128, 371, '2015-12-03 09:10:00', 2, 59, 42),
(68129, 371, '2015-12-10 09:10:00', 2, 59, 42),
(68130, 371, '2015-12-17 09:10:00', 2, 59, 42),
(68131, 371, '2015-12-03 10:50:00', 3, 59, 42),
(68132, 371, '2015-12-10 10:50:00', 3, 59, 42),
(68133, 371, '2015-12-17 10:50:00', 3, 59, 42),
(68134, 371, '2015-12-04 09:10:00', 2, 59, 42),
(68135, 371, '2015-12-11 09:10:00', 2, 59, 42),
(68136, 371, '2015-12-18 09:10:00', 2, 59, 42),
(68137, 371, '2015-12-04 10:50:00', 3, 59, 42),
(68138, 371, '2015-12-11 10:50:00', 3, 59, 42),
(68139, 371, '2015-12-18 10:50:00', 3, 59, 42),
(68140, 384, '2015-09-07 09:10:00', 2, 60, 43),
(68141, 384, '2015-09-14 09:10:00', 2, 60, 43),
(68142, 384, '2015-09-21 09:10:00', 2, 60, 43),
(68143, 384, '2015-09-07 10:50:00', 3, 60, 43),
(68144, 384, '2015-09-14 10:50:00', 3, 60, 43),
(68145, 384, '2015-09-21 10:50:00', 3, 60, 43),
(68146, 383, '2015-09-08 09:10:00', 2, 60, NULL),
(68147, 383, '2015-09-15 09:10:00', 2, 60, NULL),
(68148, 383, '2015-09-22 09:10:00', 2, 60, NULL),
(68149, 383, '2015-09-08 10:50:00', 3, 60, NULL),
(68150, 383, '2015-09-15 10:50:00', 3, 60, NULL),
(68151, 383, '2015-09-22 10:50:00', 3, 60, NULL),
(68152, 384, '2015-09-09 09:10:00', 2, 60, 43),
(68153, 384, '2015-09-16 09:10:00', 2, 60, 43),
(68154, 384, '2015-09-23 09:10:00', 2, 60, 43),
(68155, 384, '2015-09-09 10:50:00', 3, 60, 43),
(68156, 384, '2015-09-16 10:50:00', 3, 60, 43),
(68157, 384, '2015-09-23 10:50:00', 3, 60, 43),
(68158, 383, '2015-09-10 09:10:00', 2, 60, NULL),
(68159, 383, '2015-09-17 09:10:00', 2, 60, NULL),
(68160, 383, '2015-09-24 09:10:00', 2, 60, NULL),
(68161, 383, '2015-09-10 10:50:00', 3, 60, NULL),
(68162, 383, '2015-09-17 10:50:00', 3, 60, NULL),
(68163, 383, '2015-09-24 10:50:00', 3, 60, NULL),
(68164, 384, '2015-09-11 09:10:00', 2, 60, 43),
(68165, 384, '2015-09-18 09:10:00', 2, 60, 43),
(68166, 384, '2015-09-25 09:10:00', 2, 60, 43),
(68167, 384, '2015-09-11 10:50:00', 3, 60, 43),
(68168, 384, '2015-09-18 10:50:00', 3, 60, 43),
(68169, 384, '2015-09-25 10:50:00', 3, 60, 43),
(68170, 384, '2015-09-28 09:10:00', 2, 60, 43),
(68171, 384, '2015-10-05 09:10:00', 2, 60, 43),
(68172, 384, '2015-10-12 09:10:00', 2, 60, 43),
(68173, 384, '2015-09-28 10:50:00', 3, 60, 43),
(68174, 384, '2015-10-05 10:50:00', 3, 60, 43),
(68175, 384, '2015-10-12 10:50:00', 3, 60, 43),
(68176, 383, '2015-09-29 09:10:00', 2, 60, NULL),
(68177, 383, '2015-10-06 09:10:00', 2, 60, NULL),
(68178, 383, '2015-10-13 09:10:00', 2, 60, NULL),
(68179, 383, '2015-09-29 10:50:00', 3, 60, NULL),
(68180, 383, '2015-10-06 10:50:00', 3, 60, NULL),
(68181, 383, '2015-10-13 10:50:00', 3, 60, NULL),
(68182, 384, '2015-09-30 09:10:00', 2, 60, 43),
(68183, 384, '2015-10-07 09:10:00', 2, 60, 43),
(68184, 384, '2015-10-14 09:10:00', 2, 60, 43),
(68185, 384, '2015-09-30 10:50:00', 3, 60, 43),
(68186, 384, '2015-10-07 10:50:00', 3, 60, 43),
(68187, 384, '2015-10-14 10:50:00', 3, 60, 43),
(68188, 383, '2015-10-01 09:10:00', 2, 60, NULL),
(68189, 383, '2015-10-08 09:10:00', 2, 60, NULL),
(68190, 383, '2015-10-15 09:10:00', 2, 60, NULL),
(68191, 383, '2015-10-01 10:50:00', 3, 60, NULL),
(68192, 383, '2015-10-08 10:50:00', 3, 60, NULL),
(68193, 383, '2015-10-15 10:50:00', 3, 60, NULL),
(68194, 383, '2015-10-02 09:10:00', 2, 60, NULL),
(68195, 383, '2015-10-09 09:10:00', 2, 60, NULL),
(68196, 383, '2015-10-16 09:10:00', 2, 60, NULL),
(68197, 383, '2015-10-02 10:50:00', 3, 60, NULL),
(68198, 383, '2015-10-09 10:50:00', 3, 60, NULL),
(68199, 383, '2015-10-16 10:50:00', 3, 60, NULL),
(68200, 381, '2015-11-09 07:30:00', 1, 60, 69),
(68201, 381, '2015-11-16 07:30:00', 1, 60, 69),
(68202, 381, '2015-11-23 07:30:00', 1, 60, 69),
(68203, 381, '2015-11-09 09:10:00', 2, 60, 69),
(68204, 381, '2015-11-16 09:10:00', 2, 60, 69),
(68205, 381, '2015-11-23 09:10:00', 2, 60, 69),
(68206, 385, '2015-11-09 10:50:00', 3, 97, 46),
(68207, 385, '2015-11-16 10:50:00', 3, 97, 46),
(68208, 385, '2015-11-23 10:50:00', 3, 97, 46),
(68209, 382, '2015-11-10 07:30:00', 1, 60, 60),
(68210, 382, '2015-11-17 07:30:00', 1, 60, 60),
(68211, 382, '2015-11-24 07:30:00', 1, 60, 60),
(68212, 382, '2015-11-10 09:10:00', 2, 60, 60),
(68213, 382, '2015-11-17 09:10:00', 2, 60, 60),
(68214, 382, '2015-11-24 09:10:00', 2, 60, 60),
(68215, 385, '2015-11-10 10:50:00', 3, 97, 46),
(68216, 385, '2015-11-17 10:50:00', 3, 97, 46),
(68217, 385, '2015-11-24 10:50:00', 3, 97, 46),
(68218, 381, '2015-11-11 07:30:00', 1, 60, 69),
(68219, 381, '2015-11-18 07:30:00', 1, 60, 69),
(68220, 381, '2015-11-25 07:30:00', 1, 60, 69),
(68221, 381, '2015-11-11 09:10:00', 2, 60, 69),
(68222, 381, '2015-11-18 09:10:00', 2, 60, 69),
(68223, 381, '2015-11-25 09:10:00', 2, 60, 69),
(68224, 385, '2015-11-11 10:50:00', 3, 97, 46),
(68225, 385, '2015-11-18 10:50:00', 3, 97, 46),
(68226, 385, '2015-11-25 10:50:00', 3, 97, 46),
(68227, 382, '2015-11-12 07:30:00', 1, 60, 60),
(68228, 382, '2015-11-19 07:30:00', 1, 60, 60),
(68229, 382, '2015-11-26 07:30:00', 1, 60, 60),
(68230, 382, '2015-11-12 09:10:00', 2, 60, 60),
(68231, 382, '2015-11-19 09:10:00', 2, 60, 60),
(68232, 382, '2015-11-26 09:10:00', 2, 60, 60),
(68233, 385, '2015-11-12 10:50:00', 3, 97, 46),
(68234, 385, '2015-11-19 10:50:00', 3, 97, 46),
(68235, 385, '2015-11-26 10:50:00', 3, 97, 46),
(68236, 381, '2015-11-13 07:30:00', 1, 60, 69),
(68237, 381, '2015-11-20 07:30:00', 1, 60, 69),
(68238, 381, '2015-11-27 07:30:00', 1, 60, 69),
(68239, 381, '2015-11-13 09:10:00', 2, 60, 69),
(68240, 381, '2015-11-20 09:10:00', 2, 60, 69),
(68241, 381, '2015-11-27 09:10:00', 2, 60, 69),
(68242, 385, '2015-11-13 10:50:00', 3, 97, 46),
(68243, 385, '2015-11-20 10:50:00', 3, 97, 46),
(68244, 385, '2015-11-27 10:50:00', 3, 97, 46),
(68245, 381, '2015-11-30 07:30:00', 1, 60, 69),
(68246, 381, '2015-12-07 07:30:00', 1, 60, 69),
(68247, 381, '2015-12-14 07:30:00', 1, 60, 69),
(68248, 381, '2015-11-30 09:10:00', 2, 60, 69),
(68249, 381, '2015-12-07 09:10:00', 2, 60, 69),
(68250, 381, '2015-12-14 09:10:00', 2, 60, 69),
(68251, 385, '2015-11-30 10:50:00', 3, 97, 46),
(68252, 385, '2015-12-07 10:50:00', 3, 97, 46),
(68253, 385, '2015-12-14 10:50:00', 3, 97, 46),
(68254, 382, '2015-12-01 07:30:00', 1, 60, 60),
(68255, 382, '2015-12-08 07:30:00', 1, 60, 60),
(68256, 382, '2015-12-15 07:30:00', 1, 60, 60),
(68257, 382, '2015-12-01 09:10:00', 2, 60, 60),
(68258, 382, '2015-12-08 09:10:00', 2, 60, 60),
(68259, 382, '2015-12-15 09:10:00', 2, 60, 60),
(68260, 385, '2015-12-01 10:50:00', 3, 97, 46),
(68261, 385, '2015-12-08 10:50:00', 3, 97, 46),
(68262, 385, '2015-12-15 10:50:00', 3, 97, 46),
(68263, 381, '2015-12-02 07:30:00', 1, 60, 69),
(68264, 381, '2015-12-09 07:30:00', 1, 60, 69),
(68265, 381, '2015-12-16 07:30:00', 1, 60, 69),
(68266, 381, '2015-12-02 09:10:00', 2, 60, 69),
(68267, 381, '2015-12-09 09:10:00', 2, 60, 69),
(68268, 381, '2015-12-16 09:10:00', 2, 60, 69),
(68269, 385, '2015-12-02 10:50:00', 3, 97, 46),
(68270, 385, '2015-12-09 10:50:00', 3, 97, 46),
(68271, 385, '2015-12-16 10:50:00', 3, 97, 46),
(68272, 382, '2015-12-03 07:30:00', 1, 60, 60),
(68273, 382, '2015-12-10 07:30:00', 1, 60, 60),
(68274, 382, '2015-12-17 07:30:00', 1, 60, 60),
(68275, 382, '2015-12-03 09:10:00', 2, 60, 60),
(68276, 382, '2015-12-10 09:10:00', 2, 60, 60),
(68277, 382, '2015-12-17 09:10:00', 2, 60, 60),
(68278, 385, '2015-12-03 10:50:00', 3, 97, 46),
(68279, 385, '2015-12-10 10:50:00', 3, 97, 46),
(68280, 385, '2015-12-17 10:50:00', 3, 97, 46),
(68281, 382, '2015-12-04 07:30:00', 1, 60, 60),
(68282, 382, '2015-12-11 07:30:00', 1, 60, 60),
(68283, 382, '2015-12-18 07:30:00', 1, 60, 60),
(68284, 382, '2015-12-04 09:10:00', 2, 60, 60),
(68285, 382, '2015-12-11 09:10:00', 2, 60, 60),
(68286, 382, '2015-12-18 09:10:00', 2, 60, 60),
(68287, 385, '2015-12-04 10:50:00', 3, 97, 46),
(68288, 385, '2015-12-11 10:50:00', 3, 97, 46),
(68289, 385, '2015-12-18 10:50:00', 3, 97, 46),
(68290, 390, '2015-09-07 12:50:00', 4, NULL, 46),
(68291, 390, '2015-09-14 12:50:00', 4, NULL, 46),
(68292, 390, '2015-09-21 12:50:00', 4, NULL, 46),
(68293, 389, '2015-09-07 14:30:00', 5, 59, 62),
(68294, 389, '2015-09-14 14:30:00', 5, 59, 62),
(68295, 389, '2015-09-21 14:30:00', 5, 59, 62),
(68296, 389, '2015-09-07 16:10:00', 6, 59, 62),
(68297, 389, '2015-09-14 16:10:00', 6, 59, 62),
(68298, 389, '2015-09-21 16:10:00', 6, 59, 62),
(68299, 390, '2015-09-08 12:50:00', 4, NULL, 46),
(68300, 390, '2015-09-15 12:50:00', 4, NULL, 46),
(68301, 390, '2015-09-22 12:50:00', 4, NULL, 46),
(68302, 388, '2015-09-08 14:30:00', 5, 59, NULL),
(68303, 388, '2015-09-15 14:30:00', 5, 59, NULL),
(68304, 388, '2015-09-22 14:30:00', 5, 59, NULL),
(68305, 388, '2015-09-08 16:10:00', 6, 59, NULL),
(68306, 388, '2015-09-15 16:10:00', 6, 59, NULL),
(68307, 388, '2015-09-22 16:10:00', 6, 59, NULL),
(68308, 390, '2015-09-09 12:50:00', 4, NULL, 46),
(68309, 390, '2015-09-16 12:50:00', 4, NULL, 46),
(68310, 390, '2015-09-23 12:50:00', 4, NULL, 46),
(68311, 389, '2015-09-09 14:30:00', 5, 59, 62),
(68312, 389, '2015-09-16 14:30:00', 5, 59, 62),
(68313, 389, '2015-09-23 14:30:00', 5, 59, 62),
(68314, 389, '2015-09-09 16:10:00', 6, 59, 62),
(68315, 389, '2015-09-16 16:10:00', 6, 59, 62),
(68316, 389, '2015-09-23 16:10:00', 6, 59, 62),
(68317, 390, '2015-09-10 12:50:00', 4, NULL, 46),
(68318, 390, '2015-09-17 12:50:00', 4, NULL, 46),
(68319, 390, '2015-09-24 12:50:00', 4, NULL, 46),
(68320, 388, '2015-09-10 14:30:00', 5, 59, NULL),
(68321, 388, '2015-09-17 14:30:00', 5, 59, NULL),
(68322, 388, '2015-09-24 14:30:00', 5, 59, NULL),
(68323, 388, '2015-09-10 16:10:00', 6, 59, NULL),
(68324, 388, '2015-09-17 16:10:00', 6, 59, NULL),
(68325, 388, '2015-09-24 16:10:00', 6, 59, NULL),
(68326, 390, '2015-09-11 12:50:00', 4, NULL, 46),
(68327, 390, '2015-09-18 12:50:00', 4, NULL, 46),
(68328, 390, '2015-09-25 12:50:00', 4, NULL, 46),
(68329, 389, '2015-09-11 14:30:00', 5, 59, 62),
(68330, 389, '2015-09-18 14:30:00', 5, 59, 62),
(68331, 389, '2015-09-25 14:30:00', 5, 59, 62),
(68332, 389, '2015-09-11 16:10:00', 6, 59, 62),
(68333, 389, '2015-09-18 16:10:00', 6, 59, 62),
(68334, 389, '2015-09-25 16:10:00', 6, 59, 62),
(68335, 390, '2015-09-28 12:50:00', 4, NULL, 46),
(68336, 390, '2015-10-05 12:50:00', 4, NULL, 46),
(68337, 390, '2015-10-12 12:50:00', 4, NULL, 46),
(68338, 389, '2015-09-28 14:30:00', 5, 59, 62),
(68339, 389, '2015-10-05 14:30:00', 5, 59, 62),
(68340, 389, '2015-10-12 14:30:00', 5, 59, 62),
(68341, 389, '2015-09-28 16:10:00', 6, 59, 62),
(68342, 389, '2015-10-05 16:10:00', 6, 59, 62),
(68343, 389, '2015-10-12 16:10:00', 6, 59, 62),
(68344, 390, '2015-09-29 12:50:00', 4, NULL, 46),
(68345, 390, '2015-10-06 12:50:00', 4, NULL, 46),
(68346, 390, '2015-10-13 12:50:00', 4, NULL, 46),
(68347, 388, '2015-09-29 14:30:00', 5, 59, NULL),
(68348, 388, '2015-10-06 14:30:00', 5, 59, NULL),
(68349, 388, '2015-10-13 14:30:00', 5, 59, NULL),
(68350, 388, '2015-09-29 16:10:00', 6, 59, NULL),
(68351, 388, '2015-10-06 16:10:00', 6, 59, NULL),
(68352, 388, '2015-10-13 16:10:00', 6, 59, NULL),
(68353, 390, '2015-09-30 12:50:00', 4, NULL, 46),
(68354, 390, '2015-10-07 12:50:00', 4, NULL, 46),
(68355, 390, '2015-10-14 12:50:00', 4, NULL, 46),
(68356, 389, '2015-09-30 14:30:00', 5, 59, 62),
(68357, 389, '2015-10-07 14:30:00', 5, 59, 62),
(68358, 389, '2015-10-14 14:30:00', 5, 59, 62),
(68359, 389, '2015-09-30 16:10:00', 6, 59, 62),
(68360, 389, '2015-10-07 16:10:00', 6, 59, 62),
(68361, 389, '2015-10-14 16:10:00', 6, 59, 62),
(68362, 390, '2015-10-01 12:50:00', 4, NULL, 46),
(68363, 390, '2015-10-08 12:50:00', 4, NULL, 46),
(68364, 390, '2015-10-15 12:50:00', 4, NULL, 46),
(68365, 388, '2015-10-01 14:30:00', 5, 59, NULL),
(68366, 388, '2015-10-08 14:30:00', 5, 59, NULL),
(68367, 388, '2015-10-15 14:30:00', 5, 59, NULL),
(68368, 388, '2015-10-01 16:10:00', 6, 59, NULL),
(68369, 388, '2015-10-08 16:10:00', 6, 59, NULL),
(68370, 388, '2015-10-15 16:10:00', 6, 59, NULL),
(68371, 390, '2015-10-02 12:50:00', 4, NULL, 46),
(68372, 390, '2015-10-09 12:50:00', 4, NULL, 46),
(68373, 390, '2015-10-16 12:50:00', 4, NULL, 46),
(68374, 388, '2015-10-02 14:30:00', 5, 59, NULL),
(68375, 388, '2015-10-09 14:30:00', 5, 59, NULL),
(68376, 388, '2015-10-16 14:30:00', 5, 59, NULL),
(68377, 388, '2015-10-02 16:10:00', 6, 59, NULL),
(68378, 388, '2015-10-09 16:10:00', 6, 59, NULL),
(68379, 388, '2015-10-16 16:10:00', 6, 59, NULL),
(68380, 387, '2015-11-09 14:30:00', 5, 59, 44),
(68381, 387, '2015-11-16 14:30:00', 5, 59, 44),
(68382, 387, '2015-11-23 14:30:00', 5, 59, 44),
(68383, 387, '2015-11-09 16:10:00', 6, 59, 44),
(68384, 387, '2015-11-16 16:10:00', 6, 59, 44),
(68385, 387, '2015-11-23 16:10:00', 6, 59, 44),
(68386, 386, '2015-11-10 12:50:00', 4, 59, 72),
(68387, 386, '2015-11-17 12:50:00', 4, 59, 72),
(68388, 386, '2015-11-24 12:50:00', 4, 59, 72),
(68389, 386, '2015-11-10 14:30:00', 5, 59, 72),
(68390, 386, '2015-11-17 14:30:00', 5, 59, 72),
(68391, 386, '2015-11-24 14:30:00', 5, 59, 72),
(68392, 387, '2015-11-11 14:30:00', 5, 59, 44),
(68393, 387, '2015-11-18 14:30:00', 5, 59, 44),
(68394, 387, '2015-11-25 14:30:00', 5, 59, 44),
(68395, 387, '2015-11-11 16:10:00', 6, 59, 44),
(68396, 387, '2015-11-18 16:10:00', 6, 59, 44),
(68397, 387, '2015-11-25 16:10:00', 6, 59, 44),
(68398, 386, '2015-11-12 12:50:00', 4, 59, 72),
(68399, 386, '2015-11-19 12:50:00', 4, 59, 72),
(68400, 386, '2015-11-26 12:50:00', 4, 59, 72),
(68401, 386, '2015-11-12 14:30:00', 5, 59, 72),
(68402, 386, '2015-11-19 14:30:00', 5, 59, 72),
(68403, 386, '2015-11-26 14:30:00', 5, 59, 72),
(68404, 387, '2015-11-13 14:30:00', 5, 59, 44),
(68405, 387, '2015-11-20 14:30:00', 5, 59, 44),
(68406, 387, '2015-11-27 14:30:00', 5, 59, 44),
(68407, 387, '2015-11-13 16:10:00', 6, 59, 44),
(68408, 387, '2015-11-20 16:10:00', 6, 59, 44),
(68409, 387, '2015-11-27 16:10:00', 6, 59, 44),
(68410, 387, '2015-11-30 14:30:00', 5, 59, 44),
(68411, 387, '2015-12-07 14:30:00', 5, 59, 44),
(68412, 387, '2015-12-14 14:30:00', 5, 59, 44),
(68413, 387, '2015-11-30 16:10:00', 6, 59, 44),
(68414, 387, '2015-12-07 16:10:00', 6, 59, 44),
(68415, 387, '2015-12-14 16:10:00', 6, 59, 44),
(68416, 386, '2015-12-01 12:50:00', 4, 59, 72),
(68417, 386, '2015-12-08 12:50:00', 4, 59, 72),
(68418, 386, '2015-12-15 12:50:00', 4, 59, 72),
(68419, 386, '2015-12-01 14:30:00', 5, 59, 72),
(68420, 386, '2015-12-08 14:30:00', 5, 59, 72),
(68421, 386, '2015-12-15 14:30:00', 5, 59, 72),
(68422, 387, '2015-12-02 14:30:00', 5, 59, 44),
(68423, 387, '2015-12-09 14:30:00', 5, 59, 44),
(68424, 387, '2015-12-16 14:30:00', 5, 59, 44),
(68425, 387, '2015-12-02 16:10:00', 6, 59, 44),
(68426, 387, '2015-12-09 16:10:00', 6, 59, 44),
(68427, 387, '2015-12-16 16:10:00', 6, 59, 44),
(68428, 386, '2015-12-03 12:50:00', 4, 59, 72),
(68429, 386, '2015-12-10 12:50:00', 4, 59, 72),
(68430, 386, '2015-12-17 12:50:00', 4, 59, 72),
(68431, 386, '2015-12-03 14:30:00', 5, 59, 72),
(68432, 386, '2015-12-10 14:30:00', 5, 59, 72),
(68433, 386, '2015-12-17 14:30:00', 5, 59, 72),
(68434, 386, '2015-12-04 12:50:00', 4, 59, 72),
(68435, 386, '2015-12-11 12:50:00', 4, 59, 72),
(68436, 386, '2015-12-18 12:50:00', 4, 59, 72),
(68437, 386, '2015-12-04 14:30:00', 5, 59, 72),
(68438, 386, '2015-12-11 14:30:00', 5, 59, 72),
(68439, 386, '2015-12-18 14:30:00', 5, 59, 72),
(68440, 393, '2015-09-07 12:50:00', 4, 60, NULL),
(68441, 393, '2015-09-14 12:50:00', 4, 60, NULL),
(68442, 393, '2015-09-21 12:50:00', 4, 60, NULL),
(68443, 393, '2015-09-07 14:30:00', 5, 60, NULL),
(68444, 393, '2015-09-14 14:30:00', 5, 60, NULL),
(68445, 393, '2015-09-21 14:30:00', 5, 60, NULL),
(68446, 395, '2015-09-07 16:10:00', 6, NULL, 46),
(68447, 395, '2015-09-14 16:10:00', 6, NULL, 46),
(68448, 395, '2015-09-21 16:10:00', 6, NULL, 46),
(68449, 394, '2015-09-08 12:50:00', 4, 60, 62),
(68450, 394, '2015-09-15 12:50:00', 4, 60, 62),
(68451, 394, '2015-09-22 12:50:00', 4, 60, 62),
(68452, 394, '2015-09-08 14:30:00', 5, 60, 62),
(68453, 394, '2015-09-15 14:30:00', 5, 60, 62),
(68454, 394, '2015-09-22 14:30:00', 5, 60, 62),
(68455, 395, '2015-09-08 16:10:00', 6, NULL, 46),
(68456, 395, '2015-09-15 16:10:00', 6, NULL, 46),
(68457, 395, '2015-09-22 16:10:00', 6, NULL, 46),
(68458, 393, '2015-09-09 12:50:00', 4, 60, NULL),
(68459, 393, '2015-09-16 12:50:00', 4, 60, NULL),
(68460, 393, '2015-09-23 12:50:00', 4, 60, NULL),
(68461, 393, '2015-09-09 14:30:00', 5, 60, NULL),
(68462, 393, '2015-09-16 14:30:00', 5, 60, NULL),
(68463, 393, '2015-09-23 14:30:00', 5, 60, NULL),
(68464, 395, '2015-09-09 16:10:00', 6, NULL, 46),
(68465, 395, '2015-09-16 16:10:00', 6, NULL, 46),
(68466, 395, '2015-09-23 16:10:00', 6, NULL, 46),
(68467, 394, '2015-09-10 12:50:00', 4, 60, 62),
(68468, 394, '2015-09-17 12:50:00', 4, 60, 62),
(68469, 394, '2015-09-24 12:50:00', 4, 60, 62),
(68470, 394, '2015-09-10 14:30:00', 5, 60, 62),
(68471, 394, '2015-09-17 14:30:00', 5, 60, 62),
(68472, 394, '2015-09-24 14:30:00', 5, 60, 62),
(68473, 395, '2015-09-10 16:10:00', 6, NULL, 46),
(68474, 395, '2015-09-17 16:10:00', 6, NULL, 46),
(68475, 395, '2015-09-24 16:10:00', 6, NULL, 46),
(68476, 393, '2015-09-11 12:50:00', 4, 60, NULL),
(68477, 393, '2015-09-18 12:50:00', 4, 60, NULL),
(68478, 393, '2015-09-25 12:50:00', 4, 60, NULL),
(68479, 393, '2015-09-11 14:30:00', 5, 60, NULL),
(68480, 393, '2015-09-18 14:30:00', 5, 60, NULL),
(68481, 393, '2015-09-25 14:30:00', 5, 60, NULL),
(68482, 395, '2015-09-11 16:10:00', 6, NULL, 46),
(68483, 395, '2015-09-18 16:10:00', 6, NULL, 46),
(68484, 395, '2015-09-25 16:10:00', 6, NULL, 46),
(68485, 393, '2015-09-28 12:50:00', 4, 60, NULL),
(68486, 393, '2015-10-05 12:50:00', 4, 60, NULL),
(68487, 393, '2015-10-12 12:50:00', 4, 60, NULL),
(68488, 393, '2015-09-28 14:30:00', 5, 60, NULL),
(68489, 393, '2015-10-05 14:30:00', 5, 60, NULL),
(68490, 393, '2015-10-12 14:30:00', 5, 60, NULL),
(68491, 395, '2015-09-28 16:10:00', 6, NULL, 46),
(68492, 395, '2015-10-05 16:10:00', 6, NULL, 46),
(68493, 395, '2015-10-12 16:10:00', 6, NULL, 46),
(68494, 394, '2015-09-29 12:50:00', 4, 60, 62),
(68495, 394, '2015-10-06 12:50:00', 4, 60, 62),
(68496, 394, '2015-10-13 12:50:00', 4, 60, 62),
(68497, 394, '2015-09-29 14:30:00', 5, 60, 62),
(68498, 394, '2015-10-06 14:30:00', 5, 60, 62),
(68499, 394, '2015-10-13 14:30:00', 5, 60, 62),
(68500, 395, '2015-09-29 16:10:00', 6, NULL, 46),
(68501, 395, '2015-10-06 16:10:00', 6, NULL, 46),
(68502, 395, '2015-10-13 16:10:00', 6, NULL, 46),
(68503, 393, '2015-09-30 12:50:00', 4, 60, NULL),
(68504, 393, '2015-10-07 12:50:00', 4, 60, NULL),
(68505, 393, '2015-10-14 12:50:00', 4, 60, NULL),
(68506, 393, '2015-09-30 14:30:00', 5, 60, NULL),
(68507, 393, '2015-10-07 14:30:00', 5, 60, NULL),
(68508, 393, '2015-10-14 14:30:00', 5, 60, NULL),
(68509, 395, '2015-09-30 16:10:00', 6, NULL, 46),
(68510, 395, '2015-10-07 16:10:00', 6, NULL, 46),
(68511, 395, '2015-10-14 16:10:00', 6, NULL, 46),
(68512, 394, '2015-10-01 12:50:00', 4, 60, 62),
(68513, 394, '2015-10-08 12:50:00', 4, 60, 62),
(68514, 394, '2015-10-15 12:50:00', 4, 60, 62),
(68515, 394, '2015-10-01 14:30:00', 5, 60, 62),
(68516, 394, '2015-10-08 14:30:00', 5, 60, 62),
(68517, 394, '2015-10-15 14:30:00', 5, 60, 62),
(68518, 395, '2015-10-01 16:10:00', 6, NULL, 46),
(68519, 395, '2015-10-08 16:10:00', 6, NULL, 46),
(68520, 395, '2015-10-15 16:10:00', 6, NULL, 46),
(68521, 394, '2015-10-02 12:50:00', 4, 60, 62),
(68522, 394, '2015-10-09 12:50:00', 4, 60, 62),
(68523, 394, '2015-10-16 12:50:00', 4, 60, 62),
(68524, 394, '2015-10-02 14:30:00', 5, 60, 62),
(68525, 394, '2015-10-09 14:30:00', 5, 60, 62),
(68526, 394, '2015-10-16 14:30:00', 5, 60, 62),
(68527, 395, '2015-10-02 16:10:00', 6, NULL, 46),
(68528, 395, '2015-10-09 16:10:00', 6, NULL, 46),
(68529, 395, '2015-10-16 16:10:00', 6, NULL, 46),
(68530, 391, '2015-11-09 12:50:00', 4, 60, 64),
(68531, 391, '2015-11-16 12:50:00', 4, 60, 64),
(68532, 391, '2015-11-23 12:50:00', 4, 60, 64),
(68533, 391, '2015-11-09 14:30:00', 5, 60, 64),
(68534, 391, '2015-11-16 14:30:00', 5, 60, 64),
(68535, 391, '2015-11-23 14:30:00', 5, 60, 64),
(68536, 392, '2015-11-10 12:50:00', 4, 60, 60),
(68537, 392, '2015-11-17 12:50:00', 4, 60, 60),
(68538, 392, '2015-11-24 12:50:00', 4, 60, 60),
(68539, 392, '2015-11-10 14:30:00', 5, 60, 60),
(68540, 392, '2015-11-17 14:30:00', 5, 60, 60),
(68541, 392, '2015-11-24 14:30:00', 5, 60, 60),
(68542, 391, '2015-11-11 12:50:00', 4, 60, 64),
(68543, 391, '2015-11-18 12:50:00', 4, 60, 64),
(68544, 391, '2015-11-25 12:50:00', 4, 60, 64),
(68545, 391, '2015-11-11 14:30:00', 5, 60, 64),
(68546, 391, '2015-11-18 14:30:00', 5, 60, 64),
(68547, 391, '2015-11-25 14:30:00', 5, 60, 64),
(68548, 392, '2015-11-12 12:50:00', 4, 60, 60),
(68549, 392, '2015-11-19 12:50:00', 4, 60, 60),
(68550, 392, '2015-11-26 12:50:00', 4, 60, 60),
(68551, 392, '2015-11-12 14:30:00', 5, 60, 60),
(68552, 392, '2015-11-19 14:30:00', 5, 60, 60),
(68553, 392, '2015-11-26 14:30:00', 5, 60, 60),
(68554, 391, '2015-11-13 12:50:00', 4, 60, 64),
(68555, 391, '2015-11-20 12:50:00', 4, 60, 64),
(68556, 391, '2015-11-27 12:50:00', 4, 60, 64),
(68557, 391, '2015-11-13 14:30:00', 5, 60, 64),
(68558, 391, '2015-11-20 14:30:00', 5, 60, 64),
(68559, 391, '2015-11-27 14:30:00', 5, 60, 64),
(68560, 391, '2015-11-30 12:50:00', 4, 60, 64),
(68561, 391, '2015-12-07 12:50:00', 4, 60, 64),
(68562, 391, '2015-12-14 12:50:00', 4, 60, 64),
(68563, 391, '2015-11-30 14:30:00', 5, 60, 64),
(68564, 391, '2015-12-07 14:30:00', 5, 60, 64),
(68565, 391, '2015-12-14 14:30:00', 5, 60, 64),
(68566, 392, '2015-12-01 12:50:00', 4, 60, 60),
(68567, 392, '2015-12-08 12:50:00', 4, 60, 60),
(68568, 392, '2015-12-15 12:50:00', 4, 60, 60),
(68569, 392, '2015-12-01 14:30:00', 5, 60, 60),
(68570, 392, '2015-12-08 14:30:00', 5, 60, 60),
(68571, 392, '2015-12-15 14:30:00', 5, 60, 60),
(68572, 391, '2015-12-02 12:50:00', 4, 60, 64),
(68573, 391, '2015-12-09 12:50:00', 4, 60, 64),
(68574, 391, '2015-12-16 12:50:00', 4, 60, 64),
(68575, 391, '2015-12-02 14:30:00', 5, 60, 64),
(68576, 391, '2015-12-09 14:30:00', 5, 60, 64),
(68577, 391, '2015-12-16 14:30:00', 5, 60, 64),
(68578, 392, '2015-12-03 12:50:00', 4, 60, 60),
(68579, 392, '2015-12-10 12:50:00', 4, 60, 60),
(68580, 392, '2015-12-17 12:50:00', 4, 60, 60),
(68581, 392, '2015-12-03 14:30:00', 5, 60, 60),
(68582, 392, '2015-12-10 14:30:00', 5, 60, 60),
(68583, 392, '2015-12-17 14:30:00', 5, 60, 60),
(68584, 392, '2015-12-04 12:50:00', 4, 60, 60),
(68585, 392, '2015-12-11 12:50:00', 4, 60, 60),
(68586, 392, '2015-12-18 12:50:00', 4, 60, 60),
(68587, 392, '2015-12-04 14:30:00', 5, 60, 60),
(68588, 392, '2015-12-11 14:30:00', 5, 60, 60),
(68589, 392, '2015-12-18 14:30:00', 5, 60, 60),
(68590, 404, '2015-09-07 14:30:00', 5, 61, 44),
(68591, 404, '2015-09-14 14:30:00', 5, 61, 44),
(68592, 404, '2015-09-21 14:30:00', 5, 61, 44),
(68593, 404, '2015-09-07 16:10:00', 6, 61, 44),
(68594, 404, '2015-09-14 16:10:00', 6, 61, 44),
(68595, 404, '2015-09-21 16:10:00', 6, 61, 44),
(68596, 403, '2015-09-08 14:30:00', 5, 61, 43),
(68597, 403, '2015-09-15 14:30:00', 5, 61, 43),
(68598, 403, '2015-09-22 14:30:00', 5, 61, 43),
(68599, 403, '2015-09-08 16:10:00', 6, 61, 43),
(68600, 403, '2015-09-15 16:10:00', 6, 61, 43),
(68601, 403, '2015-09-22 16:10:00', 6, 61, 43),
(68602, 404, '2015-09-09 14:30:00', 5, 61, 44),
(68603, 404, '2015-09-16 14:30:00', 5, 61, 44),
(68604, 404, '2015-09-23 14:30:00', 5, 61, 44),
(68605, 404, '2015-09-09 16:10:00', 6, 61, 44),
(68606, 404, '2015-09-16 16:10:00', 6, 61, 44),
(68607, 404, '2015-09-23 16:10:00', 6, 61, 44),
(68608, 403, '2015-09-10 14:30:00', 5, 61, 43),
(68609, 403, '2015-09-17 14:30:00', 5, 61, 43),
(68610, 403, '2015-09-24 14:30:00', 5, 61, 43),
(68611, 403, '2015-09-10 16:10:00', 6, 61, 43),
(68612, 403, '2015-09-17 16:10:00', 6, 61, 43),
(68613, 403, '2015-09-24 16:10:00', 6, 61, 43),
(68614, 404, '2015-09-11 14:30:00', 5, 61, 44),
(68615, 404, '2015-09-18 14:30:00', 5, 61, 44),
(68616, 404, '2015-09-25 14:30:00', 5, 61, 44),
(68617, 404, '2015-09-11 16:10:00', 6, 61, 44),
(68618, 404, '2015-09-18 16:10:00', 6, 61, 44),
(68619, 404, '2015-09-25 16:10:00', 6, 61, 44),
(68620, 404, '2015-09-28 14:30:00', 5, 61, 44),
(68621, 404, '2015-10-05 14:30:00', 5, 61, 44),
(68622, 404, '2015-10-12 14:30:00', 5, 61, 44),
(68623, 404, '2015-09-28 16:10:00', 6, 61, 44),
(68624, 404, '2015-10-05 16:10:00', 6, 61, 44),
(68625, 404, '2015-10-12 16:10:00', 6, 61, 44),
(68626, 403, '2015-09-29 14:30:00', 5, 61, 43),
(68627, 403, '2015-10-06 14:30:00', 5, 61, 43),
(68628, 403, '2015-10-13 14:30:00', 5, 61, 43),
(68629, 403, '2015-09-29 16:10:00', 6, 61, 43),
(68630, 403, '2015-10-06 16:10:00', 6, 61, 43),
(68631, 403, '2015-10-13 16:10:00', 6, 61, 43),
(68632, 404, '2015-09-30 14:30:00', 5, 61, 44),
(68633, 404, '2015-10-07 14:30:00', 5, 61, 44),
(68634, 404, '2015-10-14 14:30:00', 5, 61, 44),
(68635, 404, '2015-09-30 16:10:00', 6, 61, 44),
(68636, 404, '2015-10-07 16:10:00', 6, 61, 44),
(68637, 404, '2015-10-14 16:10:00', 6, 61, 44);
INSERT INTO `time_table` (`time_table_id`, `class_course_semester_id`, `date`, `slot`, `room_id`, `teacher_semester_id`) VALUES
(68638, 403, '2015-10-01 14:30:00', 5, 61, 43),
(68639, 403, '2015-10-08 14:30:00', 5, 61, 43),
(68640, 403, '2015-10-15 14:30:00', 5, 61, 43),
(68641, 403, '2015-10-01 16:10:00', 6, 61, 43),
(68642, 403, '2015-10-08 16:10:00', 6, 61, 43),
(68643, 403, '2015-10-15 16:10:00', 6, 61, 43),
(68644, 403, '2015-10-02 14:30:00', 5, 61, 43),
(68645, 403, '2015-10-09 14:30:00', 5, 61, 43),
(68646, 403, '2015-10-16 14:30:00', 5, 61, 43),
(68647, 403, '2015-10-02 16:10:00', 6, 61, 43),
(68648, 403, '2015-10-09 16:10:00', 6, 61, 43),
(68649, 403, '2015-10-16 16:10:00', 6, 61, 43),
(68650, 405, '2015-11-09 12:50:00', 4, 61, 50),
(68651, 405, '2015-11-16 12:50:00', 4, 61, 50),
(68652, 405, '2015-11-23 12:50:00', 4, 61, 50),
(68653, 401, '2015-11-09 14:30:00', 5, 61, NULL),
(68654, 401, '2015-11-16 14:30:00', 5, 61, NULL),
(68655, 401, '2015-11-23 14:30:00', 5, 61, NULL),
(68656, 401, '2015-11-09 16:10:00', 6, 61, NULL),
(68657, 401, '2015-11-16 16:10:00', 6, 61, NULL),
(68658, 401, '2015-11-23 16:10:00', 6, 61, NULL),
(68659, 405, '2015-11-10 12:50:00', 4, 61, 50),
(68660, 405, '2015-11-17 12:50:00', 4, 61, 50),
(68661, 405, '2015-11-24 12:50:00', 4, 61, 50),
(68662, 402, '2015-11-10 14:30:00', 5, 61, 45),
(68663, 402, '2015-11-17 14:30:00', 5, 61, 45),
(68664, 402, '2015-11-24 14:30:00', 5, 61, 45),
(68665, 402, '2015-11-10 16:10:00', 6, 61, 45),
(68666, 402, '2015-11-17 16:10:00', 6, 61, 45),
(68667, 402, '2015-11-24 16:10:00', 6, 61, 45),
(68668, 405, '2015-11-11 12:50:00', 4, 61, 50),
(68669, 405, '2015-11-18 12:50:00', 4, 61, 50),
(68670, 405, '2015-11-25 12:50:00', 4, 61, 50),
(68671, 401, '2015-11-11 14:30:00', 5, 61, NULL),
(68672, 401, '2015-11-18 14:30:00', 5, 61, NULL),
(68673, 401, '2015-11-25 14:30:00', 5, 61, NULL),
(68674, 401, '2015-11-11 16:10:00', 6, 61, NULL),
(68675, 401, '2015-11-18 16:10:00', 6, 61, NULL),
(68676, 401, '2015-11-25 16:10:00', 6, 61, NULL),
(68677, 405, '2015-11-12 12:50:00', 4, 61, 50),
(68678, 405, '2015-11-19 12:50:00', 4, 61, 50),
(68679, 405, '2015-11-26 12:50:00', 4, 61, 50),
(68680, 402, '2015-11-12 14:30:00', 5, 61, 45),
(68681, 402, '2015-11-19 14:30:00', 5, 61, 45),
(68682, 402, '2015-11-26 14:30:00', 5, 61, 45),
(68683, 402, '2015-11-12 16:10:00', 6, 61, 45),
(68684, 402, '2015-11-19 16:10:00', 6, 61, 45),
(68685, 402, '2015-11-26 16:10:00', 6, 61, 45),
(68686, 405, '2015-11-13 12:50:00', 4, 61, 50),
(68687, 405, '2015-11-20 12:50:00', 4, 61, 50),
(68688, 405, '2015-11-27 12:50:00', 4, 61, 50),
(68689, 401, '2015-11-13 14:30:00', 5, 61, NULL),
(68690, 401, '2015-11-20 14:30:00', 5, 61, NULL),
(68691, 401, '2015-11-27 14:30:00', 5, 61, NULL),
(68692, 401, '2015-11-13 16:10:00', 6, 61, NULL),
(68693, 401, '2015-11-20 16:10:00', 6, 61, NULL),
(68694, 401, '2015-11-27 16:10:00', 6, 61, NULL),
(68695, 405, '2015-11-30 12:50:00', 4, 61, 50),
(68696, 405, '2015-12-07 12:50:00', 4, 61, 50),
(68697, 405, '2015-12-14 12:50:00', 4, 61, 50),
(68698, 401, '2015-11-30 14:30:00', 5, 61, NULL),
(68699, 401, '2015-12-07 14:30:00', 5, 61, NULL),
(68700, 401, '2015-12-14 14:30:00', 5, 61, NULL),
(68701, 401, '2015-11-30 16:10:00', 6, 61, NULL),
(68702, 401, '2015-12-07 16:10:00', 6, 61, NULL),
(68703, 401, '2015-12-14 16:10:00', 6, 61, NULL),
(68704, 405, '2015-12-01 12:50:00', 4, 61, 50),
(68705, 405, '2015-12-08 12:50:00', 4, 61, 50),
(68706, 405, '2015-12-15 12:50:00', 4, 61, 50),
(68707, 402, '2015-12-01 14:30:00', 5, 61, 45),
(68708, 402, '2015-12-08 14:30:00', 5, 61, 45),
(68709, 402, '2015-12-15 14:30:00', 5, 61, 45),
(68710, 402, '2015-12-01 16:10:00', 6, 61, 45),
(68711, 402, '2015-12-08 16:10:00', 6, 61, 45),
(68712, 402, '2015-12-15 16:10:00', 6, 61, 45),
(68713, 405, '2015-12-02 12:50:00', 4, 61, 50),
(68714, 405, '2015-12-09 12:50:00', 4, 61, 50),
(68715, 405, '2015-12-16 12:50:00', 4, 61, 50),
(68716, 401, '2015-12-02 14:30:00', 5, 61, NULL),
(68717, 401, '2015-12-09 14:30:00', 5, 61, NULL),
(68718, 401, '2015-12-16 14:30:00', 5, 61, NULL),
(68719, 401, '2015-12-02 16:10:00', 6, 61, NULL),
(68720, 401, '2015-12-09 16:10:00', 6, 61, NULL),
(68721, 401, '2015-12-16 16:10:00', 6, 61, NULL),
(68722, 405, '2015-12-03 12:50:00', 4, 61, 50),
(68723, 405, '2015-12-10 12:50:00', 4, 61, 50),
(68724, 405, '2015-12-17 12:50:00', 4, 61, 50),
(68725, 402, '2015-12-03 14:30:00', 5, 61, 45),
(68726, 402, '2015-12-10 14:30:00', 5, 61, 45),
(68727, 402, '2015-12-17 14:30:00', 5, 61, 45),
(68728, 402, '2015-12-03 16:10:00', 6, 61, 45),
(68729, 402, '2015-12-10 16:10:00', 6, 61, 45),
(68730, 402, '2015-12-17 16:10:00', 6, 61, 45),
(68731, 405, '2015-12-04 12:50:00', 4, 61, 50),
(68732, 405, '2015-12-11 12:50:00', 4, 61, 50),
(68733, 405, '2015-12-18 12:50:00', 4, 61, 50),
(68734, 402, '2015-12-04 14:30:00', 5, 61, 45),
(68735, 402, '2015-12-11 14:30:00', 5, 61, 45),
(68736, 402, '2015-12-18 14:30:00', 5, 61, 45),
(68737, 402, '2015-12-04 16:10:00', 6, 61, 45),
(68738, 402, '2015-12-11 16:10:00', 6, 61, 45),
(68739, 402, '2015-12-18 16:10:00', 6, 61, 45),
(68740, 409, '2015-09-07 07:30:00', 1, 61, 44),
(68741, 409, '2015-09-14 07:30:00', 1, 61, 44),
(68742, 409, '2015-09-21 07:30:00', 1, 61, 44),
(68743, 409, '2015-09-07 09:10:00', 2, 61, 44),
(68744, 409, '2015-09-14 09:10:00', 2, 61, 44),
(68745, 409, '2015-09-21 09:10:00', 2, 61, 44),
(68746, 410, '2015-09-07 10:50:00', 3, 61, 72),
(68747, 410, '2015-09-14 10:50:00', 3, 61, 72),
(68748, 410, '2015-09-21 10:50:00', 3, 61, 72),
(68749, 408, '2015-09-08 07:30:00', 1, 61, 42),
(68750, 408, '2015-09-15 07:30:00', 1, 61, 42),
(68751, 408, '2015-09-22 07:30:00', 1, 61, 42),
(68752, 408, '2015-09-08 09:10:00', 2, 61, 42),
(68753, 408, '2015-09-15 09:10:00', 2, 61, 42),
(68754, 408, '2015-09-22 09:10:00', 2, 61, 42),
(68755, 410, '2015-09-08 10:50:00', 3, 61, 72),
(68756, 410, '2015-09-15 10:50:00', 3, 61, 72),
(68757, 410, '2015-09-22 10:50:00', 3, 61, 72),
(68758, 409, '2015-09-09 07:30:00', 1, 61, 44),
(68759, 409, '2015-09-16 07:30:00', 1, 61, 44),
(68760, 409, '2015-09-23 07:30:00', 1, 61, 44),
(68761, 409, '2015-09-09 09:10:00', 2, 61, 44),
(68762, 409, '2015-09-16 09:10:00', 2, 61, 44),
(68763, 409, '2015-09-23 09:10:00', 2, 61, 44),
(68764, 410, '2015-09-09 10:50:00', 3, 61, 72),
(68765, 410, '2015-09-16 10:50:00', 3, 61, 72),
(68766, 410, '2015-09-23 10:50:00', 3, 61, 72),
(68767, 408, '2015-09-10 07:30:00', 1, 61, 42),
(68768, 408, '2015-09-17 07:30:00', 1, 61, 42),
(68769, 408, '2015-09-24 07:30:00', 1, 61, 42),
(68770, 408, '2015-09-10 09:10:00', 2, 61, 42),
(68771, 408, '2015-09-17 09:10:00', 2, 61, 42),
(68772, 408, '2015-09-24 09:10:00', 2, 61, 42),
(68773, 410, '2015-09-10 10:50:00', 3, 61, 72),
(68774, 410, '2015-09-17 10:50:00', 3, 61, 72),
(68775, 410, '2015-09-24 10:50:00', 3, 61, 72),
(68776, 409, '2015-09-11 07:30:00', 1, 61, 44),
(68777, 409, '2015-09-18 07:30:00', 1, 61, 44),
(68778, 409, '2015-09-25 07:30:00', 1, 61, 44),
(68779, 409, '2015-09-11 09:10:00', 2, 61, 44),
(68780, 409, '2015-09-18 09:10:00', 2, 61, 44),
(68781, 409, '2015-09-25 09:10:00', 2, 61, 44),
(68782, 410, '2015-09-11 10:50:00', 3, 61, 72),
(68783, 410, '2015-09-18 10:50:00', 3, 61, 72),
(68784, 410, '2015-09-25 10:50:00', 3, 61, 72),
(68785, 409, '2015-09-28 07:30:00', 1, 61, 44),
(68786, 409, '2015-10-05 07:30:00', 1, 61, 44),
(68787, 409, '2015-10-12 07:30:00', 1, 61, 44),
(68788, 409, '2015-09-28 09:10:00', 2, 61, 44),
(68789, 409, '2015-10-05 09:10:00', 2, 61, 44),
(68790, 409, '2015-10-12 09:10:00', 2, 61, 44),
(68791, 410, '2015-09-28 10:50:00', 3, 61, 72),
(68792, 410, '2015-10-05 10:50:00', 3, 61, 72),
(68793, 410, '2015-10-12 10:50:00', 3, 61, 72),
(68794, 408, '2015-09-29 07:30:00', 1, 61, 42),
(68795, 408, '2015-10-06 07:30:00', 1, 61, 42),
(68796, 408, '2015-10-13 07:30:00', 1, 61, 42),
(68797, 408, '2015-09-29 09:10:00', 2, 61, 42),
(68798, 408, '2015-10-06 09:10:00', 2, 61, 42),
(68799, 408, '2015-10-13 09:10:00', 2, 61, 42),
(68800, 410, '2015-09-29 10:50:00', 3, 61, 72),
(68801, 410, '2015-10-06 10:50:00', 3, 61, 72),
(68802, 410, '2015-10-13 10:50:00', 3, 61, 72),
(68803, 409, '2015-09-30 07:30:00', 1, 61, 44),
(68804, 409, '2015-10-07 07:30:00', 1, 61, 44),
(68805, 409, '2015-10-14 07:30:00', 1, 61, 44),
(68806, 409, '2015-09-30 09:10:00', 2, 61, 44),
(68807, 409, '2015-10-07 09:10:00', 2, 61, 44),
(68808, 409, '2015-10-14 09:10:00', 2, 61, 44),
(68809, 410, '2015-09-30 10:50:00', 3, 61, 72),
(68810, 410, '2015-10-07 10:50:00', 3, 61, 72),
(68811, 410, '2015-10-14 10:50:00', 3, 61, 72),
(68812, 408, '2015-10-01 07:30:00', 1, 61, 42),
(68813, 408, '2015-10-08 07:30:00', 1, 61, 42),
(68814, 408, '2015-10-15 07:30:00', 1, 61, 42),
(68815, 408, '2015-10-01 09:10:00', 2, 61, 42),
(68816, 408, '2015-10-08 09:10:00', 2, 61, 42),
(68817, 408, '2015-10-15 09:10:00', 2, 61, 42),
(68818, 410, '2015-10-01 10:50:00', 3, 61, 72),
(68819, 410, '2015-10-08 10:50:00', 3, 61, 72),
(68820, 410, '2015-10-15 10:50:00', 3, 61, 72),
(68821, 408, '2015-10-02 07:30:00', 1, 61, 42),
(68822, 408, '2015-10-09 07:30:00', 1, 61, 42),
(68823, 408, '2015-10-16 07:30:00', 1, 61, 42),
(68824, 408, '2015-10-02 09:10:00', 2, 61, 42),
(68825, 408, '2015-10-09 09:10:00', 2, 61, 42),
(68826, 408, '2015-10-16 09:10:00', 2, 61, 42),
(68827, 410, '2015-10-02 10:50:00', 3, 61, 72),
(68828, 410, '2015-10-09 10:50:00', 3, 61, 72),
(68829, 410, '2015-10-16 10:50:00', 3, 61, 72),
(68830, 407, '2015-11-09 07:30:00', 1, 61, 45),
(68831, 407, '2015-11-16 07:30:00', 1, 61, 45),
(68832, 407, '2015-11-23 07:30:00', 1, 61, 45),
(68833, 407, '2015-11-09 09:10:00', 2, 61, 45),
(68834, 407, '2015-11-16 09:10:00', 2, 61, 45),
(68835, 407, '2015-11-23 09:10:00', 2, 61, 45),
(68836, 406, '2015-11-10 07:30:00', 1, 61, 59),
(68837, 406, '2015-11-17 07:30:00', 1, 61, 59),
(68838, 406, '2015-11-24 07:30:00', 1, 61, 59),
(68839, 406, '2015-11-10 09:10:00', 2, 61, 59),
(68840, 406, '2015-11-17 09:10:00', 2, 61, 59),
(68841, 406, '2015-11-24 09:10:00', 2, 61, 59),
(68842, 407, '2015-11-11 07:30:00', 1, 61, 45),
(68843, 407, '2015-11-18 07:30:00', 1, 61, 45),
(68844, 407, '2015-11-25 07:30:00', 1, 61, 45),
(68845, 407, '2015-11-11 09:10:00', 2, 61, 45),
(68846, 407, '2015-11-18 09:10:00', 2, 61, 45),
(68847, 407, '2015-11-25 09:10:00', 2, 61, 45),
(68848, 406, '2015-11-12 07:30:00', 1, 61, 59),
(68849, 406, '2015-11-19 07:30:00', 1, 61, 59),
(68850, 406, '2015-11-26 07:30:00', 1, 61, 59),
(68851, 406, '2015-11-12 09:10:00', 2, 61, 59),
(68852, 406, '2015-11-19 09:10:00', 2, 61, 59),
(68853, 406, '2015-11-26 09:10:00', 2, 61, 59),
(68854, 407, '2015-11-13 07:30:00', 1, 61, 45),
(68855, 407, '2015-11-20 07:30:00', 1, 61, 45),
(68856, 407, '2015-11-27 07:30:00', 1, 61, 45),
(68857, 407, '2015-11-13 09:10:00', 2, 61, 45),
(68858, 407, '2015-11-20 09:10:00', 2, 61, 45),
(68859, 407, '2015-11-27 09:10:00', 2, 61, 45),
(68860, 407, '2015-11-30 07:30:00', 1, 61, 45),
(68861, 407, '2015-12-07 07:30:00', 1, 61, 45),
(68862, 407, '2015-12-14 07:30:00', 1, 61, 45),
(68863, 407, '2015-11-30 09:10:00', 2, 61, 45),
(68864, 407, '2015-12-07 09:10:00', 2, 61, 45),
(68865, 407, '2015-12-14 09:10:00', 2, 61, 45),
(68866, 406, '2015-12-01 07:30:00', 1, 61, 59),
(68867, 406, '2015-12-08 07:30:00', 1, 61, 59),
(68868, 406, '2015-12-15 07:30:00', 1, 61, 59),
(68869, 406, '2015-12-01 09:10:00', 2, 61, 59),
(68870, 406, '2015-12-08 09:10:00', 2, 61, 59),
(68871, 406, '2015-12-15 09:10:00', 2, 61, 59),
(68872, 407, '2015-12-02 07:30:00', 1, 61, 45),
(68873, 407, '2015-12-09 07:30:00', 1, 61, 45),
(68874, 407, '2015-12-16 07:30:00', 1, 61, 45),
(68875, 407, '2015-12-02 09:10:00', 2, 61, 45),
(68876, 407, '2015-12-09 09:10:00', 2, 61, 45),
(68877, 407, '2015-12-16 09:10:00', 2, 61, 45),
(68878, 406, '2015-12-03 07:30:00', 1, 61, 59),
(68879, 406, '2015-12-10 07:30:00', 1, 61, 59),
(68880, 406, '2015-12-17 07:30:00', 1, 61, 59),
(68881, 406, '2015-12-03 09:10:00', 2, 61, 59),
(68882, 406, '2015-12-10 09:10:00', 2, 61, 59),
(68883, 406, '2015-12-17 09:10:00', 2, 61, 59),
(68884, 406, '2015-12-04 07:30:00', 1, 61, 59),
(68885, 406, '2015-12-11 07:30:00', 1, 61, 59),
(68886, 406, '2015-12-18 07:30:00', 1, 61, 59),
(68887, 406, '2015-12-04 09:10:00', 2, 61, 59),
(68888, 406, '2015-12-11 09:10:00', 2, 61, 59),
(68889, 406, '2015-12-18 09:10:00', 2, 61, 59),
(68890, 415, '2015-09-07 12:50:00', 4, 65, 64),
(68891, 415, '2015-09-14 12:50:00', 4, 65, 64),
(68892, 415, '2015-09-21 12:50:00', 4, 65, 64),
(68893, 414, '2015-09-07 14:30:00', 5, 65, 60),
(68894, 414, '2015-09-14 14:30:00', 5, 65, 60),
(68895, 414, '2015-09-21 14:30:00', 5, 65, 60),
(68896, 414, '2015-09-07 16:10:00', 6, 65, 60),
(68897, 414, '2015-09-14 16:10:00', 6, 65, 60),
(68898, 414, '2015-09-21 16:10:00', 6, 65, 60),
(68899, 415, '2015-09-08 12:50:00', 4, 65, 64),
(68900, 415, '2015-09-15 12:50:00', 4, 65, 64),
(68901, 415, '2015-09-22 12:50:00', 4, 65, 64),
(68902, 413, '2015-09-08 14:30:00', 5, 65, 42),
(68903, 413, '2015-09-15 14:30:00', 5, 65, 42),
(68904, 413, '2015-09-22 14:30:00', 5, 65, 42),
(68905, 413, '2015-09-08 16:10:00', 6, 65, 42),
(68906, 413, '2015-09-15 16:10:00', 6, 65, 42),
(68907, 413, '2015-09-22 16:10:00', 6, 65, 42),
(68908, 415, '2015-09-09 12:50:00', 4, 65, 64),
(68909, 415, '2015-09-16 12:50:00', 4, 65, 64),
(68910, 415, '2015-09-23 12:50:00', 4, 65, 64),
(68911, 414, '2015-09-09 14:30:00', 5, 65, 60),
(68912, 414, '2015-09-16 14:30:00', 5, 65, 60),
(68913, 414, '2015-09-23 14:30:00', 5, 65, 60),
(68914, 414, '2015-09-09 16:10:00', 6, 65, 60),
(68915, 414, '2015-09-16 16:10:00', 6, 65, 60),
(68916, 414, '2015-09-23 16:10:00', 6, 65, 60),
(68917, 415, '2015-09-10 12:50:00', 4, 65, 64),
(68918, 415, '2015-09-17 12:50:00', 4, 65, 64),
(68919, 415, '2015-09-24 12:50:00', 4, 65, 64),
(68920, 413, '2015-09-10 14:30:00', 5, 65, 42),
(68921, 413, '2015-09-17 14:30:00', 5, 65, 42),
(68922, 413, '2015-09-24 14:30:00', 5, 65, 42),
(68923, 413, '2015-09-10 16:10:00', 6, 65, 42),
(68924, 413, '2015-09-17 16:10:00', 6, 65, 42),
(68925, 413, '2015-09-24 16:10:00', 6, 65, 42),
(68926, 415, '2015-09-11 12:50:00', 4, 65, 64),
(68927, 415, '2015-09-18 12:50:00', 4, 65, 64),
(68928, 415, '2015-09-25 12:50:00', 4, 65, 64),
(68929, 414, '2015-09-11 14:30:00', 5, 65, 60),
(68930, 414, '2015-09-18 14:30:00', 5, 65, 60),
(68931, 414, '2015-09-25 14:30:00', 5, 65, 60),
(68932, 414, '2015-09-11 16:10:00', 6, 65, 60),
(68933, 414, '2015-09-18 16:10:00', 6, 65, 60),
(68934, 414, '2015-09-25 16:10:00', 6, 65, 60),
(68935, 415, '2015-09-28 12:50:00', 4, 65, 64),
(68936, 415, '2015-10-05 12:50:00', 4, 65, 64),
(68937, 415, '2015-10-12 12:50:00', 4, 65, 64),
(68938, 414, '2015-09-28 14:30:00', 5, 65, 60),
(68939, 414, '2015-10-05 14:30:00', 5, 65, 60),
(68940, 414, '2015-10-12 14:30:00', 5, 65, 60),
(68941, 414, '2015-09-28 16:10:00', 6, 65, 60),
(68942, 414, '2015-10-05 16:10:00', 6, 65, 60),
(68943, 414, '2015-10-12 16:10:00', 6, 65, 60),
(68944, 415, '2015-09-29 12:50:00', 4, 65, 64),
(68945, 415, '2015-10-06 12:50:00', 4, 65, 64),
(68946, 415, '2015-10-13 12:50:00', 4, 65, 64),
(68947, 413, '2015-09-29 14:30:00', 5, 65, 42),
(68948, 413, '2015-10-06 14:30:00', 5, 65, 42),
(68949, 413, '2015-10-13 14:30:00', 5, 65, 42),
(68950, 413, '2015-09-29 16:10:00', 6, 65, 42),
(68951, 413, '2015-10-06 16:10:00', 6, 65, 42),
(68952, 413, '2015-10-13 16:10:00', 6, 65, 42),
(68953, 415, '2015-09-30 12:50:00', 4, 65, 64),
(68954, 415, '2015-10-07 12:50:00', 4, 65, 64),
(68955, 415, '2015-10-14 12:50:00', 4, 65, 64),
(68956, 414, '2015-09-30 14:30:00', 5, 65, 60),
(68957, 414, '2015-10-07 14:30:00', 5, 65, 60),
(68958, 414, '2015-10-14 14:30:00', 5, 65, 60),
(68959, 414, '2015-09-30 16:10:00', 6, 65, 60),
(68960, 414, '2015-10-07 16:10:00', 6, 65, 60),
(68961, 414, '2015-10-14 16:10:00', 6, 65, 60),
(68962, 415, '2015-10-01 12:50:00', 4, 65, 64),
(68963, 415, '2015-10-08 12:50:00', 4, 65, 64),
(68964, 415, '2015-10-15 12:50:00', 4, 65, 64),
(68965, 413, '2015-10-01 14:30:00', 5, 65, 42),
(68966, 413, '2015-10-08 14:30:00', 5, 65, 42),
(68967, 413, '2015-10-15 14:30:00', 5, 65, 42),
(68968, 413, '2015-10-01 16:10:00', 6, 65, 42),
(68969, 413, '2015-10-08 16:10:00', 6, 65, 42),
(68970, 413, '2015-10-15 16:10:00', 6, 65, 42),
(68971, 415, '2015-10-02 12:50:00', 4, 65, 64),
(68972, 415, '2015-10-09 12:50:00', 4, 65, 64),
(68973, 415, '2015-10-16 12:50:00', 4, 65, 64),
(68974, 413, '2015-10-02 14:30:00', 5, 65, 42),
(68975, 413, '2015-10-09 14:30:00', 5, 65, 42),
(68976, 413, '2015-10-16 14:30:00', 5, 65, 42),
(68977, 413, '2015-10-02 16:10:00', 6, 65, 42),
(68978, 413, '2015-10-09 16:10:00', 6, 65, 42),
(68979, 413, '2015-10-16 16:10:00', 6, 65, 42),
(68980, 411, '2015-11-09 12:50:00', 4, 65, 42),
(68981, 411, '2015-11-16 12:50:00', 4, 65, 42),
(68982, 411, '2015-11-23 12:50:00', 4, 65, 42),
(68983, 411, '2015-11-09 14:30:00', 5, 65, 42),
(68984, 411, '2015-11-16 14:30:00', 5, 65, 42),
(68985, 411, '2015-11-23 14:30:00', 5, 65, 42),
(68986, 412, '2015-11-10 14:30:00', 5, 65, 61),
(68987, 412, '2015-11-17 14:30:00', 5, 65, 61),
(68988, 412, '2015-11-24 14:30:00', 5, 65, 61),
(68989, 412, '2015-11-10 16:10:00', 6, 65, 61),
(68990, 412, '2015-11-17 16:10:00', 6, 65, 61),
(68991, 412, '2015-11-24 16:10:00', 6, 65, 61),
(68992, 411, '2015-11-11 12:50:00', 4, 65, 42),
(68993, 411, '2015-11-18 12:50:00', 4, 65, 42),
(68994, 411, '2015-11-25 12:50:00', 4, 65, 42),
(68995, 411, '2015-11-11 14:30:00', 5, 65, 42),
(68996, 411, '2015-11-18 14:30:00', 5, 65, 42),
(68997, 411, '2015-11-25 14:30:00', 5, 65, 42),
(68998, 412, '2015-11-12 14:30:00', 5, 65, 61),
(68999, 412, '2015-11-19 14:30:00', 5, 65, 61),
(69000, 412, '2015-11-26 14:30:00', 5, 65, 61),
(69001, 412, '2015-11-12 16:10:00', 6, 65, 61),
(69002, 412, '2015-11-19 16:10:00', 6, 65, 61),
(69003, 412, '2015-11-26 16:10:00', 6, 65, 61),
(69004, 411, '2015-11-13 12:50:00', 4, 65, 42),
(69005, 411, '2015-11-20 12:50:00', 4, 65, 42),
(69006, 411, '2015-11-27 12:50:00', 4, 65, 42),
(69007, 411, '2015-11-13 14:30:00', 5, 65, 42),
(69008, 411, '2015-11-20 14:30:00', 5, 65, 42),
(69009, 411, '2015-11-27 14:30:00', 5, 65, 42),
(69010, 411, '2015-11-30 12:50:00', 4, 65, 42),
(69011, 411, '2015-12-07 12:50:00', 4, 65, 42),
(69012, 411, '2015-12-14 12:50:00', 4, 65, 42),
(69013, 411, '2015-11-30 14:30:00', 5, 65, 42),
(69014, 411, '2015-12-07 14:30:00', 5, 65, 42),
(69015, 411, '2015-12-14 14:30:00', 5, 65, 42),
(69016, 412, '2015-12-01 14:30:00', 5, 65, 61),
(69017, 412, '2015-12-08 14:30:00', 5, 65, 61),
(69018, 412, '2015-12-15 14:30:00', 5, 65, 61),
(69019, 412, '2015-12-01 16:10:00', 6, 65, 61),
(69020, 412, '2015-12-08 16:10:00', 6, 65, 61),
(69021, 412, '2015-12-15 16:10:00', 6, 65, 61),
(69022, 411, '2015-12-02 12:50:00', 4, 65, 42),
(69023, 411, '2015-12-09 12:50:00', 4, 65, 42),
(69024, 411, '2015-12-16 12:50:00', 4, 65, 42),
(69025, 411, '2015-12-02 14:30:00', 5, 65, 42),
(69026, 411, '2015-12-09 14:30:00', 5, 65, 42),
(69027, 411, '2015-12-16 14:30:00', 5, 65, 42),
(69028, 412, '2015-12-03 14:30:00', 5, 65, 61),
(69029, 412, '2015-12-10 14:30:00', 5, 65, 61),
(69030, 412, '2015-12-17 14:30:00', 5, 65, 61),
(69031, 412, '2015-12-03 16:10:00', 6, 65, 61),
(69032, 412, '2015-12-10 16:10:00', 6, 65, 61),
(69033, 412, '2015-12-17 16:10:00', 6, 65, 61),
(69034, 412, '2015-12-04 14:30:00', 5, 65, 61),
(69035, 412, '2015-12-11 14:30:00', 5, 65, 61),
(69036, 412, '2015-12-18 14:30:00', 5, 65, 61),
(69037, 412, '2015-12-04 16:10:00', 6, 65, 61),
(69038, 412, '2015-12-11 16:10:00', 6, 65, 61),
(69039, 412, '2015-12-18 16:10:00', 6, 65, 61),
(69040, 418, '2015-09-07 12:50:00', 4, 66, 43),
(69041, 418, '2015-09-14 12:50:00', 4, 66, 43),
(69042, 418, '2015-09-21 12:50:00', 4, 66, 43),
(69043, 418, '2015-09-07 14:30:00', 5, 66, 43),
(69044, 418, '2015-09-14 14:30:00', 5, 66, 43),
(69045, 418, '2015-09-21 14:30:00', 5, 66, 43),
(69046, 420, '2015-09-07 16:10:00', 6, 66, 69),
(69047, 420, '2015-09-14 16:10:00', 6, 66, 69),
(69048, 420, '2015-09-21 16:10:00', 6, 66, 69),
(69049, 419, '2015-09-08 12:50:00', 4, 66, 60),
(69050, 419, '2015-09-15 12:50:00', 4, 66, 60),
(69051, 419, '2015-09-22 12:50:00', 4, 66, 60),
(69052, 419, '2015-09-08 14:30:00', 5, 66, 60),
(69053, 419, '2015-09-15 14:30:00', 5, 66, 60),
(69054, 419, '2015-09-22 14:30:00', 5, 66, 60),
(69055, 420, '2015-09-08 16:10:00', 6, 66, 69),
(69056, 420, '2015-09-15 16:10:00', 6, 66, 69),
(69057, 420, '2015-09-22 16:10:00', 6, 66, 69),
(69058, 418, '2015-09-09 12:50:00', 4, 66, 43),
(69059, 418, '2015-09-16 12:50:00', 4, 66, 43),
(69060, 418, '2015-09-23 12:50:00', 4, 66, 43),
(69061, 418, '2015-09-09 14:30:00', 5, 66, 43),
(69062, 418, '2015-09-16 14:30:00', 5, 66, 43),
(69063, 418, '2015-09-23 14:30:00', 5, 66, 43),
(69064, 420, '2015-09-09 16:10:00', 6, 66, 69),
(69065, 420, '2015-09-16 16:10:00', 6, 66, 69),
(69066, 420, '2015-09-23 16:10:00', 6, 66, 69),
(69067, 419, '2015-09-10 12:50:00', 4, 66, 60),
(69068, 419, '2015-09-17 12:50:00', 4, 66, 60),
(69069, 419, '2015-09-24 12:50:00', 4, 66, 60),
(69070, 419, '2015-09-10 14:30:00', 5, 66, 60),
(69071, 419, '2015-09-17 14:30:00', 5, 66, 60),
(69072, 419, '2015-09-24 14:30:00', 5, 66, 60),
(69073, 420, '2015-09-10 16:10:00', 6, 66, 69),
(69074, 420, '2015-09-17 16:10:00', 6, 66, 69),
(69075, 420, '2015-09-24 16:10:00', 6, 66, 69),
(69076, 418, '2015-09-11 12:50:00', 4, 66, 43),
(69077, 418, '2015-09-18 12:50:00', 4, 66, 43),
(69078, 418, '2015-09-25 12:50:00', 4, 66, 43),
(69079, 418, '2015-09-11 14:30:00', 5, 66, 43),
(69080, 418, '2015-09-18 14:30:00', 5, 66, 43),
(69081, 418, '2015-09-25 14:30:00', 5, 66, 43),
(69082, 420, '2015-09-11 16:10:00', 6, 66, 69),
(69083, 420, '2015-09-18 16:10:00', 6, 66, 69),
(69084, 420, '2015-09-25 16:10:00', 6, 66, 69),
(69085, 418, '2015-09-28 12:50:00', 4, 66, 43),
(69086, 418, '2015-10-05 12:50:00', 4, 66, 43),
(69087, 418, '2015-10-12 12:50:00', 4, 66, 43),
(69088, 418, '2015-09-28 14:30:00', 5, 66, 43),
(69089, 418, '2015-10-05 14:30:00', 5, 66, 43),
(69090, 418, '2015-10-12 14:30:00', 5, 66, 43),
(69091, 420, '2015-09-28 16:10:00', 6, 66, 69),
(69092, 420, '2015-10-05 16:10:00', 6, 66, 69),
(69093, 420, '2015-10-12 16:10:00', 6, 66, 69),
(69094, 419, '2015-09-29 12:50:00', 4, 66, 60),
(69095, 419, '2015-10-06 12:50:00', 4, 66, 60),
(69096, 419, '2015-10-13 12:50:00', 4, 66, 60),
(69097, 419, '2015-09-29 14:30:00', 5, 66, 60),
(69098, 419, '2015-10-06 14:30:00', 5, 66, 60),
(69099, 419, '2015-10-13 14:30:00', 5, 66, 60),
(69100, 420, '2015-09-29 16:10:00', 6, 66, 69),
(69101, 420, '2015-10-06 16:10:00', 6, 66, 69),
(69102, 420, '2015-10-13 16:10:00', 6, 66, 69),
(69103, 418, '2015-09-30 12:50:00', 4, 66, 43),
(69104, 418, '2015-10-07 12:50:00', 4, 66, 43),
(69105, 418, '2015-10-14 12:50:00', 4, 66, 43),
(69106, 418, '2015-09-30 14:30:00', 5, 66, 43),
(69107, 418, '2015-10-07 14:30:00', 5, 66, 43),
(69108, 418, '2015-10-14 14:30:00', 5, 66, 43),
(69109, 420, '2015-09-30 16:10:00', 6, 66, 69),
(69110, 420, '2015-10-07 16:10:00', 6, 66, 69),
(69111, 420, '2015-10-14 16:10:00', 6, 66, 69),
(69112, 419, '2015-10-01 12:50:00', 4, 66, 60),
(69113, 419, '2015-10-08 12:50:00', 4, 66, 60),
(69114, 419, '2015-10-15 12:50:00', 4, 66, 60),
(69115, 419, '2015-10-01 14:30:00', 5, 66, 60),
(69116, 419, '2015-10-08 14:30:00', 5, 66, 60),
(69117, 419, '2015-10-15 14:30:00', 5, 66, 60),
(69118, 420, '2015-10-01 16:10:00', 6, 66, 69),
(69119, 420, '2015-10-08 16:10:00', 6, 66, 69),
(69120, 420, '2015-10-15 16:10:00', 6, 66, 69),
(69121, 419, '2015-10-02 12:50:00', 4, 66, 60),
(69122, 419, '2015-10-09 12:50:00', 4, 66, 60),
(69123, 419, '2015-10-16 12:50:00', 4, 66, 60),
(69124, 419, '2015-10-02 14:30:00', 5, 66, 60),
(69125, 419, '2015-10-09 14:30:00', 5, 66, 60),
(69126, 419, '2015-10-16 14:30:00', 5, 66, 60),
(69127, 420, '2015-10-02 16:10:00', 6, 66, 69),
(69128, 420, '2015-10-09 16:10:00', 6, 66, 69),
(69129, 420, '2015-10-16 16:10:00', 6, 66, 69),
(69130, 417, '2015-11-09 14:30:00', 5, 66, 45),
(69131, 417, '2015-11-16 14:30:00', 5, 66, 45),
(69132, 417, '2015-11-23 14:30:00', 5, 66, 45),
(69133, 417, '2015-11-09 16:10:00', 6, 66, 45),
(69134, 417, '2015-11-16 16:10:00', 6, 66, 45),
(69135, 417, '2015-11-23 16:10:00', 6, 66, 45),
(69136, 416, '2015-11-10 12:50:00', 4, 66, 42),
(69137, 416, '2015-11-17 12:50:00', 4, 66, 42),
(69138, 416, '2015-11-24 12:50:00', 4, 66, 42),
(69139, 416, '2015-11-10 14:30:00', 5, 66, 42),
(69140, 416, '2015-11-17 14:30:00', 5, 66, 42),
(69141, 416, '2015-11-24 14:30:00', 5, 66, 42),
(69142, 417, '2015-11-11 14:30:00', 5, 66, 45),
(69143, 417, '2015-11-18 14:30:00', 5, 66, 45),
(69144, 417, '2015-11-25 14:30:00', 5, 66, 45),
(69145, 417, '2015-11-11 16:10:00', 6, 66, 45),
(69146, 417, '2015-11-18 16:10:00', 6, 66, 45),
(69147, 417, '2015-11-25 16:10:00', 6, 66, 45),
(69148, 416, '2015-11-12 12:50:00', 4, 66, 42),
(69149, 416, '2015-11-19 12:50:00', 4, 66, 42),
(69150, 416, '2015-11-26 12:50:00', 4, 66, 42),
(69151, 416, '2015-11-12 14:30:00', 5, 66, 42),
(69152, 416, '2015-11-19 14:30:00', 5, 66, 42),
(69153, 416, '2015-11-26 14:30:00', 5, 66, 42),
(69154, 417, '2015-11-13 14:30:00', 5, 66, 45),
(69155, 417, '2015-11-20 14:30:00', 5, 66, 45),
(69156, 417, '2015-11-27 14:30:00', 5, 66, 45),
(69157, 417, '2015-11-13 16:10:00', 6, 66, 45),
(69158, 417, '2015-11-20 16:10:00', 6, 66, 45),
(69159, 417, '2015-11-27 16:10:00', 6, 66, 45),
(69160, 417, '2015-11-30 14:30:00', 5, 66, 45),
(69161, 417, '2015-12-07 14:30:00', 5, 66, 45),
(69162, 417, '2015-12-14 14:30:00', 5, 66, 45),
(69163, 417, '2015-11-30 16:10:00', 6, 66, 45),
(69164, 417, '2015-12-07 16:10:00', 6, 66, 45),
(69165, 417, '2015-12-14 16:10:00', 6, 66, 45),
(69166, 416, '2015-12-01 12:50:00', 4, 66, 42),
(69167, 416, '2015-12-08 12:50:00', 4, 66, 42),
(69168, 416, '2015-12-15 12:50:00', 4, 66, 42),
(69169, 416, '2015-12-01 14:30:00', 5, 66, 42),
(69170, 416, '2015-12-08 14:30:00', 5, 66, 42),
(69171, 416, '2015-12-15 14:30:00', 5, 66, 42),
(69172, 417, '2015-12-02 14:30:00', 5, 66, 45),
(69173, 417, '2015-12-09 14:30:00', 5, 66, 45),
(69174, 417, '2015-12-16 14:30:00', 5, 66, 45),
(69175, 417, '2015-12-02 16:10:00', 6, 66, 45),
(69176, 417, '2015-12-09 16:10:00', 6, 66, 45),
(69177, 417, '2015-12-16 16:10:00', 6, 66, 45),
(69178, 416, '2015-12-03 12:50:00', 4, 66, 42),
(69179, 416, '2015-12-10 12:50:00', 4, 66, 42),
(69180, 416, '2015-12-17 12:50:00', 4, 66, 42),
(69181, 416, '2015-12-03 14:30:00', 5, 66, 42),
(69182, 416, '2015-12-10 14:30:00', 5, 66, 42),
(69183, 416, '2015-12-17 14:30:00', 5, 66, 42),
(69184, 416, '2015-12-04 12:50:00', 4, 66, 42),
(69185, 416, '2015-12-11 12:50:00', 4, 66, 42),
(69186, 416, '2015-12-18 12:50:00', 4, 66, 42),
(69187, 416, '2015-12-04 14:30:00', 5, 66, 42),
(69188, 416, '2015-12-11 14:30:00', 5, 66, 42),
(69189, 416, '2015-12-18 14:30:00', 5, 66, 42),
(69190, 424, '2015-09-07 09:10:00', 2, 65, 60),
(69191, 424, '2015-09-14 09:10:00', 2, 65, 60),
(69192, 424, '2015-09-21 09:10:00', 2, 65, 60),
(69193, 424, '2015-09-07 10:50:00', 3, 65, 60),
(69194, 424, '2015-09-14 10:50:00', 3, 65, 60),
(69195, 424, '2015-09-21 10:50:00', 3, 65, 60),
(69196, 423, '2015-09-08 09:10:00', 2, 65, 43),
(69197, 423, '2015-09-15 09:10:00', 2, 65, 43),
(69198, 423, '2015-09-22 09:10:00', 2, 65, 43),
(69199, 423, '2015-09-08 10:50:00', 3, 65, 43),
(69200, 423, '2015-09-15 10:50:00', 3, 65, 43),
(69201, 423, '2015-09-22 10:50:00', 3, 65, 43),
(69202, 424, '2015-09-09 09:10:00', 2, 65, 60),
(69203, 424, '2015-09-16 09:10:00', 2, 65, 60),
(69204, 424, '2015-09-23 09:10:00', 2, 65, 60),
(69205, 424, '2015-09-09 10:50:00', 3, 65, 60),
(69206, 424, '2015-09-16 10:50:00', 3, 65, 60),
(69207, 424, '2015-09-23 10:50:00', 3, 65, 60),
(69208, 423, '2015-09-10 09:10:00', 2, 65, 43),
(69209, 423, '2015-09-17 09:10:00', 2, 65, 43),
(69210, 423, '2015-09-24 09:10:00', 2, 65, 43),
(69211, 423, '2015-09-10 10:50:00', 3, 65, 43),
(69212, 423, '2015-09-17 10:50:00', 3, 65, 43),
(69213, 423, '2015-09-24 10:50:00', 3, 65, 43),
(69214, 424, '2015-09-11 09:10:00', 2, 65, 60),
(69215, 424, '2015-09-18 09:10:00', 2, 65, 60),
(69216, 424, '2015-09-25 09:10:00', 2, 65, 60),
(69217, 424, '2015-09-11 10:50:00', 3, 65, 60),
(69218, 424, '2015-09-18 10:50:00', 3, 65, 60),
(69219, 424, '2015-09-25 10:50:00', 3, 65, 60),
(69220, 424, '2015-09-28 09:10:00', 2, 65, 60),
(69221, 424, '2015-10-05 09:10:00', 2, 65, 60),
(69222, 424, '2015-10-12 09:10:00', 2, 65, 60),
(69223, 424, '2015-09-28 10:50:00', 3, 65, 60),
(69224, 424, '2015-10-05 10:50:00', 3, 65, 60),
(69225, 424, '2015-10-12 10:50:00', 3, 65, 60),
(69226, 423, '2015-09-29 09:10:00', 2, 65, 43),
(69227, 423, '2015-10-06 09:10:00', 2, 65, 43),
(69228, 423, '2015-10-13 09:10:00', 2, 65, 43),
(69229, 423, '2015-09-29 10:50:00', 3, 65, 43),
(69230, 423, '2015-10-06 10:50:00', 3, 65, 43),
(69231, 423, '2015-10-13 10:50:00', 3, 65, 43),
(69232, 424, '2015-09-30 09:10:00', 2, 65, 60),
(69233, 424, '2015-10-07 09:10:00', 2, 65, 60),
(69234, 424, '2015-10-14 09:10:00', 2, 65, 60),
(69235, 424, '2015-09-30 10:50:00', 3, 65, 60),
(69236, 424, '2015-10-07 10:50:00', 3, 65, 60),
(69237, 424, '2015-10-14 10:50:00', 3, 65, 60),
(69238, 423, '2015-10-01 09:10:00', 2, 65, 43),
(69239, 423, '2015-10-08 09:10:00', 2, 65, 43),
(69240, 423, '2015-10-15 09:10:00', 2, 65, 43),
(69241, 423, '2015-10-01 10:50:00', 3, 65, 43),
(69242, 423, '2015-10-08 10:50:00', 3, 65, 43),
(69243, 423, '2015-10-15 10:50:00', 3, 65, 43),
(69244, 423, '2015-10-02 09:10:00', 2, 65, 43),
(69245, 423, '2015-10-09 09:10:00', 2, 65, 43),
(69246, 423, '2015-10-16 09:10:00', 2, 65, 43),
(69247, 423, '2015-10-02 10:50:00', 3, 65, 43),
(69248, 423, '2015-10-09 10:50:00', 3, 65, 43),
(69249, 423, '2015-10-16 10:50:00', 3, 65, 43),
(69250, 425, '2015-11-09 07:30:00', 1, 65, 72),
(69251, 425, '2015-11-16 07:30:00', 1, 65, 72),
(69252, 425, '2015-11-23 07:30:00', 1, 65, 72),
(69253, 421, '2015-11-09 09:10:00', 2, 65, 59),
(69254, 421, '2015-11-16 09:10:00', 2, 65, 59),
(69255, 421, '2015-11-23 09:10:00', 2, 65, 59),
(69256, 421, '2015-11-09 10:50:00', 3, 65, 59),
(69257, 421, '2015-11-16 10:50:00', 3, 65, 59),
(69258, 421, '2015-11-23 10:50:00', 3, 65, 59),
(69259, 425, '2015-11-10 07:30:00', 1, 65, 72),
(69260, 425, '2015-11-17 07:30:00', 1, 65, 72),
(69261, 425, '2015-11-24 07:30:00', 1, 65, 72),
(69262, 422, '2015-11-10 09:10:00', 2, 65, 61),
(69263, 422, '2015-11-17 09:10:00', 2, 65, 61),
(69264, 422, '2015-11-24 09:10:00', 2, 65, 61),
(69265, 422, '2015-11-10 10:50:00', 3, 65, 61),
(69266, 422, '2015-11-17 10:50:00', 3, 65, 61),
(69267, 422, '2015-11-24 10:50:00', 3, 65, 61),
(69268, 425, '2015-11-11 07:30:00', 1, 65, 72),
(69269, 425, '2015-11-18 07:30:00', 1, 65, 72),
(69270, 425, '2015-11-25 07:30:00', 1, 65, 72),
(69271, 421, '2015-11-11 09:10:00', 2, 65, 59),
(69272, 421, '2015-11-18 09:10:00', 2, 65, 59),
(69273, 421, '2015-11-25 09:10:00', 2, 65, 59),
(69274, 421, '2015-11-11 10:50:00', 3, 65, 59),
(69275, 421, '2015-11-18 10:50:00', 3, 65, 59),
(69276, 421, '2015-11-25 10:50:00', 3, 65, 59),
(69277, 425, '2015-11-12 07:30:00', 1, 65, 72),
(69278, 425, '2015-11-19 07:30:00', 1, 65, 72),
(69279, 425, '2015-11-26 07:30:00', 1, 65, 72),
(69280, 422, '2015-11-12 09:10:00', 2, 65, 61),
(69281, 422, '2015-11-19 09:10:00', 2, 65, 61),
(69282, 422, '2015-11-26 09:10:00', 2, 65, 61),
(69283, 422, '2015-11-12 10:50:00', 3, 65, 61),
(69284, 422, '2015-11-19 10:50:00', 3, 65, 61),
(69285, 422, '2015-11-26 10:50:00', 3, 65, 61),
(69286, 425, '2015-11-13 07:30:00', 1, 65, 72),
(69287, 425, '2015-11-20 07:30:00', 1, 65, 72),
(69288, 425, '2015-11-27 07:30:00', 1, 65, 72),
(69289, 421, '2015-11-13 09:10:00', 2, 65, 59),
(69290, 421, '2015-11-20 09:10:00', 2, 65, 59),
(69291, 421, '2015-11-27 09:10:00', 2, 65, 59),
(69292, 421, '2015-11-13 10:50:00', 3, 65, 59),
(69293, 421, '2015-11-20 10:50:00', 3, 65, 59),
(69294, 421, '2015-11-27 10:50:00', 3, 65, 59),
(69295, 425, '2015-11-30 07:30:00', 1, 65, 72),
(69296, 425, '2015-12-07 07:30:00', 1, 65, 72),
(69297, 425, '2015-12-14 07:30:00', 1, 65, 72),
(69298, 421, '2015-11-30 09:10:00', 2, 65, 59),
(69299, 421, '2015-12-07 09:10:00', 2, 65, 59),
(69300, 421, '2015-12-14 09:10:00', 2, 65, 59),
(69301, 421, '2015-11-30 10:50:00', 3, 65, 59),
(69302, 421, '2015-12-07 10:50:00', 3, 65, 59),
(69303, 421, '2015-12-14 10:50:00', 3, 65, 59),
(69304, 425, '2015-12-01 07:30:00', 1, 65, 72),
(69305, 425, '2015-12-08 07:30:00', 1, 65, 72),
(69306, 425, '2015-12-15 07:30:00', 1, 65, 72),
(69307, 422, '2015-12-01 09:10:00', 2, 65, 61),
(69308, 422, '2015-12-08 09:10:00', 2, 65, 61),
(69309, 422, '2015-12-15 09:10:00', 2, 65, 61),
(69310, 422, '2015-12-01 10:50:00', 3, 65, 61),
(69311, 422, '2015-12-08 10:50:00', 3, 65, 61),
(69312, 422, '2015-12-15 10:50:00', 3, 65, 61),
(69313, 425, '2015-12-02 07:30:00', 1, 65, 72),
(69314, 425, '2015-12-09 07:30:00', 1, 65, 72),
(69315, 425, '2015-12-16 07:30:00', 1, 65, 72),
(69316, 421, '2015-12-02 09:10:00', 2, 65, 59),
(69317, 421, '2015-12-09 09:10:00', 2, 65, 59),
(69318, 421, '2015-12-16 09:10:00', 2, 65, 59),
(69319, 421, '2015-12-02 10:50:00', 3, 65, 59),
(69320, 421, '2015-12-09 10:50:00', 3, 65, 59),
(69321, 421, '2015-12-16 10:50:00', 3, 65, 59),
(69322, 425, '2015-12-03 07:30:00', 1, 65, 72),
(69323, 425, '2015-12-10 07:30:00', 1, 65, 72),
(69324, 425, '2015-12-17 07:30:00', 1, 65, 72),
(69325, 422, '2015-12-03 09:10:00', 2, 65, 61),
(69326, 422, '2015-12-10 09:10:00', 2, 65, 61),
(69327, 422, '2015-12-17 09:10:00', 2, 65, 61),
(69328, 422, '2015-12-03 10:50:00', 3, 65, 61),
(69329, 422, '2015-12-10 10:50:00', 3, 65, 61),
(69330, 422, '2015-12-17 10:50:00', 3, 65, 61),
(69331, 425, '2015-12-04 07:30:00', 1, 65, 72),
(69332, 425, '2015-12-11 07:30:00', 1, 65, 72),
(69333, 425, '2015-12-18 07:30:00', 1, 65, 72),
(69334, 422, '2015-12-04 09:10:00', 2, 65, 61),
(69335, 422, '2015-12-11 09:10:00', 2, 65, 61),
(69336, 422, '2015-12-18 09:10:00', 2, 65, 61),
(69337, 422, '2015-12-04 10:50:00', 3, 65, 61),
(69338, 422, '2015-12-11 10:50:00', 3, 65, 61),
(69339, 422, '2015-12-18 10:50:00', 3, 65, 61),
(69340, 430, '2015-09-07 12:50:00', 4, 67, 49),
(69341, 430, '2015-09-14 12:50:00', 4, 67, 49),
(69342, 430, '2015-09-21 12:50:00', 4, 67, 49),
(69343, 428, '2015-09-07 14:30:00', 5, 67, NULL),
(69344, 428, '2015-09-14 14:30:00', 5, 67, NULL),
(69345, 428, '2015-09-21 14:30:00', 5, 67, NULL),
(69346, 428, '2015-09-07 16:10:00', 6, 67, NULL),
(69347, 428, '2015-09-14 16:10:00', 6, 67, NULL),
(69348, 428, '2015-09-21 16:10:00', 6, 67, NULL),
(69349, 430, '2015-09-08 12:50:00', 4, 67, 49),
(69350, 430, '2015-09-15 12:50:00', 4, 67, 49),
(69351, 430, '2015-09-22 12:50:00', 4, 67, 49),
(69352, 429, '2015-09-08 14:30:00', 5, 67, 44),
(69353, 429, '2015-09-15 14:30:00', 5, 67, 44),
(69354, 429, '2015-09-22 14:30:00', 5, 67, 44),
(69355, 429, '2015-09-08 16:10:00', 6, 67, 44),
(69356, 429, '2015-09-15 16:10:00', 6, 67, 44),
(69357, 429, '2015-09-22 16:10:00', 6, 67, 44),
(69358, 430, '2015-09-09 12:50:00', 4, 67, 49),
(69359, 430, '2015-09-16 12:50:00', 4, 67, 49),
(69360, 430, '2015-09-23 12:50:00', 4, 67, 49),
(69361, 428, '2015-09-09 14:30:00', 5, 67, NULL),
(69362, 428, '2015-09-16 14:30:00', 5, 67, NULL),
(69363, 428, '2015-09-23 14:30:00', 5, 67, NULL),
(69364, 428, '2015-09-09 16:10:00', 6, 67, NULL),
(69365, 428, '2015-09-16 16:10:00', 6, 67, NULL),
(69366, 428, '2015-09-23 16:10:00', 6, 67, NULL),
(69367, 430, '2015-09-10 12:50:00', 4, 67, 49),
(69368, 430, '2015-09-17 12:50:00', 4, 67, 49),
(69369, 430, '2015-09-24 12:50:00', 4, 67, 49),
(69370, 429, '2015-09-10 14:30:00', 5, 67, 44),
(69371, 429, '2015-09-17 14:30:00', 5, 67, 44),
(69372, 429, '2015-09-24 14:30:00', 5, 67, 44),
(69373, 429, '2015-09-10 16:10:00', 6, 67, 44),
(69374, 429, '2015-09-17 16:10:00', 6, 67, 44),
(69375, 429, '2015-09-24 16:10:00', 6, 67, 44),
(69376, 430, '2015-09-11 12:50:00', 4, 67, 49),
(69377, 430, '2015-09-18 12:50:00', 4, 67, 49),
(69378, 430, '2015-09-25 12:50:00', 4, 67, 49),
(69379, 428, '2015-09-11 14:30:00', 5, 67, NULL),
(69380, 428, '2015-09-18 14:30:00', 5, 67, NULL),
(69381, 428, '2015-09-25 14:30:00', 5, 67, NULL),
(69382, 428, '2015-09-11 16:10:00', 6, 67, NULL),
(69383, 428, '2015-09-18 16:10:00', 6, 67, NULL),
(69384, 428, '2015-09-25 16:10:00', 6, 67, NULL),
(69385, 430, '2015-09-28 12:50:00', 4, 67, 49),
(69386, 430, '2015-10-05 12:50:00', 4, 67, 49),
(69387, 430, '2015-10-12 12:50:00', 4, 67, 49),
(69388, 428, '2015-09-28 14:30:00', 5, 67, NULL),
(69389, 428, '2015-10-05 14:30:00', 5, 67, NULL),
(69390, 428, '2015-10-12 14:30:00', 5, 67, NULL),
(69391, 428, '2015-09-28 16:10:00', 6, 67, NULL),
(69392, 428, '2015-10-05 16:10:00', 6, 67, NULL),
(69393, 428, '2015-10-12 16:10:00', 6, 67, NULL),
(69394, 430, '2015-09-29 12:50:00', 4, 67, 49),
(69395, 430, '2015-10-06 12:50:00', 4, 67, 49),
(69396, 430, '2015-10-13 12:50:00', 4, 67, 49),
(69397, 429, '2015-09-29 14:30:00', 5, 67, 44),
(69398, 429, '2015-10-06 14:30:00', 5, 67, 44),
(69399, 429, '2015-10-13 14:30:00', 5, 67, 44),
(69400, 429, '2015-09-29 16:10:00', 6, 67, 44),
(69401, 429, '2015-10-06 16:10:00', 6, 67, 44),
(69402, 429, '2015-10-13 16:10:00', 6, 67, 44),
(69403, 430, '2015-09-30 12:50:00', 4, 67, 49),
(69404, 430, '2015-10-07 12:50:00', 4, 67, 49),
(69405, 430, '2015-10-14 12:50:00', 4, 67, 49),
(69406, 428, '2015-09-30 14:30:00', 5, 67, NULL),
(69407, 428, '2015-10-07 14:30:00', 5, 67, NULL),
(69408, 428, '2015-10-14 14:30:00', 5, 67, NULL),
(69409, 428, '2015-09-30 16:10:00', 6, 67, NULL),
(69410, 428, '2015-10-07 16:10:00', 6, 67, NULL),
(69411, 428, '2015-10-14 16:10:00', 6, 67, NULL),
(69412, 430, '2015-10-01 12:50:00', 4, 67, 49),
(69413, 430, '2015-10-08 12:50:00', 4, 67, 49),
(69414, 430, '2015-10-15 12:50:00', 4, 67, 49),
(69415, 429, '2015-10-01 14:30:00', 5, 67, 44),
(69416, 429, '2015-10-08 14:30:00', 5, 67, 44),
(69417, 429, '2015-10-15 14:30:00', 5, 67, 44),
(69418, 429, '2015-10-01 16:10:00', 6, 67, 44),
(69419, 429, '2015-10-08 16:10:00', 6, 67, 44),
(69420, 429, '2015-10-15 16:10:00', 6, 67, 44),
(69421, 430, '2015-10-02 12:50:00', 4, 67, 49),
(69422, 430, '2015-10-09 12:50:00', 4, 67, 49),
(69423, 430, '2015-10-16 12:50:00', 4, 67, 49),
(69424, 429, '2015-10-02 14:30:00', 5, 67, 44),
(69425, 429, '2015-10-09 14:30:00', 5, 67, 44),
(69426, 429, '2015-10-16 14:30:00', 5, 67, 44),
(69427, 429, '2015-10-02 16:10:00', 6, 67, 44),
(69428, 429, '2015-10-09 16:10:00', 6, 67, 44),
(69429, 429, '2015-10-16 16:10:00', 6, 67, 44),
(69430, 427, '2015-11-09 14:30:00', 5, 67, 59),
(69431, 427, '2015-11-16 14:30:00', 5, 67, 59),
(69432, 427, '2015-11-23 14:30:00', 5, 67, 59),
(69433, 427, '2015-11-09 16:10:00', 6, 67, 59),
(69434, 427, '2015-11-16 16:10:00', 6, 67, 59),
(69435, 427, '2015-11-23 16:10:00', 6, 67, 59),
(69436, 426, '2015-11-10 12:50:00', 4, 67, 43),
(69437, 426, '2015-11-17 12:50:00', 4, 67, 43),
(69438, 426, '2015-11-24 12:50:00', 4, 67, 43),
(69439, 426, '2015-11-10 14:30:00', 5, 67, 43),
(69440, 426, '2015-11-17 14:30:00', 5, 67, 43),
(69441, 426, '2015-11-24 14:30:00', 5, 67, 43),
(69442, 427, '2015-11-11 14:30:00', 5, 67, 59),
(69443, 427, '2015-11-18 14:30:00', 5, 67, 59),
(69444, 427, '2015-11-25 14:30:00', 5, 67, 59),
(69445, 427, '2015-11-11 16:10:00', 6, 67, 59),
(69446, 427, '2015-11-18 16:10:00', 6, 67, 59),
(69447, 427, '2015-11-25 16:10:00', 6, 67, 59),
(69448, 426, '2015-11-12 12:50:00', 4, 67, 43),
(69449, 426, '2015-11-19 12:50:00', 4, 67, 43),
(69450, 426, '2015-11-26 12:50:00', 4, 67, 43),
(69451, 426, '2015-11-12 14:30:00', 5, 67, 43),
(69452, 426, '2015-11-19 14:30:00', 5, 67, 43),
(69453, 426, '2015-11-26 14:30:00', 5, 67, 43),
(69454, 427, '2015-11-13 14:30:00', 5, 67, 59),
(69455, 427, '2015-11-20 14:30:00', 5, 67, 59),
(69456, 427, '2015-11-27 14:30:00', 5, 67, 59),
(69457, 427, '2015-11-13 16:10:00', 6, 67, 59),
(69458, 427, '2015-11-20 16:10:00', 6, 67, 59),
(69459, 427, '2015-11-27 16:10:00', 6, 67, 59),
(69460, 427, '2015-11-30 14:30:00', 5, 67, 59),
(69461, 427, '2015-12-07 14:30:00', 5, 67, 59),
(69462, 427, '2015-12-14 14:30:00', 5, 67, 59),
(69463, 427, '2015-11-30 16:10:00', 6, 67, 59),
(69464, 427, '2015-12-07 16:10:00', 6, 67, 59),
(69465, 427, '2015-12-14 16:10:00', 6, 67, 59),
(69466, 426, '2015-12-01 12:50:00', 4, 67, 43),
(69467, 426, '2015-12-08 12:50:00', 4, 67, 43),
(69468, 426, '2015-12-15 12:50:00', 4, 67, 43),
(69469, 426, '2015-12-01 14:30:00', 5, 67, 43),
(69470, 426, '2015-12-08 14:30:00', 5, 67, 43),
(69471, 426, '2015-12-15 14:30:00', 5, 67, 43),
(69472, 427, '2015-12-02 14:30:00', 5, 67, 59),
(69473, 427, '2015-12-09 14:30:00', 5, 67, 59),
(69474, 427, '2015-12-16 14:30:00', 5, 67, 59),
(69475, 427, '2015-12-02 16:10:00', 6, 67, 59),
(69476, 427, '2015-12-09 16:10:00', 6, 67, 59),
(69477, 427, '2015-12-16 16:10:00', 6, 67, 59),
(69478, 426, '2015-12-03 12:50:00', 4, 67, 43),
(69479, 426, '2015-12-10 12:50:00', 4, 67, 43),
(69480, 426, '2015-12-17 12:50:00', 4, 67, 43),
(69481, 426, '2015-12-03 14:30:00', 5, 67, 43),
(69482, 426, '2015-12-10 14:30:00', 5, 67, 43),
(69483, 426, '2015-12-17 14:30:00', 5, 67, 43),
(69484, 426, '2015-12-04 12:50:00', 4, 67, 43),
(69485, 426, '2015-12-11 12:50:00', 4, 67, 43),
(69486, 426, '2015-12-18 12:50:00', 4, 67, 43),
(69487, 426, '2015-12-04 14:30:00', 5, 67, 43),
(69488, 426, '2015-12-11 14:30:00', 5, 67, 43),
(69489, 426, '2015-12-18 14:30:00', 5, 67, 43),
(69490, 432, '2015-09-07 07:30:00', 1, 66, 59),
(69491, 432, '2015-09-14 07:30:00', 1, 66, 59),
(69492, 432, '2015-09-21 07:30:00', 1, 66, 59),
(69493, 432, '2015-09-07 09:10:00', 2, 66, 59),
(69494, 432, '2015-09-14 09:10:00', 2, 66, 59),
(69495, 432, '2015-09-21 09:10:00', 2, 66, 59),
(69496, 434, '2015-09-08 09:10:00', 2, 66, 44),
(69497, 434, '2015-09-15 09:10:00', 2, 66, 44),
(69498, 434, '2015-09-22 09:10:00', 2, 66, 44),
(69499, 434, '2015-09-08 10:50:00', 3, 66, 44),
(69500, 434, '2015-09-15 10:50:00', 3, 66, 44),
(69501, 434, '2015-09-22 10:50:00', 3, 66, 44),
(69502, 432, '2015-09-09 07:30:00', 1, 66, 59),
(69503, 432, '2015-09-16 07:30:00', 1, 66, 59),
(69504, 432, '2015-09-23 07:30:00', 1, 66, 59),
(69505, 432, '2015-09-09 09:10:00', 2, 66, 59),
(69506, 432, '2015-09-16 09:10:00', 2, 66, 59),
(69507, 432, '2015-09-23 09:10:00', 2, 66, 59),
(69508, 434, '2015-09-10 09:10:00', 2, 66, 44),
(69509, 434, '2015-09-17 09:10:00', 2, 66, 44),
(69510, 434, '2015-09-24 09:10:00', 2, 66, 44),
(69511, 434, '2015-09-10 10:50:00', 3, 66, 44),
(69512, 434, '2015-09-17 10:50:00', 3, 66, 44),
(69513, 434, '2015-09-24 10:50:00', 3, 66, 44),
(69514, 432, '2015-09-11 07:30:00', 1, 66, 59),
(69515, 432, '2015-09-18 07:30:00', 1, 66, 59),
(69516, 432, '2015-09-25 07:30:00', 1, 66, 59),
(69517, 432, '2015-09-11 09:10:00', 2, 66, 59),
(69518, 432, '2015-09-18 09:10:00', 2, 66, 59),
(69519, 432, '2015-09-25 09:10:00', 2, 66, 59),
(69520, 432, '2015-09-28 07:30:00', 1, 66, 59),
(69521, 432, '2015-10-05 07:30:00', 1, 66, 59),
(69522, 432, '2015-10-12 07:30:00', 1, 66, 59),
(69523, 432, '2015-09-28 09:10:00', 2, 66, 59),
(69524, 432, '2015-10-05 09:10:00', 2, 66, 59),
(69525, 432, '2015-10-12 09:10:00', 2, 66, 59),
(69526, 434, '2015-09-29 09:10:00', 2, 66, 44),
(69527, 434, '2015-10-06 09:10:00', 2, 66, 44),
(69528, 434, '2015-10-13 09:10:00', 2, 66, 44),
(69529, 434, '2015-09-29 10:50:00', 3, 66, 44),
(69530, 434, '2015-10-06 10:50:00', 3, 66, 44),
(69531, 434, '2015-10-13 10:50:00', 3, 66, 44),
(69532, 432, '2015-09-30 07:30:00', 1, 66, 59),
(69533, 432, '2015-10-07 07:30:00', 1, 66, 59),
(69534, 432, '2015-10-14 07:30:00', 1, 66, 59),
(69535, 432, '2015-09-30 09:10:00', 2, 66, 59),
(69536, 432, '2015-10-07 09:10:00', 2, 66, 59),
(69537, 432, '2015-10-14 09:10:00', 2, 66, 59),
(69538, 434, '2015-10-01 09:10:00', 2, 66, 44),
(69539, 434, '2015-10-08 09:10:00', 2, 66, 44),
(69540, 434, '2015-10-15 09:10:00', 2, 66, 44),
(69541, 434, '2015-10-01 10:50:00', 3, 66, 44),
(69542, 434, '2015-10-08 10:50:00', 3, 66, 44),
(69543, 434, '2015-10-15 10:50:00', 3, 66, 44),
(69544, 434, '2015-10-02 09:10:00', 2, 66, 44),
(69545, 434, '2015-10-09 09:10:00', 2, 66, 44),
(69546, 434, '2015-10-16 09:10:00', 2, 66, 44),
(69547, 434, '2015-10-02 10:50:00', 3, 66, 44),
(69548, 434, '2015-10-09 10:50:00', 3, 66, 44),
(69549, 434, '2015-10-16 10:50:00', 3, 66, 44),
(69550, 435, '2015-11-09 07:30:00', 1, 66, 49),
(69551, 435, '2015-11-16 07:30:00', 1, 66, 49),
(69552, 435, '2015-11-23 07:30:00', 1, 66, 49),
(69553, 431, '2015-11-09 09:10:00', 2, 66, 43),
(69554, 431, '2015-11-16 09:10:00', 2, 66, 43),
(69555, 431, '2015-11-23 09:10:00', 2, 66, 43),
(69556, 431, '2015-11-09 10:50:00', 3, 66, 43),
(69557, 431, '2015-11-16 10:50:00', 3, 66, 43),
(69558, 431, '2015-11-23 10:50:00', 3, 66, 43),
(69559, 435, '2015-11-10 07:30:00', 1, 66, 49),
(69560, 435, '2015-11-17 07:30:00', 1, 66, 49),
(69561, 435, '2015-11-24 07:30:00', 1, 66, 49),
(69562, 433, '2015-11-10 09:10:00', 2, 66, 55),
(69563, 433, '2015-11-17 09:10:00', 2, 66, 55),
(69564, 433, '2015-11-24 09:10:00', 2, 66, 55),
(69565, 433, '2015-11-10 10:50:00', 3, 66, 55),
(69566, 433, '2015-11-17 10:50:00', 3, 66, 55),
(69567, 433, '2015-11-24 10:50:00', 3, 66, 55),
(69568, 435, '2015-11-11 07:30:00', 1, 66, 49),
(69569, 435, '2015-11-18 07:30:00', 1, 66, 49),
(69570, 435, '2015-11-25 07:30:00', 1, 66, 49),
(69571, 431, '2015-11-11 09:10:00', 2, 66, 43),
(69572, 431, '2015-11-18 09:10:00', 2, 66, 43),
(69573, 431, '2015-11-25 09:10:00', 2, 66, 43),
(69574, 431, '2015-11-11 10:50:00', 3, 66, 43),
(69575, 431, '2015-11-18 10:50:00', 3, 66, 43),
(69576, 431, '2015-11-25 10:50:00', 3, 66, 43),
(69577, 435, '2015-11-12 07:30:00', 1, 66, 49),
(69578, 435, '2015-11-19 07:30:00', 1, 66, 49),
(69579, 435, '2015-11-26 07:30:00', 1, 66, 49),
(69580, 433, '2015-11-12 09:10:00', 2, 66, 55),
(69581, 433, '2015-11-19 09:10:00', 2, 66, 55),
(69582, 433, '2015-11-26 09:10:00', 2, 66, 55),
(69583, 433, '2015-11-12 10:50:00', 3, 66, 55),
(69584, 433, '2015-11-19 10:50:00', 3, 66, 55),
(69585, 433, '2015-11-26 10:50:00', 3, 66, 55),
(69586, 435, '2015-11-13 07:30:00', 1, 66, 49),
(69587, 435, '2015-11-20 07:30:00', 1, 66, 49),
(69588, 435, '2015-11-27 07:30:00', 1, 66, 49),
(69589, 431, '2015-11-13 09:10:00', 2, 66, 43),
(69590, 431, '2015-11-20 09:10:00', 2, 66, 43),
(69591, 431, '2015-11-27 09:10:00', 2, 66, 43),
(69592, 431, '2015-11-13 10:50:00', 3, 66, 43),
(69593, 431, '2015-11-20 10:50:00', 3, 66, 43),
(69594, 431, '2015-11-27 10:50:00', 3, 66, 43),
(69595, 435, '2015-11-30 07:30:00', 1, 66, 49),
(69596, 435, '2015-12-07 07:30:00', 1, 66, 49),
(69597, 435, '2015-12-14 07:30:00', 1, 66, 49),
(69598, 431, '2015-11-30 09:10:00', 2, 66, 43),
(69599, 431, '2015-12-07 09:10:00', 2, 66, 43),
(69600, 431, '2015-12-14 09:10:00', 2, 66, 43),
(69601, 431, '2015-11-30 10:50:00', 3, 66, 43),
(69602, 431, '2015-12-07 10:50:00', 3, 66, 43),
(69603, 431, '2015-12-14 10:50:00', 3, 66, 43),
(69604, 435, '2015-12-01 07:30:00', 1, 66, 49),
(69605, 435, '2015-12-08 07:30:00', 1, 66, 49),
(69606, 435, '2015-12-15 07:30:00', 1, 66, 49),
(69607, 433, '2015-12-01 09:10:00', 2, 66, 55),
(69608, 433, '2015-12-08 09:10:00', 2, 66, 55),
(69609, 433, '2015-12-15 09:10:00', 2, 66, 55),
(69610, 433, '2015-12-01 10:50:00', 3, 66, 55),
(69611, 433, '2015-12-08 10:50:00', 3, 66, 55),
(69612, 433, '2015-12-15 10:50:00', 3, 66, 55),
(69613, 435, '2015-12-02 07:30:00', 1, 66, 49),
(69614, 435, '2015-12-09 07:30:00', 1, 66, 49),
(69615, 435, '2015-12-16 07:30:00', 1, 66, 49),
(69616, 431, '2015-12-02 09:10:00', 2, 66, 43),
(69617, 431, '2015-12-09 09:10:00', 2, 66, 43),
(69618, 431, '2015-12-16 09:10:00', 2, 66, 43),
(69619, 431, '2015-12-02 10:50:00', 3, 66, 43),
(69620, 431, '2015-12-09 10:50:00', 3, 66, 43),
(69621, 431, '2015-12-16 10:50:00', 3, 66, 43),
(69622, 435, '2015-12-03 07:30:00', 1, 66, 49),
(69623, 435, '2015-12-10 07:30:00', 1, 66, 49),
(69624, 435, '2015-12-17 07:30:00', 1, 66, 49),
(69625, 433, '2015-12-03 09:10:00', 2, 66, 55),
(69626, 433, '2015-12-10 09:10:00', 2, 66, 55),
(69627, 433, '2015-12-17 09:10:00', 2, 66, 55),
(69628, 433, '2015-12-03 10:50:00', 3, 66, 55),
(69629, 433, '2015-12-10 10:50:00', 3, 66, 55),
(69630, 433, '2015-12-17 10:50:00', 3, 66, 55),
(69631, 435, '2015-12-04 07:30:00', 1, 66, 49),
(69632, 435, '2015-12-11 07:30:00', 1, 66, 49),
(69633, 435, '2015-12-18 07:30:00', 1, 66, 49),
(69634, 433, '2015-12-04 09:10:00', 2, 66, 55),
(69635, 433, '2015-12-11 09:10:00', 2, 66, 55),
(69636, 433, '2015-12-18 09:10:00', 2, 66, 55),
(69637, 433, '2015-12-04 10:50:00', 3, 66, 55),
(69638, 433, '2015-12-11 10:50:00', 3, 66, 55),
(69639, 433, '2015-12-18 10:50:00', 3, 66, 55),
(69640, 440, '2015-09-07 12:50:00', 4, 70, 42),
(69641, 440, '2015-09-14 12:50:00', 4, 70, 42),
(69642, 440, '2015-09-21 12:50:00', 4, 70, 42),
(69643, 439, '2015-09-07 14:30:00', 5, 70, 71),
(69644, 439, '2015-09-14 14:30:00', 5, 70, 71),
(69645, 439, '2015-09-21 14:30:00', 5, 70, 71),
(69646, 439, '2015-09-07 16:10:00', 6, 70, 71),
(69647, 439, '2015-09-14 16:10:00', 6, 70, 71),
(69648, 439, '2015-09-21 16:10:00', 6, 70, 71),
(69649, 440, '2015-09-08 12:50:00', 4, 70, 42),
(69650, 440, '2015-09-15 12:50:00', 4, 70, 42),
(69651, 440, '2015-09-22 12:50:00', 4, 70, 42),
(69652, 438, '2015-09-08 14:30:00', 5, 70, 64),
(69653, 438, '2015-09-15 14:30:00', 5, 70, 64),
(69654, 438, '2015-09-22 14:30:00', 5, 70, 64),
(69655, 438, '2015-09-08 16:10:00', 6, 70, 64),
(69656, 438, '2015-09-15 16:10:00', 6, 70, 64),
(69657, 438, '2015-09-22 16:10:00', 6, 70, 64),
(69658, 440, '2015-09-09 12:50:00', 4, 70, 42),
(69659, 440, '2015-09-16 12:50:00', 4, 70, 42),
(69660, 440, '2015-09-23 12:50:00', 4, 70, 42),
(69661, 439, '2015-09-09 14:30:00', 5, 70, 71),
(69662, 439, '2015-09-16 14:30:00', 5, 70, 71),
(69663, 439, '2015-09-23 14:30:00', 5, 70, 71),
(69664, 439, '2015-09-09 16:10:00', 6, 70, 71),
(69665, 439, '2015-09-16 16:10:00', 6, 70, 71),
(69666, 439, '2015-09-23 16:10:00', 6, 70, 71),
(69667, 440, '2015-09-10 12:50:00', 4, 70, 42),
(69668, 440, '2015-09-17 12:50:00', 4, 70, 42),
(69669, 440, '2015-09-24 12:50:00', 4, 70, 42),
(69670, 438, '2015-09-10 14:30:00', 5, 70, 64),
(69671, 438, '2015-09-17 14:30:00', 5, 70, 64),
(69672, 438, '2015-09-24 14:30:00', 5, 70, 64),
(69673, 438, '2015-09-10 16:10:00', 6, 70, 64),
(69674, 438, '2015-09-17 16:10:00', 6, 70, 64),
(69675, 438, '2015-09-24 16:10:00', 6, 70, 64),
(69676, 440, '2015-09-11 12:50:00', 4, 70, 42),
(69677, 440, '2015-09-18 12:50:00', 4, 70, 42),
(69678, 440, '2015-09-25 12:50:00', 4, 70, 42),
(69679, 439, '2015-09-11 14:30:00', 5, 70, 71),
(69680, 439, '2015-09-18 14:30:00', 5, 70, 71),
(69681, 439, '2015-09-25 14:30:00', 5, 70, 71),
(69682, 439, '2015-09-11 16:10:00', 6, 70, 71),
(69683, 439, '2015-09-18 16:10:00', 6, 70, 71),
(69684, 439, '2015-09-25 16:10:00', 6, 70, 71),
(69685, 440, '2015-09-28 12:50:00', 4, 70, 42),
(69686, 440, '2015-10-05 12:50:00', 4, 70, 42),
(69687, 440, '2015-10-12 12:50:00', 4, 70, 42),
(69688, 439, '2015-09-28 14:30:00', 5, 70, 71),
(69689, 439, '2015-10-05 14:30:00', 5, 70, 71),
(69690, 439, '2015-10-12 14:30:00', 5, 70, 71),
(69691, 439, '2015-09-28 16:10:00', 6, 70, 71),
(69692, 439, '2015-10-05 16:10:00', 6, 70, 71),
(69693, 439, '2015-10-12 16:10:00', 6, 70, 71),
(69694, 440, '2015-09-29 12:50:00', 4, 70, 42),
(69695, 440, '2015-10-06 12:50:00', 4, 70, 42),
(69696, 440, '2015-10-13 12:50:00', 4, 70, 42),
(69697, 438, '2015-09-29 14:30:00', 5, 70, 64),
(69698, 438, '2015-10-06 14:30:00', 5, 70, 64),
(69699, 438, '2015-10-13 14:30:00', 5, 70, 64),
(69700, 438, '2015-09-29 16:10:00', 6, 70, 64),
(69701, 438, '2015-10-06 16:10:00', 6, 70, 64),
(69702, 438, '2015-10-13 16:10:00', 6, 70, 64),
(69703, 440, '2015-09-30 12:50:00', 4, 70, 42),
(69704, 440, '2015-10-07 12:50:00', 4, 70, 42),
(69705, 440, '2015-10-14 12:50:00', 4, 70, 42),
(69706, 439, '2015-09-30 14:30:00', 5, 70, 71),
(69707, 439, '2015-10-07 14:30:00', 5, 70, 71),
(69708, 439, '2015-10-14 14:30:00', 5, 70, 71),
(69709, 439, '2015-09-30 16:10:00', 6, 70, 71),
(69710, 439, '2015-10-07 16:10:00', 6, 70, 71),
(69711, 439, '2015-10-14 16:10:00', 6, 70, 71),
(69712, 440, '2015-10-01 12:50:00', 4, 70, 42),
(69713, 440, '2015-10-08 12:50:00', 4, 70, 42),
(69714, 440, '2015-10-15 12:50:00', 4, 70, 42),
(69715, 438, '2015-10-01 14:30:00', 5, 70, 64),
(69716, 438, '2015-10-08 14:30:00', 5, 70, 64),
(69717, 438, '2015-10-15 14:30:00', 5, 70, 64),
(69718, 438, '2015-10-01 16:10:00', 6, 70, 64);
INSERT INTO `time_table` (`time_table_id`, `class_course_semester_id`, `date`, `slot`, `room_id`, `teacher_semester_id`) VALUES
(69719, 438, '2015-10-08 16:10:00', 6, 70, 64),
(69720, 438, '2015-10-15 16:10:00', 6, 70, 64),
(69721, 440, '2015-10-02 12:50:00', 4, 70, 42),
(69722, 440, '2015-10-09 12:50:00', 4, 70, 42),
(69723, 440, '2015-10-16 12:50:00', 4, 70, 42),
(69724, 438, '2015-10-02 14:30:00', 5, 70, 64),
(69725, 438, '2015-10-09 14:30:00', 5, 70, 64),
(69726, 438, '2015-10-16 14:30:00', 5, 70, 64),
(69727, 438, '2015-10-02 16:10:00', 6, 70, 64),
(69728, 438, '2015-10-09 16:10:00', 6, 70, 64),
(69729, 438, '2015-10-16 16:10:00', 6, 70, 64),
(69730, 436, '2015-11-09 12:50:00', 4, 70, 55),
(69731, 436, '2015-11-16 12:50:00', 4, 70, 55),
(69732, 436, '2015-11-23 12:50:00', 4, 70, 55),
(69733, 436, '2015-11-09 14:30:00', 5, 70, 55),
(69734, 436, '2015-11-16 14:30:00', 5, 70, 55),
(69735, 436, '2015-11-23 14:30:00', 5, 70, 55),
(69736, 437, '2015-11-10 14:30:00', 5, 70, 68),
(69737, 437, '2015-11-17 14:30:00', 5, 70, 68),
(69738, 437, '2015-11-24 14:30:00', 5, 70, 68),
(69739, 437, '2015-11-10 16:10:00', 6, 70, 68),
(69740, 437, '2015-11-17 16:10:00', 6, 70, 68),
(69741, 437, '2015-11-24 16:10:00', 6, 70, 68),
(69742, 436, '2015-11-11 12:50:00', 4, 70, 55),
(69743, 436, '2015-11-18 12:50:00', 4, 70, 55),
(69744, 436, '2015-11-25 12:50:00', 4, 70, 55),
(69745, 436, '2015-11-11 14:30:00', 5, 70, 55),
(69746, 436, '2015-11-18 14:30:00', 5, 70, 55),
(69747, 436, '2015-11-25 14:30:00', 5, 70, 55),
(69748, 437, '2015-11-12 14:30:00', 5, 70, 68),
(69749, 437, '2015-11-19 14:30:00', 5, 70, 68),
(69750, 437, '2015-11-26 14:30:00', 5, 70, 68),
(69751, 437, '2015-11-12 16:10:00', 6, 70, 68),
(69752, 437, '2015-11-19 16:10:00', 6, 70, 68),
(69753, 437, '2015-11-26 16:10:00', 6, 70, 68),
(69754, 436, '2015-11-13 12:50:00', 4, 70, 55),
(69755, 436, '2015-11-20 12:50:00', 4, 70, 55),
(69756, 436, '2015-11-27 12:50:00', 4, 70, 55),
(69757, 436, '2015-11-13 14:30:00', 5, 70, 55),
(69758, 436, '2015-11-20 14:30:00', 5, 70, 55),
(69759, 436, '2015-11-27 14:30:00', 5, 70, 55),
(69760, 436, '2015-11-30 12:50:00', 4, 70, 55),
(69761, 436, '2015-12-07 12:50:00', 4, 70, 55),
(69762, 436, '2015-12-14 12:50:00', 4, 70, 55),
(69763, 436, '2015-11-30 14:30:00', 5, 70, 55),
(69764, 436, '2015-12-07 14:30:00', 5, 70, 55),
(69765, 436, '2015-12-14 14:30:00', 5, 70, 55),
(69766, 437, '2015-12-01 14:30:00', 5, 70, 68),
(69767, 437, '2015-12-08 14:30:00', 5, 70, 68),
(69768, 437, '2015-12-15 14:30:00', 5, 70, 68),
(69769, 437, '2015-12-01 16:10:00', 6, 70, 68),
(69770, 437, '2015-12-08 16:10:00', 6, 70, 68),
(69771, 437, '2015-12-15 16:10:00', 6, 70, 68),
(69772, 436, '2015-12-02 12:50:00', 4, 70, 55),
(69773, 436, '2015-12-09 12:50:00', 4, 70, 55),
(69774, 436, '2015-12-16 12:50:00', 4, 70, 55),
(69775, 436, '2015-12-02 14:30:00', 5, 70, 55),
(69776, 436, '2015-12-09 14:30:00', 5, 70, 55),
(69777, 436, '2015-12-16 14:30:00', 5, 70, 55),
(69778, 437, '2015-12-03 14:30:00', 5, 70, 68),
(69779, 437, '2015-12-10 14:30:00', 5, 70, 68),
(69780, 437, '2015-12-17 14:30:00', 5, 70, 68),
(69781, 437, '2015-12-03 16:10:00', 6, 70, 68),
(69782, 437, '2015-12-10 16:10:00', 6, 70, 68),
(69783, 437, '2015-12-17 16:10:00', 6, 70, 68),
(69784, 437, '2015-12-04 14:30:00', 5, 70, 68),
(69785, 437, '2015-12-11 14:30:00', 5, 70, 68),
(69786, 437, '2015-12-18 14:30:00', 5, 70, 68),
(69787, 437, '2015-12-04 16:10:00', 6, 70, 68),
(69788, 437, '2015-12-11 16:10:00', 6, 70, 68),
(69789, 437, '2015-12-18 16:10:00', 6, 70, 68),
(69790, 443, '2015-09-07 07:30:00', 1, 67, 69),
(69791, 443, '2015-09-14 07:30:00', 1, 67, 69),
(69792, 443, '2015-09-21 07:30:00', 1, 67, 69),
(69793, 443, '2015-09-07 09:10:00', 2, 67, 69),
(69794, 443, '2015-09-14 09:10:00', 2, 67, 69),
(69795, 443, '2015-09-21 09:10:00', 2, 67, 69),
(69796, 445, '2015-09-07 10:50:00', 3, 67, 62),
(69797, 445, '2015-09-14 10:50:00', 3, 67, 62),
(69798, 445, '2015-09-21 10:50:00', 3, 67, 62),
(69799, 441, '2015-09-08 07:30:00', 1, 67, 53),
(69800, 441, '2015-09-15 07:30:00', 1, 67, 53),
(69801, 441, '2015-09-22 07:30:00', 1, 67, 53),
(69802, 441, '2015-09-08 09:10:00', 2, 67, 53),
(69803, 441, '2015-09-15 09:10:00', 2, 67, 53),
(69804, 441, '2015-09-22 09:10:00', 2, 67, 53),
(69805, 445, '2015-09-08 10:50:00', 3, 67, 62),
(69806, 445, '2015-09-15 10:50:00', 3, 67, 62),
(69807, 445, '2015-09-22 10:50:00', 3, 67, 62),
(69808, 443, '2015-09-09 07:30:00', 1, 67, 69),
(69809, 443, '2015-09-16 07:30:00', 1, 67, 69),
(69810, 443, '2015-09-23 07:30:00', 1, 67, 69),
(69811, 443, '2015-09-09 09:10:00', 2, 67, 69),
(69812, 443, '2015-09-16 09:10:00', 2, 67, 69),
(69813, 443, '2015-09-23 09:10:00', 2, 67, 69),
(69814, 445, '2015-09-09 10:50:00', 3, 67, 62),
(69815, 445, '2015-09-16 10:50:00', 3, 67, 62),
(69816, 445, '2015-09-23 10:50:00', 3, 67, 62),
(69817, 441, '2015-09-10 07:30:00', 1, 67, 53),
(69818, 441, '2015-09-17 07:30:00', 1, 67, 53),
(69819, 441, '2015-09-24 07:30:00', 1, 67, 53),
(69820, 441, '2015-09-10 09:10:00', 2, 67, 53),
(69821, 441, '2015-09-17 09:10:00', 2, 67, 53),
(69822, 441, '2015-09-24 09:10:00', 2, 67, 53),
(69823, 445, '2015-09-10 10:50:00', 3, 67, 62),
(69824, 445, '2015-09-17 10:50:00', 3, 67, 62),
(69825, 445, '2015-09-24 10:50:00', 3, 67, 62),
(69826, 443, '2015-09-11 07:30:00', 1, 67, 69),
(69827, 443, '2015-09-18 07:30:00', 1, 67, 69),
(69828, 443, '2015-09-25 07:30:00', 1, 67, 69),
(69829, 443, '2015-09-11 09:10:00', 2, 67, 69),
(69830, 443, '2015-09-18 09:10:00', 2, 67, 69),
(69831, 443, '2015-09-25 09:10:00', 2, 67, 69),
(69832, 445, '2015-09-11 10:50:00', 3, 67, 62),
(69833, 445, '2015-09-18 10:50:00', 3, 67, 62),
(69834, 445, '2015-09-25 10:50:00', 3, 67, 62),
(69835, 443, '2015-09-28 07:30:00', 1, 67, 69),
(69836, 443, '2015-10-05 07:30:00', 1, 67, 69),
(69837, 443, '2015-10-12 07:30:00', 1, 67, 69),
(69838, 443, '2015-09-28 09:10:00', 2, 67, 69),
(69839, 443, '2015-10-05 09:10:00', 2, 67, 69),
(69840, 443, '2015-10-12 09:10:00', 2, 67, 69),
(69841, 445, '2015-09-28 10:50:00', 3, 67, 62),
(69842, 445, '2015-10-05 10:50:00', 3, 67, 62),
(69843, 445, '2015-10-12 10:50:00', 3, 67, 62),
(69844, 441, '2015-09-29 07:30:00', 1, 67, 53),
(69845, 441, '2015-10-06 07:30:00', 1, 67, 53),
(69846, 441, '2015-10-13 07:30:00', 1, 67, 53),
(69847, 441, '2015-09-29 09:10:00', 2, 67, 53),
(69848, 441, '2015-10-06 09:10:00', 2, 67, 53),
(69849, 441, '2015-10-13 09:10:00', 2, 67, 53),
(69850, 445, '2015-09-29 10:50:00', 3, 67, 62),
(69851, 445, '2015-10-06 10:50:00', 3, 67, 62),
(69852, 445, '2015-10-13 10:50:00', 3, 67, 62),
(69853, 443, '2015-09-30 07:30:00', 1, 67, 69),
(69854, 443, '2015-10-07 07:30:00', 1, 67, 69),
(69855, 443, '2015-10-14 07:30:00', 1, 67, 69),
(69856, 443, '2015-09-30 09:10:00', 2, 67, 69),
(69857, 443, '2015-10-07 09:10:00', 2, 67, 69),
(69858, 443, '2015-10-14 09:10:00', 2, 67, 69),
(69859, 445, '2015-09-30 10:50:00', 3, 67, 62),
(69860, 445, '2015-10-07 10:50:00', 3, 67, 62),
(69861, 445, '2015-10-14 10:50:00', 3, 67, 62),
(69862, 441, '2015-10-01 07:30:00', 1, 67, 53),
(69863, 441, '2015-10-08 07:30:00', 1, 67, 53),
(69864, 441, '2015-10-15 07:30:00', 1, 67, 53),
(69865, 441, '2015-10-01 09:10:00', 2, 67, 53),
(69866, 441, '2015-10-08 09:10:00', 2, 67, 53),
(69867, 441, '2015-10-15 09:10:00', 2, 67, 53),
(69868, 445, '2015-10-01 10:50:00', 3, 67, 62),
(69869, 445, '2015-10-08 10:50:00', 3, 67, 62),
(69870, 445, '2015-10-15 10:50:00', 3, 67, 62),
(69871, 441, '2015-10-02 07:30:00', 1, 67, 53),
(69872, 441, '2015-10-09 07:30:00', 1, 67, 53),
(69873, 441, '2015-10-16 07:30:00', 1, 67, 53),
(69874, 441, '2015-10-02 09:10:00', 2, 67, 53),
(69875, 441, '2015-10-09 09:10:00', 2, 67, 53),
(69876, 441, '2015-10-16 09:10:00', 2, 67, 53),
(69877, 445, '2015-10-02 10:50:00', 3, 67, 62),
(69878, 445, '2015-10-09 10:50:00', 3, 67, 62),
(69879, 445, '2015-10-16 10:50:00', 3, 67, 62),
(69880, 444, '2015-11-09 07:30:00', 1, 67, 51),
(69881, 444, '2015-11-16 07:30:00', 1, 67, 51),
(69882, 444, '2015-11-23 07:30:00', 1, 67, 51),
(69883, 444, '2015-11-09 09:10:00', 2, 67, 51),
(69884, 444, '2015-11-16 09:10:00', 2, 67, 51),
(69885, 444, '2015-11-23 09:10:00', 2, 67, 51),
(69886, 442, '2015-11-10 07:30:00', 1, 67, 53),
(69887, 442, '2015-11-17 07:30:00', 1, 67, 53),
(69888, 442, '2015-11-24 07:30:00', 1, 67, 53),
(69889, 442, '2015-11-10 09:10:00', 2, 67, 53),
(69890, 442, '2015-11-17 09:10:00', 2, 67, 53),
(69891, 442, '2015-11-24 09:10:00', 2, 67, 53),
(69892, 444, '2015-11-11 07:30:00', 1, 67, 51),
(69893, 444, '2015-11-18 07:30:00', 1, 67, 51),
(69894, 444, '2015-11-25 07:30:00', 1, 67, 51),
(69895, 444, '2015-11-11 09:10:00', 2, 67, 51),
(69896, 444, '2015-11-18 09:10:00', 2, 67, 51),
(69897, 444, '2015-11-25 09:10:00', 2, 67, 51),
(69898, 442, '2015-11-12 07:30:00', 1, 67, 53),
(69899, 442, '2015-11-19 07:30:00', 1, 67, 53),
(69900, 442, '2015-11-26 07:30:00', 1, 67, 53),
(69901, 442, '2015-11-12 09:10:00', 2, 67, 53),
(69902, 442, '2015-11-19 09:10:00', 2, 67, 53),
(69903, 442, '2015-11-26 09:10:00', 2, 67, 53),
(69904, 444, '2015-11-13 07:30:00', 1, 67, 51),
(69905, 444, '2015-11-20 07:30:00', 1, 67, 51),
(69906, 444, '2015-11-27 07:30:00', 1, 67, 51),
(69907, 444, '2015-11-13 09:10:00', 2, 67, 51),
(69908, 444, '2015-11-20 09:10:00', 2, 67, 51),
(69909, 444, '2015-11-27 09:10:00', 2, 67, 51),
(69910, 444, '2015-11-30 07:30:00', 1, 67, 51),
(69911, 444, '2015-12-07 07:30:00', 1, 67, 51),
(69912, 444, '2015-12-14 07:30:00', 1, 67, 51),
(69913, 444, '2015-11-30 09:10:00', 2, 67, 51),
(69914, 444, '2015-12-07 09:10:00', 2, 67, 51),
(69915, 444, '2015-12-14 09:10:00', 2, 67, 51),
(69916, 442, '2015-12-01 07:30:00', 1, 67, 53),
(69917, 442, '2015-12-08 07:30:00', 1, 67, 53),
(69918, 442, '2015-12-15 07:30:00', 1, 67, 53),
(69919, 442, '2015-12-01 09:10:00', 2, 67, 53),
(69920, 442, '2015-12-08 09:10:00', 2, 67, 53),
(69921, 442, '2015-12-15 09:10:00', 2, 67, 53),
(69922, 444, '2015-12-02 07:30:00', 1, 67, 51),
(69923, 444, '2015-12-09 07:30:00', 1, 67, 51),
(69924, 444, '2015-12-16 07:30:00', 1, 67, 51),
(69925, 444, '2015-12-02 09:10:00', 2, 67, 51),
(69926, 444, '2015-12-09 09:10:00', 2, 67, 51),
(69927, 444, '2015-12-16 09:10:00', 2, 67, 51),
(69928, 442, '2015-12-03 07:30:00', 1, 67, 53),
(69929, 442, '2015-12-10 07:30:00', 1, 67, 53),
(69930, 442, '2015-12-17 07:30:00', 1, 67, 53),
(69931, 442, '2015-12-03 09:10:00', 2, 67, 53),
(69932, 442, '2015-12-10 09:10:00', 2, 67, 53),
(69933, 442, '2015-12-17 09:10:00', 2, 67, 53),
(69934, 442, '2015-12-04 07:30:00', 1, 67, 53),
(69935, 442, '2015-12-11 07:30:00', 1, 67, 53),
(69936, 442, '2015-12-18 07:30:00', 1, 67, 53),
(69937, 442, '2015-12-04 09:10:00', 2, 67, 53),
(69938, 442, '2015-12-11 09:10:00', 2, 67, 53),
(69939, 442, '2015-12-18 09:10:00', 2, 67, 53),
(69940, 446, '2015-09-07 12:50:00', 4, 71, 55),
(69941, 446, '2015-09-14 12:50:00', 4, 71, 55),
(69942, 446, '2015-09-21 12:50:00', 4, 71, 55),
(69943, 446, '2015-09-07 14:30:00', 5, 71, 55),
(69944, 446, '2015-09-14 14:30:00', 5, 71, 55),
(69945, 446, '2015-09-21 14:30:00', 5, 71, 55),
(69946, 448, '2015-09-08 12:50:00', 4, 71, 50),
(69947, 448, '2015-09-15 12:50:00', 4, 71, 50),
(69948, 448, '2015-09-22 12:50:00', 4, 71, 50),
(69949, 448, '2015-09-08 14:30:00', 5, 71, 50),
(69950, 448, '2015-09-15 14:30:00', 5, 71, 50),
(69951, 448, '2015-09-22 14:30:00', 5, 71, 50),
(69952, 446, '2015-09-09 12:50:00', 4, 71, 55),
(69953, 446, '2015-09-16 12:50:00', 4, 71, 55),
(69954, 446, '2015-09-23 12:50:00', 4, 71, 55),
(69955, 446, '2015-09-09 14:30:00', 5, 71, 55),
(69956, 446, '2015-09-16 14:30:00', 5, 71, 55),
(69957, 446, '2015-09-23 14:30:00', 5, 71, 55),
(69958, 448, '2015-09-10 12:50:00', 4, 71, 50),
(69959, 448, '2015-09-17 12:50:00', 4, 71, 50),
(69960, 448, '2015-09-24 12:50:00', 4, 71, 50),
(69961, 448, '2015-09-10 14:30:00', 5, 71, 50),
(69962, 448, '2015-09-17 14:30:00', 5, 71, 50),
(69963, 448, '2015-09-24 14:30:00', 5, 71, 50),
(69964, 446, '2015-09-11 12:50:00', 4, 71, 55),
(69965, 446, '2015-09-18 12:50:00', 4, 71, 55),
(69966, 446, '2015-09-25 12:50:00', 4, 71, 55),
(69967, 446, '2015-09-11 14:30:00', 5, 71, 55),
(69968, 446, '2015-09-18 14:30:00', 5, 71, 55),
(69969, 446, '2015-09-25 14:30:00', 5, 71, 55),
(69970, 446, '2015-09-28 12:50:00', 4, 71, 55),
(69971, 446, '2015-10-05 12:50:00', 4, 71, 55),
(69972, 446, '2015-10-12 12:50:00', 4, 71, 55),
(69973, 446, '2015-09-28 14:30:00', 5, 71, 55),
(69974, 446, '2015-10-05 14:30:00', 5, 71, 55),
(69975, 446, '2015-10-12 14:30:00', 5, 71, 55),
(69976, 448, '2015-09-29 12:50:00', 4, 71, 50),
(69977, 448, '2015-10-06 12:50:00', 4, 71, 50),
(69978, 448, '2015-10-13 12:50:00', 4, 71, 50),
(69979, 448, '2015-09-29 14:30:00', 5, 71, 50),
(69980, 448, '2015-10-06 14:30:00', 5, 71, 50),
(69981, 448, '2015-10-13 14:30:00', 5, 71, 50),
(69982, 446, '2015-09-30 12:50:00', 4, 71, 55),
(69983, 446, '2015-10-07 12:50:00', 4, 71, 55),
(69984, 446, '2015-10-14 12:50:00', 4, 71, 55),
(69985, 446, '2015-09-30 14:30:00', 5, 71, 55),
(69986, 446, '2015-10-07 14:30:00', 5, 71, 55),
(69987, 446, '2015-10-14 14:30:00', 5, 71, 55),
(69988, 448, '2015-10-01 12:50:00', 4, 71, 50),
(69989, 448, '2015-10-08 12:50:00', 4, 71, 50),
(69990, 448, '2015-10-15 12:50:00', 4, 71, 50),
(69991, 448, '2015-10-01 14:30:00', 5, 71, 50),
(69992, 448, '2015-10-08 14:30:00', 5, 71, 50),
(69993, 448, '2015-10-15 14:30:00', 5, 71, 50),
(69994, 448, '2015-10-02 12:50:00', 4, 71, 50),
(69995, 448, '2015-10-09 12:50:00', 4, 71, 50),
(69996, 448, '2015-10-16 12:50:00', 4, 71, 50),
(69997, 448, '2015-10-02 14:30:00', 5, 71, 50),
(69998, 448, '2015-10-09 14:30:00', 5, 71, 50),
(69999, 448, '2015-10-16 14:30:00', 5, 71, 50),
(70000, 449, '2015-11-09 12:50:00', 4, 71, 51),
(70001, 449, '2015-11-16 12:50:00', 4, 71, 51),
(70002, 449, '2015-11-23 12:50:00', 4, 71, 51),
(70003, 449, '2015-11-09 14:30:00', 5, 71, 51),
(70004, 449, '2015-11-16 14:30:00', 5, 71, 51),
(70005, 449, '2015-11-23 14:30:00', 5, 71, 51),
(70006, 450, '2015-11-09 16:10:00', 6, 71, 42),
(70007, 450, '2015-11-16 16:10:00', 6, 71, 42),
(70008, 450, '2015-11-23 16:10:00', 6, 71, 42),
(70009, 447, '2015-11-10 12:50:00', 4, 71, 53),
(70010, 447, '2015-11-17 12:50:00', 4, 71, 53),
(70011, 447, '2015-11-24 12:50:00', 4, 71, 53),
(70012, 447, '2015-11-10 14:30:00', 5, 71, 53),
(70013, 447, '2015-11-17 14:30:00', 5, 71, 53),
(70014, 447, '2015-11-24 14:30:00', 5, 71, 53),
(70015, 450, '2015-11-10 16:10:00', 6, 71, 42),
(70016, 450, '2015-11-17 16:10:00', 6, 71, 42),
(70017, 450, '2015-11-24 16:10:00', 6, 71, 42),
(70018, 449, '2015-11-11 12:50:00', 4, 71, 51),
(70019, 449, '2015-11-18 12:50:00', 4, 71, 51),
(70020, 449, '2015-11-25 12:50:00', 4, 71, 51),
(70021, 449, '2015-11-11 14:30:00', 5, 71, 51),
(70022, 449, '2015-11-18 14:30:00', 5, 71, 51),
(70023, 449, '2015-11-25 14:30:00', 5, 71, 51),
(70024, 450, '2015-11-11 16:10:00', 6, 71, 42),
(70025, 450, '2015-11-18 16:10:00', 6, 71, 42),
(70026, 450, '2015-11-25 16:10:00', 6, 71, 42),
(70027, 447, '2015-11-12 12:50:00', 4, 71, 53),
(70028, 447, '2015-11-19 12:50:00', 4, 71, 53),
(70029, 447, '2015-11-26 12:50:00', 4, 71, 53),
(70030, 447, '2015-11-12 14:30:00', 5, 71, 53),
(70031, 447, '2015-11-19 14:30:00', 5, 71, 53),
(70032, 447, '2015-11-26 14:30:00', 5, 71, 53),
(70033, 450, '2015-11-12 16:10:00', 6, 71, 42),
(70034, 450, '2015-11-19 16:10:00', 6, 71, 42),
(70035, 450, '2015-11-26 16:10:00', 6, 71, 42),
(70036, 449, '2015-11-13 12:50:00', 4, 71, 51),
(70037, 449, '2015-11-20 12:50:00', 4, 71, 51),
(70038, 449, '2015-11-27 12:50:00', 4, 71, 51),
(70039, 449, '2015-11-13 14:30:00', 5, 71, 51),
(70040, 449, '2015-11-20 14:30:00', 5, 71, 51),
(70041, 449, '2015-11-27 14:30:00', 5, 71, 51),
(70042, 450, '2015-11-13 16:10:00', 6, 71, 42),
(70043, 450, '2015-11-20 16:10:00', 6, 71, 42),
(70044, 450, '2015-11-27 16:10:00', 6, 71, 42),
(70045, 449, '2015-11-30 12:50:00', 4, 71, 51),
(70046, 449, '2015-12-07 12:50:00', 4, 71, 51),
(70047, 449, '2015-12-14 12:50:00', 4, 71, 51),
(70048, 449, '2015-11-30 14:30:00', 5, 71, 51),
(70049, 449, '2015-12-07 14:30:00', 5, 71, 51),
(70050, 449, '2015-12-14 14:30:00', 5, 71, 51),
(70051, 450, '2015-11-30 16:10:00', 6, 71, 42),
(70052, 450, '2015-12-07 16:10:00', 6, 71, 42),
(70053, 450, '2015-12-14 16:10:00', 6, 71, 42),
(70054, 447, '2015-12-01 12:50:00', 4, 71, 53),
(70055, 447, '2015-12-08 12:50:00', 4, 71, 53),
(70056, 447, '2015-12-15 12:50:00', 4, 71, 53),
(70057, 447, '2015-12-01 14:30:00', 5, 71, 53),
(70058, 447, '2015-12-08 14:30:00', 5, 71, 53),
(70059, 447, '2015-12-15 14:30:00', 5, 71, 53),
(70060, 450, '2015-12-01 16:10:00', 6, 71, 42),
(70061, 450, '2015-12-08 16:10:00', 6, 71, 42),
(70062, 450, '2015-12-15 16:10:00', 6, 71, 42),
(70063, 449, '2015-12-02 12:50:00', 4, 71, 51),
(70064, 449, '2015-12-09 12:50:00', 4, 71, 51),
(70065, 449, '2015-12-16 12:50:00', 4, 71, 51),
(70066, 449, '2015-12-02 14:30:00', 5, 71, 51),
(70067, 449, '2015-12-09 14:30:00', 5, 71, 51),
(70068, 449, '2015-12-16 14:30:00', 5, 71, 51),
(70069, 450, '2015-12-02 16:10:00', 6, 71, 42),
(70070, 450, '2015-12-09 16:10:00', 6, 71, 42),
(70071, 450, '2015-12-16 16:10:00', 6, 71, 42),
(70072, 447, '2015-12-03 12:50:00', 4, 71, 53),
(70073, 447, '2015-12-10 12:50:00', 4, 71, 53),
(70074, 447, '2015-12-17 12:50:00', 4, 71, 53),
(70075, 447, '2015-12-03 14:30:00', 5, 71, 53),
(70076, 447, '2015-12-10 14:30:00', 5, 71, 53),
(70077, 447, '2015-12-17 14:30:00', 5, 71, 53),
(70078, 450, '2015-12-03 16:10:00', 6, 71, 42),
(70079, 450, '2015-12-10 16:10:00', 6, 71, 42),
(70080, 450, '2015-12-17 16:10:00', 6, 71, 42),
(70081, 447, '2015-12-04 12:50:00', 4, 71, 53),
(70082, 447, '2015-12-11 12:50:00', 4, 71, 53),
(70083, 447, '2015-12-18 12:50:00', 4, 71, 53),
(70084, 447, '2015-12-04 14:30:00', 5, 71, 53),
(70085, 447, '2015-12-11 14:30:00', 5, 71, 53),
(70086, 447, '2015-12-18 14:30:00', 5, 71, 53),
(70087, 450, '2015-12-04 16:10:00', 6, 71, 42),
(70088, 450, '2015-12-11 16:10:00', 6, 71, 42),
(70089, 450, '2015-12-18 16:10:00', 6, 71, 42),
(70090, 453, '2015-09-07 07:30:00', 1, 71, 55),
(70091, 453, '2015-09-14 07:30:00', 1, 71, 55),
(70092, 453, '2015-09-21 07:30:00', 1, 71, 55),
(70093, 453, '2015-09-07 09:10:00', 2, 71, 55),
(70094, 453, '2015-09-14 09:10:00', 2, 71, 55),
(70095, 453, '2015-09-21 09:10:00', 2, 71, 55),
(70096, 455, '2015-09-07 10:50:00', 3, 71, 57),
(70097, 455, '2015-09-14 10:50:00', 3, 71, 57),
(70098, 455, '2015-09-21 10:50:00', 3, 71, 57),
(70099, 454, '2015-09-08 07:30:00', 1, 71, 56),
(70100, 454, '2015-09-15 07:30:00', 1, 71, 56),
(70101, 454, '2015-09-22 07:30:00', 1, 71, 56),
(70102, 454, '2015-09-08 09:10:00', 2, 71, 56),
(70103, 454, '2015-09-15 09:10:00', 2, 71, 56),
(70104, 454, '2015-09-22 09:10:00', 2, 71, 56),
(70105, 455, '2015-09-08 10:50:00', 3, 71, 57),
(70106, 455, '2015-09-15 10:50:00', 3, 71, 57),
(70107, 455, '2015-09-22 10:50:00', 3, 71, 57),
(70108, 453, '2015-09-09 07:30:00', 1, 71, 55),
(70109, 453, '2015-09-16 07:30:00', 1, 71, 55),
(70110, 453, '2015-09-23 07:30:00', 1, 71, 55),
(70111, 453, '2015-09-09 09:10:00', 2, 71, 55),
(70112, 453, '2015-09-16 09:10:00', 2, 71, 55),
(70113, 453, '2015-09-23 09:10:00', 2, 71, 55),
(70114, 455, '2015-09-09 10:50:00', 3, 71, 57),
(70115, 455, '2015-09-16 10:50:00', 3, 71, 57),
(70116, 455, '2015-09-23 10:50:00', 3, 71, 57),
(70117, 454, '2015-09-10 07:30:00', 1, 71, 56),
(70118, 454, '2015-09-17 07:30:00', 1, 71, 56),
(70119, 454, '2015-09-24 07:30:00', 1, 71, 56),
(70120, 454, '2015-09-10 09:10:00', 2, 71, 56),
(70121, 454, '2015-09-17 09:10:00', 2, 71, 56),
(70122, 454, '2015-09-24 09:10:00', 2, 71, 56),
(70123, 455, '2015-09-10 10:50:00', 3, 71, 57),
(70124, 455, '2015-09-17 10:50:00', 3, 71, 57),
(70125, 455, '2015-09-24 10:50:00', 3, 71, 57),
(70126, 453, '2015-09-11 07:30:00', 1, 71, 55),
(70127, 453, '2015-09-18 07:30:00', 1, 71, 55),
(70128, 453, '2015-09-25 07:30:00', 1, 71, 55),
(70129, 453, '2015-09-11 09:10:00', 2, 71, 55),
(70130, 453, '2015-09-18 09:10:00', 2, 71, 55),
(70131, 453, '2015-09-25 09:10:00', 2, 71, 55),
(70132, 455, '2015-09-11 10:50:00', 3, 71, 57),
(70133, 455, '2015-09-18 10:50:00', 3, 71, 57),
(70134, 455, '2015-09-25 10:50:00', 3, 71, 57),
(70135, 453, '2015-09-28 07:30:00', 1, 71, 55),
(70136, 453, '2015-10-05 07:30:00', 1, 71, 55),
(70137, 453, '2015-10-12 07:30:00', 1, 71, 55),
(70138, 453, '2015-09-28 09:10:00', 2, 71, 55),
(70139, 453, '2015-10-05 09:10:00', 2, 71, 55),
(70140, 453, '2015-10-12 09:10:00', 2, 71, 55),
(70141, 455, '2015-09-28 10:50:00', 3, 71, 57),
(70142, 455, '2015-10-05 10:50:00', 3, 71, 57),
(70143, 455, '2015-10-12 10:50:00', 3, 71, 57),
(70144, 454, '2015-09-29 07:30:00', 1, 71, 56),
(70145, 454, '2015-10-06 07:30:00', 1, 71, 56),
(70146, 454, '2015-10-13 07:30:00', 1, 71, 56),
(70147, 454, '2015-09-29 09:10:00', 2, 71, 56),
(70148, 454, '2015-10-06 09:10:00', 2, 71, 56),
(70149, 454, '2015-10-13 09:10:00', 2, 71, 56),
(70150, 455, '2015-09-29 10:50:00', 3, 71, 57),
(70151, 455, '2015-10-06 10:50:00', 3, 71, 57),
(70152, 455, '2015-10-13 10:50:00', 3, 71, 57),
(70153, 453, '2015-09-30 07:30:00', 1, 71, 55),
(70154, 453, '2015-10-07 07:30:00', 1, 71, 55),
(70155, 453, '2015-10-14 07:30:00', 1, 71, 55),
(70156, 453, '2015-09-30 09:10:00', 2, 71, 55),
(70157, 453, '2015-10-07 09:10:00', 2, 71, 55),
(70158, 453, '2015-10-14 09:10:00', 2, 71, 55),
(70159, 455, '2015-09-30 10:50:00', 3, 71, 57),
(70160, 455, '2015-10-07 10:50:00', 3, 71, 57),
(70161, 455, '2015-10-14 10:50:00', 3, 71, 57),
(70162, 454, '2015-10-01 07:30:00', 1, 71, 56),
(70163, 454, '2015-10-08 07:30:00', 1, 71, 56),
(70164, 454, '2015-10-15 07:30:00', 1, 71, 56),
(70165, 454, '2015-10-01 09:10:00', 2, 71, 56),
(70166, 454, '2015-10-08 09:10:00', 2, 71, 56),
(70167, 454, '2015-10-15 09:10:00', 2, 71, 56),
(70168, 455, '2015-10-01 10:50:00', 3, 71, 57),
(70169, 455, '2015-10-08 10:50:00', 3, 71, 57),
(70170, 455, '2015-10-15 10:50:00', 3, 71, 57),
(70171, 454, '2015-10-02 07:30:00', 1, 71, 56),
(70172, 454, '2015-10-09 07:30:00', 1, 71, 56),
(70173, 454, '2015-10-16 07:30:00', 1, 71, 56),
(70174, 454, '2015-10-02 09:10:00', 2, 71, 56),
(70175, 454, '2015-10-09 09:10:00', 2, 71, 56),
(70176, 454, '2015-10-16 09:10:00', 2, 71, 56),
(70177, 455, '2015-10-02 10:50:00', 3, 71, 57),
(70178, 455, '2015-10-09 10:50:00', 3, 71, 57),
(70179, 455, '2015-10-16 10:50:00', 3, 71, 57),
(70180, 451, '2015-11-09 09:10:00', 2, 71, 54),
(70181, 451, '2015-11-16 09:10:00', 2, 71, 54),
(70182, 451, '2015-11-23 09:10:00', 2, 71, 54),
(70183, 451, '2015-11-09 10:50:00', 3, 71, 54),
(70184, 451, '2015-11-16 10:50:00', 3, 71, 54),
(70185, 451, '2015-11-23 10:50:00', 3, 71, 54),
(70186, 452, '2015-11-10 07:30:00', 1, 71, 54),
(70187, 452, '2015-11-17 07:30:00', 1, 71, 54),
(70188, 452, '2015-11-24 07:30:00', 1, 71, 54),
(70189, 452, '2015-11-10 09:10:00', 2, 71, 54),
(70190, 452, '2015-11-17 09:10:00', 2, 71, 54),
(70191, 452, '2015-11-24 09:10:00', 2, 71, 54),
(70192, 451, '2015-11-11 09:10:00', 2, 71, 54),
(70193, 451, '2015-11-18 09:10:00', 2, 71, 54),
(70194, 451, '2015-11-25 09:10:00', 2, 71, 54),
(70195, 451, '2015-11-11 10:50:00', 3, 71, 54),
(70196, 451, '2015-11-18 10:50:00', 3, 71, 54),
(70197, 451, '2015-11-25 10:50:00', 3, 71, 54),
(70198, 452, '2015-11-12 07:30:00', 1, 71, 54),
(70199, 452, '2015-11-19 07:30:00', 1, 71, 54),
(70200, 452, '2015-11-26 07:30:00', 1, 71, 54),
(70201, 452, '2015-11-12 09:10:00', 2, 71, 54),
(70202, 452, '2015-11-19 09:10:00', 2, 71, 54),
(70203, 452, '2015-11-26 09:10:00', 2, 71, 54),
(70204, 451, '2015-11-13 09:10:00', 2, 71, 54),
(70205, 451, '2015-11-20 09:10:00', 2, 71, 54),
(70206, 451, '2015-11-27 09:10:00', 2, 71, 54),
(70207, 451, '2015-11-13 10:50:00', 3, 71, 54),
(70208, 451, '2015-11-20 10:50:00', 3, 71, 54),
(70209, 451, '2015-11-27 10:50:00', 3, 71, 54),
(70210, 451, '2015-11-30 09:10:00', 2, 71, 54),
(70211, 451, '2015-12-07 09:10:00', 2, 71, 54),
(70212, 451, '2015-12-14 09:10:00', 2, 71, 54),
(70213, 451, '2015-11-30 10:50:00', 3, 71, 54),
(70214, 451, '2015-12-07 10:50:00', 3, 71, 54),
(70215, 451, '2015-12-14 10:50:00', 3, 71, 54),
(70216, 452, '2015-12-01 07:30:00', 1, 71, 54),
(70217, 452, '2015-12-08 07:30:00', 1, 71, 54),
(70218, 452, '2015-12-15 07:30:00', 1, 71, 54),
(70219, 452, '2015-12-01 09:10:00', 2, 71, 54),
(70220, 452, '2015-12-08 09:10:00', 2, 71, 54),
(70221, 452, '2015-12-15 09:10:00', 2, 71, 54),
(70222, 451, '2015-12-02 09:10:00', 2, 71, 54),
(70223, 451, '2015-12-09 09:10:00', 2, 71, 54),
(70224, 451, '2015-12-16 09:10:00', 2, 71, 54),
(70225, 451, '2015-12-02 10:50:00', 3, 71, 54),
(70226, 451, '2015-12-09 10:50:00', 3, 71, 54),
(70227, 451, '2015-12-16 10:50:00', 3, 71, 54),
(70228, 452, '2015-12-03 07:30:00', 1, 71, 54),
(70229, 452, '2015-12-10 07:30:00', 1, 71, 54),
(70230, 452, '2015-12-17 07:30:00', 1, 71, 54),
(70231, 452, '2015-12-03 09:10:00', 2, 71, 54),
(70232, 452, '2015-12-10 09:10:00', 2, 71, 54),
(70233, 452, '2015-12-17 09:10:00', 2, 71, 54),
(70234, 452, '2015-12-04 07:30:00', 1, 71, 54),
(70235, 452, '2015-12-11 07:30:00', 1, 71, 54),
(70236, 452, '2015-12-18 07:30:00', 1, 71, 54),
(70237, 452, '2015-12-04 09:10:00', 2, 71, 54),
(70238, 452, '2015-12-11 09:10:00', 2, 71, 54),
(70239, 452, '2015-12-18 09:10:00', 2, 71, 54),
(70240, 376, '2015-09-07 14:30:00', 5, 57, 59),
(70241, 376, '2015-09-14 14:30:00', 5, 57, 59),
(70242, 376, '2015-09-21 14:30:00', 5, 57, 59),
(70243, 376, '2015-09-07 16:10:00', 6, 57, 59),
(70244, 376, '2015-09-14 16:10:00', 6, 57, 59),
(70245, 376, '2015-09-21 16:10:00', 6, 57, 59),
(70246, 376, '2015-09-09 14:30:00', 5, 57, 59),
(70247, 376, '2015-09-16 14:30:00', 5, 57, 59),
(70248, 376, '2015-09-23 14:30:00', 5, 57, 59),
(70249, 376, '2015-09-09 16:10:00', 6, 57, 59),
(70250, 376, '2015-09-16 16:10:00', 6, 57, 59),
(70251, 376, '2015-09-23 16:10:00', 6, 57, 59),
(70252, 376, '2015-09-11 14:30:00', 5, 57, 59),
(70253, 376, '2015-09-18 14:30:00', 5, 57, 59),
(70254, 376, '2015-09-25 14:30:00', 5, 57, 59),
(70255, 376, '2015-09-11 16:10:00', 6, 57, 59),
(70256, 376, '2015-09-18 16:10:00', 6, 57, 59),
(70257, 376, '2015-09-25 16:10:00', 6, 57, 59),
(70258, 376, '2015-09-28 14:30:00', 5, 57, 59),
(70259, 376, '2015-10-05 14:30:00', 5, 57, 59),
(70260, 376, '2015-10-12 14:30:00', 5, 57, 59),
(70261, 376, '2015-09-28 16:10:00', 6, 57, 59),
(70262, 376, '2015-10-05 16:10:00', 6, 57, 59),
(70263, 376, '2015-10-12 16:10:00', 6, 57, 59),
(70264, 376, '2015-09-30 14:30:00', 5, 57, 59),
(70265, 376, '2015-10-07 14:30:00', 5, 57, 59),
(70266, 376, '2015-10-14 14:30:00', 5, 57, 59),
(70267, 376, '2015-09-30 16:10:00', 6, 57, 59),
(70268, 376, '2015-10-07 16:10:00', 6, 57, 59),
(70269, 376, '2015-10-14 16:10:00', 6, 57, 59),
(70270, 377, '2015-09-08 14:30:00', 5, 57, 41),
(70271, 377, '2015-09-15 14:30:00', 5, 57, 41),
(70272, 377, '2015-09-22 14:30:00', 5, 57, 41),
(70273, 377, '2015-09-08 16:10:00', 6, 57, 41),
(70274, 377, '2015-09-15 16:10:00', 6, 57, 41),
(70275, 377, '2015-09-22 16:10:00', 6, 57, 41),
(70276, 377, '2015-09-10 14:30:00', 5, 57, 41),
(70277, 377, '2015-09-17 14:30:00', 5, 57, 41),
(70278, 377, '2015-09-24 14:30:00', 5, 57, 41),
(70279, 377, '2015-09-10 16:10:00', 6, 57, 41),
(70280, 377, '2015-09-17 16:10:00', 6, 57, 41),
(70281, 377, '2015-09-24 16:10:00', 6, 57, 41),
(70282, 377, '2015-09-29 14:30:00', 5, 57, 41),
(70283, 377, '2015-10-06 14:30:00', 5, 57, 41),
(70284, 377, '2015-10-13 14:30:00', 5, 57, 41),
(70285, 377, '2015-09-29 16:10:00', 6, 57, 41),
(70286, 377, '2015-10-06 16:10:00', 6, 57, 41),
(70287, 377, '2015-10-13 16:10:00', 6, 57, 41),
(70288, 377, '2015-10-01 14:30:00', 5, 57, 41),
(70289, 377, '2015-10-08 14:30:00', 5, 57, 41),
(70290, 377, '2015-10-15 14:30:00', 5, 57, 41),
(70291, 377, '2015-10-01 16:10:00', 6, 57, 41),
(70292, 377, '2015-10-08 16:10:00', 6, 57, 41),
(70293, 377, '2015-10-15 16:10:00', 6, 57, 41),
(70294, 377, '2015-10-02 14:30:00', 5, 57, 41),
(70295, 377, '2015-10-09 14:30:00', 5, 57, 41),
(70296, 377, '2015-10-16 14:30:00', 5, 57, 41),
(70297, 377, '2015-10-02 16:10:00', 6, 57, 41),
(70298, 377, '2015-10-09 16:10:00', 6, 57, 41),
(70299, 377, '2015-10-16 16:10:00', 6, 57, 41),
(70300, 397, '2015-11-10 12:50:00', 4, 60, 60),
(70301, 397, '2015-11-17 12:50:00', 4, 60, 60),
(70302, 397, '2015-11-24 12:50:00', 4, 60, 60),
(70303, 397, '2015-11-10 14:30:00', 5, 60, 60),
(70304, 397, '2015-11-17 14:30:00', 5, 60, 60),
(70305, 397, '2015-11-24 14:30:00', 5, 60, 60),
(70306, 397, '2015-11-12 12:50:00', 4, 60, 60),
(70307, 397, '2015-11-19 12:50:00', 4, 60, 60),
(70308, 397, '2015-11-26 12:50:00', 4, 60, 60),
(70309, 397, '2015-11-12 14:30:00', 5, 60, 60),
(70310, 397, '2015-11-19 14:30:00', 5, 60, 60),
(70311, 397, '2015-11-26 14:30:00', 5, 60, 60),
(70312, 397, '2015-12-01 12:50:00', 4, 60, 60),
(70313, 397, '2015-12-08 12:50:00', 4, 60, 60),
(70314, 397, '2015-12-15 12:50:00', 4, 60, 60),
(70315, 397, '2015-12-01 14:30:00', 5, 60, 60),
(70316, 397, '2015-12-08 14:30:00', 5, 60, 60),
(70317, 397, '2015-12-15 14:30:00', 5, 60, 60),
(70318, 397, '2015-12-03 12:50:00', 4, 60, 60),
(70319, 397, '2015-12-10 12:50:00', 4, 60, 60),
(70320, 397, '2015-12-17 12:50:00', 4, 60, 60),
(70321, 397, '2015-12-03 14:30:00', 5, 60, 60),
(70322, 397, '2015-12-10 14:30:00', 5, 60, 60),
(70323, 397, '2015-12-17 14:30:00', 5, 60, 60),
(70324, 397, '2015-12-04 12:50:00', 4, 60, 60),
(70325, 397, '2015-12-11 12:50:00', 4, 60, 60),
(70326, 397, '2015-12-18 12:50:00', 4, 60, 60),
(70327, 397, '2015-12-04 14:30:00', 5, 60, 60),
(70328, 397, '2015-12-11 14:30:00', 5, 60, 60),
(70329, 397, '2015-12-18 14:30:00', 5, 60, 60),
(70330, 398, '2015-09-08 09:10:00', 2, 65, 43),
(70331, 398, '2015-09-15 09:10:00', 2, 65, 43),
(70332, 398, '2015-09-22 09:10:00', 2, 65, 43),
(70333, 398, '2015-09-08 10:50:00', 3, 65, 43),
(70334, 398, '2015-09-15 10:50:00', 3, 65, 43),
(70335, 398, '2015-09-22 10:50:00', 3, 65, 43),
(70336, 398, '2015-09-10 09:10:00', 2, 65, 43),
(70337, 398, '2015-09-17 09:10:00', 2, 65, 43),
(70338, 398, '2015-09-24 09:10:00', 2, 65, 43),
(70339, 398, '2015-09-10 10:50:00', 3, 65, 43),
(70340, 398, '2015-09-17 10:50:00', 3, 65, 43),
(70341, 398, '2015-09-24 10:50:00', 3, 65, 43),
(70342, 398, '2015-09-29 09:10:00', 2, 65, 43),
(70343, 398, '2015-10-06 09:10:00', 2, 65, 43),
(70344, 398, '2015-10-13 09:10:00', 2, 65, 43),
(70345, 398, '2015-09-29 10:50:00', 3, 65, 43),
(70346, 398, '2015-10-06 10:50:00', 3, 65, 43),
(70347, 398, '2015-10-13 10:50:00', 3, 65, 43),
(70348, 398, '2015-10-01 09:10:00', 2, 65, 43),
(70349, 398, '2015-10-08 09:10:00', 2, 65, 43),
(70350, 398, '2015-10-15 09:10:00', 2, 65, 43),
(70351, 398, '2015-10-01 10:50:00', 3, 65, 43),
(70352, 398, '2015-10-08 10:50:00', 3, 65, 43),
(70353, 398, '2015-10-15 10:50:00', 3, 65, 43),
(70354, 398, '2015-10-02 09:10:00', 2, 65, 43),
(70355, 398, '2015-10-09 09:10:00', 2, 65, 43),
(70356, 398, '2015-10-16 09:10:00', 2, 65, 43),
(70357, 398, '2015-10-02 10:50:00', 3, 65, 43),
(70358, 398, '2015-10-09 10:50:00', 3, 65, 43),
(70359, 398, '2015-10-16 10:50:00', 3, 65, 43),
(70360, 399, '2015-09-08 12:50:00', 4, 60, 62),
(70361, 399, '2015-09-15 12:50:00', 4, 60, 62),
(70362, 399, '2015-09-22 12:50:00', 4, 60, 62),
(70363, 399, '2015-09-08 14:30:00', 5, 60, 62),
(70364, 399, '2015-09-15 14:30:00', 5, 60, 62),
(70365, 399, '2015-09-22 14:30:00', 5, 60, 62),
(70366, 399, '2015-09-10 12:50:00', 4, 60, 62),
(70367, 399, '2015-09-17 12:50:00', 4, 60, 62),
(70368, 399, '2015-09-24 12:50:00', 4, 60, 62),
(70369, 399, '2015-09-10 14:30:00', 5, 60, 62),
(70370, 399, '2015-09-17 14:30:00', 5, 60, 62),
(70371, 399, '2015-09-24 14:30:00', 5, 60, 62),
(70372, 399, '2015-09-29 12:50:00', 4, 60, 62),
(70373, 399, '2015-10-06 12:50:00', 4, 60, 62),
(70374, 399, '2015-10-13 12:50:00', 4, 60, 62),
(70375, 399, '2015-09-29 14:30:00', 5, 60, 62),
(70376, 399, '2015-10-06 14:30:00', 5, 60, 62),
(70377, 399, '2015-10-13 14:30:00', 5, 60, 62),
(70378, 399, '2015-10-01 12:50:00', 4, 60, 62),
(70379, 399, '2015-10-08 12:50:00', 4, 60, 62),
(70380, 399, '2015-10-15 12:50:00', 4, 60, 62),
(70381, 399, '2015-10-01 14:30:00', 5, 60, 62),
(70382, 399, '2015-10-08 14:30:00', 5, 60, 62),
(70383, 399, '2015-10-15 14:30:00', 5, 60, 62),
(70384, 399, '2015-10-02 12:50:00', 4, 60, 62),
(70385, 399, '2015-10-09 12:50:00', 4, 60, 62),
(70386, 399, '2015-10-16 12:50:00', 4, 60, 62),
(70387, 399, '2015-10-02 14:30:00', 5, 60, 62),
(70388, 399, '2015-10-09 14:30:00', 5, 60, 62),
(70389, 399, '2015-10-16 14:30:00', 5, 60, 62),
(70390, 380, '2015-09-07 12:50:00', 4, 97, NULL),
(70391, 380, '2015-09-14 12:50:00', 4, 97, NULL),
(70392, 380, '2015-09-21 12:50:00', 4, 97, NULL),
(70393, 380, '2015-09-08 12:50:00', 4, 97, NULL),
(70394, 380, '2015-09-15 12:50:00', 4, 97, NULL),
(70395, 380, '2015-09-22 12:50:00', 4, 97, NULL),
(70396, 380, '2015-09-09 12:50:00', 4, 97, NULL),
(70397, 380, '2015-09-16 12:50:00', 4, 97, NULL),
(70398, 380, '2015-09-23 12:50:00', 4, 97, NULL),
(70399, 380, '2015-09-10 12:50:00', 4, 97, NULL),
(70400, 380, '2015-09-17 12:50:00', 4, 97, NULL),
(70401, 380, '2015-09-24 12:50:00', 4, 97, NULL),
(70402, 380, '2015-09-11 12:50:00', 4, 97, NULL),
(70403, 380, '2015-09-18 12:50:00', 4, 97, NULL),
(70404, 380, '2015-09-25 12:50:00', 4, 97, NULL),
(70405, 380, '2015-09-28 12:50:00', 4, 97, NULL),
(70406, 380, '2015-10-05 12:50:00', 4, 97, NULL),
(70407, 380, '2015-10-12 12:50:00', 4, 97, NULL),
(70408, 380, '2015-09-29 12:50:00', 4, 97, NULL),
(70409, 380, '2015-10-06 12:50:00', 4, 97, NULL),
(70410, 380, '2015-10-13 12:50:00', 4, 97, NULL),
(70411, 380, '2015-09-30 12:50:00', 4, 97, NULL),
(70412, 380, '2015-10-07 12:50:00', 4, 97, NULL),
(70413, 380, '2015-10-14 12:50:00', 4, 97, NULL),
(70414, 380, '2015-10-01 12:50:00', 4, 97, NULL),
(70415, 380, '2015-10-08 12:50:00', 4, 97, NULL),
(70416, 380, '2015-10-15 12:50:00', 4, 97, NULL),
(70417, 380, '2015-10-02 12:50:00', 4, 97, NULL),
(70418, 380, '2015-10-09 12:50:00', 4, 97, NULL),
(70419, 380, '2015-10-16 12:50:00', 4, 97, NULL),
(70420, 400, '2015-09-07 16:10:00', 6, NULL, 46),
(70421, 400, '2015-09-14 16:10:00', 6, NULL, 46),
(70422, 400, '2015-09-21 16:10:00', 6, NULL, 46),
(70423, 400, '2015-09-08 16:10:00', 6, NULL, 46),
(70424, 400, '2015-09-15 16:10:00', 6, NULL, 46),
(70425, 400, '2015-09-22 16:10:00', 6, NULL, 46),
(70426, 400, '2015-09-09 16:10:00', 6, NULL, 46),
(70427, 400, '2015-09-16 16:10:00', 6, NULL, 46),
(70428, 400, '2015-09-23 16:10:00', 6, NULL, 46),
(70429, 400, '2015-09-10 16:10:00', 6, NULL, 46),
(70430, 400, '2015-09-17 16:10:00', 6, NULL, 46),
(70431, 400, '2015-09-24 16:10:00', 6, NULL, 46),
(70432, 400, '2015-09-11 16:10:00', 6, NULL, 46),
(70433, 400, '2015-09-18 16:10:00', 6, NULL, 46),
(70434, 400, '2015-09-25 16:10:00', 6, NULL, 46),
(70435, 400, '2015-09-28 16:10:00', 6, NULL, 46),
(70436, 400, '2015-10-05 16:10:00', 6, NULL, 46),
(70437, 400, '2015-10-12 16:10:00', 6, NULL, 46),
(70438, 400, '2015-09-29 16:10:00', 6, NULL, 46),
(70439, 400, '2015-10-06 16:10:00', 6, NULL, 46),
(70440, 400, '2015-10-13 16:10:00', 6, NULL, 46),
(70441, 400, '2015-09-30 16:10:00', 6, NULL, 46),
(70442, 400, '2015-10-07 16:10:00', 6, NULL, 46),
(70443, 400, '2015-10-14 16:10:00', 6, NULL, 46),
(70444, 400, '2015-10-01 16:10:00', 6, NULL, 46),
(70445, 400, '2015-10-08 16:10:00', 6, NULL, 46),
(70446, 400, '2015-10-15 16:10:00', 6, NULL, 46),
(70447, 400, '2015-10-02 16:10:00', 6, NULL, 46),
(70448, 400, '2015-10-09 16:10:00', 6, NULL, 46),
(70449, 400, '2015-10-16 16:10:00', 6, NULL, 46),
(70450, 379, '2015-11-09 12:50:00', 4, 57, 65),
(70451, 379, '2015-11-16 12:50:00', 4, 57, 65),
(70452, 379, '2015-11-23 12:50:00', 4, 57, 65),
(70453, 379, '2015-11-09 14:30:00', 5, 57, 65),
(70454, 379, '2015-11-16 14:30:00', 5, 57, 65),
(70455, 379, '2015-11-23 14:30:00', 5, 57, 65),
(70456, 379, '2015-11-11 12:50:00', 4, 57, 65),
(70457, 379, '2015-11-18 12:50:00', 4, 57, 65),
(70458, 379, '2015-11-25 12:50:00', 4, 57, 65),
(70459, 379, '2015-11-11 14:30:00', 5, 57, 65),
(70460, 379, '2015-11-18 14:30:00', 5, 57, 65),
(70461, 379, '2015-11-25 14:30:00', 5, 57, 65),
(70462, 379, '2015-11-13 12:50:00', 4, 57, 65),
(70463, 379, '2015-11-20 12:50:00', 4, 57, 65),
(70464, 379, '2015-11-27 12:50:00', 4, 57, 65),
(70465, 379, '2015-11-13 14:30:00', 5, 57, 65),
(70466, 379, '2015-11-20 14:30:00', 5, 57, 65),
(70467, 379, '2015-11-27 14:30:00', 5, 57, 65),
(70468, 379, '2015-11-30 12:50:00', 4, 57, 65),
(70469, 379, '2015-12-07 12:50:00', 4, 57, 65),
(70470, 379, '2015-12-14 12:50:00', 4, 57, 65),
(70471, 379, '2015-11-30 14:30:00', 5, 57, 65),
(70472, 379, '2015-12-07 14:30:00', 5, 57, 65),
(70473, 379, '2015-12-14 14:30:00', 5, 57, 65),
(70474, 379, '2015-12-02 12:50:00', 4, 57, 65),
(70475, 379, '2015-12-09 12:50:00', 4, 57, 65),
(70476, 379, '2015-12-16 12:50:00', 4, 57, 65),
(70477, 379, '2015-12-02 14:30:00', 5, 57, 65),
(70478, 379, '2015-12-09 14:30:00', 5, 57, 65),
(70479, 379, '2015-12-16 14:30:00', 5, 57, 65),
(70480, 378, '2015-11-10 14:30:00', 5, 57, 59),
(70481, 378, '2015-11-17 14:30:00', 5, 57, 59),
(70482, 378, '2015-11-24 14:30:00', 5, 57, 59),
(70483, 378, '2015-11-10 16:10:00', 6, 57, 59),
(70484, 378, '2015-11-17 16:10:00', 6, 57, 59),
(70485, 378, '2015-11-24 16:10:00', 6, 57, 59),
(70486, 378, '2015-11-12 14:30:00', 5, 57, 59),
(70487, 378, '2015-11-19 14:30:00', 5, 57, 59),
(70488, 378, '2015-11-26 14:30:00', 5, 57, 59),
(70489, 378, '2015-11-12 16:10:00', 6, 57, 59),
(70490, 378, '2015-11-19 16:10:00', 6, 57, 59),
(70491, 378, '2015-11-26 16:10:00', 6, 57, 59),
(70492, 378, '2015-12-01 14:30:00', 5, 57, 59),
(70493, 378, '2015-12-08 14:30:00', 5, 57, 59),
(70494, 378, '2015-12-15 14:30:00', 5, 57, 59),
(70495, 378, '2015-12-01 16:10:00', 6, 57, 59),
(70496, 378, '2015-12-08 16:10:00', 6, 57, 59),
(70497, 378, '2015-12-15 16:10:00', 6, 57, 59),
(70498, 378, '2015-12-03 14:30:00', 5, 57, 59),
(70499, 378, '2015-12-10 14:30:00', 5, 57, 59),
(70500, 378, '2015-12-17 14:30:00', 5, 57, 59),
(70501, 378, '2015-12-03 16:10:00', 6, 57, 59),
(70502, 378, '2015-12-10 16:10:00', 6, 57, 59),
(70503, 378, '2015-12-17 16:10:00', 6, 57, 59),
(70504, 378, '2015-12-04 14:30:00', 5, 57, 59),
(70505, 378, '2015-12-11 14:30:00', 5, 57, 59),
(70506, 378, '2015-12-18 14:30:00', 5, 57, 59),
(70507, 378, '2015-12-04 16:10:00', 6, 57, 59),
(70508, 378, '2015-12-11 16:10:00', 6, 57, 59),
(70509, 378, '2015-12-18 16:10:00', 6, 57, 59);

--
-- Indexes for dumped tables
--

--
-- Indexes for table `buildings`
--
ALTER TABLE `buildings`
 ADD PRIMARY KEY (`building_id`);

--
-- Indexes for table `classes`
--
ALTER TABLE `classes`
 ADD PRIMARY KEY (`class_id`), ADD UNIQUE KEY `code` (`code`), ADD KEY `specialized_id` (`specialized_id`), ADD KEY `course_id` (`course_id`), ADD KEY `detail_specialized_id` (`detail_specialized_id`);

--
-- Indexes for table `class_course_semester`
--
ALTER TABLE `class_course_semester`
 ADD PRIMARY KEY (`class_course_semester_id`), ADD UNIQUE KEY `class_course_semester_idx` (`class_semester_id`,`course_semester_id`), ADD KEY `class_semester_id` (`class_semester_id`), ADD KEY `course_semester_id` (`course_semester_id`);

--
-- Indexes for table `class_course_semester_merge`
--
ALTER TABLE `class_course_semester_merge`
 ADD PRIMARY KEY (`class_course_semester_merge_id`), ADD KEY `class_course_semester_id_1` (`class_course_semester_id_1`), ADD KEY `class_course_semester_id_2` (`class_course_semester_id_2`);

--
-- Indexes for table `class_course_student_semester`
--
ALTER TABLE `class_course_student_semester`
 ADD PRIMARY KEY (`class_course_student_semester_id`), ADD UNIQUE KEY `class_course_student_semester_idx` (`class_course_semester_id`,`student_id`), ADD KEY `class_course_semester_id` (`class_course_semester_id`), ADD KEY `student_id` (`student_id`);

--
-- Indexes for table `class_semester`
--
ALTER TABLE `class_semester`
 ADD PRIMARY KEY (`class_semester_id`), ADD UNIQUE KEY `class_id` (`class_id`,`semester_id`), ADD KEY `semester_id` (`semester_id`);

--
-- Indexes for table `courses`
--
ALTER TABLE `courses`
 ADD PRIMARY KEY (`course_id`), ADD UNIQUE KEY `code` (`code`), ADD KEY `department_id` (`department_id`);

--
-- Indexes for table `course_semester`
--
ALTER TABLE `course_semester`
 ADD PRIMARY KEY (`course_semester_id`), ADD UNIQUE KEY `my_idx` (`course_id`,`semester_id`), ADD KEY `course_condition_id` (`course_condition_id`), ADD KEY `course_id` (`course_id`), ADD KEY `semester_id` (`semester_id`);

--
-- Indexes for table `department`
--
ALTER TABLE `department`
 ADD PRIMARY KEY (`department_id`), ADD UNIQUE KEY `code` (`code`);

--
-- Indexes for table `program_semester`
--
ALTER TABLE `program_semester`
 ADD PRIMARY KEY (`program_semester_id`), ADD UNIQUE KEY `semester_id_2` (`semester_id`,`current_semester`,`specialized_id`,`detail_specialized_id`), ADD KEY `semester_id` (`semester_id`), ADD KEY `specialized_id` (`specialized_id`), ADD KEY `detail_specialized_id` (`detail_specialized_id`);

--
-- Indexes for table `program_semester_detail`
--
ALTER TABLE `program_semester_detail`
 ADD PRIMARY KEY (`program_semester_detail_id`), ADD UNIQUE KEY `program_semester_id_2` (`program_semester_id`,`course_semester_id`), ADD KEY `program_semester_id` (`program_semester_id`), ADD KEY `course_semester_id` (`course_semester_id`);

--
-- Indexes for table `rooms`
--
ALTER TABLE `rooms`
 ADD PRIMARY KEY (`room_id`), ADD UNIQUE KEY `code` (`code`), ADD KEY `building_id` (`building_id`);

--
-- Indexes for table `semesters`
--
ALTER TABLE `semesters`
 ADD PRIMARY KEY (`semester_id`), ADD UNIQUE KEY `code` (`code`);

--
-- Indexes for table `specialized`
--
ALTER TABLE `specialized`
 ADD PRIMARY KEY (`specialized_id`), ADD UNIQUE KEY `code` (`code`);

--
-- Indexes for table `staff`
--
ALTER TABLE `staff`
 ADD PRIMARY KEY (`staff_id`), ADD UNIQUE KEY `account` (`account`,`email`);

--
-- Indexes for table `students`
--
ALTER TABLE `students`
 ADD PRIMARY KEY (`student_id`), ADD UNIQUE KEY `account` (`account`,`email`,`student_code`), ADD KEY `class_semester_id` (`class_semester_id`), ADD KEY `specialized_id` (`specialized_id`), ADD KEY `detail_specialized_id` (`detail_specialized_id`);

--
-- Indexes for table `teachers`
--
ALTER TABLE `teachers`
 ADD PRIMARY KEY (`teacher_id`), ADD UNIQUE KEY `account` (`account`), ADD UNIQUE KEY `email` (`email`);

--
-- Indexes for table `teacher_course_semester`
--
ALTER TABLE `teacher_course_semester`
 ADD PRIMARY KEY (`teacher_course_semester_id`), ADD KEY `course_semester_id` (`course_semester_id`), ADD KEY `teacher_semester_id` (`teacher_semester_id`);

--
-- Indexes for table `teacher_semester`
--
ALTER TABLE `teacher_semester`
 ADD PRIMARY KEY (`teacher_semester_id`), ADD UNIQUE KEY `teacher_id` (`teacher_id`,`semester_id`), ADD KEY `semester_id` (`semester_id`);

--
-- Indexes for table `time_table`
--
ALTER TABLE `time_table`
 ADD PRIMARY KEY (`time_table_id`), ADD UNIQUE KEY `date` (`date`,`slot`,`class_course_semester_id`), ADD KEY `class_course_semester_id` (`class_course_semester_id`), ADD KEY `room_id` (`room_id`), ADD KEY `teacher_id` (`teacher_semester_id`);

--
-- AUTO_INCREMENT for dumped tables
--

--
-- AUTO_INCREMENT for table `buildings`
--
ALTER TABLE `buildings`
MODIFY `building_id` int(11) NOT NULL AUTO_INCREMENT,AUTO_INCREMENT=5;
--
-- AUTO_INCREMENT for table `classes`
--
ALTER TABLE `classes`
MODIFY `class_id` int(11) NOT NULL AUTO_INCREMENT,AUTO_INCREMENT=111;
--
-- AUTO_INCREMENT for table `class_course_semester`
--
ALTER TABLE `class_course_semester`
MODIFY `class_course_semester_id` int(11) NOT NULL AUTO_INCREMENT,AUTO_INCREMENT=456;
--
-- AUTO_INCREMENT for table `class_course_semester_merge`
--
ALTER TABLE `class_course_semester_merge`
MODIFY `class_course_semester_merge_id` int(11) NOT NULL AUTO_INCREMENT,AUTO_INCREMENT=198;
--
-- AUTO_INCREMENT for table `class_course_student_semester`
--
ALTER TABLE `class_course_student_semester`
MODIFY `class_course_student_semester_id` int(11) NOT NULL AUTO_INCREMENT,AUTO_INCREMENT=25231;
--
-- AUTO_INCREMENT for table `class_semester`
--
ALTER TABLE `class_semester`
MODIFY `class_semester_id` int(11) NOT NULL AUTO_INCREMENT,AUTO_INCREMENT=108;
--
-- AUTO_INCREMENT for table `courses`
--
ALTER TABLE `courses`
MODIFY `course_id` int(11) NOT NULL AUTO_INCREMENT,AUTO_INCREMENT=277;
--
-- AUTO_INCREMENT for table `course_semester`
--
ALTER TABLE `course_semester`
MODIFY `course_semester_id` int(11) NOT NULL AUTO_INCREMENT,AUTO_INCREMENT=277;
--
-- AUTO_INCREMENT for table `department`
--
ALTER TABLE `department`
MODIFY `department_id` int(11) NOT NULL AUTO_INCREMENT,AUTO_INCREMENT=27;
--
-- AUTO_INCREMENT for table `program_semester`
--
ALTER TABLE `program_semester`
MODIFY `program_semester_id` int(11) NOT NULL AUTO_INCREMENT,AUTO_INCREMENT=24;
--
-- AUTO_INCREMENT for table `program_semester_detail`
--
ALTER TABLE `program_semester_detail`
MODIFY `program_semester_detail_id` int(11) NOT NULL AUTO_INCREMENT,AUTO_INCREMENT=107;
--
-- AUTO_INCREMENT for table `rooms`
--
ALTER TABLE `rooms`
MODIFY `room_id` int(11) NOT NULL AUTO_INCREMENT,AUTO_INCREMENT=98;
--
-- AUTO_INCREMENT for table `semesters`
--
ALTER TABLE `semesters`
MODIFY `semester_id` int(11) NOT NULL AUTO_INCREMENT,AUTO_INCREMENT=4;
--
-- AUTO_INCREMENT for table `specialized`
--
ALTER TABLE `specialized`
MODIFY `specialized_id` int(11) NOT NULL AUTO_INCREMENT,AUTO_INCREMENT=9;
--
-- AUTO_INCREMENT for table `staff`
--
ALTER TABLE `staff`
MODIFY `staff_id` int(11) NOT NULL AUTO_INCREMENT,AUTO_INCREMENT=7;
--
-- AUTO_INCREMENT for table `students`
--
ALTER TABLE `students`
MODIFY `student_id` int(11) NOT NULL AUTO_INCREMENT,AUTO_INCREMENT=647;
--
-- AUTO_INCREMENT for table `teachers`
--
ALTER TABLE `teachers`
MODIFY `teacher_id` int(11) NOT NULL AUTO_INCREMENT,AUTO_INCREMENT=73;
--
-- AUTO_INCREMENT for table `teacher_course_semester`
--
ALTER TABLE `teacher_course_semester`
MODIFY `teacher_course_semester_id` int(11) NOT NULL AUTO_INCREMENT,AUTO_INCREMENT=756;
--
-- AUTO_INCREMENT for table `teacher_semester`
--
ALTER TABLE `teacher_semester`
MODIFY `teacher_semester_id` int(11) NOT NULL AUTO_INCREMENT,AUTO_INCREMENT=73;
--
-- AUTO_INCREMENT for table `time_table`
--
ALTER TABLE `time_table`
MODIFY `time_table_id` int(11) NOT NULL AUTO_INCREMENT,AUTO_INCREMENT=70510;
--
-- Constraints for dumped tables
--

--
-- Constraints for table `classes`
--
ALTER TABLE `classes`
ADD CONSTRAINT `classes_ibfk_1` FOREIGN KEY (`specialized_id`) REFERENCES `specialized` (`specialized_id`),
ADD CONSTRAINT `classes_ibfk_2` FOREIGN KEY (`course_id`) REFERENCES `courses` (`course_id`),
ADD CONSTRAINT `classes_ibfk_3` FOREIGN KEY (`detail_specialized_id`) REFERENCES `specialized` (`specialized_id`);

--
-- Constraints for table `class_course_semester`
--
ALTER TABLE `class_course_semester`
ADD CONSTRAINT `class_course_semester_ibfk_1` FOREIGN KEY (`class_semester_id`) REFERENCES `class_semester` (`class_semester_id`),
ADD CONSTRAINT `class_course_semester_ibfk_2` FOREIGN KEY (`course_semester_id`) REFERENCES `course_semester` (`course_semester_id`);

--
-- Constraints for table `class_course_semester_merge`
--
ALTER TABLE `class_course_semester_merge`
ADD CONSTRAINT `class_course_semester_merge_ibfk_1` FOREIGN KEY (`class_course_semester_id_1`) REFERENCES `class_course_semester` (`class_course_semester_id`),
ADD CONSTRAINT `class_course_semester_merge_ibfk_2` FOREIGN KEY (`class_course_semester_id_2`) REFERENCES `class_course_semester` (`class_course_semester_id`);

--
-- Constraints for table `class_course_student_semester`
--
ALTER TABLE `class_course_student_semester`
ADD CONSTRAINT `class_course_student_semester_ibfk_1` FOREIGN KEY (`class_course_semester_id`) REFERENCES `class_course_semester` (`class_course_semester_id`),
ADD CONSTRAINT `class_course_student_semester_ibfk_2` FOREIGN KEY (`student_id`) REFERENCES `students` (`student_id`);

--
-- Constraints for table `class_semester`
--
ALTER TABLE `class_semester`
ADD CONSTRAINT `class_semester_ibfk_1` FOREIGN KEY (`class_id`) REFERENCES `classes` (`class_id`),
ADD CONSTRAINT `class_semester_ibfk_2` FOREIGN KEY (`semester_id`) REFERENCES `semesters` (`semester_id`);

--
-- Constraints for table `courses`
--
ALTER TABLE `courses`
ADD CONSTRAINT `courses_ibfk_2` FOREIGN KEY (`department_id`) REFERENCES `department` (`department_id`);

--
-- Constraints for table `course_semester`
--
ALTER TABLE `course_semester`
ADD CONSTRAINT `course_semester_ibfk_3` FOREIGN KEY (`course_condition_id`) REFERENCES `courses` (`course_id`),
ADD CONSTRAINT `course_semester_ibfk_4` FOREIGN KEY (`course_id`) REFERENCES `courses` (`course_id`),
ADD CONSTRAINT `course_semester_ibfk_5` FOREIGN KEY (`semester_id`) REFERENCES `semesters` (`semester_id`);

--
-- Constraints for table `program_semester`
--
ALTER TABLE `program_semester`
ADD CONSTRAINT `program_semester_ibfk_1` FOREIGN KEY (`semester_id`) REFERENCES `semesters` (`semester_id`),
ADD CONSTRAINT `program_semester_ibfk_2` FOREIGN KEY (`specialized_id`) REFERENCES `specialized` (`specialized_id`),
ADD CONSTRAINT `program_semester_ibfk_3` FOREIGN KEY (`detail_specialized_id`) REFERENCES `specialized` (`specialized_id`);

--
-- Constraints for table `program_semester_detail`
--
ALTER TABLE `program_semester_detail`
ADD CONSTRAINT `program_semester_detail_ibfk_1` FOREIGN KEY (`program_semester_id`) REFERENCES `program_semester` (`program_semester_id`),
ADD CONSTRAINT `program_semester_detail_ibfk_2` FOREIGN KEY (`course_semester_id`) REFERENCES `course_semester` (`course_semester_id`);

--
-- Constraints for table `rooms`
--
ALTER TABLE `rooms`
ADD CONSTRAINT `rooms_ibfk_1` FOREIGN KEY (`building_id`) REFERENCES `buildings` (`building_id`);

--
-- Constraints for table `students`
--
ALTER TABLE `students`
ADD CONSTRAINT `students_ibfk_1` FOREIGN KEY (`class_semester_id`) REFERENCES `class_semester` (`class_semester_id`),
ADD CONSTRAINT `students_ibfk_2` FOREIGN KEY (`specialized_id`) REFERENCES `specialized` (`specialized_id`),
ADD CONSTRAINT `students_ibfk_3` FOREIGN KEY (`detail_specialized_id`) REFERENCES `specialized` (`specialized_id`);

--
-- Constraints for table `teacher_course_semester`
--
ALTER TABLE `teacher_course_semester`
ADD CONSTRAINT `teacher_course_semester_ibfk_1` FOREIGN KEY (`course_semester_id`) REFERENCES `course_semester` (`course_semester_id`),
ADD CONSTRAINT `teacher_course_semester_ibfk_2` FOREIGN KEY (`teacher_semester_id`) REFERENCES `teacher_semester` (`teacher_semester_id`);

--
-- Constraints for table `teacher_semester`
--
ALTER TABLE `teacher_semester`
ADD CONSTRAINT `teacher_semester_ibfk_1` FOREIGN KEY (`teacher_id`) REFERENCES `teachers` (`teacher_id`),
ADD CONSTRAINT `teacher_semester_ibfk_2` FOREIGN KEY (`semester_id`) REFERENCES `semesters` (`semester_id`);

--
-- Constraints for table `time_table`
--
ALTER TABLE `time_table`
ADD CONSTRAINT `time_table_ibfk_1` FOREIGN KEY (`class_course_semester_id`) REFERENCES `class_course_semester` (`class_course_semester_id`),
ADD CONSTRAINT `time_table_ibfk_2` FOREIGN KEY (`room_id`) REFERENCES `rooms` (`room_id`),
ADD CONSTRAINT `time_table_ibfk_3` FOREIGN KEY (`teacher_semester_id`) REFERENCES `teacher_semester` (`teacher_semester_id`);

/*!40101 SET CHARACTER_SET_CLIENT=@OLD_CHARACTER_SET_CLIENT */;
/*!40101 SET CHARACTER_SET_RESULTS=@OLD_CHARACTER_SET_RESULTS */;
/*!40101 SET COLLATION_CONNECTION=@OLD_COLLATION_CONNECTION */;
