-- phpMyAdmin SQL Dump
-- version 4.2.11
-- http://www.phpmyadmin.net
--
-- Host: 127.0.0.1
-- Generation Time: Aug 21, 2015 at 06:49 PM
-- Server version: 5.6.21
-- PHP Version: 5.6.3

SET SQL_MODE = "NO_AUTO_VALUE_ON_ZERO";
SET time_zone = "+00:00";


/*!40101 SET @OLD_CHARACTER_SET_CLIENT=@@CHARACTER_SET_CLIENT */;
/*!40101 SET @OLD_CHARACTER_SET_RESULTS=@@CHARACTER_SET_RESULTS */;
/*!40101 SET @OLD_COLLATION_CONNECTION=@@COLLATION_CONNECTION */;
/*!40101 SET NAMES utf8 */;

--
-- Database: `academic_portal`
--
CREATE DATABASE IF NOT EXISTS `academic_portal` DEFAULT CHARACTER SET utf8 COLLATE utf8_vietnamese_ci;
USE `academic_portal`;

-- --------------------------------------------------------

--
-- Table structure for table `buildings`
--

DROP TABLE IF EXISTS `buildings`;
CREATE TABLE IF NOT EXISTS `buildings` (
`building_id` int(11) NOT NULL,
  `building_code` varchar(11) COLLATE utf8_vietnamese_ci NOT NULL
) ENGINE=InnoDB AUTO_INCREMENT=5 DEFAULT CHARSET=utf8 COLLATE=utf8_vietnamese_ci;

--
-- Dumping data for table `buildings`
--

INSERT INTO `buildings` (`building_id`, `building_code`) VALUES
(3, 'HB'),
(4, 'GD');

-- --------------------------------------------------------

--
-- Table structure for table `classes`
--

DROP TABLE IF EXISTS `classes`;
CREATE TABLE IF NOT EXISTS `classes` (
`class_id` int(11) NOT NULL,
  `code` varchar(30) NOT NULL,
  `type` varchar(11) NOT NULL,
  `specialized_id` int(11) DEFAULT NULL,
  `detail_specialized_id` int(11) DEFAULT NULL,
  `course_id` int(11) DEFAULT NULL,
  `batch` int(11) DEFAULT NULL,
  `batch_char` varchar(1) DEFAULT NULL,
  `number` int(11) DEFAULT NULL
) ENGINE=InnoDB AUTO_INCREMENT=111 DEFAULT CHARSET=latin1;

--
-- Dumping data for table `classes`
--

INSERT INTO `classes` (`class_id`, `code`, `type`, `specialized_id`, `detail_specialized_id`, `course_id`, `batch`, `batch_char`, `number`) VALUES
(84, 'SE1007', 'Specialized', 1, 1, NULL, 10, 'C', 7),
(85, 'SE1008', 'Specialized', 1, 1, NULL, 10, 'C', 8),
(86, 'SE1009', 'Specialized', 1, 1, NULL, 10, 'C', 9),
(87, 'SE1010', 'Specialized', 1, 1, NULL, 10, 'C', 10),
(88, 'SE1011', 'Specialized', 1, 1, NULL, 10, 'C', 11),
(89, 'SE1012', 'Specialized', 1, 1, NULL, 10, 'C', 12),
(90, 'EC1003', 'Specialized', 1, 8, NULL, 10, 'C', 3),
(91, 'IA1003', 'Specialized', 1, 7, NULL, 10, 'C', 3),
(92, 'SE1004', 'Specialized', 1, 1, NULL, 10, 'B', 4),
(93, 'SE1005', 'Specialized', 1, 1, NULL, 10, 'B', 5),
(94, 'SE1006', 'Specialized', 1, 1, NULL, 10, 'B', 6),
(95, 'IA1002', 'Specialized', 1, 7, NULL, 10, 'B', 2),
(96, 'SE1001', 'Specialized', 1, 1, NULL, 9, 'A', 1),
(97, 'SE1002', 'Specialized', 1, 1, NULL, 9, 'A', 2),
(98, 'SE1003', 'Specialized', 1, 1, NULL, 9, 'A', 3),
(99, 'EC1001', 'Specialized', 1, 8, NULL, 9, 'A', 1),
(100, 'SE0907', 'Specialized', 1, 1, NULL, 9, 'C', 7),
(101, 'SE0908', 'Specialized', 1, 1, NULL, 9, 'C', 8),
(102, 'SE0909', 'Specialized', 1, 1, NULL, 9, 'C', 9),
(103, 'SE0910', 'Specialized', 1, 1, NULL, 9, 'C', 10),
(104, 'SE0911', 'Specialized', 1, 1, NULL, 9, 'C', 11),
(105, 'IA0902', 'Specialized', 1, 7, NULL, 9, 'C', 2),
(106, 'IA0903', 'Specialized', 1, 7, NULL, 9, 'C', 3),
(107, 'SE0904', 'Specialized', 1, 1, NULL, 9, 'B', 4),
(108, 'SE0905', 'Specialized', 1, 1, NULL, 9, 'B', 5),
(109, 'SE0906', 'Specialized', 1, 1, NULL, 9, 'B', 6),
(110, 'IA10901', 'Specialized', 1, 7, NULL, 9, 'B', 1);

-- --------------------------------------------------------

--
-- Table structure for table `class_course_semester`
--

DROP TABLE IF EXISTS `class_course_semester`;
CREATE TABLE IF NOT EXISTS `class_course_semester` (
`class_course_semester_id` int(11) NOT NULL,
  `class_semester_id` int(11) NOT NULL,
  `course_semester_id` int(11) NOT NULL,
  `block_condition` int(11) DEFAULT NULL,
  `is_semester_long` tinyint(1) NOT NULL
) ENGINE=InnoDB AUTO_INCREMENT=456 DEFAULT CHARSET=latin1;

--
-- Dumping data for table `class_course_semester`
--

INSERT INTO `class_course_semester` (`class_course_semester_id`, `class_semester_id`, `course_semester_id`, `block_condition`, `is_semester_long`) VALUES
(321, 81, 243, 0, 0),
(322, 81, 242, 0, 0),
(323, 81, 263, 0, 0),
(324, 81, 251, 0, 0),
(325, 81, 257, 0, 1),
(326, 82, 243, 0, 0),
(327, 82, 242, 0, 0),
(328, 82, 263, 0, 0),
(329, 82, 251, 0, 0),
(330, 82, 257, 0, 1),
(331, 83, 243, 0, 0),
(332, 83, 242, 0, 0),
(333, 83, 263, 0, 0),
(334, 83, 251, 0, 0),
(335, 83, 257, 0, 1),
(336, 84, 243, 0, 0),
(337, 84, 242, 0, 0),
(338, 84, 263, 0, 0),
(339, 84, 251, 0, 0),
(340, 84, 257, 0, 1),
(341, 85, 243, 0, 0),
(342, 85, 242, 0, 0),
(343, 85, 263, 0, 0),
(344, 85, 251, 0, 0),
(345, 85, 257, 0, 1),
(346, 86, 243, 0, 0),
(347, 86, 242, 0, 0),
(348, 86, 263, 0, 0),
(349, 86, 251, 0, 0),
(350, 86, 257, 0, 1),
(351, 87, 263, 0, 0),
(352, 87, 243, 0, 0),
(353, 87, 257, 0, 0),
(354, 87, 251, 0, 0),
(355, 87, 266, 0, 1),
(356, 88, 243, 0, 0),
(357, 88, 242, 0, 0),
(358, 88, 263, 0, 0),
(359, 88, 251, 0, 0),
(360, 88, 257, 0, 1),
(361, 89, 244, 0, 0),
(362, 89, 247, 0, 0),
(363, 89, 275, 0, 0),
(364, 89, 264, 0, 0),
(365, 89, 255, 0, 1),
(366, 90, 244, 0, 0),
(367, 90, 247, 0, 0),
(368, 90, 275, 0, 0),
(369, 90, 264, 0, 0),
(370, 90, 255, 0, 1),
(371, 91, 244, 0, 0),
(372, 91, 247, 0, 0),
(373, 91, 275, 0, 0),
(374, 91, 264, 0, 0),
(375, 91, 255, 0, 1),
(376, 92, 244, 0, 0),
(377, 92, 247, 0, 0),
(378, 92, 275, 0, 0),
(379, 92, 264, 0, 0),
(380, 92, 255, 0, 1),
(381, 93, 260, 0, 0),
(382, 93, 248, 0, 0),
(383, 93, 250, 1, 0),
(384, 93, 252, 1, 0),
(385, 93, 258, 0, 1),
(386, 94, 260, 0, 0),
(387, 94, 248, 0, 0),
(388, 94, 250, 1, 0),
(389, 94, 252, 1, 0),
(390, 94, 258, 0, 1),
(391, 95, 260, 0, 0),
(392, 95, 248, 0, 0),
(393, 95, 250, 1, 0),
(394, 95, 252, 1, 0),
(395, 95, 258, 0, 1),
(396, 96, 256, 0, 0),
(397, 96, 248, 0, 0),
(398, 96, 250, 1, 0),
(399, 96, 252, 1, 0),
(400, 96, 258, 0, 1),
(401, 97, 275, 0, 0),
(402, 97, 249, 0, 0),
(403, 97, 250, 1, 0),
(404, 97, 253, 1, 0),
(405, 97, 262, 0, 1),
(406, 98, 275, 0, 0),
(407, 98, 249, 0, 0),
(408, 98, 250, 1, 0),
(409, 98, 253, 1, 0),
(410, 98, 262, 0, 1),
(411, 99, 275, 0, 0),
(412, 99, 249, 0, 0),
(413, 99, 250, 1, 0),
(414, 99, 253, 1, 0),
(415, 99, 262, 0, 1),
(416, 100, 275, 0, 0),
(417, 100, 249, 0, 0),
(418, 100, 250, 1, 0),
(419, 100, 253, 1, 0),
(420, 100, 262, 0, 1),
(421, 101, 275, 0, 0),
(422, 101, 249, 0, 0),
(423, 101, 250, 1, 0),
(424, 101, 253, 1, 0),
(425, 101, 262, 0, 1),
(426, 102, 246, 0, 0),
(427, 102, 275, 0, 0),
(428, 102, 271, 0, 0),
(429, 102, 253, 1, 0),
(430, 102, 259, 0, 1),
(431, 103, 246, 0, 0),
(432, 103, 275, 0, 0),
(433, 103, 271, 0, 0),
(434, 103, 253, 1, 0),
(435, 103, 259, 0, 1),
(436, 104, 267, 0, 0),
(437, 104, 269, 0, 0),
(438, 104, 261, 0, 0),
(439, 104, 265, 0, 0),
(440, 104, 254, 0, 1),
(441, 105, 267, 0, 0),
(442, 105, 269, 0, 0),
(443, 105, 261, 0, 0),
(444, 105, 265, 0, 0),
(445, 105, 254, 0, 1),
(446, 106, 267, 0, 0),
(447, 106, 269, 0, 0),
(448, 106, 261, 0, 0),
(449, 106, 265, 0, 0),
(450, 106, 254, 0, 1),
(451, 107, 268, 0, 0),
(452, 107, 270, 0, 0),
(453, 107, 272, 0, 0),
(454, 107, 273, 0, 0),
(455, 107, 274, 0, 1);

-- --------------------------------------------------------

--
-- Table structure for table `class_course_semester_merge`
--

DROP TABLE IF EXISTS `class_course_semester_merge`;
CREATE TABLE IF NOT EXISTS `class_course_semester_merge` (
`class_course_semester_merge_id` int(11) NOT NULL,
  `class_course_semester_id_1` int(11) NOT NULL,
  `class_course_semester_id_2` int(11) NOT NULL
) ENGINE=InnoDB AUTO_INCREMENT=97 DEFAULT CHARSET=utf8 COLLATE=utf8_vietnamese_ci;

--
-- Dumping data for table `class_course_semester_merge`
--

INSERT INTO `class_course_semester_merge` (`class_course_semester_merge_id`, `class_course_semester_id_1`, `class_course_semester_id_2`) VALUES
(86, 376, 371),
(87, 377, 372),
(88, 392, 397),
(89, 393, 398),
(90, 394, 399),
(91, 424, 434),
(92, 380, 375),
(93, 395, 400),
(94, 379, 374),
(95, 378, 373),
(96, 421, 432);

-- --------------------------------------------------------

--
-- Table structure for table `class_course_student_semester`
--

DROP TABLE IF EXISTS `class_course_student_semester`;
CREATE TABLE IF NOT EXISTS `class_course_student_semester` (
`class_course_student_semester_id` int(11) NOT NULL,
  `class_course_semester_id` int(11) NOT NULL,
  `student_id` int(11) NOT NULL
) ENGINE=InnoDB AUTO_INCREMENT=13076 DEFAULT CHARSET=latin1;

--
-- Dumping data for table `class_course_student_semester`
--

INSERT INTO `class_course_student_semester` (`class_course_student_semester_id`, `class_course_semester_id`, `student_id`) VALUES
(12171, 321, 466),
(12176, 321, 467),
(12181, 321, 468),
(12186, 321, 469),
(12191, 321, 470),
(12196, 321, 471),
(12201, 321, 472),
(12206, 321, 473),
(12211, 321, 474),
(12216, 321, 475),
(12221, 321, 476),
(12226, 321, 477),
(12231, 321, 478),
(12236, 321, 479),
(12241, 321, 480),
(12246, 321, 481),
(12251, 321, 482),
(12256, 321, 483),
(12261, 321, 484),
(12266, 321, 485),
(12271, 321, 486),
(12276, 321, 487),
(12281, 321, 488),
(12286, 321, 489),
(12291, 321, 490),
(12296, 321, 491),
(12301, 321, 492),
(12306, 321, 493),
(12311, 321, 494),
(12316, 321, 495),
(12172, 322, 466),
(12177, 322, 467),
(12182, 322, 468),
(12187, 322, 469),
(12192, 322, 470),
(12197, 322, 471),
(12202, 322, 472),
(12207, 322, 473),
(12212, 322, 474),
(12217, 322, 475),
(12222, 322, 476),
(12227, 322, 477),
(12232, 322, 478),
(12237, 322, 479),
(12242, 322, 480),
(12247, 322, 481),
(12252, 322, 482),
(12257, 322, 483),
(12262, 322, 484),
(12267, 322, 485),
(12272, 322, 486),
(12277, 322, 487),
(12282, 322, 488),
(12287, 322, 489),
(12292, 322, 490),
(12297, 322, 491),
(12302, 322, 492),
(12307, 322, 493),
(12312, 322, 494),
(12317, 322, 495),
(12173, 323, 466),
(12178, 323, 467),
(12183, 323, 468),
(12188, 323, 469),
(12193, 323, 470),
(12198, 323, 471),
(12203, 323, 472),
(12208, 323, 473),
(12213, 323, 474),
(12218, 323, 475),
(12223, 323, 476),
(12228, 323, 477),
(12233, 323, 478),
(12238, 323, 479),
(12243, 323, 480),
(12248, 323, 481),
(12253, 323, 482),
(12258, 323, 483),
(12263, 323, 484),
(12268, 323, 485),
(12273, 323, 486),
(12278, 323, 487),
(12283, 323, 488),
(12288, 323, 489),
(12293, 323, 490),
(12298, 323, 491),
(12303, 323, 492),
(12308, 323, 493),
(12313, 323, 494),
(12318, 323, 495),
(12174, 324, 466),
(12179, 324, 467),
(12184, 324, 468),
(12189, 324, 469),
(12194, 324, 470),
(12199, 324, 471),
(12204, 324, 472),
(12209, 324, 473),
(12214, 324, 474),
(12219, 324, 475),
(12224, 324, 476),
(12229, 324, 477),
(12234, 324, 478),
(12239, 324, 479),
(12244, 324, 480),
(12249, 324, 481),
(12254, 324, 482),
(12259, 324, 483),
(12264, 324, 484),
(12269, 324, 485),
(12274, 324, 486),
(12279, 324, 487),
(12284, 324, 488),
(12289, 324, 489),
(12294, 324, 490),
(12299, 324, 491),
(12304, 324, 492),
(12309, 324, 493),
(12314, 324, 494),
(12319, 324, 495),
(12175, 325, 466),
(12180, 325, 467),
(12185, 325, 468),
(12190, 325, 469),
(12195, 325, 470),
(12200, 325, 471),
(12205, 325, 472),
(12210, 325, 473),
(12215, 325, 474),
(12220, 325, 475),
(12225, 325, 476),
(12230, 325, 477),
(12235, 325, 478),
(12240, 325, 479),
(12245, 325, 480),
(12250, 325, 481),
(12255, 325, 482),
(12260, 325, 483),
(12265, 325, 484),
(12270, 325, 485),
(12275, 325, 486),
(12280, 325, 487),
(12285, 325, 488),
(12290, 325, 489),
(12295, 325, 490),
(12300, 325, 491),
(12305, 325, 492),
(12310, 325, 493),
(12315, 325, 494),
(12320, 325, 495),
(12321, 326, 496),
(12326, 326, 497),
(12331, 326, 498),
(12336, 326, 499),
(12341, 326, 500),
(12346, 326, 501),
(12351, 326, 502),
(12356, 326, 503),
(12361, 326, 504),
(12366, 326, 505),
(12371, 326, 506),
(12376, 326, 507),
(12381, 326, 508),
(12386, 326, 509),
(12391, 326, 510),
(12396, 326, 511),
(12401, 326, 512),
(12406, 326, 513),
(12411, 326, 514),
(12416, 326, 515),
(12421, 326, 516),
(12426, 326, 517),
(12431, 326, 518),
(12436, 326, 519),
(12441, 326, 520),
(12446, 326, 521),
(12451, 326, 522),
(12456, 326, 523),
(12461, 326, 524),
(12466, 326, 525),
(12322, 327, 496),
(12327, 327, 497),
(12332, 327, 498),
(12337, 327, 499),
(12342, 327, 500),
(12347, 327, 501),
(12352, 327, 502),
(12357, 327, 503),
(12362, 327, 504),
(12367, 327, 505),
(12372, 327, 506),
(12377, 327, 507),
(12382, 327, 508),
(12387, 327, 509),
(12392, 327, 510),
(12397, 327, 511),
(12402, 327, 512),
(12407, 327, 513),
(12412, 327, 514),
(12417, 327, 515),
(12422, 327, 516),
(12427, 327, 517),
(12432, 327, 518),
(12437, 327, 519),
(12442, 327, 520),
(12447, 327, 521),
(12452, 327, 522),
(12457, 327, 523),
(12462, 327, 524),
(12467, 327, 525),
(12323, 328, 496),
(12328, 328, 497),
(12333, 328, 498),
(12338, 328, 499),
(12343, 328, 500),
(12348, 328, 501),
(12353, 328, 502),
(12358, 328, 503),
(12363, 328, 504),
(12368, 328, 505),
(12373, 328, 506),
(12378, 328, 507),
(12383, 328, 508),
(12388, 328, 509),
(12393, 328, 510),
(12398, 328, 511),
(12403, 328, 512),
(12408, 328, 513),
(12413, 328, 514),
(12418, 328, 515),
(12423, 328, 516),
(12428, 328, 517),
(12433, 328, 518),
(12438, 328, 519),
(12443, 328, 520),
(12448, 328, 521),
(12453, 328, 522),
(12458, 328, 523),
(12463, 328, 524),
(12468, 328, 525),
(12324, 329, 496),
(12329, 329, 497),
(12334, 329, 498),
(12339, 329, 499),
(12344, 329, 500),
(12349, 329, 501),
(12354, 329, 502),
(12359, 329, 503),
(12364, 329, 504),
(12369, 329, 505),
(12374, 329, 506),
(12379, 329, 507),
(12384, 329, 508),
(12389, 329, 509),
(12394, 329, 510),
(12399, 329, 511),
(12404, 329, 512),
(12409, 329, 513),
(12414, 329, 514),
(12419, 329, 515),
(12424, 329, 516),
(12429, 329, 517),
(12434, 329, 518),
(12439, 329, 519),
(12444, 329, 520),
(12449, 329, 521),
(12454, 329, 522),
(12459, 329, 523),
(12464, 329, 524),
(12469, 329, 525),
(12325, 330, 496),
(12330, 330, 497),
(12335, 330, 498),
(12340, 330, 499),
(12345, 330, 500),
(12350, 330, 501),
(12355, 330, 502),
(12360, 330, 503),
(12365, 330, 504),
(12370, 330, 505),
(12375, 330, 506),
(12380, 330, 507),
(12385, 330, 508),
(12390, 330, 509),
(12395, 330, 510),
(12400, 330, 511),
(12405, 330, 512),
(12410, 330, 513),
(12415, 330, 514),
(12420, 330, 515),
(12425, 330, 516),
(12430, 330, 517),
(12435, 330, 518),
(12440, 330, 519),
(12445, 330, 520),
(12450, 330, 521),
(12455, 330, 522),
(12460, 330, 523),
(12465, 330, 524),
(12470, 330, 525),
(12471, 331, 526),
(12476, 331, 527),
(12481, 331, 528),
(12486, 331, 529),
(12491, 331, 530),
(12496, 331, 531),
(12501, 331, 532),
(12506, 331, 533),
(12511, 331, 534),
(12516, 331, 535),
(12521, 331, 536),
(12526, 331, 537),
(12531, 331, 538),
(12536, 331, 539),
(12541, 331, 540),
(12546, 331, 541),
(12551, 331, 542),
(12556, 331, 543),
(12561, 331, 544),
(12566, 331, 545),
(12571, 331, 546),
(12576, 331, 547),
(12581, 331, 548),
(12586, 331, 549),
(12591, 331, 550),
(12596, 331, 551),
(12601, 331, 552),
(12606, 331, 553),
(12611, 331, 554),
(12616, 331, 555),
(12472, 332, 526),
(12477, 332, 527),
(12482, 332, 528),
(12487, 332, 529),
(12492, 332, 530),
(12497, 332, 531),
(12502, 332, 532),
(12507, 332, 533),
(12512, 332, 534),
(12517, 332, 535),
(12522, 332, 536),
(12527, 332, 537),
(12532, 332, 538),
(12537, 332, 539),
(12542, 332, 540),
(12547, 332, 541),
(12552, 332, 542),
(12557, 332, 543),
(12562, 332, 544),
(12567, 332, 545),
(12572, 332, 546),
(12577, 332, 547),
(12582, 332, 548),
(12587, 332, 549),
(12592, 332, 550),
(12597, 332, 551),
(12602, 332, 552),
(12607, 332, 553),
(12612, 332, 554),
(12617, 332, 555),
(12473, 333, 526),
(12478, 333, 527),
(12483, 333, 528),
(12488, 333, 529),
(12493, 333, 530),
(12498, 333, 531),
(12503, 333, 532),
(12508, 333, 533),
(12513, 333, 534),
(12518, 333, 535),
(12523, 333, 536),
(12528, 333, 537),
(12533, 333, 538),
(12538, 333, 539),
(12543, 333, 540),
(12548, 333, 541),
(12553, 333, 542),
(12558, 333, 543),
(12563, 333, 544),
(12568, 333, 545),
(12573, 333, 546),
(12578, 333, 547),
(12583, 333, 548),
(12588, 333, 549),
(12593, 333, 550),
(12598, 333, 551),
(12603, 333, 552),
(12608, 333, 553),
(12613, 333, 554),
(12618, 333, 555),
(12474, 334, 526),
(12479, 334, 527),
(12484, 334, 528),
(12489, 334, 529),
(12494, 334, 530),
(12499, 334, 531),
(12504, 334, 532),
(12509, 334, 533),
(12514, 334, 534),
(12519, 334, 535),
(12524, 334, 536),
(12529, 334, 537),
(12534, 334, 538),
(12539, 334, 539),
(12544, 334, 540),
(12549, 334, 541),
(12554, 334, 542),
(12559, 334, 543),
(12564, 334, 544),
(12569, 334, 545),
(12574, 334, 546),
(12579, 334, 547),
(12584, 334, 548),
(12589, 334, 549),
(12594, 334, 550),
(12599, 334, 551),
(12604, 334, 552),
(12609, 334, 553),
(12614, 334, 554),
(12619, 334, 555),
(12475, 335, 526),
(12480, 335, 527),
(12485, 335, 528),
(12490, 335, 529),
(12495, 335, 530),
(12500, 335, 531),
(12505, 335, 532),
(12510, 335, 533),
(12515, 335, 534),
(12520, 335, 535),
(12525, 335, 536),
(12530, 335, 537),
(12535, 335, 538),
(12540, 335, 539),
(12545, 335, 540),
(12550, 335, 541),
(12555, 335, 542),
(12560, 335, 543),
(12565, 335, 544),
(12570, 335, 545),
(12575, 335, 546),
(12580, 335, 547),
(12585, 335, 548),
(12590, 335, 549),
(12595, 335, 550),
(12600, 335, 551),
(12605, 335, 552),
(12610, 335, 553),
(12615, 335, 554),
(12620, 335, 555),
(12621, 336, 556),
(12626, 336, 557),
(12631, 336, 558),
(12636, 336, 559),
(12641, 336, 560),
(12646, 336, 561),
(12651, 336, 562),
(12656, 336, 563),
(12661, 336, 564),
(12666, 336, 565),
(12671, 336, 566),
(12676, 336, 567),
(12681, 336, 568),
(12686, 336, 569),
(12691, 336, 570),
(12696, 336, 571),
(12701, 336, 572),
(12706, 336, 573),
(12711, 336, 574),
(12716, 336, 575),
(12721, 336, 576),
(12726, 336, 577),
(12731, 336, 578),
(12736, 336, 579),
(12741, 336, 580),
(12746, 336, 581),
(12751, 336, 582),
(12756, 336, 583),
(12761, 336, 584),
(12766, 336, 585),
(12622, 337, 556),
(12627, 337, 557),
(12632, 337, 558),
(12637, 337, 559),
(12642, 337, 560),
(12647, 337, 561),
(12652, 337, 562),
(12657, 337, 563),
(12662, 337, 564),
(12667, 337, 565),
(12672, 337, 566),
(12677, 337, 567),
(12682, 337, 568),
(12687, 337, 569),
(12692, 337, 570),
(12697, 337, 571),
(12702, 337, 572),
(12707, 337, 573),
(12712, 337, 574),
(12717, 337, 575),
(12722, 337, 576),
(12727, 337, 577),
(12732, 337, 578),
(12737, 337, 579),
(12742, 337, 580),
(12747, 337, 581),
(12752, 337, 582),
(12757, 337, 583),
(12762, 337, 584),
(12767, 337, 585),
(12623, 338, 556),
(12628, 338, 557),
(12633, 338, 558),
(12638, 338, 559),
(12643, 338, 560),
(12648, 338, 561),
(12653, 338, 562),
(12658, 338, 563),
(12663, 338, 564),
(12668, 338, 565),
(12673, 338, 566),
(12678, 338, 567),
(12683, 338, 568),
(12688, 338, 569),
(12693, 338, 570),
(12698, 338, 571),
(12703, 338, 572),
(12708, 338, 573),
(12713, 338, 574),
(12718, 338, 575),
(12723, 338, 576),
(12728, 338, 577),
(12733, 338, 578),
(12738, 338, 579),
(12743, 338, 580),
(12748, 338, 581),
(12753, 338, 582),
(12758, 338, 583),
(12763, 338, 584),
(12768, 338, 585),
(12624, 339, 556),
(12629, 339, 557),
(12634, 339, 558),
(12639, 339, 559),
(12644, 339, 560),
(12649, 339, 561),
(12654, 339, 562),
(12659, 339, 563),
(12664, 339, 564),
(12669, 339, 565),
(12674, 339, 566),
(12679, 339, 567),
(12684, 339, 568),
(12689, 339, 569),
(12694, 339, 570),
(12699, 339, 571),
(12704, 339, 572),
(12709, 339, 573),
(12714, 339, 574),
(12719, 339, 575),
(12724, 339, 576),
(12729, 339, 577),
(12734, 339, 578),
(12739, 339, 579),
(12744, 339, 580),
(12749, 339, 581),
(12754, 339, 582),
(12759, 339, 583),
(12764, 339, 584),
(12769, 339, 585),
(12625, 340, 556),
(12630, 340, 557),
(12635, 340, 558),
(12640, 340, 559),
(12645, 340, 560),
(12650, 340, 561),
(12655, 340, 562),
(12660, 340, 563),
(12665, 340, 564),
(12670, 340, 565),
(12675, 340, 566),
(12680, 340, 567),
(12685, 340, 568),
(12690, 340, 569),
(12695, 340, 570),
(12700, 340, 571),
(12705, 340, 572),
(12710, 340, 573),
(12715, 340, 574),
(12720, 340, 575),
(12725, 340, 576),
(12730, 340, 577),
(12735, 340, 578),
(12740, 340, 579),
(12745, 340, 580),
(12750, 340, 581),
(12755, 340, 582),
(12760, 340, 583),
(12765, 340, 584),
(12770, 340, 585),
(12771, 341, 586),
(12776, 341, 587),
(12781, 341, 588),
(12786, 341, 589),
(12791, 341, 590),
(12796, 341, 591),
(12801, 341, 592),
(12806, 341, 593),
(12811, 341, 594),
(12816, 341, 595),
(12821, 341, 596),
(12826, 341, 597),
(12831, 341, 598),
(12836, 341, 599),
(12841, 341, 600),
(12846, 341, 601),
(12851, 341, 602),
(12856, 341, 603),
(12861, 341, 604),
(12866, 341, 605),
(12871, 341, 606),
(12876, 341, 607),
(12881, 341, 608),
(12886, 341, 609),
(12891, 341, 610),
(12896, 341, 611),
(12901, 341, 612),
(12906, 341, 613),
(12911, 341, 614),
(12916, 341, 615),
(12772, 342, 586),
(12777, 342, 587),
(12782, 342, 588),
(12787, 342, 589),
(12792, 342, 590),
(12797, 342, 591),
(12802, 342, 592),
(12807, 342, 593),
(12812, 342, 594),
(12817, 342, 595),
(12822, 342, 596),
(12827, 342, 597),
(12832, 342, 598),
(12837, 342, 599),
(12842, 342, 600),
(12847, 342, 601),
(12852, 342, 602),
(12857, 342, 603),
(12862, 342, 604),
(12867, 342, 605),
(12872, 342, 606),
(12877, 342, 607),
(12882, 342, 608),
(12887, 342, 609),
(12892, 342, 610),
(12897, 342, 611),
(12902, 342, 612),
(12907, 342, 613),
(12912, 342, 614),
(12917, 342, 615),
(12773, 343, 586),
(12778, 343, 587),
(12783, 343, 588),
(12788, 343, 589),
(12793, 343, 590),
(12798, 343, 591),
(12803, 343, 592),
(12808, 343, 593),
(12813, 343, 594),
(12818, 343, 595),
(12823, 343, 596),
(12828, 343, 597),
(12833, 343, 598),
(12838, 343, 599),
(12843, 343, 600),
(12848, 343, 601),
(12853, 343, 602),
(12858, 343, 603),
(12863, 343, 604),
(12868, 343, 605),
(12873, 343, 606),
(12878, 343, 607),
(12883, 343, 608),
(12888, 343, 609),
(12893, 343, 610),
(12898, 343, 611),
(12903, 343, 612),
(12908, 343, 613),
(12913, 343, 614),
(12918, 343, 615),
(12774, 344, 586),
(12779, 344, 587),
(12784, 344, 588),
(12789, 344, 589),
(12794, 344, 590),
(12799, 344, 591),
(12804, 344, 592),
(12809, 344, 593),
(12814, 344, 594),
(12819, 344, 595),
(12824, 344, 596),
(12829, 344, 597),
(12834, 344, 598),
(12839, 344, 599),
(12844, 344, 600),
(12849, 344, 601),
(12854, 344, 602),
(12859, 344, 603),
(12864, 344, 604),
(12869, 344, 605),
(12874, 344, 606),
(12879, 344, 607),
(12884, 344, 608),
(12889, 344, 609),
(12894, 344, 610),
(12899, 344, 611),
(12904, 344, 612),
(12909, 344, 613),
(12914, 344, 614),
(12919, 344, 615),
(12775, 345, 586),
(12780, 345, 587),
(12785, 345, 588),
(12790, 345, 589),
(12795, 345, 590),
(12800, 345, 591),
(12805, 345, 592),
(12810, 345, 593),
(12815, 345, 594),
(12820, 345, 595),
(12825, 345, 596),
(12830, 345, 597),
(12835, 345, 598),
(12840, 345, 599),
(12845, 345, 600),
(12850, 345, 601),
(12855, 345, 602),
(12860, 345, 603),
(12865, 345, 604),
(12870, 345, 605),
(12875, 345, 606),
(12880, 345, 607),
(12885, 345, 608),
(12890, 345, 609),
(12895, 345, 610),
(12900, 345, 611),
(12905, 345, 612),
(12910, 345, 613),
(12915, 345, 614),
(12920, 345, 615),
(12921, 346, 616),
(12926, 346, 617),
(12931, 346, 618),
(12936, 346, 619),
(12941, 346, 620),
(12946, 346, 621),
(12951, 346, 622),
(12956, 346, 623),
(12961, 346, 624),
(12966, 346, 625),
(12971, 346, 626),
(12976, 346, 627),
(12981, 346, 628),
(12986, 346, 629),
(12991, 346, 630),
(12996, 346, 631),
(13001, 346, 632),
(13006, 346, 633),
(13011, 346, 634),
(13016, 346, 635),
(13021, 346, 636),
(13026, 346, 637),
(13031, 346, 638),
(13036, 346, 639),
(13041, 346, 640),
(13046, 346, 641),
(13051, 346, 642),
(13056, 346, 643),
(13061, 346, 644),
(12922, 347, 616),
(12927, 347, 617),
(12932, 347, 618),
(12937, 347, 619),
(12942, 347, 620),
(12947, 347, 621),
(12952, 347, 622),
(12957, 347, 623),
(12962, 347, 624),
(12967, 347, 625),
(12972, 347, 626),
(12977, 347, 627),
(12982, 347, 628),
(12987, 347, 629),
(12992, 347, 630),
(12997, 347, 631),
(13002, 347, 632),
(13007, 347, 633),
(13012, 347, 634),
(13017, 347, 635),
(13022, 347, 636),
(13027, 347, 637),
(13032, 347, 638),
(13037, 347, 639),
(13042, 347, 640),
(13047, 347, 641),
(13052, 347, 642),
(13057, 347, 643),
(13062, 347, 644),
(12923, 348, 616),
(12928, 348, 617),
(12933, 348, 618),
(12938, 348, 619),
(12943, 348, 620),
(12948, 348, 621),
(12953, 348, 622),
(12958, 348, 623),
(12963, 348, 624),
(12968, 348, 625),
(12973, 348, 626),
(12978, 348, 627),
(12983, 348, 628),
(12988, 348, 629),
(12993, 348, 630),
(12998, 348, 631),
(13003, 348, 632),
(13008, 348, 633),
(13013, 348, 634),
(13018, 348, 635),
(13023, 348, 636),
(13028, 348, 637),
(13033, 348, 638),
(13038, 348, 639),
(13043, 348, 640),
(13048, 348, 641),
(13053, 348, 642),
(13058, 348, 643),
(13063, 348, 644),
(12924, 349, 616),
(12929, 349, 617),
(12934, 349, 618),
(12939, 349, 619),
(12944, 349, 620),
(12949, 349, 621),
(12954, 349, 622),
(12959, 349, 623),
(12964, 349, 624),
(12969, 349, 625),
(12974, 349, 626),
(12979, 349, 627),
(12984, 349, 628),
(12989, 349, 629),
(12994, 349, 630),
(12999, 349, 631),
(13004, 349, 632),
(13009, 349, 633),
(13014, 349, 634),
(13019, 349, 635),
(13024, 349, 636),
(13029, 349, 637),
(13034, 349, 638),
(13039, 349, 639),
(13044, 349, 640),
(13049, 349, 641),
(13054, 349, 642),
(13059, 349, 643),
(13064, 349, 644),
(12925, 350, 616),
(12930, 350, 617),
(12935, 350, 618),
(12940, 350, 619),
(12945, 350, 620),
(12950, 350, 621),
(12955, 350, 622),
(12960, 350, 623),
(12965, 350, 624),
(12970, 350, 625),
(12975, 350, 626),
(12980, 350, 627),
(12985, 350, 628),
(12990, 350, 629),
(12995, 350, 630),
(13000, 350, 631),
(13005, 350, 632),
(13010, 350, 633),
(13015, 350, 634),
(13020, 350, 635),
(13025, 350, 636),
(13030, 350, 637),
(13035, 350, 638),
(13040, 350, 639),
(13045, 350, 640),
(13050, 350, 641),
(13055, 350, 642),
(13060, 350, 643),
(13065, 350, 644),
(11546, 351, 341),
(11551, 351, 342),
(11556, 351, 343),
(11561, 351, 344),
(11566, 351, 345),
(11571, 351, 346),
(11576, 351, 347),
(11581, 351, 348),
(11586, 351, 349),
(11591, 351, 350),
(11596, 351, 351),
(11681, 351, 368),
(11686, 351, 369),
(11691, 351, 370),
(11696, 351, 371),
(11701, 351, 372),
(11706, 351, 373),
(11711, 351, 374),
(11716, 351, 375),
(11721, 351, 376),
(11726, 351, 377),
(11731, 351, 378),
(11736, 351, 379),
(11741, 351, 380),
(11746, 351, 381),
(11751, 351, 382),
(11756, 351, 383),
(11547, 352, 341),
(11552, 352, 342),
(11557, 352, 343),
(11562, 352, 344),
(11567, 352, 345),
(11572, 352, 346),
(11577, 352, 347),
(11582, 352, 348),
(11587, 352, 349),
(11592, 352, 350),
(11597, 352, 351),
(11682, 352, 368),
(11687, 352, 369),
(11692, 352, 370),
(11697, 352, 371),
(11702, 352, 372),
(11707, 352, 373),
(11712, 352, 374),
(11717, 352, 375),
(11722, 352, 376),
(11727, 352, 377),
(11732, 352, 378),
(11737, 352, 379),
(11742, 352, 380),
(11747, 352, 381),
(11752, 352, 382),
(11757, 352, 383),
(11548, 353, 341),
(11553, 353, 342),
(11558, 353, 343),
(11563, 353, 344),
(11568, 353, 345),
(11573, 353, 346),
(11578, 353, 347),
(11583, 353, 348),
(11588, 353, 349),
(11593, 353, 350),
(11598, 353, 351),
(11683, 353, 368),
(11688, 353, 369),
(11693, 353, 370),
(11698, 353, 371),
(11703, 353, 372),
(11708, 353, 373),
(11713, 353, 374),
(11718, 353, 375),
(11723, 353, 376),
(11728, 353, 377),
(11733, 353, 378),
(11738, 353, 379),
(11743, 353, 380),
(11748, 353, 381),
(11753, 353, 382),
(11758, 353, 383),
(11549, 354, 341),
(11554, 354, 342),
(11559, 354, 343),
(11564, 354, 344),
(11569, 354, 345),
(11574, 354, 346),
(11579, 354, 347),
(11584, 354, 348),
(11589, 354, 349),
(11594, 354, 350),
(11599, 354, 351),
(11684, 354, 368),
(11689, 354, 369),
(11694, 354, 370),
(11699, 354, 371),
(11704, 354, 372),
(11709, 354, 373),
(11714, 354, 374),
(11719, 354, 375),
(11724, 354, 376),
(11729, 354, 377),
(11734, 354, 378),
(11739, 354, 379),
(11744, 354, 380),
(11749, 354, 381),
(11754, 354, 382),
(11759, 354, 383),
(11550, 355, 341),
(11555, 355, 342),
(11560, 355, 343),
(11565, 355, 344),
(11570, 355, 345),
(11575, 355, 346),
(11580, 355, 347),
(11585, 355, 348),
(11590, 355, 349),
(11595, 355, 350),
(11600, 355, 351),
(11685, 355, 368),
(11690, 355, 369),
(11695, 355, 370),
(11700, 355, 371),
(11705, 355, 372),
(11710, 355, 373),
(11715, 355, 374),
(11720, 355, 375),
(11725, 355, 376),
(11730, 355, 377),
(11735, 355, 378),
(11740, 355, 379),
(11745, 355, 380),
(11750, 355, 381),
(11755, 355, 382),
(11760, 355, 383),
(11601, 356, 352),
(11606, 356, 353),
(11611, 356, 354),
(11616, 356, 355),
(11621, 356, 356),
(11626, 356, 357),
(11631, 356, 358),
(11636, 356, 359),
(11641, 356, 360),
(11646, 356, 361),
(11651, 356, 362),
(11656, 356, 363),
(11661, 356, 364),
(11666, 356, 365),
(11671, 356, 366),
(11676, 356, 367),
(11602, 357, 352),
(11607, 357, 353),
(11612, 357, 354),
(11617, 357, 355),
(11622, 357, 356),
(11627, 357, 357),
(11632, 357, 358),
(11637, 357, 359),
(11642, 357, 360),
(11647, 357, 361),
(11652, 357, 362),
(11657, 357, 363),
(11662, 357, 364),
(11667, 357, 365),
(11672, 357, 366),
(11677, 357, 367),
(11603, 358, 352),
(11608, 358, 353),
(11613, 358, 354),
(11618, 358, 355),
(11623, 358, 356),
(11628, 358, 357),
(11633, 358, 358),
(11638, 358, 359),
(11643, 358, 360),
(11648, 358, 361),
(11653, 358, 362),
(11658, 358, 363),
(11663, 358, 364),
(11668, 358, 365),
(11673, 358, 366),
(11678, 358, 367),
(11604, 359, 352),
(11609, 359, 353),
(11614, 359, 354),
(11619, 359, 355),
(11624, 359, 356),
(11629, 359, 357),
(11634, 359, 358),
(11639, 359, 359),
(11644, 359, 360),
(11649, 359, 361),
(11654, 359, 362),
(11659, 359, 363),
(11664, 359, 364),
(11669, 359, 365),
(11674, 359, 366),
(11679, 359, 367),
(11605, 360, 352),
(11610, 360, 353),
(11615, 360, 354),
(11620, 360, 355),
(11625, 360, 356),
(11630, 360, 357),
(11635, 360, 358),
(11640, 360, 359),
(11645, 360, 360),
(11650, 360, 361),
(11655, 360, 362),
(11660, 360, 363),
(11665, 360, 364),
(11670, 360, 365),
(11675, 360, 366),
(11680, 360, 367),
(9886, 361, 9),
(9891, 361, 10),
(9916, 361, 15),
(9921, 361, 16),
(9931, 361, 18),
(9946, 361, 21),
(9961, 361, 24),
(9966, 361, 25),
(9981, 361, 28),
(10091, 361, 50),
(10106, 361, 53),
(10156, 361, 63),
(10166, 361, 65),
(10216, 361, 75),
(10296, 361, 91),
(10451, 361, 122),
(10551, 361, 142),
(11251, 361, 282),
(11256, 361, 283),
(11261, 361, 284),
(11266, 361, 285),
(11271, 361, 286),
(11276, 361, 287),
(11281, 361, 288),
(11286, 361, 289),
(11291, 361, 290),
(11296, 361, 291),
(11301, 361, 292),
(11306, 361, 293),
(11311, 361, 294),
(9887, 362, 9),
(9892, 362, 10),
(9917, 362, 15),
(9922, 362, 16),
(9932, 362, 18),
(9947, 362, 21),
(9962, 362, 24),
(9967, 362, 25),
(9982, 362, 28),
(10092, 362, 50),
(10107, 362, 53),
(10157, 362, 63),
(10167, 362, 65),
(10217, 362, 75),
(10297, 362, 91),
(10452, 362, 122),
(10552, 362, 142),
(11252, 362, 282),
(11257, 362, 283),
(11262, 362, 284),
(11267, 362, 285),
(11272, 362, 286),
(11277, 362, 287),
(11282, 362, 288),
(11287, 362, 289),
(11292, 362, 290),
(11297, 362, 291),
(11302, 362, 292),
(11307, 362, 293),
(11312, 362, 294),
(9888, 363, 9),
(9893, 363, 10),
(9918, 363, 15),
(9923, 363, 16),
(9933, 363, 18),
(9948, 363, 21),
(9963, 363, 24),
(9968, 363, 25),
(9983, 363, 28),
(10093, 363, 50),
(10108, 363, 53),
(10158, 363, 63),
(10168, 363, 65),
(10218, 363, 75),
(10298, 363, 91),
(10453, 363, 122),
(10553, 363, 142),
(11253, 363, 282),
(11258, 363, 283),
(11263, 363, 284),
(11268, 363, 285),
(11273, 363, 286),
(11278, 363, 287),
(11283, 363, 288),
(11288, 363, 289),
(11293, 363, 290),
(11298, 363, 291),
(11303, 363, 292),
(11308, 363, 293),
(11313, 363, 294),
(9889, 364, 9),
(9894, 364, 10),
(9919, 364, 15),
(9924, 364, 16),
(9934, 364, 18),
(9949, 364, 21),
(9964, 364, 24),
(9969, 364, 25),
(9984, 364, 28),
(10094, 364, 50),
(10109, 364, 53),
(10159, 364, 63),
(10169, 364, 65),
(10219, 364, 75),
(10299, 364, 91),
(10454, 364, 122),
(10554, 364, 142),
(11254, 364, 282),
(11259, 364, 283),
(11264, 364, 284),
(11269, 364, 285),
(11274, 364, 286),
(11279, 364, 287),
(11284, 364, 288),
(11289, 364, 289),
(11294, 364, 290),
(11299, 364, 291),
(11304, 364, 292),
(11309, 364, 293),
(11314, 364, 294),
(9890, 365, 9),
(9895, 365, 10),
(9920, 365, 15),
(9925, 365, 16),
(9935, 365, 18),
(9950, 365, 21),
(9965, 365, 24),
(9970, 365, 25),
(9985, 365, 28),
(10095, 365, 50),
(10110, 365, 53),
(10160, 365, 63),
(10170, 365, 65),
(10220, 365, 75),
(10300, 365, 91),
(10455, 365, 122),
(10555, 365, 142),
(11255, 365, 282),
(11260, 365, 283),
(11265, 365, 284),
(11270, 365, 285),
(11275, 365, 286),
(11280, 365, 287),
(11285, 365, 288),
(11290, 365, 289),
(11295, 365, 290),
(11300, 365, 291),
(11305, 365, 292),
(11310, 365, 293),
(11315, 365, 294),
(11316, 366, 295),
(11321, 366, 296),
(11326, 366, 297),
(11331, 366, 298),
(11336, 366, 299),
(11341, 366, 300),
(11346, 366, 301),
(11351, 366, 302),
(11356, 366, 303),
(11361, 366, 304),
(11366, 366, 305),
(11371, 366, 306),
(11376, 366, 307),
(11381, 366, 308),
(11386, 366, 309),
(11391, 366, 310),
(11396, 366, 311),
(11401, 366, 312),
(11406, 366, 313),
(11411, 366, 314),
(11416, 366, 315),
(11421, 366, 316),
(11426, 366, 317),
(11431, 366, 318),
(11436, 366, 319),
(11441, 366, 320),
(11446, 366, 321),
(11451, 366, 322),
(11456, 366, 323),
(11461, 366, 324),
(11317, 367, 295),
(11322, 367, 296),
(11327, 367, 297),
(11332, 367, 298),
(11337, 367, 299),
(11342, 367, 300),
(11347, 367, 301),
(11352, 367, 302),
(11357, 367, 303),
(11362, 367, 304),
(11367, 367, 305),
(11372, 367, 306),
(11377, 367, 307),
(11382, 367, 308),
(11387, 367, 309),
(11392, 367, 310),
(11397, 367, 311),
(11402, 367, 312),
(11407, 367, 313),
(11412, 367, 314),
(11417, 367, 315),
(11422, 367, 316),
(11427, 367, 317),
(11432, 367, 318),
(11437, 367, 319),
(11442, 367, 320),
(11447, 367, 321),
(11452, 367, 322),
(11457, 367, 323),
(11462, 367, 324),
(11318, 368, 295),
(11323, 368, 296),
(11328, 368, 297),
(11333, 368, 298),
(11338, 368, 299),
(11343, 368, 300),
(11348, 368, 301),
(11353, 368, 302),
(11358, 368, 303),
(11363, 368, 304),
(11368, 368, 305),
(11373, 368, 306),
(11378, 368, 307),
(11383, 368, 308),
(11388, 368, 309),
(11393, 368, 310),
(11398, 368, 311),
(11403, 368, 312),
(11408, 368, 313),
(11413, 368, 314),
(11418, 368, 315),
(11423, 368, 316),
(11428, 368, 317),
(11433, 368, 318),
(11438, 368, 319),
(11443, 368, 320),
(11448, 368, 321),
(11453, 368, 322),
(11458, 368, 323),
(11463, 368, 324),
(11319, 369, 295),
(11324, 369, 296),
(11329, 369, 297),
(11334, 369, 298),
(11339, 369, 299),
(11344, 369, 300),
(11349, 369, 301),
(11354, 369, 302),
(11359, 369, 303),
(11364, 369, 304),
(11369, 369, 305),
(11374, 369, 306),
(11379, 369, 307),
(11384, 369, 308),
(11389, 369, 309),
(11394, 369, 310),
(11399, 369, 311),
(11404, 369, 312),
(11409, 369, 313),
(11414, 369, 314),
(11419, 369, 315),
(11424, 369, 316),
(11429, 369, 317),
(11434, 369, 318),
(11439, 369, 319),
(11444, 369, 320),
(11449, 369, 321),
(11454, 369, 322),
(11459, 369, 323),
(11464, 369, 324),
(11320, 370, 295),
(11325, 370, 296),
(11330, 370, 297),
(11335, 370, 298),
(11340, 370, 299),
(11345, 370, 300),
(11350, 370, 301),
(11355, 370, 302),
(11360, 370, 303),
(11365, 370, 304),
(11370, 370, 305),
(11375, 370, 306),
(11380, 370, 307),
(11385, 370, 308),
(11390, 370, 309),
(11395, 370, 310),
(11400, 370, 311),
(11405, 370, 312),
(11410, 370, 313),
(11415, 370, 314),
(11420, 370, 315),
(11425, 370, 316),
(11430, 370, 317),
(11435, 370, 318),
(11440, 370, 319),
(11445, 370, 320),
(11450, 370, 321),
(11455, 370, 322),
(11460, 370, 323),
(11465, 370, 324),
(11466, 371, 325),
(11471, 371, 326),
(11476, 371, 327),
(11481, 371, 328),
(11486, 371, 329),
(11496, 371, 331),
(11467, 372, 325),
(11472, 372, 326),
(11477, 372, 327),
(11482, 372, 328),
(11487, 372, 329),
(11497, 372, 331),
(11468, 373, 325),
(11473, 373, 326),
(11478, 373, 327),
(11483, 373, 328),
(11488, 373, 329),
(11498, 373, 331),
(11469, 374, 325),
(11474, 374, 326),
(11479, 374, 327),
(11484, 374, 328),
(11489, 374, 329),
(11499, 374, 331),
(11470, 375, 325),
(11475, 375, 326),
(11480, 375, 327),
(11485, 375, 328),
(11490, 375, 329),
(11500, 375, 331),
(11761, 376, 384),
(11766, 376, 385),
(11771, 376, 386),
(11776, 376, 387),
(11781, 376, 388),
(11786, 376, 389),
(11791, 376, 390),
(11796, 376, 391),
(11801, 376, 392),
(11806, 376, 393),
(11811, 376, 394),
(11816, 376, 395),
(11821, 376, 396),
(11826, 376, 397),
(11762, 377, 384),
(11767, 377, 385),
(11772, 377, 386),
(11777, 377, 387),
(11782, 377, 388),
(11787, 377, 389),
(11792, 377, 390),
(11797, 377, 391),
(11802, 377, 392),
(11807, 377, 393),
(11812, 377, 394),
(11817, 377, 395),
(11822, 377, 396),
(11827, 377, 397),
(11763, 378, 384),
(11768, 378, 385),
(11773, 378, 386),
(11778, 378, 387),
(11783, 378, 388),
(11788, 378, 389),
(11793, 378, 390),
(11798, 378, 391),
(11803, 378, 392),
(11808, 378, 393),
(11813, 378, 394),
(11818, 378, 395),
(11823, 378, 396),
(11828, 378, 397),
(11764, 379, 384),
(11769, 379, 385),
(11774, 379, 386),
(11779, 379, 387),
(11784, 379, 388),
(11789, 379, 389),
(11794, 379, 390),
(11799, 379, 391),
(11804, 379, 392),
(11809, 379, 393),
(11814, 379, 394),
(11819, 379, 395),
(11824, 379, 396),
(11829, 379, 397),
(11765, 380, 384),
(11770, 380, 385),
(11775, 380, 386),
(11780, 380, 387),
(11785, 380, 388),
(11790, 380, 389),
(11795, 380, 390),
(11800, 380, 391),
(11805, 380, 392),
(11810, 380, 393),
(11815, 380, 394),
(11820, 380, 395),
(11825, 380, 396),
(11830, 380, 397),
(9846, 381, 1),
(9866, 381, 5),
(9896, 381, 11),
(9911, 381, 14),
(9926, 381, 17),
(9936, 381, 19),
(9941, 381, 20),
(9951, 381, 22),
(9956, 381, 23),
(9971, 381, 26),
(9976, 381, 27),
(9986, 381, 29),
(9991, 381, 30),
(9996, 381, 31),
(10001, 381, 32),
(10006, 381, 33),
(10011, 381, 34),
(10016, 381, 35),
(10021, 381, 36),
(10026, 381, 37),
(10031, 381, 38),
(10036, 381, 39),
(10041, 381, 40),
(10046, 381, 41),
(10051, 381, 42),
(10056, 381, 43),
(10061, 381, 44),
(10066, 381, 45),
(10071, 381, 46),
(10076, 381, 47),
(9847, 382, 1),
(9867, 382, 5),
(9897, 382, 11),
(9912, 382, 14),
(9927, 382, 17),
(9937, 382, 19),
(9942, 382, 20),
(9952, 382, 22),
(9957, 382, 23),
(9972, 382, 26),
(9977, 382, 27),
(9987, 382, 29),
(9992, 382, 30),
(9997, 382, 31),
(10002, 382, 32),
(10007, 382, 33),
(10012, 382, 34),
(10017, 382, 35),
(10022, 382, 36),
(10027, 382, 37),
(10032, 382, 38),
(10037, 382, 39),
(10042, 382, 40),
(10047, 382, 41),
(10052, 382, 42),
(10057, 382, 43),
(10062, 382, 44),
(10067, 382, 45),
(10072, 382, 46),
(10077, 382, 47),
(9848, 383, 1),
(9868, 383, 5),
(9898, 383, 11),
(9913, 383, 14),
(9928, 383, 17),
(9938, 383, 19),
(9943, 383, 20),
(9953, 383, 22),
(9958, 383, 23),
(9973, 383, 26),
(9978, 383, 27),
(9988, 383, 29),
(9993, 383, 30),
(9998, 383, 31),
(10003, 383, 32),
(10008, 383, 33),
(10013, 383, 34),
(10018, 383, 35),
(10023, 383, 36),
(10028, 383, 37),
(10033, 383, 38),
(10038, 383, 39),
(10043, 383, 40),
(10048, 383, 41),
(10053, 383, 42),
(10058, 383, 43),
(10063, 383, 44),
(10068, 383, 45),
(10073, 383, 46),
(10078, 383, 47),
(9849, 384, 1),
(9869, 384, 5),
(9899, 384, 11),
(9914, 384, 14),
(9929, 384, 17),
(9939, 384, 19),
(9944, 384, 20),
(9954, 384, 22),
(9959, 384, 23),
(9974, 384, 26),
(9979, 384, 27),
(9989, 384, 29),
(9994, 384, 30),
(9999, 384, 31),
(10004, 384, 32),
(10009, 384, 33),
(10014, 384, 34),
(10019, 384, 35),
(10024, 384, 36),
(10029, 384, 37),
(10034, 384, 38),
(10039, 384, 39),
(10044, 384, 40),
(10049, 384, 41),
(10054, 384, 42),
(10059, 384, 43),
(10064, 384, 44),
(10069, 384, 45),
(10074, 384, 46),
(10079, 384, 47),
(9850, 385, 1),
(9870, 385, 5),
(9900, 385, 11),
(9915, 385, 14),
(9930, 385, 17),
(9940, 385, 19),
(9945, 385, 20),
(9955, 385, 22),
(9960, 385, 23),
(9975, 385, 26),
(9980, 385, 27),
(9990, 385, 29),
(9995, 385, 30),
(10000, 385, 31),
(10005, 385, 32),
(10010, 385, 33),
(10015, 385, 34),
(10020, 385, 35),
(10025, 385, 36),
(10030, 385, 37),
(10035, 385, 38),
(10040, 385, 39),
(10045, 385, 40),
(10050, 385, 41),
(10055, 385, 42),
(10060, 385, 43),
(10065, 385, 44),
(10070, 385, 45),
(10075, 385, 46),
(10080, 385, 47),
(10081, 386, 48),
(10086, 386, 49),
(10096, 386, 51),
(10101, 386, 52),
(10111, 386, 54),
(10116, 386, 55),
(10121, 386, 56),
(10126, 386, 57),
(10131, 386, 58),
(10136, 386, 59),
(10141, 386, 60),
(10146, 386, 61),
(10151, 386, 62),
(10161, 386, 64),
(10171, 386, 66),
(10176, 386, 67),
(10181, 386, 68),
(10186, 386, 69),
(10191, 386, 70),
(10196, 386, 71),
(10201, 386, 72),
(10206, 386, 73),
(10211, 386, 74),
(10221, 386, 76),
(10226, 386, 77),
(10231, 386, 78),
(10236, 386, 79),
(10241, 386, 80),
(10246, 386, 81),
(10251, 386, 82),
(10082, 387, 48),
(10087, 387, 49),
(10097, 387, 51),
(10102, 387, 52),
(10112, 387, 54),
(10117, 387, 55),
(10122, 387, 56),
(10127, 387, 57),
(10132, 387, 58),
(10137, 387, 59),
(10142, 387, 60),
(10147, 387, 61),
(10152, 387, 62),
(10162, 387, 64),
(10172, 387, 66),
(10177, 387, 67),
(10182, 387, 68),
(10187, 387, 69),
(10192, 387, 70),
(10197, 387, 71),
(10202, 387, 72),
(10207, 387, 73),
(10212, 387, 74),
(10222, 387, 76),
(10227, 387, 77),
(10232, 387, 78),
(10237, 387, 79),
(10242, 387, 80),
(10247, 387, 81),
(10252, 387, 82),
(10083, 388, 48),
(10088, 388, 49),
(10098, 388, 51),
(10103, 388, 52),
(10113, 388, 54),
(10118, 388, 55),
(10123, 388, 56),
(10128, 388, 57),
(10133, 388, 58),
(10138, 388, 59),
(10143, 388, 60),
(10148, 388, 61),
(10153, 388, 62),
(10163, 388, 64),
(10173, 388, 66),
(10178, 388, 67),
(10183, 388, 68),
(10188, 388, 69),
(10193, 388, 70),
(10198, 388, 71),
(10203, 388, 72),
(10208, 388, 73),
(10213, 388, 74),
(10223, 388, 76),
(10228, 388, 77),
(10233, 388, 78),
(10238, 388, 79),
(10243, 388, 80),
(10248, 388, 81),
(10253, 388, 82),
(10084, 389, 48),
(10089, 389, 49),
(10099, 389, 51),
(10104, 389, 52),
(10114, 389, 54),
(10119, 389, 55),
(10124, 389, 56),
(10129, 389, 57),
(10134, 389, 58),
(10139, 389, 59),
(10144, 389, 60),
(10149, 389, 61),
(10154, 389, 62),
(10164, 389, 64),
(10174, 389, 66),
(10179, 389, 67),
(10184, 389, 68),
(10189, 389, 69),
(10194, 389, 70),
(10199, 389, 71),
(10204, 389, 72),
(10209, 389, 73),
(10214, 389, 74),
(10224, 389, 76),
(10229, 389, 77),
(10234, 389, 78),
(10239, 389, 79),
(10244, 389, 80),
(10249, 389, 81),
(10254, 389, 82),
(10085, 390, 48),
(10090, 390, 49),
(10100, 390, 51),
(10105, 390, 52),
(10115, 390, 54),
(10120, 390, 55),
(10125, 390, 56),
(10130, 390, 57),
(10135, 390, 58),
(10140, 390, 59),
(10145, 390, 60),
(10150, 390, 61),
(10155, 390, 62),
(10165, 390, 64),
(10175, 390, 66),
(10180, 390, 67),
(10185, 390, 68),
(10190, 390, 69),
(10195, 390, 70),
(10200, 390, 71),
(10205, 390, 72),
(10210, 390, 73),
(10215, 390, 74),
(10225, 390, 76),
(10230, 390, 77),
(10235, 390, 78),
(10240, 390, 79),
(10245, 390, 80),
(10250, 390, 81),
(10255, 390, 82),
(10256, 391, 83),
(10261, 391, 84),
(10266, 391, 85),
(10271, 391, 86),
(10286, 391, 89),
(10406, 391, 113),
(10506, 391, 133),
(10596, 391, 151),
(10661, 391, 164),
(10696, 391, 171),
(10781, 391, 188),
(11491, 391, 330),
(11506, 391, 333),
(11526, 391, 337),
(11531, 391, 338),
(11536, 391, 339),
(10257, 392, 83),
(10262, 392, 84),
(10267, 392, 85),
(10272, 392, 86),
(10287, 392, 89),
(10407, 392, 113),
(10507, 392, 133),
(10597, 392, 151),
(10662, 392, 164),
(10697, 392, 171),
(10782, 392, 188),
(11492, 392, 330),
(11507, 392, 333),
(11527, 392, 337),
(11532, 392, 338),
(11537, 392, 339),
(10258, 393, 83),
(10263, 393, 84),
(10268, 393, 85),
(10273, 393, 86),
(10288, 393, 89),
(10408, 393, 113),
(10508, 393, 133),
(10598, 393, 151),
(10663, 393, 164),
(10698, 393, 171),
(10783, 393, 188),
(11493, 393, 330),
(11508, 393, 333),
(11528, 393, 337),
(11533, 393, 338),
(11538, 393, 339),
(10259, 394, 83),
(10264, 394, 84),
(10269, 394, 85),
(10274, 394, 86),
(10289, 394, 89),
(10409, 394, 113),
(10509, 394, 133),
(10599, 394, 151),
(10664, 394, 164),
(10699, 394, 171),
(10784, 394, 188),
(11494, 394, 330),
(11509, 394, 333),
(11529, 394, 337),
(11534, 394, 338),
(11539, 394, 339),
(10260, 395, 83),
(10265, 395, 84),
(10270, 395, 85),
(10275, 395, 86),
(10290, 395, 89),
(10410, 395, 113),
(10510, 395, 133),
(10600, 395, 151),
(10665, 395, 164),
(10700, 395, 171),
(10785, 395, 188),
(11495, 395, 330),
(11510, 395, 333),
(11530, 395, 337),
(11535, 395, 338),
(11540, 395, 339),
(11831, 396, 398),
(11836, 396, 399),
(11841, 396, 400),
(11846, 396, 401),
(11832, 397, 398),
(11837, 397, 399),
(11842, 397, 400),
(11847, 397, 401),
(11833, 398, 398),
(11838, 398, 399),
(11843, 398, 400),
(11848, 398, 401),
(11834, 399, 398),
(11839, 399, 399),
(11844, 399, 400),
(11849, 399, 401),
(11835, 400, 398),
(11840, 400, 399),
(11845, 400, 400),
(11850, 400, 401),
(9851, 401, 2),
(9856, 401, 3),
(9861, 401, 4),
(9871, 401, 6),
(9876, 401, 7),
(9881, 401, 8),
(9901, 401, 12),
(9906, 401, 13),
(10276, 401, 87),
(10281, 401, 88),
(10291, 401, 90),
(10301, 401, 92),
(10306, 401, 93),
(10311, 401, 94),
(10316, 401, 95),
(10321, 401, 96),
(10326, 401, 97),
(10331, 401, 98),
(10336, 401, 99),
(10341, 401, 100),
(10346, 401, 101),
(10351, 401, 102),
(10356, 401, 103),
(10361, 401, 104),
(10366, 401, 105),
(10371, 401, 106),
(10376, 401, 107),
(10381, 401, 108),
(10386, 401, 109),
(10391, 401, 110),
(9852, 402, 2),
(9857, 402, 3),
(9862, 402, 4),
(9872, 402, 6),
(9877, 402, 7),
(9882, 402, 8),
(9902, 402, 12),
(9907, 402, 13),
(10277, 402, 87),
(10282, 402, 88),
(10292, 402, 90),
(10302, 402, 92),
(10307, 402, 93),
(10312, 402, 94),
(10317, 402, 95),
(10322, 402, 96),
(10327, 402, 97),
(10332, 402, 98),
(10337, 402, 99),
(10342, 402, 100),
(10347, 402, 101),
(10352, 402, 102),
(10357, 402, 103),
(10362, 402, 104),
(10367, 402, 105),
(10372, 402, 106),
(10377, 402, 107),
(10382, 402, 108),
(10387, 402, 109),
(10392, 402, 110),
(9853, 403, 2),
(9858, 403, 3),
(9863, 403, 4),
(9873, 403, 6),
(9878, 403, 7),
(9883, 403, 8),
(9903, 403, 12),
(9908, 403, 13),
(10278, 403, 87),
(10283, 403, 88),
(10293, 403, 90),
(10303, 403, 92),
(10308, 403, 93),
(10313, 403, 94),
(10318, 403, 95),
(10323, 403, 96),
(10328, 403, 97),
(10333, 403, 98),
(10338, 403, 99),
(10343, 403, 100),
(10348, 403, 101),
(10353, 403, 102),
(10358, 403, 103),
(10363, 403, 104),
(10368, 403, 105),
(10373, 403, 106),
(10378, 403, 107),
(10383, 403, 108),
(10388, 403, 109),
(10393, 403, 110),
(9854, 404, 2),
(9859, 404, 3),
(9864, 404, 4),
(9874, 404, 6),
(9879, 404, 7),
(9884, 404, 8),
(9904, 404, 12),
(9909, 404, 13),
(10279, 404, 87),
(10284, 404, 88),
(10294, 404, 90),
(10304, 404, 92),
(10309, 404, 93),
(10314, 404, 94),
(10319, 404, 95),
(10324, 404, 96),
(10329, 404, 97),
(10334, 404, 98),
(10339, 404, 99),
(10344, 404, 100),
(10349, 404, 101),
(10354, 404, 102),
(10359, 404, 103),
(10364, 404, 104),
(10369, 404, 105),
(10374, 404, 106),
(10379, 404, 107),
(10384, 404, 108),
(10389, 404, 109),
(10394, 404, 110),
(9855, 405, 2),
(9860, 405, 3),
(9865, 405, 4),
(9875, 405, 6),
(9880, 405, 7),
(9885, 405, 8),
(9905, 405, 12),
(9910, 405, 13),
(10280, 405, 87),
(10285, 405, 88),
(10295, 405, 90),
(10305, 405, 92),
(10310, 405, 93),
(10315, 405, 94),
(10320, 405, 95),
(10325, 405, 96),
(10330, 405, 97),
(10335, 405, 98),
(10340, 405, 99),
(10345, 405, 100),
(10350, 405, 101),
(10355, 405, 102),
(10360, 405, 103),
(10365, 405, 104),
(10370, 405, 105),
(10375, 405, 106),
(10380, 405, 107),
(10385, 405, 108),
(10390, 405, 109),
(10395, 405, 110),
(10396, 406, 111),
(10401, 406, 112),
(10411, 406, 114),
(10416, 406, 115),
(10421, 406, 116),
(10426, 406, 117),
(10431, 406, 118),
(10436, 406, 119),
(10441, 406, 120),
(10446, 406, 121),
(10456, 406, 123),
(10461, 406, 124),
(10466, 406, 125),
(10471, 406, 126),
(10476, 406, 127),
(10481, 406, 128),
(10486, 406, 129),
(10491, 406, 130),
(10496, 406, 131),
(10501, 406, 132),
(10511, 406, 134),
(10516, 406, 135),
(10521, 406, 136),
(10526, 406, 137),
(10531, 406, 138),
(10536, 406, 139),
(10541, 406, 140),
(10546, 406, 141),
(10556, 406, 143),
(10561, 406, 144),
(10397, 407, 111),
(10402, 407, 112),
(10412, 407, 114),
(10417, 407, 115),
(10422, 407, 116),
(10427, 407, 117),
(10432, 407, 118),
(10437, 407, 119),
(10442, 407, 120),
(10447, 407, 121),
(10457, 407, 123),
(10462, 407, 124),
(10467, 407, 125),
(10472, 407, 126),
(10477, 407, 127),
(10482, 407, 128),
(10487, 407, 129),
(10492, 407, 130),
(10497, 407, 131),
(10502, 407, 132),
(10512, 407, 134),
(10517, 407, 135),
(10522, 407, 136),
(10527, 407, 137),
(10532, 407, 138),
(10537, 407, 139),
(10542, 407, 140),
(10547, 407, 141),
(10557, 407, 143),
(10562, 407, 144),
(10398, 408, 111),
(10403, 408, 112),
(10413, 408, 114),
(10418, 408, 115),
(10423, 408, 116),
(10428, 408, 117),
(10433, 408, 118),
(10438, 408, 119),
(10443, 408, 120),
(10448, 408, 121),
(10458, 408, 123),
(10463, 408, 124),
(10468, 408, 125),
(10473, 408, 126),
(10478, 408, 127),
(10483, 408, 128),
(10488, 408, 129),
(10493, 408, 130),
(10498, 408, 131),
(10503, 408, 132),
(10513, 408, 134),
(10518, 408, 135),
(10523, 408, 136),
(10528, 408, 137),
(10533, 408, 138),
(10538, 408, 139),
(10543, 408, 140),
(10548, 408, 141),
(10558, 408, 143),
(10563, 408, 144),
(10399, 409, 111),
(10404, 409, 112),
(10414, 409, 114),
(10419, 409, 115),
(10424, 409, 116),
(10429, 409, 117),
(10434, 409, 118),
(10439, 409, 119),
(10444, 409, 120),
(10449, 409, 121),
(10459, 409, 123),
(10464, 409, 124),
(10469, 409, 125),
(10474, 409, 126),
(10479, 409, 127),
(10484, 409, 128),
(10489, 409, 129),
(10494, 409, 130),
(10499, 409, 131),
(10504, 409, 132),
(10514, 409, 134),
(10519, 409, 135),
(10524, 409, 136),
(10529, 409, 137),
(10534, 409, 138),
(10539, 409, 139),
(10544, 409, 140),
(10549, 409, 141),
(10559, 409, 143),
(10564, 409, 144),
(10400, 410, 111),
(10405, 410, 112),
(10415, 410, 114),
(10420, 410, 115),
(10425, 410, 116),
(10430, 410, 117),
(10435, 410, 118),
(10440, 410, 119),
(10445, 410, 120),
(10450, 410, 121),
(10460, 410, 123),
(10465, 410, 124),
(10470, 410, 125),
(10475, 410, 126),
(10480, 410, 127),
(10485, 410, 128),
(10490, 410, 129),
(10495, 410, 130),
(10500, 410, 131),
(10505, 410, 132),
(10515, 410, 134),
(10520, 410, 135),
(10525, 410, 136),
(10530, 410, 137),
(10535, 410, 138),
(10540, 410, 139),
(10545, 410, 140),
(10550, 410, 141),
(10560, 410, 143),
(10565, 410, 144),
(10566, 411, 145),
(10571, 411, 146),
(10576, 411, 147),
(10581, 411, 148),
(10586, 411, 149),
(10591, 411, 150),
(10601, 411, 152),
(10606, 411, 153),
(10611, 411, 154),
(10616, 411, 155),
(10621, 411, 156),
(10626, 411, 157),
(10631, 411, 158),
(10636, 411, 159),
(10641, 411, 160),
(10646, 411, 161),
(10651, 411, 162),
(10656, 411, 163),
(10666, 411, 165),
(10671, 411, 166),
(10676, 411, 167),
(10681, 411, 168),
(10686, 411, 169),
(10691, 411, 170),
(10701, 411, 172),
(10706, 411, 173),
(10711, 411, 174),
(10716, 411, 175),
(10721, 411, 176),
(10726, 411, 177),
(10567, 412, 145),
(10572, 412, 146),
(10577, 412, 147),
(10582, 412, 148),
(10587, 412, 149),
(10592, 412, 150),
(10602, 412, 152),
(10607, 412, 153),
(10612, 412, 154),
(10617, 412, 155),
(10622, 412, 156),
(10627, 412, 157),
(10632, 412, 158),
(10637, 412, 159),
(10642, 412, 160),
(10647, 412, 161),
(10652, 412, 162),
(10657, 412, 163),
(10667, 412, 165),
(10672, 412, 166),
(10677, 412, 167),
(10682, 412, 168),
(10687, 412, 169),
(10692, 412, 170),
(10702, 412, 172),
(10707, 412, 173),
(10712, 412, 174),
(10717, 412, 175),
(10722, 412, 176),
(10727, 412, 177),
(10568, 413, 145),
(10573, 413, 146),
(10578, 413, 147),
(10583, 413, 148),
(10588, 413, 149),
(10593, 413, 150),
(10603, 413, 152),
(10608, 413, 153),
(10613, 413, 154),
(10618, 413, 155),
(10623, 413, 156),
(10628, 413, 157),
(10633, 413, 158),
(10638, 413, 159),
(10643, 413, 160),
(10648, 413, 161),
(10653, 413, 162),
(10658, 413, 163),
(10668, 413, 165),
(10673, 413, 166),
(10678, 413, 167),
(10683, 413, 168),
(10688, 413, 169),
(10693, 413, 170),
(10703, 413, 172),
(10708, 413, 173),
(10713, 413, 174),
(10718, 413, 175),
(10723, 413, 176),
(10728, 413, 177),
(10569, 414, 145),
(10574, 414, 146),
(10579, 414, 147),
(10584, 414, 148),
(10589, 414, 149),
(10594, 414, 150),
(10604, 414, 152),
(10609, 414, 153),
(10614, 414, 154),
(10619, 414, 155),
(10624, 414, 156),
(10629, 414, 157),
(10634, 414, 158),
(10639, 414, 159),
(10644, 414, 160),
(10649, 414, 161),
(10654, 414, 162),
(10659, 414, 163),
(10669, 414, 165),
(10674, 414, 166),
(10679, 414, 167),
(10684, 414, 168),
(10689, 414, 169),
(10694, 414, 170),
(10704, 414, 172),
(10709, 414, 173),
(10714, 414, 174),
(10719, 414, 175),
(10724, 414, 176),
(10729, 414, 177),
(10570, 415, 145),
(10575, 415, 146),
(10580, 415, 147),
(10585, 415, 148),
(10590, 415, 149),
(10595, 415, 150),
(10605, 415, 152),
(10610, 415, 153),
(10615, 415, 154),
(10620, 415, 155),
(10625, 415, 156),
(10630, 415, 157),
(10635, 415, 158),
(10640, 415, 159),
(10645, 415, 160),
(10650, 415, 161),
(10655, 415, 162),
(10660, 415, 163),
(10670, 415, 165),
(10675, 415, 166),
(10680, 415, 167),
(10685, 415, 168),
(10690, 415, 169),
(10695, 415, 170),
(10705, 415, 172),
(10710, 415, 173),
(10715, 415, 174),
(10720, 415, 175),
(10725, 415, 176),
(10730, 415, 177),
(10731, 416, 178),
(10736, 416, 179),
(10741, 416, 180),
(10746, 416, 181),
(10751, 416, 182),
(10756, 416, 183),
(10761, 416, 184),
(10766, 416, 185),
(10771, 416, 186),
(10776, 416, 187),
(10786, 416, 189),
(10791, 416, 190),
(10796, 416, 191),
(10801, 416, 192),
(10806, 416, 193),
(10811, 416, 194),
(10816, 416, 195),
(10821, 416, 196),
(10826, 416, 197),
(10831, 416, 198),
(10836, 416, 199),
(10841, 416, 200),
(10846, 416, 201),
(10851, 416, 202),
(10856, 416, 203),
(10861, 416, 204),
(10866, 416, 205),
(10871, 416, 206),
(10876, 416, 207),
(10881, 416, 208),
(10732, 417, 178),
(10737, 417, 179),
(10742, 417, 180),
(10747, 417, 181),
(10752, 417, 182),
(10757, 417, 183),
(10762, 417, 184),
(10767, 417, 185),
(10772, 417, 186),
(10777, 417, 187),
(10787, 417, 189),
(10792, 417, 190),
(10797, 417, 191),
(10802, 417, 192),
(10807, 417, 193),
(10812, 417, 194),
(10817, 417, 195),
(10822, 417, 196),
(10827, 417, 197),
(10832, 417, 198),
(10837, 417, 199),
(10842, 417, 200),
(10847, 417, 201),
(10852, 417, 202),
(10857, 417, 203),
(10862, 417, 204),
(10867, 417, 205),
(10872, 417, 206),
(10877, 417, 207),
(10882, 417, 208),
(10733, 418, 178),
(10738, 418, 179),
(10743, 418, 180),
(10748, 418, 181),
(10753, 418, 182),
(10758, 418, 183),
(10763, 418, 184),
(10768, 418, 185),
(10773, 418, 186),
(10778, 418, 187),
(10788, 418, 189),
(10793, 418, 190),
(10798, 418, 191),
(10803, 418, 192),
(10808, 418, 193),
(10813, 418, 194),
(10818, 418, 195),
(10823, 418, 196),
(10828, 418, 197),
(10833, 418, 198),
(10838, 418, 199),
(10843, 418, 200),
(10848, 418, 201),
(10853, 418, 202),
(10858, 418, 203),
(10863, 418, 204),
(10868, 418, 205),
(10873, 418, 206),
(10878, 418, 207),
(10883, 418, 208),
(10734, 419, 178),
(10739, 419, 179),
(10744, 419, 180),
(10749, 419, 181),
(10754, 419, 182),
(10759, 419, 183),
(10764, 419, 184),
(10769, 419, 185),
(10774, 419, 186),
(10779, 419, 187),
(10789, 419, 189),
(10794, 419, 190),
(10799, 419, 191),
(10804, 419, 192),
(10809, 419, 193),
(10814, 419, 194),
(10819, 419, 195),
(10824, 419, 196),
(10829, 419, 197),
(10834, 419, 198),
(10839, 419, 199),
(10844, 419, 200),
(10849, 419, 201),
(10854, 419, 202),
(10859, 419, 203),
(10864, 419, 204),
(10869, 419, 205),
(10874, 419, 206),
(10879, 419, 207),
(10884, 419, 208),
(10735, 420, 178),
(10740, 420, 179),
(10745, 420, 180),
(10750, 420, 181),
(10755, 420, 182),
(10760, 420, 183),
(10765, 420, 184),
(10770, 420, 185),
(10775, 420, 186),
(10780, 420, 187),
(10790, 420, 189),
(10795, 420, 190),
(10800, 420, 191),
(10805, 420, 192),
(10810, 420, 193),
(10815, 420, 194),
(10820, 420, 195),
(10825, 420, 196),
(10830, 420, 197),
(10835, 420, 198),
(10840, 420, 199),
(10845, 420, 200),
(10850, 420, 201),
(10855, 420, 202),
(10860, 420, 203),
(10865, 420, 204),
(10870, 420, 205),
(10875, 420, 206),
(10880, 420, 207),
(10885, 420, 208),
(10886, 421, 209),
(10891, 421, 210),
(10896, 421, 211),
(10901, 421, 212),
(10911, 421, 214),
(10991, 421, 230),
(11026, 421, 237),
(11086, 421, 249),
(11106, 421, 253),
(11111, 421, 254),
(11121, 421, 256),
(11161, 421, 264),
(11191, 421, 270),
(11196, 421, 271),
(11216, 421, 275),
(11501, 421, 332),
(11516, 421, 335),
(11521, 421, 336),
(10887, 422, 209),
(10892, 422, 210),
(10897, 422, 211),
(10902, 422, 212),
(10912, 422, 214),
(10992, 422, 230),
(11027, 422, 237),
(11087, 422, 249),
(11107, 422, 253),
(11112, 422, 254),
(11122, 422, 256),
(11162, 422, 264),
(11192, 422, 270),
(11197, 422, 271),
(11217, 422, 275),
(11502, 422, 332),
(11517, 422, 335),
(11522, 422, 336),
(10888, 423, 209),
(10893, 423, 210),
(10898, 423, 211),
(10903, 423, 212),
(10913, 423, 214),
(10993, 423, 230),
(11028, 423, 237),
(11088, 423, 249),
(11108, 423, 253),
(11113, 423, 254),
(11123, 423, 256),
(11163, 423, 264),
(11193, 423, 270),
(11198, 423, 271),
(11218, 423, 275),
(11503, 423, 332),
(11518, 423, 335),
(11523, 423, 336),
(10889, 424, 209),
(10894, 424, 210),
(10899, 424, 211),
(10904, 424, 212),
(10914, 424, 214),
(10994, 424, 230),
(11029, 424, 237),
(11089, 424, 249),
(11109, 424, 253),
(11114, 424, 254),
(11124, 424, 256),
(11164, 424, 264),
(11194, 424, 270),
(11199, 424, 271),
(11219, 424, 275),
(11504, 424, 332),
(11519, 424, 335),
(11524, 424, 336),
(10890, 425, 209),
(10895, 425, 210),
(10900, 425, 211),
(10905, 425, 212),
(10915, 425, 214),
(10995, 425, 230),
(11030, 425, 237),
(11090, 425, 249),
(11110, 425, 253),
(11115, 425, 254),
(11125, 425, 256),
(11165, 425, 264),
(11195, 425, 270),
(11200, 425, 271),
(11220, 425, 275),
(11505, 425, 332),
(11520, 425, 335),
(11525, 425, 336),
(11851, 426, 402),
(11856, 426, 403),
(11861, 426, 404),
(11866, 426, 405),
(11871, 426, 406),
(11876, 426, 407),
(11881, 426, 408),
(11886, 426, 409),
(11891, 426, 410),
(11896, 426, 411),
(11901, 426, 412),
(11906, 426, 413),
(11911, 426, 414),
(11916, 426, 415),
(11921, 426, 416),
(11926, 426, 417),
(11931, 426, 418),
(11936, 426, 419),
(11941, 426, 420),
(11946, 426, 421),
(11951, 426, 422),
(11956, 426, 423),
(11961, 426, 424),
(11966, 426, 425),
(11971, 426, 426),
(11976, 426, 427),
(11981, 426, 428),
(11986, 426, 429),
(11991, 426, 430),
(11996, 426, 431),
(11852, 427, 402),
(11857, 427, 403),
(11862, 427, 404),
(11867, 427, 405),
(11872, 427, 406),
(11877, 427, 407),
(11882, 427, 408),
(11887, 427, 409),
(11892, 427, 410),
(11897, 427, 411),
(11902, 427, 412),
(11907, 427, 413),
(11912, 427, 414),
(11917, 427, 415),
(11922, 427, 416),
(11927, 427, 417),
(11932, 427, 418),
(11937, 427, 419),
(11942, 427, 420),
(11947, 427, 421),
(11952, 427, 422),
(11957, 427, 423),
(11962, 427, 424),
(11967, 427, 425),
(11972, 427, 426),
(11977, 427, 427),
(11982, 427, 428),
(11987, 427, 429),
(11992, 427, 430),
(11997, 427, 431),
(11853, 428, 402),
(11858, 428, 403),
(11863, 428, 404),
(11868, 428, 405),
(11873, 428, 406),
(11878, 428, 407),
(11883, 428, 408),
(11888, 428, 409),
(11893, 428, 410),
(11898, 428, 411),
(11903, 428, 412),
(11908, 428, 413),
(11913, 428, 414),
(11918, 428, 415),
(11923, 428, 416),
(11928, 428, 417),
(11933, 428, 418),
(11938, 428, 419),
(11943, 428, 420),
(11948, 428, 421),
(11953, 428, 422),
(11958, 428, 423),
(11963, 428, 424),
(11968, 428, 425),
(11973, 428, 426),
(11978, 428, 427),
(11983, 428, 428),
(11988, 428, 429),
(11993, 428, 430),
(11998, 428, 431),
(11854, 429, 402),
(11859, 429, 403),
(11864, 429, 404),
(11869, 429, 405),
(11874, 429, 406),
(11879, 429, 407),
(11884, 429, 408),
(11889, 429, 409),
(11894, 429, 410),
(11899, 429, 411),
(11904, 429, 412),
(11909, 429, 413),
(11914, 429, 414),
(11919, 429, 415),
(11924, 429, 416),
(11929, 429, 417),
(11934, 429, 418),
(11939, 429, 419),
(11944, 429, 420),
(11949, 429, 421),
(11954, 429, 422),
(11959, 429, 423),
(11964, 429, 424),
(11969, 429, 425),
(11974, 429, 426),
(11979, 429, 427),
(11984, 429, 428),
(11989, 429, 429),
(11994, 429, 430),
(11999, 429, 431),
(11855, 430, 402),
(11860, 430, 403),
(11865, 430, 404),
(11870, 430, 405),
(11875, 430, 406),
(11880, 430, 407),
(11885, 430, 408),
(11890, 430, 409),
(11895, 430, 410),
(11900, 430, 411),
(11905, 430, 412),
(11910, 430, 413),
(11915, 430, 414),
(11920, 430, 415),
(11925, 430, 416),
(11930, 430, 417),
(11935, 430, 418),
(11940, 430, 419),
(11945, 430, 420),
(11950, 430, 421),
(11955, 430, 422),
(11960, 430, 423),
(11965, 430, 424),
(11970, 430, 425),
(11975, 430, 426),
(11980, 430, 427),
(11985, 430, 428),
(11990, 430, 429),
(11995, 430, 430),
(12000, 430, 431),
(12001, 431, 432),
(12006, 431, 433),
(12011, 431, 434),
(12016, 431, 435),
(12021, 431, 436),
(12026, 431, 437),
(12031, 431, 438),
(12036, 431, 439),
(12041, 431, 440),
(12046, 431, 441),
(12051, 431, 442),
(12002, 432, 432),
(12007, 432, 433),
(12012, 432, 434),
(12017, 432, 435),
(12022, 432, 436),
(12027, 432, 437),
(12032, 432, 438),
(12037, 432, 439),
(12042, 432, 440),
(12047, 432, 441),
(12052, 432, 442),
(12003, 433, 432),
(12008, 433, 433),
(12013, 433, 434),
(12018, 433, 435),
(12023, 433, 436),
(12028, 433, 437),
(12033, 433, 438),
(12038, 433, 439),
(12043, 433, 440),
(12048, 433, 441),
(12053, 433, 442),
(12004, 434, 432),
(12009, 434, 433),
(12014, 434, 434),
(12019, 434, 435),
(12024, 434, 436),
(12029, 434, 437),
(12034, 434, 438),
(12039, 434, 439),
(12044, 434, 440),
(12049, 434, 441),
(12054, 434, 442),
(12005, 435, 432),
(12010, 435, 433),
(12015, 435, 434),
(12020, 435, 435),
(12025, 435, 436),
(12030, 435, 437),
(12035, 435, 438),
(12040, 435, 439),
(12045, 435, 440),
(12050, 435, 441),
(12055, 435, 442),
(10906, 436, 213),
(10916, 436, 215),
(10921, 436, 216),
(10926, 436, 217),
(10931, 436, 218),
(10936, 436, 219),
(10941, 436, 220),
(10946, 436, 221),
(10951, 436, 222),
(10956, 436, 223),
(10961, 436, 224),
(10966, 436, 225),
(10971, 436, 226),
(10976, 436, 227),
(10981, 436, 228),
(10986, 436, 229),
(10996, 436, 231),
(11001, 436, 232),
(11006, 436, 233),
(11011, 436, 234),
(11016, 436, 235),
(11021, 436, 236),
(11031, 436, 238),
(11036, 436, 239),
(11041, 436, 240),
(11046, 436, 241),
(11051, 436, 242),
(11056, 436, 243),
(11061, 436, 244),
(11066, 436, 245),
(10907, 437, 213),
(10917, 437, 215),
(10922, 437, 216),
(10927, 437, 217),
(10932, 437, 218),
(10937, 437, 219),
(10942, 437, 220),
(10947, 437, 221),
(10952, 437, 222),
(10957, 437, 223),
(10962, 437, 224),
(10967, 437, 225),
(10972, 437, 226),
(10977, 437, 227),
(10982, 437, 228),
(10987, 437, 229),
(10997, 437, 231),
(11002, 437, 232),
(11007, 437, 233),
(11012, 437, 234),
(11017, 437, 235),
(11022, 437, 236),
(11032, 437, 238),
(11037, 437, 239),
(11042, 437, 240),
(11047, 437, 241),
(11052, 437, 242),
(11057, 437, 243),
(11062, 437, 244),
(11067, 437, 245),
(10908, 438, 213),
(10918, 438, 215),
(10923, 438, 216),
(10928, 438, 217),
(10933, 438, 218),
(10938, 438, 219),
(10943, 438, 220),
(10948, 438, 221),
(10953, 438, 222),
(10958, 438, 223),
(10963, 438, 224),
(10968, 438, 225),
(10973, 438, 226),
(10978, 438, 227),
(10983, 438, 228),
(10988, 438, 229),
(10998, 438, 231),
(11003, 438, 232),
(11008, 438, 233),
(11013, 438, 234),
(11018, 438, 235),
(11023, 438, 236),
(11033, 438, 238),
(11038, 438, 239),
(11043, 438, 240),
(11048, 438, 241),
(11053, 438, 242),
(11058, 438, 243),
(11063, 438, 244),
(11068, 438, 245),
(10909, 439, 213),
(10919, 439, 215),
(10924, 439, 216),
(10929, 439, 217),
(10934, 439, 218),
(10939, 439, 219),
(10944, 439, 220),
(10949, 439, 221),
(10954, 439, 222),
(10959, 439, 223),
(10964, 439, 224),
(10969, 439, 225),
(10974, 439, 226),
(10979, 439, 227),
(10984, 439, 228),
(10989, 439, 229),
(10999, 439, 231),
(11004, 439, 232),
(11009, 439, 233),
(11014, 439, 234),
(11019, 439, 235),
(11024, 439, 236),
(11034, 439, 238),
(11039, 439, 239),
(11044, 439, 240),
(11049, 439, 241),
(11054, 439, 242),
(11059, 439, 243),
(11064, 439, 244),
(11069, 439, 245),
(10910, 440, 213),
(10920, 440, 215),
(10925, 440, 216),
(10930, 440, 217),
(10935, 440, 218),
(10940, 440, 219),
(10945, 440, 220),
(10950, 440, 221),
(10955, 440, 222),
(10960, 440, 223),
(10965, 440, 224),
(10970, 440, 225),
(10975, 440, 226),
(10980, 440, 227),
(10985, 440, 228),
(10990, 440, 229),
(11000, 440, 231),
(11005, 440, 232),
(11010, 440, 233),
(11015, 440, 234),
(11020, 440, 235),
(11025, 440, 236),
(11035, 440, 238),
(11040, 440, 239),
(11045, 440, 240),
(11050, 440, 241),
(11055, 440, 242),
(11060, 440, 243),
(11065, 440, 244),
(11070, 440, 245),
(11071, 441, 246),
(11076, 441, 247),
(11081, 441, 248),
(11091, 441, 250),
(11096, 441, 251),
(11101, 441, 252),
(11116, 441, 255),
(11126, 441, 257),
(11131, 441, 258),
(11136, 441, 259),
(11141, 441, 260),
(11146, 441, 261),
(11151, 441, 262),
(11156, 441, 263),
(11166, 441, 265),
(11171, 441, 266),
(11176, 441, 267),
(11181, 441, 268),
(11186, 441, 269);
INSERT INTO `class_course_student_semester` (`class_course_student_semester_id`, `class_course_semester_id`, `student_id`) VALUES
(11201, 441, 272),
(11206, 441, 273),
(11211, 441, 274),
(11221, 441, 276),
(11226, 441, 277),
(11231, 441, 278),
(11236, 441, 279),
(11241, 441, 280),
(11246, 441, 281),
(11511, 441, 334),
(11541, 441, 340),
(11072, 442, 246),
(11077, 442, 247),
(11082, 442, 248),
(11092, 442, 250),
(11097, 442, 251),
(11102, 442, 252),
(11117, 442, 255),
(11127, 442, 257),
(11132, 442, 258),
(11137, 442, 259),
(11142, 442, 260),
(11147, 442, 261),
(11152, 442, 262),
(11157, 442, 263),
(11167, 442, 265),
(11172, 442, 266),
(11177, 442, 267),
(11182, 442, 268),
(11187, 442, 269),
(11202, 442, 272),
(11207, 442, 273),
(11212, 442, 274),
(11222, 442, 276),
(11227, 442, 277),
(11232, 442, 278),
(11237, 442, 279),
(11242, 442, 280),
(11247, 442, 281),
(11512, 442, 334),
(11542, 442, 340),
(11073, 443, 246),
(11078, 443, 247),
(11083, 443, 248),
(11093, 443, 250),
(11098, 443, 251),
(11103, 443, 252),
(11118, 443, 255),
(11128, 443, 257),
(11133, 443, 258),
(11138, 443, 259),
(11143, 443, 260),
(11148, 443, 261),
(11153, 443, 262),
(11158, 443, 263),
(11168, 443, 265),
(11173, 443, 266),
(11178, 443, 267),
(11183, 443, 268),
(11188, 443, 269),
(11203, 443, 272),
(11208, 443, 273),
(11213, 443, 274),
(11223, 443, 276),
(11228, 443, 277),
(11233, 443, 278),
(11238, 443, 279),
(11243, 443, 280),
(11248, 443, 281),
(11513, 443, 334),
(11543, 443, 340),
(11074, 444, 246),
(11079, 444, 247),
(11084, 444, 248),
(11094, 444, 250),
(11099, 444, 251),
(11104, 444, 252),
(11119, 444, 255),
(11129, 444, 257),
(11134, 444, 258),
(11139, 444, 259),
(11144, 444, 260),
(11149, 444, 261),
(11154, 444, 262),
(11159, 444, 263),
(11169, 444, 265),
(11174, 444, 266),
(11179, 444, 267),
(11184, 444, 268),
(11189, 444, 269),
(11204, 444, 272),
(11209, 444, 273),
(11214, 444, 274),
(11224, 444, 276),
(11229, 444, 277),
(11234, 444, 278),
(11239, 444, 279),
(11244, 444, 280),
(11249, 444, 281),
(11514, 444, 334),
(11544, 444, 340),
(11075, 445, 246),
(11080, 445, 247),
(11085, 445, 248),
(11095, 445, 250),
(11100, 445, 251),
(11105, 445, 252),
(11120, 445, 255),
(11130, 445, 257),
(11135, 445, 258),
(11140, 445, 259),
(11145, 445, 260),
(11150, 445, 261),
(11155, 445, 262),
(11160, 445, 263),
(11170, 445, 265),
(11175, 445, 266),
(11180, 445, 267),
(11185, 445, 268),
(11190, 445, 269),
(11205, 445, 272),
(11210, 445, 273),
(11215, 445, 274),
(11225, 445, 276),
(11230, 445, 277),
(11235, 445, 278),
(11240, 445, 279),
(11245, 445, 280),
(11250, 445, 281),
(11515, 445, 334),
(11545, 445, 340),
(13066, 446, 645),
(13071, 446, 646),
(13067, 447, 645),
(13072, 447, 646),
(13068, 448, 645),
(13073, 448, 646),
(13069, 449, 645),
(13074, 449, 646),
(13070, 450, 645),
(13075, 450, 646),
(12056, 451, 443),
(12061, 451, 444),
(12066, 451, 445),
(12071, 451, 446),
(12076, 451, 447),
(12081, 451, 448),
(12086, 451, 449),
(12091, 451, 450),
(12096, 451, 451),
(12101, 451, 452),
(12106, 451, 453),
(12111, 451, 454),
(12116, 451, 455),
(12121, 451, 456),
(12126, 451, 457),
(12131, 451, 458),
(12136, 451, 459),
(12141, 451, 460),
(12146, 451, 461),
(12151, 451, 462),
(12156, 451, 463),
(12161, 451, 464),
(12166, 451, 465),
(12057, 452, 443),
(12062, 452, 444),
(12067, 452, 445),
(12072, 452, 446),
(12077, 452, 447),
(12082, 452, 448),
(12087, 452, 449),
(12092, 452, 450),
(12097, 452, 451),
(12102, 452, 452),
(12107, 452, 453),
(12112, 452, 454),
(12117, 452, 455),
(12122, 452, 456),
(12127, 452, 457),
(12132, 452, 458),
(12137, 452, 459),
(12142, 452, 460),
(12147, 452, 461),
(12152, 452, 462),
(12157, 452, 463),
(12162, 452, 464),
(12167, 452, 465),
(12058, 453, 443),
(12063, 453, 444),
(12068, 453, 445),
(12073, 453, 446),
(12078, 453, 447),
(12083, 453, 448),
(12088, 453, 449),
(12093, 453, 450),
(12098, 453, 451),
(12103, 453, 452),
(12108, 453, 453),
(12113, 453, 454),
(12118, 453, 455),
(12123, 453, 456),
(12128, 453, 457),
(12133, 453, 458),
(12138, 453, 459),
(12143, 453, 460),
(12148, 453, 461),
(12153, 453, 462),
(12158, 453, 463),
(12163, 453, 464),
(12168, 453, 465),
(12059, 454, 443),
(12064, 454, 444),
(12069, 454, 445),
(12074, 454, 446),
(12079, 454, 447),
(12084, 454, 448),
(12089, 454, 449),
(12094, 454, 450),
(12099, 454, 451),
(12104, 454, 452),
(12109, 454, 453),
(12114, 454, 454),
(12119, 454, 455),
(12124, 454, 456),
(12129, 454, 457),
(12134, 454, 458),
(12139, 454, 459),
(12144, 454, 460),
(12149, 454, 461),
(12154, 454, 462),
(12159, 454, 463),
(12164, 454, 464),
(12169, 454, 465),
(12060, 455, 443),
(12065, 455, 444),
(12070, 455, 445),
(12075, 455, 446),
(12080, 455, 447),
(12085, 455, 448),
(12090, 455, 449),
(12095, 455, 450),
(12100, 455, 451),
(12105, 455, 452),
(12110, 455, 453),
(12115, 455, 454),
(12120, 455, 455),
(12125, 455, 456),
(12130, 455, 457),
(12135, 455, 458),
(12140, 455, 459),
(12145, 455, 460),
(12150, 455, 461),
(12155, 455, 462),
(12160, 455, 463),
(12165, 455, 464),
(12170, 455, 465);

-- --------------------------------------------------------

--
-- Table structure for table `class_course_teacher_semester`
--

DROP TABLE IF EXISTS `class_course_teacher_semester`;
CREATE TABLE IF NOT EXISTS `class_course_teacher_semester` (
`class_course_teacher_semester_id` int(11) NOT NULL,
  `class_semester_id` int(11) NOT NULL,
  `course_semester_id` int(11) NOT NULL,
  `teacher_semester_id` int(11) NOT NULL
) ENGINE=InnoDB DEFAULT CHARSET=latin1;

-- --------------------------------------------------------

--
-- Table structure for table `class_semester`
--

DROP TABLE IF EXISTS `class_semester`;
CREATE TABLE IF NOT EXISTS `class_semester` (
`class_semester_id` int(11) NOT NULL,
  `class_id` int(11) NOT NULL,
  `semester_id` int(11) NOT NULL,
  `semester` int(11) NOT NULL
) ENGINE=InnoDB AUTO_INCREMENT=108 DEFAULT CHARSET=latin1;

--
-- Dumping data for table `class_semester`
--

INSERT INTO `class_semester` (`class_semester_id`, `class_id`, `semester_id`, `semester`) VALUES
(81, 84, 2, 1),
(82, 85, 2, 1),
(83, 86, 2, 1),
(84, 87, 2, 1),
(85, 88, 2, 1),
(86, 89, 2, 1),
(87, 90, 2, 1),
(88, 91, 2, 1),
(89, 92, 2, 2),
(90, 93, 2, 2),
(91, 94, 2, 2),
(92, 95, 2, 2),
(93, 96, 2, 3),
(94, 97, 2, 3),
(95, 98, 2, 3),
(96, 99, 2, 3),
(97, 100, 2, 4),
(98, 101, 2, 4),
(99, 102, 2, 4),
(100, 103, 2, 4),
(101, 104, 2, 4),
(102, 105, 2, 4),
(103, 106, 2, 4),
(104, 107, 2, 5),
(105, 108, 2, 5),
(106, 109, 2, 5),
(107, 110, 2, 5);

-- --------------------------------------------------------

--
-- Table structure for table `courses`
--

DROP TABLE IF EXISTS `courses`;
CREATE TABLE IF NOT EXISTS `courses` (
`course_id` int(11) NOT NULL,
  `code` varchar(20) NOT NULL,
  `name` varchar(500) CHARACTER SET utf8 COLLATE utf8_vietnamese_ci NOT NULL,
  `department_id` int(11) DEFAULT NULL
) ENGINE=InnoDB AUTO_INCREMENT=277 DEFAULT CHARSET=latin1;

--
-- Dumping data for table `courses`
--

INSERT INTO `courses` (`course_id`, `code`, `name`, `department_id`) VALUES
(242, 'SSG101', 'Working in Group', 25),
(243, 'CSI101', 'Introduction to Computing', 15),
(244, 'PRO201', 'Front-end Web Development', 15),
(245, 'DBI201', 'Introduction to Databases', 15),
(246, 'CSD202', 'Data structures and algorithms (In C++)', 15),
(247, 'PRO192', 'Object-Oriented Programming with Java', 15),
(248, 'OSG202', 'Operating Systems', 15),
(249, 'PRN292', 'C# and .Net Technology', 15),
(250, 'CSD201', 'Data Structures and Algorithms', 15),
(251, 'PRF192', 'Programming fundamentals using C', 15),
(252, 'PRJ311', 'Desktop Java Applications', 15),
(253, 'NWC202', 'Computer Networking', 15),
(254, 'PRJ321', 'Web-based Java Applications', 15),
(255, 'LAB101', 'Lab 1', 18),
(256, 'IAO101', 'Information Assurance Overview', 21),
(257, 'CEA201', 'Computer Organization and Architecture', 21),
(258, 'LAB211', 'Pre-intermediate Practicing', 18),
(259, 'CES201', 'System support and Trouble shooting for Windows Server 2008', 21),
(260, 'JPD111', 'Japanese 1', 22),
(261, 'JPS132', 'Japanese 3', 22),
(262, 'JPD131', 'Industry driven course (Japanese 3)', 22),
(263, 'MAE101', 'Mathematics for Engineering', 23),
(264, 'MAD101', 'Discrete mathematics', 23),
(265, 'MAS291', 'Probability and Applied Statistics', 23),
(266, 'PHY101', 'Physics', 23),
(267, 'SWR301', 'Software Requirements', 24),
(268, 'IAA301', 'Phn tch thng tin\nIntelligence Analysics', 24),
(269, 'SWQ391', 'Software Quality Assurance and Testing', 24),
(270, 'IAA201', 'Phn tch l hng v ri roRisk-Vulnerability Analysis', 24),
(271, 'IAP201', 'Privacy and IT Ethics', 24),
(272, 'IAP301', 'Pht trin chnh sch ATTT\nPolicy Development in Information Assurance', 24),
(273, 'SRE301', 'Ky thut dich ngc \nSoftware Revert Engineering', 24),
(274, 'OSP201', 'H thng ngun m v qun tr mng\nOpen Source Platform and Network Administration', 24),
(275, 'DBI202', 'DBI202', 15),
(276, 'SWD391', 'SWD391', 24);

-- --------------------------------------------------------

--
-- Table structure for table `course_semester`
--

DROP TABLE IF EXISTS `course_semester`;
CREATE TABLE IF NOT EXISTS `course_semester` (
`course_semester_id` int(11) NOT NULL,
  `course_id` int(11) NOT NULL,
  `semester_id` int(11) NOT NULL,
  `slots` int(11) NOT NULL,
  `course_condition_id` int(11) DEFAULT NULL
) ENGINE=InnoDB AUTO_INCREMENT=277 DEFAULT CHARSET=latin1;

--
-- Dumping data for table `course_semester`
--

INSERT INTO `course_semester` (`course_semester_id`, `course_id`, `semester_id`, `slots`, `course_condition_id`) VALUES
(242, 242, 2, 30, NULL),
(243, 243, 2, 30, NULL),
(244, 244, 2, 30, NULL),
(245, 245, 2, 30, NULL),
(246, 246, 2, 30, NULL),
(247, 247, 2, 30, NULL),
(248, 248, 2, 30, NULL),
(249, 249, 2, 30, NULL),
(250, 250, 2, 30, 247),
(251, 251, 2, 30, NULL),
(252, 252, 2, 30, 247),
(253, 253, 2, 30, 248),
(254, 254, 2, 30, 251),
(255, 255, 2, 30, 251),
(256, 256, 2, 30, NULL),
(257, 257, 2, 30, NULL),
(258, 258, 2, 30, 247),
(259, 259, 2, 30, NULL),
(260, 260, 2, 30, NULL),
(261, 261, 2, 30, NULL),
(262, 262, 2, 30, 260),
(263, 263, 2, 30, NULL),
(264, 264, 2, 30, NULL),
(265, 265, 2, 30, NULL),
(266, 266, 2, 30, NULL),
(267, 267, 2, 30, NULL),
(268, 268, 2, 30, NULL),
(269, 269, 2, 30, NULL),
(270, 270, 2, 30, NULL),
(271, 271, 2, 30, NULL),
(272, 272, 2, 30, NULL),
(273, 273, 2, 30, NULL),
(274, 274, 2, 30, NULL),
(275, 275, 2, 30, NULL),
(276, 276, 2, 30, NULL);

-- --------------------------------------------------------

--
-- Table structure for table `department`
--

DROP TABLE IF EXISTS `department`;
CREATE TABLE IF NOT EXISTS `department` (
`department_id` int(11) NOT NULL,
  `code` varchar(10) NOT NULL,
  `name` varchar(50) NOT NULL
) ENGINE=InnoDB AUTO_INCREMENT=27 DEFAULT CHARSET=latin1;

--
-- Dumping data for table `department`
--

INSERT INTO `department` (`department_id`, `code`, `name`) VALUES
(14, 'BA', 'BA'),
(15, 'CF', 'CF'),
(16, 'CS', 'CS'),
(17, 'ENG', 'ENG'),
(18, 'FSOFT', 'FSOFT'),
(19, 'GD', 'GD'),
(20, 'HS', 'HS'),
(21, 'ITS', 'ITS'),
(22, 'JPN', 'JPN'),
(23, 'Math', 'Math'),
(24, 'SE', 'SE'),
(25, 'SS', 'SS'),
(26, 'TI', 'TI');

-- --------------------------------------------------------

--
-- Table structure for table `program_semester`
--

DROP TABLE IF EXISTS `program_semester`;
CREATE TABLE IF NOT EXISTS `program_semester` (
`program_semester_id` int(11) NOT NULL,
  `semester_id` int(11) NOT NULL,
  `current_semester` int(11) NOT NULL,
  `specialized_id` int(11) NOT NULL,
  `detail_specialized_id` int(11) DEFAULT NULL,
  `batch` int(11) NOT NULL
) ENGINE=InnoDB AUTO_INCREMENT=24 DEFAULT CHARSET=latin1;

--
-- Dumping data for table `program_semester`
--

INSERT INTO `program_semester` (`program_semester_id`, `semester_id`, `current_semester`, `specialized_id`, `detail_specialized_id`, `batch`) VALUES
(13, 2, 1, 1, 1, 10),
(14, 2, 2, 1, 1, 10),
(15, 2, 3, 1, 1, 10),
(16, 2, 4, 1, 1, 9),
(17, 2, 5, 1, 1, 9),
(18, 2, 1, 1, 7, 10),
(19, 2, 2, 1, 7, 10),
(20, 2, 3, 1, 8, 10),
(21, 2, 4, 1, 7, 9),
(22, 2, 5, 1, 7, 9),
(23, 2, 1, 1, 8, 10);

-- --------------------------------------------------------

--
-- Table structure for table `program_semester_detail`
--

DROP TABLE IF EXISTS `program_semester_detail`;
CREATE TABLE IF NOT EXISTS `program_semester_detail` (
`program_semester_detail_id` int(11) NOT NULL,
  `program_semester_id` int(11) NOT NULL,
  `course_semester_id` int(11) NOT NULL,
  `is_semester_long` tinyint(1) NOT NULL
) ENGINE=InnoDB AUTO_INCREMENT=107 DEFAULT CHARSET=latin1;

--
-- Dumping data for table `program_semester_detail`
--

INSERT INTO `program_semester_detail` (`program_semester_detail_id`, `program_semester_id`, `course_semester_id`, `is_semester_long`) VALUES
(52, 13, 243, 0),
(53, 13, 242, 0),
(54, 13, 263, 0),
(55, 13, 251, 0),
(56, 13, 257, 1),
(57, 14, 244, 0),
(58, 14, 247, 0),
(59, 14, 275, 0),
(60, 14, 264, 0),
(61, 14, 255, 1),
(62, 15, 260, 0),
(63, 15, 248, 0),
(64, 15, 250, 0),
(65, 15, 252, 0),
(66, 15, 258, 1),
(67, 16, 275, 0),
(68, 16, 249, 0),
(69, 16, 250, 0),
(70, 16, 253, 0),
(71, 16, 262, 1),
(72, 17, 267, 0),
(73, 17, 269, 0),
(74, 17, 261, 0),
(75, 17, 265, 0),
(76, 17, 254, 1),
(77, 18, 243, 0),
(78, 18, 242, 0),
(79, 18, 263, 0),
(80, 18, 251, 0),
(81, 18, 257, 1),
(82, 19, 244, 0),
(83, 19, 247, 0),
(84, 19, 275, 0),
(85, 19, 264, 0),
(86, 19, 255, 1),
(87, 20, 256, 0),
(88, 20, 248, 0),
(89, 20, 250, 0),
(90, 20, 252, 0),
(91, 20, 258, 1),
(92, 21, 246, 0),
(93, 21, 275, 0),
(94, 21, 271, 0),
(95, 21, 253, 0),
(96, 21, 259, 1),
(97, 22, 268, 0),
(98, 22, 270, 0),
(99, 22, 272, 0),
(100, 22, 273, 0),
(101, 22, 274, 1),
(102, 23, 263, 0),
(103, 23, 243, 0),
(104, 23, 257, 0),
(105, 23, 251, 0),
(106, 23, 266, 1);

-- --------------------------------------------------------

--
-- Table structure for table `rooms`
--

DROP TABLE IF EXISTS `rooms`;
CREATE TABLE IF NOT EXISTS `rooms` (
`room_id` int(11) NOT NULL,
  `code` varchar(20) NOT NULL,
  `courses` varchar(1000) DEFAULT NULL,
  `capacity` int(11) NOT NULL,
  `building_id` int(11) DEFAULT NULL
) ENGINE=InnoDB AUTO_INCREMENT=98 DEFAULT CHARSET=latin1;

--
-- Dumping data for table `rooms`
--

INSERT INTO `rooms` (`room_id`, `code`, `courses`, `capacity`, `building_id`) VALUES
(50, 'P201', 'SSG101, SSC102, SSC101', 30, 4),
(51, 'P202', 'SSG101, SSC102, SSC101', 30, 4),
(52, 'P203', 'SSG101, SSC102, SSC101', 30, 4),
(53, 'P204', NULL, 30, 4),
(54, 'P205', NULL, 30, 4),
(55, 'P209', NULL, 30, 4),
(56, 'P211', NULL, 30, 4),
(57, 'P212', NULL, 30, 4),
(58, 'P215', NULL, 30, 4),
(59, 'P216', NULL, 30, 4),
(60, 'P217', NULL, 30, 4),
(61, 'P218', NULL, 30, 4),
(62, 'P219', NULL, 30, 4),
(63, 'P220', NULL, 30, 4),
(64, 'P221', NULL, 30, 4),
(65, 'P301', NULL, 30, 4),
(66, 'P302', NULL, 30, 4),
(67, 'P303', NULL, 30, 4),
(68, 'P304', NULL, 30, 4),
(69, 'P305', NULL, 30, 4),
(70, 'P306', NULL, 30, 4),
(71, 'P307', NULL, 30, 4),
(72, 'P308', NULL, 30, 4),
(73, 'P309', NULL, 30, 4),
(74, 'P310', NULL, 30, 4),
(75, 'P311', NULL, 31, 4),
(76, 'P312', NULL, 32, 4),
(77, 'P313', NULL, 30, 4),
(78, 'P314', NULL, 30, 4),
(79, 'P315', NULL, 30, 4),
(80, 'P316', NULL, 30, 4),
(81, 'P317', NULL, 30, 4),
(82, 'P318', NULL, 30, 4),
(83, 'P319', NULL, 30, 4),
(84, 'P320', NULL, 31, 4),
(85, 'P321', NULL, 30, 4),
(86, 'P411', NULL, 32, 4),
(87, 'HB/201L', NULL, 33, 3),
(88, 'HB/203L', NULL, 30, 3),
(89, 'HB/204L', NULL, 30, 3),
(90, 'HB/207L', NULL, 30, 3),
(91, 'HB/301R', NULL, 30, 3),
(92, 'HB/302R', NULL, 30, 3),
(93, 'HB/303R-305R', NULL, 70, 3),
(94, 'HB/304R', 'GDG401, WMT201, DRA301, GDS301, CAA201, PST201, AFA201, GDF101, HOA101, DRF201, VCM201, DRS101, DGT101, PST201, DRP101, VNC101', 30, 3),
(95, 'HB/307R', NULL, 30, 3),
(96, 'HB/309R', 'GDG401, WMT201, DRA301, GDS301, CAA201, PST201, AFA201, GDF101, HOA101, DRF201, VCM201, DRS101, DGT101, PST201, DRP101, VNC101', 30, 3),
(97, 'HB/202R', 'LAB101, LAB211', 30, 3);

-- --------------------------------------------------------

--
-- Table structure for table `semesters`
--

DROP TABLE IF EXISTS `semesters`;
CREATE TABLE IF NOT EXISTS `semesters` (
`semester_id` int(11) NOT NULL,
  `code` varchar(10) NOT NULL,
  `name` varchar(100) NOT NULL,
  `semester_year` int(11) NOT NULL,
  `start_date` date NOT NULL,
  `end_date` date NOT NULL
) ENGINE=InnoDB AUTO_INCREMENT=4 DEFAULT CHARSET=latin1;

--
-- Dumping data for table `semesters`
--

INSERT INTO `semesters` (`semester_id`, `code`, `name`, `semester_year`, `start_date`, `end_date`) VALUES
(2, 'FA15', 'Fall 2015', 0, '2015-09-07', '2016-01-02'),
(3, '11111', '11', 0, '2015-08-02', '2015-08-21');

-- --------------------------------------------------------

--
-- Table structure for table `specialized`
--

DROP TABLE IF EXISTS `specialized`;
CREATE TABLE IF NOT EXISTS `specialized` (
`specialized_id` int(11) NOT NULL,
  `code` varchar(10) NOT NULL,
  `name` varchar(20) NOT NULL,
  `is_detail_specialized` tinyint(1) NOT NULL
) ENGINE=InnoDB AUTO_INCREMENT=9 DEFAULT CHARSET=latin1;

--
-- Dumping data for table `specialized`
--

INSERT INTO `specialized` (`specialized_id`, `code`, `name`, `is_detail_specialized`) VALUES
(1, 'SE', 'SE', 0),
(2, 'IS1', 'IS1', 1),
(3, 'IS2', 'IS2', 1),
(4, 'ES1', 'ES1', 1),
(5, 'ES2', 'ES2', 1),
(6, 'JS', 'JS', 1),
(7, 'IA', 'IA', 1),
(8, 'EC', 'EC', 1);

-- --------------------------------------------------------

--
-- Table structure for table `staff`
--

DROP TABLE IF EXISTS `staff`;
CREATE TABLE IF NOT EXISTS `staff` (
`staff_id` int(11) NOT NULL,
  `account` varchar(20) NOT NULL,
  `name` varchar(100) CHARACTER SET utf8 COLLATE utf8_vietnamese_ci NOT NULL,
  `email` varchar(50) NOT NULL
) ENGINE=InnoDB AUTO_INCREMENT=7 DEFAULT CHARSET=latin1;

--
-- Dumping data for table `staff`
--

INSERT INTO `staff` (`staff_id`, `account`, `name`, `email`) VALUES
(4, 'duchmse02551', 'Hoang Minh Duc', 'duchmse02551@fpt.edu.vn'),
(5, 'hansse02618', 'hansse02618', 'hansse02618@fpt.edu.vn'),
(6, 'CongLTSE02543', 'Lu Thnh Cng', 'congltse02543@fpt.edu.vn');

-- --------------------------------------------------------

--
-- Table structure for table `students`
--

DROP TABLE IF EXISTS `students`;
CREATE TABLE IF NOT EXISTS `students` (
`student_id` int(11) NOT NULL,
  `account` varchar(20) CHARACTER SET latin1 NOT NULL,
  `name` varchar(100) COLLATE utf8_vietnamese_ci NOT NULL,
  `email` varchar(50) CHARACTER SET latin1 NOT NULL,
  `student_code` varchar(10) CHARACTER SET latin1 NOT NULL,
  `specialized_id` int(11) NOT NULL,
  `detail_specialized_id` int(11) DEFAULT NULL,
  `batch` varchar(10) CHARACTER SET latin1 NOT NULL,
  `semester` int(11) NOT NULL,
  `class_semester_id` int(11) DEFAULT NULL
) ENGINE=InnoDB AUTO_INCREMENT=647 DEFAULT CHARSET=utf8 COLLATE=utf8_vietnamese_ci;

--
-- Dumping data for table `students`
--

INSERT INTO `students` (`student_id`, `account`, `name`, `email`, `student_code`, `specialized_id`, `detail_specialized_id`, `batch`, `semester`, `class_semester_id`) VALUES
(1, 'DinhNTSE04486', 'Nguyn Th Dinh', 'DinhNTSE04486@fpt.edu.vn', 'SE04486', 1, 1, 'NotSet', 3, 93),
(2, 'HuynhDTSE03573', ' Thin Hunh', 'HuynhDTSE03573@fpt.edu.vn', 'SE03573', 1, 1, 'NotSet', 4, 97),
(3, 'QuyNHSE03631', 'Nguyn Hng Qu', 'QuyNHSE03631@fpt.edu.vn', 'SE03631', 1, 1, 'NotSet', 4, 97),
(4, 'TuanDASE03644', 'o Anh Tun', 'TuanDASE03644@fpt.edu.vn', 'SE03644', 1, 1, 'NotSet', 4, 97),
(5, 'LuongNVSE03673', 'Nguyn Vn Lng', 'LuongNVSE03673@fpt.edu.vn', 'SE03673', 1, 1, 'NotSet', 3, 93),
(6, 'DongNPSE03794', 'Nguyn Phng ng', 'DongNPSE03794@fpt.edu.vn', 'SE03794', 1, 1, 'NotSet', 4, 97),
(7, 'TrungNDSE03802', 'Nguyn c Trung', 'TrungNDSE03802@fpt.edu.vn', 'SE03802', 1, 1, 'NotSet', 4, 97),
(8, 'NamNPSE03883', 'Nguyn Phng Nam', 'NamNPSE03883@fpt.edu.vn', 'SE03883', 1, 1, 'NotSet', 4, 97),
(9, 'AnhPBSE04073', 'Phm Bo Anh', 'AnhPBSE04073@fpt.edu.vn', 'SE04073', 1, 1, 'NotSet', 2, 89),
(10, 'DangVHSE04121', 'V Hi ng', 'DangVHSE04121@fpt.edu.vn', 'SE04121', 1, 1, 'NotSet', 2, 89),
(11, 'MungDVSE03914', 'on Vn Mng', 'MungDVSE03914@fpt.edu.vn', 'SE03914', 1, 1, 'NotSet', 3, 93),
(12, 'DatLHSE03841', 'L Huy t', 'DatLHSE03841@fpt.edu.vn', 'SE03841', 1, 1, 'NotSet', 4, 97),
(13, 'AnhCVTSE03893', 'Chu V Tng Anh', 'AnhCVTSE03893@fpt.edu.vn', 'SE03893', 1, 1, 'NotSet', 4, 97),
(14, 'AnhNTSE03679', 'Ng Tun Anh', 'AnhNTSE03679@fpt.edu.vn', 'SE03679', 1, 1, 'NotSet', 3, 93),
(15, 'SonHHSE03835', 'H Hng Sn', 'SonHHSE03835@fpt.edu.vn', 'SE03835', 1, 1, 'NotSet', 2, 89),
(16, 'BaoNVSE03858', 'Nguyn Vn Bo', 'BaoNVSE03858@fpt.edu.vn', 'SE03858', 1, 1, 'NotSet', 2, 89),
(17, 'HungTVSE03537', 'Trn Vn Hng', 'HungTVSE03537@fpt.edu.vn', 'SE03537', 1, 1, 'NotSet', 3, 93),
(18, 'TungNDSE03588', 'Nguyn c Tng', 'TungNDSE03588@fpt.edu.vn', 'SE03588', 1, 1, 'NotSet', 2, 89),
(19, 'CuongTVSE03663', 'Thn Vn Cng', 'CuongTVSE03663@fpt.edu.vn', 'SE03663', 1, 1, 'NotSet', 3, 93),
(20, 'TuanLMSE03688', 'L Minh Tun', 'TuanLMSE03688@fpt.edu.vn', 'SE03688', 1, 1, 'NotSet', 3, 93),
(21, 'HaiPVSE03698', 'Phm Vit Hi', 'HaiPVSE03698@fpt.edu.vn', 'SE03698', 1, 1, 'NotSet', 2, 89),
(22, 'TuanHDSE03730', 'Hong ng Tun', 'TuanHDSE03730@fpt.edu.vn', 'SE03730', 1, 1, 'NotSet', 3, 93),
(23, 'TrungVHSE03751', 'V Huy Trung', 'TrungVHSE03751@fpt.edu.vn', 'SE03751', 1, 1, 'NotSet', 3, 93),
(24, 'TrongDTSE03761', 'ng Tun Trng', 'TrongDTSE03761@fpt.edu.vn', 'SE03761', 1, 1, 'NotSet', 2, 89),
(25, 'DungNDSE03796', 'Nguyn nh Dng', 'DungNDSE03796@fpt.edu.vn', 'SE03796', 1, 1, 'NotSet', 2, 89),
(26, 'ThanhPTSE03828', 'Phm Trng Thnh', 'ThanhPTSE03828@fpt.edu.vn', 'SE03828', 1, 1, 'NotSet', 3, 93),
(27, 'AnhLVSE03908', 'L Vit Anh', 'AnhLVSE03908@fpt.edu.vn', 'SE03908', 1, 1, 'NotSet', 3, 93),
(28, 'HungNTSE03913', 'Nguyn Th Hng', 'HungNTSE03913@fpt.edu.vn', 'SE03913', 1, 1, 'NotSet', 2, 89),
(29, 'TungNTSE03924', 'Nguyn Thanh Tng', 'TungNTSE03924@fpt.edu.vn', 'SE03924', 1, 1, 'NotSet', 3, 93),
(30, 'TuyenPKSE03937', 'Phm Kim Tuyn', 'TuyenPKSE03937@fpt.edu.vn', 'SE03937', 1, 1, 'NotSet', 3, 93),
(31, 'KhoaTDSE03372', 'Trn ng Khoa', 'KhoaTDSE03372@fpt.edu.vn', 'SE03372', 1, 1, 'NotSet', 3, 93),
(32, 'HieuTTSE03468', 'Trn Trung Hiu', 'HieuTTSE03468@fpt.edu.vn', 'SE03468', 1, 1, 'NotSet', 3, 93),
(33, 'AnhNCSE03485', 'Nguyn Cng Anh', 'AnhNCSE03485@fpt.edu.vn', 'SE03485', 1, 1, 'NotSet', 3, 93),
(34, 'TuanTASE03554', 'Trn Anh Tun', 'TuanTASE03554@fpt.edu.vn', 'SE03554', 1, 1, 'NotSet', 3, 93),
(35, 'HiepNHSE03561', 'Nguyn Hu Hip', 'HiepNHSE03561@fpt.edu.vn', 'SE03561', 1, 1, 'NotSet', 3, 93),
(36, 'TrungNHSE03608', 'Nguyn Hong Trung', 'TrungNHSE03608@fpt.edu.vn', 'SE03608', 1, 1, 'NotSet', 3, 93),
(37, 'HoaNKSE03609', 'Nguyn Khnh Ha', 'HoaNKSE03609@fpt.edu.vn', 'SE03609', 1, 1, 'NotSet', 3, 93),
(38, 'TruongNXSE03627', 'Nguyn Xun Trng', 'TruongNXSE03627@fpt.edu.vn', 'SE03627', 1, 1, 'NotSet', 3, 93),
(39, 'KhanhCVSE03642', 'Chu Vn Khnh', 'KhanhCVSE03642@fpt.edu.vn', 'SE03642', 1, 1, 'NotSet', 3, 93),
(40, 'DungPTSE03655', 'Phm Tun Dng', 'DungPTSE03655@fpt.edu.vn', 'SE03655', 1, 1, 'NotSet', 3, 93),
(41, 'HoangTVSE03656', 'Trn Vit Hong', 'HoangTVSE03656@fpt.edu.vn', 'SE03656', 1, 1, 'NotSet', 3, 93),
(42, 'AnhVNSE03674', 'Vn Ngc nh', 'AnhVNSE03674@fpt.edu.vn', 'SE03674', 1, 1, 'NotSet', 3, 93),
(43, 'BangNVSE03684', 'Nguyn Vn Bng', 'BangNVSE03684@fpt.edu.vn', 'SE03684', 1, 1, 'NotSet', 3, 93),
(44, 'DuongHTNSE03716', 'Hong Trn Nht Dng', 'DuongHTNSE03716@fpt.edu.vn', 'SE03716', 1, 1, 'NotSet', 3, 93),
(45, 'DucHASE03729', 'H Anh c', 'DucHASE03729@fpt.edu.vn', 'SE03729', 1, 1, 'NotSet', 3, 93),
(46, 'HiepDHSE03731', 'ng Hong Hip', 'HiepDHSE03731@fpt.edu.vn', 'SE03731', 1, 1, 'NotSet', 3, 93),
(47, 'AnhVMSE03758', 'V Minh nh', 'AnhVMSE03758@fpt.edu.vn', 'SE03758', 1, 1, 'NotSet', 3, 93),
(48, 'AnhNVSE03759', 'Nguyn Vit Anh', 'AnhNVSE03759@fpt.edu.vn', 'SE03759', 1, 1, 'NotSet', 3, 94),
(49, 'HaiNNSE03772', 'Nguyn Ngc Hi', 'HaiNNSE03772@fpt.edu.vn', 'SE03772', 1, 1, 'NotSet', 3, 94),
(50, 'QuangNHSE03792', 'Nguyn Huy Quang', 'QuangNHSE03792@fpt.edu.vn', 'SE03792', 1, 1, 'NotSet', 2, 89),
(51, 'HoanLTSE03813', 'L Trn Hon', 'HoanLTSE03813@fpt.edu.vn', 'SE03813', 1, 1, 'NotSet', 3, 94),
(52, 'TruongTVSE03815', 'Trn Vn Trng', 'TruongTVSE03815@fpt.edu.vn', 'SE03815', 1, 1, 'NotSet', 3, 94),
(53, 'AnhNNTSE03823', 'Nguyn Ngc Tun Anh', 'AnhNNTSE03823@fpt.edu.vn', 'SE03823', 1, 1, 'NotSet', 2, 89),
(54, 'TuanLASE03831', 'L Anh Tun', 'TuanLASE03831@fpt.edu.vn', 'SE03831', 1, 1, 'NotSet', 3, 94),
(55, 'NamLASE03836', 'L Anh Nam', 'NamLASE03836@fpt.edu.vn', 'SE03836', 1, 1, 'NotSet', 3, 94),
(56, 'SonPBSE03907', 'Phan Bo Sn', 'SonPBSE03907@fpt.edu.vn', 'SE03907', 1, 1, 'NotSet', 3, 94),
(57, 'ThaiHTSE03926', 'Hong Tun Thi', 'ThaiHTSE03926@fpt.edu.vn', 'SE03926', 1, 1, 'NotSet', 3, 94),
(58, 'VinhNVSE03927', 'Nguyn Vn Vinh', 'VinhNVSE03927@fpt.edu.vn', 'SE03927', 1, 1, 'NotSet', 3, 94),
(59, 'CongLDSE03929', 'L Duy Cng', 'CongLDSE03929@fpt.edu.vn', 'SE03929', 1, 1, 'NotSet', 3, 94),
(60, 'HanhNTSE03934', 'Nguyn Th Hnh', 'HanhNTSE03934@fpt.edu.vn', 'SE03934', 1, 1, 'NotSet', 3, 94),
(61, 'TinhNXSE03935', 'Nguyn Xun Tnh', 'TinhNXSE03935@fpt.edu.vn', 'SE03935', 1, 1, 'NotSet', 3, 94),
(62, 'AnhDTSE03942', ' Tun Anh', 'AnhDTSE03942@fpt.edu.vn', 'SE03942', 1, 1, 'NotSet', 3, 94),
(63, 'TungVKSE02372', 'V Khnh Tng', 'TungVKSE02372@fpt.edu.vn', 'SE02372', 1, 1, 'NotSet', 2, 89),
(64, 'TinNVSE03660', 'Nguyn Vn Tn', 'TinNVSE03660@fpt.edu.vn', 'SE03660', 1, 1, 'NotSet', 3, 94),
(65, 'QuanTDSE03667', 'Trn ng Qun', 'QuanTDSE03667@fpt.edu.vn', 'SE03667', 1, 1, 'NotSet', 2, 89),
(66, 'NgocNVSE03390', 'Nguyn Vn Ngc', 'NgocNVSE03390@fpt.edu.vn', 'SE03390', 1, 1, 'NotSet', 3, 94),
(67, 'TungNDSE03526', 'Nguyn c Tng', 'TungNDSE03526@fpt.edu.vn', 'SE03526', 1, 1, 'NotSet', 3, 94),
(68, 'LucDVSE03546', 'inh Vn Lc', 'LucDVSE03546@fpt.edu.vn', 'SE03546', 1, 1, 'NotSet', 3, 94),
(69, 'ThinhNTSE03548', 'Nguyn Tin Thnh', 'ThinhNTSE03548@fpt.edu.vn', 'SE03548', 1, 1, 'NotSet', 3, 94),
(70, 'LinhNTSE03586', 'Nguyn Th Linh', 'LinhNTSE03586@fpt.edu.vn', 'SE03586', 1, 1, 'NotSet', 3, 94),
(71, 'ManhDKSE03686', 'o Khc Mnh', 'ManhDKSE03686@fpt.edu.vn', 'SE03686', 1, 1, 'NotSet', 3, 94),
(72, 'HinhNXSE03687', 'Nguyn Xun Hinh', 'HinhNXSE03687@fpt.edu.vn', 'SE03687', 1, 1, 'NotSet', 3, 94),
(73, 'GiangNTSE03695', 'Nguyn Trng Giang', 'GiangNTSE03695@fpt.edu.vn', 'SE03695', 1, 1, 'NotSet', 3, 94),
(74, 'QuanTHSE03733', 'Trn Hng Qun', 'QuanTHSE03733@fpt.edu.vn', 'SE03733', 1, 1, 'NotSet', 3, 94),
(75, 'NamPTSE04116', 'Phan Thnh Nam', 'NamPTSE04116@fpt.edu.vn', 'SE04116', 1, 1, 'NotSet', 2, 89),
(76, 'PhuongNMSE04196', 'Nguyn Minh Phng', 'PhuongNMSE04196@fpt.edu.vn', 'SE04196', 1, 1, 'NotSet', 3, 94),
(77, 'HaDNSE04048', 'ng Nht H', 'HaDNSE04048@fpt.edu.vn', 'SE04048', 1, 1, 'NotSet', 3, 94),
(78, 'MinhNTSE04083', 'Ng Th Minh', 'MinhNTSE04083@fpt.edu.vn', 'SE04083', 1, 1, 'NotSet', 3, 94),
(79, 'TuanTASE04118', 'Trn Anh Tun', 'TuanTASE04118@fpt.edu.vn', 'SE04118', 1, 1, 'NotSet', 3, 94),
(80, 'DungLHSE04230', 'L Hong Dng', 'DungLHSE04230@fpt.edu.vn', 'SE04230', 1, 1, 'NotSet', 3, 94),
(81, 'TungVDSE04074', 'V c Tng', 'TungVDSE04074@fpt.edu.vn', 'SE04074', 1, 1, 'NotSet', 3, 94),
(82, 'TrungBDSE04114', 'Bi c Trung', 'TrungBDSE04114@fpt.edu.vn', 'SE04114', 1, 1, 'NotSet', 3, 94),
(83, 'ManhNTSE04004', 'Nguyn Tin Mnh', 'ManhNTSE04004@fpt.edu.vn', 'SE04004', 1, 1, 'NotSet', 3, 95),
(84, 'TuTHSE04063', 'Trn Hu T', 'TuTHSE04063@fpt.edu.vn', 'SE04063', 1, 1, 'NotSet', 3, 95),
(85, 'ManhHDSE04394', 'Hong c Mnh', 'ManhHDSE04394@fpt.edu.vn', 'SE04394', 1, 1, 'NotSet', 3, 95),
(86, 'HoangVVSE04088', 'Vng Vit Hong', 'HoangVVSE04088@fpt.edu.vn', 'SE04088', 1, 1, 'NotSet', 3, 95),
(87, 'CuongNTSE03238', 'Nguyn Thnh Cng', 'CuongNTSE03238@fpt.edu.vn', 'SE03238', 1, 1, 'NotSet', 4, 97),
(88, 'NguyenTCSE03248', 'Trn Cng Nguyn', 'NguyenTCSE03248@fpt.edu.vn', 'SE03248', 1, 1, 'NotSet', 4, 97),
(89, 'DungPASE03281', 'Phng Anh Dng', 'DungPASE03281@fpt.edu.vn', 'SE03281', 1, 1, 'NotSet', 3, 95),
(90, 'LongNHSE03299', 'Nguyn Hong Long', 'LongNHSE03299@fpt.edu.vn', 'SE03299', 1, 1, 'NotSet', 4, 97),
(91, 'LamNTSE03307', 'Nguyn Tng Lm', 'LamNTSE03307@fpt.edu.vn', 'SE03307', 1, 1, 'NotSet', 2, 89),
(92, 'HoangLNSE03385', 'L Nht Hong', 'HoangLNSE03385@fpt.edu.vn', 'SE03385', 1, 1, 'NotSet', 4, 97),
(93, 'LinhNTLSE04216', 'Nguyn Th L Linh', 'LinhNTLSE04216@fpt.edu.vn', 'SE04216', 1, 1, 'NotSet', 4, 97),
(94, 'AnhLTSE03448', 'L Tun Anh', 'AnhLTSE03448@fpt.edu.vn', 'SE03448', 1, 1, 'NotSet', 4, 97),
(95, 'HoangNMSE03455', 'Nguyn Minh Hong', 'HoangNMSE03455@fpt.edu.vn', 'SE03455', 1, 1, 'NotSet', 4, 97),
(96, 'VietDXSE03456', ' Xun Vit', 'VietDXSE03456@fpt.edu.vn', 'SE03456', 1, 1, 'NotSet', 4, 97),
(97, 'QuangHDSE03459', 'Hong nh Quang', 'QuangHDSE03459@fpt.edu.vn', 'SE03459', 1, 1, 'NotSet', 4, 97),
(98, 'PhuongNTMSE03461', 'Nguyn Th Mai Phng', 'PhuongNTMSE03461@fpt.edu.vn', 'SE03461', 1, 1, 'NotSet', 4, 97),
(99, 'HiepBHSE03463', 'Bi Hong Hip', 'HiepBHSE03463@fpt.edu.vn', 'SE03463', 1, 1, 'NotSet', 4, 97),
(100, 'BachVNSE03480', 'V Ngc Bch', 'BachVNSE03480@fpt.edu.vn', 'SE03480', 1, 1, 'NotSet', 4, 97),
(101, 'AnhPTSE03482', 'Phm Tun Anh', 'AnhPTSE03482@fpt.edu.vn', 'SE03482', 1, 1, 'NotSet', 4, 97),
(102, 'ChinhNDSE03483', 'Nguyn c Chnh', 'ChinhNDSE03483@fpt.edu.vn', 'SE03483', 1, 1, 'NotSet', 4, 97),
(103, 'HaNXSE03484', 'Nguyn Xun H', 'HaNXSE03484@fpt.edu.vn', 'SE03484', 1, 1, 'NotSet', 4, 97),
(104, 'ThanhNVSE03492', 'Nguyn Vn Thnh', 'ThanhNVSE03492@fpt.edu.vn', 'SE03492', 1, 1, 'NotSet', 4, 97),
(105, 'DongNASE03494', 'Nguyn  ng', 'DongNASE03494@fpt.edu.vn', 'SE03494', 1, 1, 'NotSet', 4, 97),
(106, 'TungNHHSE03498', 'Nguyn Hu Hong Tng', 'TungNHHSE03498@fpt.edu.vn', 'SE03498', 1, 1, 'NotSet', 4, 97),
(107, 'DatNTSE03522', 'Ng Tin t', 'DatNTSE03522@fpt.edu.vn', 'SE03522', 1, 1, 'NotSet', 4, 97),
(108, 'ThangLDSE03529', 'Lm c Thng', 'ThangLDSE03529@fpt.edu.vn', 'SE03529', 1, 1, 'NotSet', 4, 97),
(109, 'ManhDDSE03539', 'ng c Mnh', 'ManhDDSE03539@fpt.edu.vn', 'SE03539', 1, 1, 'NotSet', 4, 97),
(110, 'HoangVSE03540', 'V Hong', 'HoangVSE03540@fpt.edu.vn', 'SE03540', 1, 1, 'NotSet', 4, 97),
(111, 'ThuongNTHSE03542', 'Nng Th Hoi Thng', 'ThuongNTHSE03542@fpt.edu.vn', 'SE03542', 1, 1, 'NotSet', 4, 98),
(112, 'TruongDBSE03543', 'Dng B Trng', 'TruongDBSE03543@fpt.edu.vn', 'SE03543', 1, 1, 'NotSet', 4, 98),
(113, 'TuNTSE03545', 'Nguyn Tun T', 'TuNTSE03545@fpt.edu.vn', 'SE03545', 1, 1, 'NotSet', 3, 95),
(114, 'PhatNHSE03551', 'Nguyn Huy Pht', 'PhatNHSE03551@fpt.edu.vn', 'SE03551', 1, 1, 'NotSet', 4, 98),
(115, 'LongPTSE03552', 'Phm Tin Long', 'LongPTSE03552@fpt.edu.vn', 'SE03552', 1, 1, 'NotSet', 4, 98),
(116, 'SonLASE03553', 'L Anh Sn', 'SonLASE03553@fpt.edu.vn', 'SE03553', 1, 1, 'NotSet', 4, 98),
(117, 'DaiTQSE03557', 'Trnh Quang i', 'DaiTQSE03557@fpt.edu.vn', 'SE03557', 1, 1, 'NotSet', 4, 98),
(118, 'AnhTTSE03560', 'Trng Tun Anh', 'AnhTTSE03560@fpt.edu.vn', 'SE03560', 1, 1, 'NotSet', 4, 98),
(119, 'SonDCSE03564', 'ng Cng Sn', 'SonDCSE03564@fpt.edu.vn', 'SE03564', 1, 1, 'NotSet', 4, 98),
(120, 'DucNTSE03565', 'Nguyn Trung c', 'DucNTSE03565@fpt.edu.vn', 'SE03565', 1, 1, 'NotSet', 4, 98),
(121, 'TuanNASE03567', 'Nguyn Anh Tun', 'TuanNASE03567@fpt.edu.vn', 'SE03567', 1, 1, 'NotSet', 4, 98),
(122, 'ThuongTXSE03568', 'Trn Xun Thng', 'ThuongTXSE03568@fpt.edu.vn', 'SE03568', 1, 1, 'NotSet', 2, 89),
(123, 'LinhDQSE03570', 'o Quang Linh', 'LinhDQSE03570@fpt.edu.vn', 'SE03570', 1, 1, 'NotSet', 4, 98),
(124, 'HoangNASE03574', 'Nguyn Anh Hong', 'HoangNASE03574@fpt.edu.vn', 'SE03574', 1, 1, 'NotSet', 4, 98),
(125, 'QuanTMSE03575', 'Trn Mnh Qun', 'QuanTMSE03575@fpt.edu.vn', 'SE03575', 1, 1, 'NotSet', 4, 98),
(126, 'VinhKMSE03576', 'Khut Mnh Vinh', 'VinhKMSE03576@fpt.edu.vn', 'SE03576', 1, 1, 'NotSet', 4, 98),
(127, 'HungNVSE03577', 'Nguyn Vit Hng', 'HungNVSE03577@fpt.edu.vn', 'SE03577', 1, 1, 'NotSet', 4, 98),
(128, 'AnhNPSE03583', 'Nguyn Phan Anh', 'AnhNPSE03583@fpt.edu.vn', 'SE03583', 1, 1, 'NotSet', 4, 98),
(129, 'QuanTMSE03585', 'T Minh Qun', 'QuanTMSE03585@fpt.edu.vn', 'SE03585', 1, 1, 'NotSet', 4, 98),
(130, 'TriBMSE03590', 'Bi Mnh Tr', 'TriBMSE03590@fpt.edu.vn', 'SE03590', 1, 1, 'NotSet', 4, 98),
(131, 'TamNASE03594', 'Nguyn Anh Tm', 'TamNASE03594@fpt.edu.vn', 'SE03594', 1, 1, 'NotSet', 4, 98),
(132, 'NamNVSE03599', 'Nguyn Vit Nam', 'NamNVSE03599@fpt.edu.vn', 'SE03599', 1, 1, 'NotSet', 4, 98),
(133, 'ThangTCSE03602', 'Trn Cng Thng', 'ThangTCSE03602@fpt.edu.vn', 'SE03602', 1, 1, 'NotSet', 3, 95),
(134, 'AnhGTSE03603', 'Giang Tun Anh', 'AnhGTSE03603@fpt.edu.vn', 'SE03603', 1, 1, 'NotSet', 4, 98),
(135, 'AnhPTSE03615', 'Phm Tun Anh', 'AnhPTSE03615@fpt.edu.vn', 'SE03615', 1, 1, 'NotSet', 4, 98),
(136, 'KhangPQSE03624', 'Phm Quang Khang', 'KhangPQSE03624@fpt.edu.vn', 'SE03624', 1, 1, 'NotSet', 4, 98),
(137, 'HungDXSE03628', 'o Xun Hng', 'HungDXSE03628@fpt.edu.vn', 'SE03628', 1, 1, 'NotSet', 4, 98),
(138, 'VietPQSE03630', 'Phm Quc Vit', 'VietPQSE03630@fpt.edu.vn', 'SE03630', 1, 1, 'NotSet', 4, 98),
(139, 'DucNTSE03632', 'Nguyn Trung c', 'DucNTSE03632@fpt.edu.vn', 'SE03632', 1, 1, 'NotSet', 4, 98),
(140, 'TuanNSSE03635', 'Nguyn S Tun', 'TuanNSSE03635@fpt.edu.vn', 'SE03635', 1, 1, 'NotSet', 4, 98),
(141, 'TungNTSE03636', 'Nguyn Thanh Tng', 'TungNTSE03636@fpt.edu.vn', 'SE03636', 1, 1, 'NotSet', 4, 98),
(142, 'HocNNSE03646', 'Nguyn Nh Hc', 'HocNNSE03646@fpt.edu.vn', 'SE03646', 1, 1, 'NotSet', 2, 89),
(143, 'KienHTSE03661', 'Hong Trung Kin', 'KienHTSE03661@fpt.edu.vn', 'SE03661', 1, 1, 'NotSet', 4, 98),
(144, 'CuongNMSE03666', 'Nguyn Mnh Cng', 'CuongNMSE03666@fpt.edu.vn', 'SE03666', 1, 1, 'NotSet', 4, 98),
(145, 'VuNSSE03669', 'Nguyn Sn V', 'VuNSSE03669@fpt.edu.vn', 'SE03669', 1, 1, 'NotSet', 4, 99),
(146, 'ThaiNGDSE03670', 'Nguyn Gia Duy Thi', 'ThaiNGDSE03670@fpt.edu.vn', 'SE03670', 1, 1, 'NotSet', 4, 99),
(147, 'HungTNSE03671', 'Trn Ngc Hng', 'HungTNSE03671@fpt.edu.vn', 'SE03671', 1, 1, 'NotSet', 4, 99),
(148, 'ToanCVSE03675', 'Chu Vn Ton', 'ToanCVSE03675@fpt.edu.vn', 'SE03675', 1, 1, 'NotSet', 4, 99),
(149, 'QuangTMSE03677', 'Trn Minh Quang', 'QuangTMSE03677@fpt.edu.vn', 'SE03677', 1, 1, 'NotSet', 4, 99),
(150, 'GiangNDSE03680', 'Nguyn c Giang', 'GiangNDSE03680@fpt.edu.vn', 'SE03680', 1, 1, 'NotSet', 4, 99),
(151, 'CongNCSE03681', 'Nguyn Ch Cng', 'CongNCSE03681@fpt.edu.vn', 'SE03681', 1, 1, 'NotSet', 3, 95),
(152, 'DatBTSE03683', 'Bi Tt t', 'DatBTSE03683@fpt.edu.vn', 'SE03683', 1, 1, 'NotSet', 4, 99),
(153, 'LongNHSE03685', 'Nguyn Hong Long', 'LongNHSE03685@fpt.edu.vn', 'SE03685', 1, 1, 'NotSet', 4, 99),
(154, 'PhongNHSE03697', 'Nguyn Huy Phong', 'PhongNHSE03697@fpt.edu.vn', 'SE03697', 1, 1, 'NotSet', 4, 99),
(155, 'BachNKXSE03699', 'Nguyn Khc Xun Bch', 'BachNKXSE03699@fpt.edu.vn', 'SE03699', 1, 1, 'NotSet', 4, 99),
(156, 'DucLTSE03700', 'Lu Trung c', 'DucLTSE03700@fpt.edu.vn', 'SE03700', 1, 1, 'NotSet', 4, 99),
(157, 'AnhNNTSE03702', 'Nguyn Nghim Tun Anh', 'AnhNNTSE03702@fpt.edu.vn', 'SE03702', 1, 1, 'NotSet', 4, 99),
(158, 'LongMHSE03705', 'Mai Hong Long', 'LongMHSE03705@fpt.edu.vn', 'SE03705', 1, 1, 'NotSet', 4, 99),
(159, 'HuyTQSE03706', 'T Quang Huy', 'HuyTQSE03706@fpt.edu.vn', 'SE03706', 1, 1, 'NotSet', 4, 99),
(160, 'HaVKSE03708', 'Vng Khi H', 'HaVKSE03708@fpt.edu.vn', 'SE03708', 1, 1, 'NotSet', 4, 99),
(161, 'PhuongHASE03715', 'Hong Anh Phng', 'PhuongHASE03715@fpt.edu.vn', 'SE03715', 1, 1, 'NotSet', 4, 99),
(162, 'TuanHMSE03722', 'H Minh Tun', 'TuanHMSE03722@fpt.edu.vn', 'SE03722', 1, 1, 'NotSet', 4, 99),
(163, 'QuanLHSE03726', 'L Hng Qun', 'QuanLHSE03726@fpt.edu.vn', 'SE03726', 1, 1, 'NotSet', 4, 99),
(164, 'QuanNHSE03727', 'Nguyn Hu Qun', 'QuanNHSE03727@fpt.edu.vn', 'SE03727', 1, 1, 'NotSet', 3, 95),
(165, 'DatNTSE03734', 'Nguyn Thnh t', 'DatNTSE03734@fpt.edu.vn', 'SE03734', 1, 1, 'NotSet', 4, 99),
(166, 'KienNTSE03736', 'Ng Trung Kin', 'KienNTSE03736@fpt.edu.vn', 'SE03736', 1, 1, 'NotSet', 4, 99),
(167, 'TuanCASE03737', 'Cao Anh Tun', 'TuanCASE03737@fpt.edu.vn', 'SE03737', 1, 1, 'NotSet', 4, 99),
(168, 'HieuDVSE03739', 'on Vn Hiu', 'HieuDVSE03739@fpt.edu.vn', 'SE03739', 1, 1, 'NotSet', 4, 99),
(169, 'MinhVHSE03742', 'V Hong Minh', 'MinhVHSE03742@fpt.edu.vn', 'SE03742', 1, 1, 'NotSet', 4, 99),
(170, 'TungNTSE03745', 'Nguyn Tun Tng', 'TungNTSE03745@fpt.edu.vn', 'SE03745', 1, 1, 'NotSet', 4, 99),
(171, 'ThanhNNSE03750', 'Nguyn Ngc Thanh', 'ThanhNNSE03750@fpt.edu.vn', 'SE03750', 1, 1, 'NotSet', 3, 95),
(172, 'KhoaPDSE03752', 'Phm c Khoa', 'KhoaPDSE03752@fpt.edu.vn', 'SE03752', 1, 1, 'NotSet', 4, 99),
(173, 'AnhLTSE03760', 'L Tun Anh', 'AnhLTSE03760@fpt.edu.vn', 'SE03760', 1, 1, 'NotSet', 4, 99),
(174, 'PhuongPTMSE03773', 'Phm Th Minh Phng', 'PhuongPTMSE03773@fpt.edu.vn', 'SE03773', 1, 1, 'NotSet', 4, 99),
(175, 'SonDHSE03775', ' Hng Sn', 'SonDHSE03775@fpt.edu.vn', 'SE03775', 1, 1, 'NotSet', 4, 99),
(176, 'QuangNDSE03776', 'Nguyn ng Quang', 'QuangNDSE03776@fpt.edu.vn', 'SE03776', 1, 1, 'NotSet', 4, 99),
(177, 'DatDHSE03781', 'o Huy t', 'DatDHSE03781@fpt.edu.vn', 'SE03781', 1, 1, 'NotSet', 4, 99),
(178, 'ThanhNCSE03786', 'Nguyn Cng Thnh', 'ThanhNCSE03786@fpt.edu.vn', 'SE03786', 1, 1, 'NotSet', 4, 100),
(179, 'PhucLASE03793', 'L Anh Phc', 'PhucLASE03793@fpt.edu.vn', 'SE03793', 1, 1, 'NotSet', 4, 100),
(180, 'LinhTNSE03795', 'Trn Nht Linh', 'LinhTNSE03795@fpt.edu.vn', 'SE03795', 1, 1, 'NotSet', 4, 100),
(181, 'LongNBSE03804', 'Nguyn Bo Long', 'LongNBSE03804@fpt.edu.vn', 'SE03804', 1, 1, 'NotSet', 4, 100),
(182, 'CongHPASE03806', 'H Phan Anh Cng', 'CongHPASE03806@fpt.edu.vn', 'SE03806', 1, 1, 'NotSet', 4, 100),
(183, 'HieuNMSE03810', 'Nguyn Minh Hiu', 'HieuNMSE03810@fpt.edu.vn', 'SE03810', 1, 1, 'NotSet', 4, 100),
(184, 'TrinhDNSE03817', ' Ngc Trnh', 'TrinhDNSE03817@fpt.edu.vn', 'SE03817', 1, 1, 'NotSet', 4, 100),
(185, 'LoiTDSE03822', 'Trn ng Li', 'LoiTDSE03822@fpt.edu.vn', 'SE03822', 1, 1, 'NotSet', 4, 100),
(186, 'DoPKSE03824', 'Phm Khc ', 'DoPKSE03824@fpt.edu.vn', 'SE03824', 1, 1, 'NotSet', 4, 100),
(187, 'CuongNCSE03825', 'Nguyn Ch Cng', 'CuongNCSE03825@fpt.edu.vn', 'SE03825', 1, 1, 'NotSet', 4, 100),
(188, 'AnhNDSE03826', 'Nguyn Duy Anh', 'AnhNDSE03826@fpt.edu.vn', 'SE03826', 1, 1, 'NotSet', 3, 95),
(189, 'QuanNHSE03830', 'Ng Hu Qun', 'QuanNHSE03830@fpt.edu.vn', 'SE03830', 1, 1, 'NotSet', 4, 100),
(190, 'PhuocVVSE03837', 'V Vn Phc', 'PhuocVVSE03837@fpt.edu.vn', 'SE03837', 1, 1, 'NotSet', 4, 100),
(191, 'ManhHTSE03844', 'Hong Th Mnh', 'ManhHTSE03844@fpt.edu.vn', 'SE03844', 1, 1, 'NotSet', 4, 100),
(192, 'LamVTSE03846', 'V Th Lm', 'LamVTSE03846@fpt.edu.vn', 'SE03846', 1, 1, 'NotSet', 4, 100),
(193, 'VuongTVSE03854', 'Trn Vit Vng', 'VuongTVSE03854@fpt.edu.vn', 'SE03854', 1, 1, 'NotSet', 4, 100),
(194, 'HieuPVDSE03855', 'Phan V nh Hiu', 'HieuPVDSE03855@fpt.edu.vn', 'SE03855', 1, 1, 'NotSet', 4, 100),
(195, 'HaoHQSE03856', 'H Quang Ho', 'HaoHQSE03856@fpt.edu.vn', 'SE03856', 1, 1, 'NotSet', 4, 100),
(196, 'HungPPSE03862', 'Phm Phi Hng', 'HungPPSE03862@fpt.edu.vn', 'SE03862', 1, 1, 'NotSet', 4, 100),
(197, 'TuyenLASE03863', 'L Anh Tuyn', 'TuyenLASE03863@fpt.edu.vn', 'SE03863', 1, 1, 'NotSet', 4, 100),
(198, 'HieuNMSE03870', 'Nguyn Mnh Hiu', 'HieuNMSE03870@fpt.edu.vn', 'SE03870', 1, 1, 'NotSet', 4, 100),
(199, 'TuanTQSE03873', 'Trn Quc Tun', 'TuanTQSE03873@fpt.edu.vn', 'SE03873', 1, 1, 'NotSet', 4, 100),
(200, 'DatBVSE03875', 'Bi Vinh t', 'DatBVSE03875@fpt.edu.vn', 'SE03875', 1, 1, 'NotSet', 4, 100),
(201, 'TrungVTSE03880', 'V Tr Trung', 'TrungVTSE03880@fpt.edu.vn', 'SE03880', 1, 1, 'NotSet', 4, 100),
(202, 'HaNTTSE03882', 'Nguyn Th Thu H', 'HaNTTSE03882@fpt.edu.vn', 'SE03882', 1, 1, 'NotSet', 4, 100),
(203, 'QuangVNSE03887', 'V Ngc Quang', 'QuangVNSE03887@fpt.edu.vn', 'SE03887', 1, 1, 'NotSet', 4, 100),
(204, 'ChuongHVSE03891', 'Hong Vn Chng', 'ChuongHVSE03891@fpt.edu.vn', 'SE03891', 1, 1, 'NotSet', 4, 100),
(205, 'TrungNQSE03897', 'Nguyn Quang Trung', 'TrungNQSE03897@fpt.edu.vn', 'SE03897', 1, 1, 'NotSet', 4, 100),
(206, 'LinhVVSE03899', 'V Vn Linh', 'LinhVVSE03899@fpt.edu.vn', 'SE03899', 1, 1, 'NotSet', 4, 100),
(207, 'LucNVSE03901', 'Nguyn Vn Lc', 'LucNVSE03901@fpt.edu.vn', 'SE03901', 1, 1, 'NotSet', 4, 100),
(208, 'TungTTSE03909', 'Trn Thanh Tng', 'TungTTSE03909@fpt.edu.vn', 'SE03909', 1, 1, 'NotSet', 4, 100),
(209, 'HoangVTSE03931', 'V Trn Hong', 'HoangVTSE03931@fpt.edu.vn', 'SE03931', 1, 1, 'NotSet', 4, 101),
(210, 'KhoiDHSE03944', ' Hng Khi', 'KhoiDHSE03944@fpt.edu.vn', 'SE03944', 1, 1, 'NotSet', 4, 101),
(211, 'SangTMSE03273', 'Trn Minh Sng', 'SangTMSE03273@fpt.edu.vn', 'SE03273', 1, 1, 'NotSet', 4, 101),
(212, 'ThanhNHSE03110', 'Ng Hu Thnh', 'ThanhNHSE03110@fpt.edu.vn', 'SE03110', 1, 1, 'NotSet', 4, 101),
(213, 'DuyLNSE03114', 'L Ngc Duy', 'DuyLNSE03114@fpt.edu.vn', 'SE03114', 1, 1, 'NotSet', 5, 104),
(214, 'NhatLTSE03124', 'Li Th Nht', 'NhatLTSE03124@fpt.edu.vn', 'SE03124', 1, 1, 'NotSet', 4, 101),
(215, 'TruongVNSE03130', 'V Ngc Trng', 'TruongVNSE03130@fpt.edu.vn', 'SE03130', 1, 1, 'NotSet', 5, 104),
(216, 'TuanNTSE03136', 'Nguyn Ti Tun', 'TuanNTSE03136@fpt.edu.vn', 'SE03136', 1, 1, 'NotSet', 5, 104),
(217, 'ThaiNHSE03151', 'Nguyn Hu Thi', 'ThaiNHSE03151@fpt.edu.vn', 'SE03151', 1, 1, 'NotSet', 5, 104),
(218, 'TienNVSE03185', 'Nguyn Vn Tin', 'TienNVSE03185@fpt.edu.vn', 'SE03185', 1, 1, 'NotSet', 5, 104),
(219, 'PhongDCSE03196', ' Cao Phong', 'PhongDCSE03196@fpt.edu.vn', 'SE03196', 1, 1, 'NotSet', 5, 104),
(220, 'HoangLGSE03200', 'L Gia Hong', 'HoangLGSE03200@fpt.edu.vn', 'SE03200', 1, 1, 'NotSet', 5, 104),
(221, 'MinhTDSE03276', 'Trn c Minh', 'MinhTDSE03276@fpt.edu.vn', 'SE03276', 1, 1, 'NotSet', 5, 104),
(222, 'DuongLVSE03290', 'L Vn Dng', 'DuongLVSE03290@fpt.edu.vn', 'SE03290', 1, 1, 'NotSet', 5, 104),
(223, 'BachLVSE03304', 'La Vn Bch', 'BachLVSE03304@fpt.edu.vn', 'SE03304', 1, 1, 'NotSet', 5, 104),
(224, 'TruongTHSE03310', 'Trn Hn Trng', 'TruongTHSE03310@fpt.edu.vn', 'SE03310', 1, 1, 'NotSet', 5, 104),
(225, 'AnhLQDSE03347', 'L Qu c Anh', 'AnhLQDSE03347@fpt.edu.vn', 'SE03347', 1, 1, 'NotSet', 5, 104),
(226, 'HuongLXSE03388', 'L Xun Hng', 'HuongLXSE03388@fpt.edu.vn', 'SE03388', 1, 1, 'NotSet', 5, 104),
(227, 'SiDQSE03425', 'ng Quang S', 'SiDQSE03425@fpt.edu.vn', 'SE03425', 1, 1, 'NotSet', 5, 104),
(228, 'ThanhPSSE03430', 'Phm S Thanh', 'ThanhPSSE03430@fpt.edu.vn', 'SE03430', 1, 1, 'NotSet', 5, 104),
(229, 'AnhDTSE03435', 'inh Tun Anh', 'AnhDTSE03435@fpt.edu.vn', 'SE03435', 1, 1, 'NotSet', 5, 104),
(230, 'HaiPTSE02802', 'Phm Thanh Hi', 'HaiPTSE02802@fpt.edu.vn', 'SE02802', 1, 1, 'NotSet', 4, 101),
(231, 'TrinhNVSE02680', 'Nguyn Vn Trinh', 'TrinhNVSE02680@fpt.edu.vn', 'SE02680', 1, 1, 'NotSet', 5, 104),
(232, 'DucDVSE03458', ' Vn c', 'DucDVSE03458@fpt.edu.vn', 'SE03458', 1, 1, 'NotSet', 5, 104),
(233, 'HuyVKSE03478', 'V Kim Huy', 'HuyVKSE03478@fpt.edu.vn', 'SE03478', 1, 1, 'NotSet', 5, 104),
(234, 'AnhNQSE03490', 'Nguyn Quang Anh', 'AnhNQSE03490@fpt.edu.vn', 'SE03490', 1, 1, 'NotSet', 5, 104),
(235, 'NguyenVBASE03496', 'V B Anh Nguyn', 'NguyenVBASE03496@fpt.edu.vn', 'SE03496', 1, 1, 'NotSet', 5, 104),
(236, 'TruongTNSE03527', 'Trn Nht Trng', 'TruongTNSE03527@fpt.edu.vn', 'SE03527', 1, 1, 'NotSet', 5, 104),
(237, 'YenNHSE03536', 'Nguyn Hi Yn', 'YenNHSE03536@fpt.edu.vn', 'SE03536', 1, 1, 'NotSet', 4, 101),
(238, 'TuDTSE03559', 'inh Tun T', 'TuDTSE03559@fpt.edu.vn', 'SE03559', 1, 1, 'NotSet', 5, 104),
(239, 'ChauBHHSE03571', 'Bi Hong H Chu', 'ChauBHHSE03571@fpt.edu.vn', 'SE03571', 1, 1, 'NotSet', 5, 104),
(240, 'MinhNLSE03580', 'Nguyn L Minh', 'MinhNLSE03580@fpt.edu.vn', 'SE03580', 1, 1, 'NotSet', 5, 104),
(241, 'AnhNHSE03584', 'Nguyn Hong Anh', 'AnhNHSE03584@fpt.edu.vn', 'SE03584', 1, 1, 'NotSet', 5, 104),
(242, 'TuDNSE03591', 'ng Ngc T', 'TuDNSE03591@fpt.edu.vn', 'SE03591', 1, 1, 'NotSet', 5, 104),
(243, 'MinhNHSE03596', 'Nguyn Hu Minh', 'MinhNHSE03596@fpt.edu.vn', 'SE03596', 1, 1, 'NotSet', 5, 104),
(244, 'BaoPQSE03606', 'Phan Quc Bo', 'BaoPQSE03606@fpt.edu.vn', 'SE03606', 1, 1, 'NotSet', 5, 104),
(245, 'ManhNDSE03610', 'Nguyn c Mnh', 'ManhNDSE03610@fpt.edu.vn', 'SE03610', 1, 1, 'NotSet', 5, 104),
(246, 'AnhPDSE03611', 'Phm c Anh', 'AnhPDSE03611@fpt.edu.vn', 'SE03611', 1, 1, 'NotSet', 5, 105),
(247, 'ToanNVSE03619', 'Ng Vn Ton', 'ToanNVSE03619@fpt.edu.vn', 'SE03619', 1, 1, 'NotSet', 5, 105),
(248, 'TungNTSE03621', 'Nguyn Thanh Tng', 'TungNTSE03621@fpt.edu.vn', 'SE03621', 1, 1, 'NotSet', 5, 105),
(249, 'HungNDSE03647', 'Nguyn c Hng', 'HungNDSE03647@fpt.edu.vn', 'SE03647', 1, 1, 'NotSet', 4, 101),
(250, 'AnhNQSE03650', 'Nguyn Quc Anh', 'AnhNQSE03650@fpt.edu.vn', 'SE03650', 1, 1, 'NotSet', 5, 105),
(251, 'SonDNSE03703', 'on Ngc Sn', 'SonDNSE03703@fpt.edu.vn', 'SE03703', 1, 1, 'NotSet', 5, 105),
(252, 'BachNSSE03704', 'Nguyn S Bch', 'BachNSSE03704@fpt.edu.vn', 'SE03704', 1, 1, 'NotSet', 5, 105),
(253, 'HuyDNQSE03714', 'on Nguyn Quang Huy', 'HuyDNQSE03714@fpt.edu.vn', 'SE03714', 1, 1, 'NotSet', 4, 101),
(254, 'HieuLTSE03719', 'Lm Trung Hiu', 'HieuLTSE03719@fpt.edu.vn', 'SE03719', 1, 1, 'NotSet', 4, 101),
(255, 'AnhLBSE03747', 'Luyn Bo Anh', 'AnhLBSE03747@fpt.edu.vn', 'SE03747', 1, 1, 'NotSet', 5, 105),
(256, 'CuongVMSE03763', 'V Mnh Cng', 'CuongVMSE03763@fpt.edu.vn', 'SE03763', 1, 1, 'NotSet', 4, 101),
(257, 'HoangPMSE03769', 'Phm Minh Hong', 'HoangPMSE03769@fpt.edu.vn', 'SE03769', 1, 1, 'NotSet', 5, 105),
(258, 'HueNTSE03789', 'Nguyn Th Hu', 'HueNTSE03789@fpt.edu.vn', 'SE03789', 1, 1, 'NotSet', 5, 105),
(259, 'VuCLSE03800', 'Cao Lm V', 'VuCLSE03800@fpt.edu.vn', 'SE03800', 1, 1, 'NotSet', 5, 105),
(260, 'TuanDLSE03807', 'ng L Tun', 'TuanDLSE03807@fpt.edu.vn', 'SE03807', 1, 1, 'NotSet', 5, 105),
(261, 'CuongTDSE03827', 'Trn c Cng', 'CuongTDSE03827@fpt.edu.vn', 'SE03827', 1, 1, 'NotSet', 5, 105),
(262, 'HaiNMSE03832', 'Nguyn Minh Hi', 'HaiNMSE03832@fpt.edu.vn', 'SE03832', 1, 1, 'NotSet', 5, 105),
(263, 'AnhLHSE03838', 'L Hong Anh', 'AnhLHSE03838@fpt.edu.vn', 'SE03838', 1, 1, 'NotSet', 5, 105),
(264, 'HaiTPTSE03859', 'Trn Phm Triu Hi', 'HaiTPTSE03859@fpt.edu.vn', 'SE03859', 1, 1, 'NotSet', 4, 101),
(265, 'CanhNHTSE03860', 'Nguyn Hu Thanh Cnh', 'CanhNHTSE03860@fpt.edu.vn', 'SE03860', 1, 1, 'NotSet', 5, 105),
(266, 'LongNBSE03877', 'Nguyn Bo Long', 'LongNBSE03877@fpt.edu.vn', 'SE03877', 1, 1, 'NotSet', 5, 105),
(267, 'DatDMSE03884', 'on Mnh t', 'DatDMSE03884@fpt.edu.vn', 'SE03884', 1, 1, 'NotSet', 5, 105),
(268, 'NamNVSE03888', 'Nguyn Vn Nam', 'NamNVSE03888@fpt.edu.vn', 'SE03888', 1, 1, 'NotSet', 5, 105),
(269, 'LamLTSE03936', 'L Thanh Lm', 'LamLTSE03936@fpt.edu.vn', 'SE03936', 1, 1, 'NotSet', 5, 105),
(270, 'GiangTDSE03127', 'Trn i Giang', 'GiangTDSE03127@fpt.edu.vn', 'SE03127', 1, 1, 'NotSet', 4, 101),
(271, 'SonPMSE03298', 'Phm Minh Sn', 'SonPMSE03298@fpt.edu.vn', 'SE03298', 1, 1, 'NotSet', 4, 101),
(272, 'ThanhNTSE03301', 'Nguyn Trung Thnh', 'ThanhNTSE03301@fpt.edu.vn', 'SE03301', 1, 1, 'NotSet', 5, 105),
(273, 'HaTTSE03361', 'Trn Th H', 'HaTTSE03361@fpt.edu.vn', 'SE03361', 1, 1, 'NotSet', 5, 105),
(274, 'LongNVSE03428', 'Nguyn Vn Long', 'LongNVSE03428@fpt.edu.vn', 'SE03428', 1, 1, 'NotSet', 5, 105),
(275, 'TrongHDSE02889', 'Hong c Trng', 'TrongHDSE02889@fpt.edu.vn', 'SE02889', 1, 1, 'NotSet', 4, 101),
(276, 'TrungTCSE02306', 'Ta Cao Trung', 'TrungTCSE02306@fpt.edu.vn', 'SE02306', 1, 1, 'NotSet', 5, 105),
(277, 'CuongDVHSE02662', 'on Vn Hng Cng', 'CuongDVHSE02662@fpt.edu.vn', 'SE02662', 1, 1, 'NotSet', 5, 105),
(278, 'TuanLTSE02697', 'L Thanh Tun', 'TuanLTSE02697@fpt.edu.vn', 'SE02697', 1, 1, 'NotSet', 5, 105),
(279, 'TuTHSE02922', 'Trn Hong T', 'TuTHSE02922@fpt.edu.vn', 'SE02922', 1, 1, 'NotSet', 5, 105),
(280, 'ThangLTSE03240', 'L Tt Thng', 'ThangLTSE03240@fpt.edu.vn', 'SE03240', 1, 1, 'NotSet', 5, 105),
(281, 'GiangNHSE60950', 'Nguyn H Giang', 'GiangNHSE60950@fpt.edu.vn', 'SE60950', 1, 1, 'NotSet', 5, 105),
(282, 'CuongNMSE04273', 'Nguyn Mnh Cng', 'CuongNMSE04273@fpt.edu.vn', 'SE04273', 1, 1, 'NotSet', 2, 89),
(283, 'BinhNNSE04190', 'Nguyn Ngc Bnh', 'BinhNNSE04190@fpt.edu.vn', 'SE04190', 1, 1, 'NotSet', 2, 89),
(284, 'HungLTSE04132', 'Li Thnh Hng', 'HungLTSE04132@fpt.edu.vn', 'SE04132', 1, 1, 'NotSet', 2, 89),
(285, 'HiepNVSE04146', 'Nguyn V Hip', 'HiepNVSE04146@fpt.edu.vn', 'SE04146', 1, 1, 'NotSet', 2, 89),
(286, 'TuyenDDSE04046', 'Dng nh Tuyn', 'TuyenDDSE04046@fpt.edu.vn', 'SE04046', 1, 1, 'NotSet', 2, 89),
(287, 'HieuTXSE04374', 'Trnh Xun Hiu', 'HieuTXSE04374@fpt.edu.vn', 'SE04374', 1, 1, 'NotSet', 2, 89),
(288, 'HauPHSE04126', 'Phm Hu Hu', 'HauPHSE04126@fpt.edu.vn', 'SE04126', 1, 1, 'NotSet', 2, 89),
(289, 'NgocBTMSE04052', 'Bi Th Minh Ngc', 'NgocBTMSE04052@fpt.edu.vn', 'SE04052', 1, 1, 'NotSet', 2, 89),
(290, 'SonHSE04107', 'Hong Sn', 'SonHSE04107@fpt.edu.vn', 'SE04107', 1, 1, 'NotSet', 2, 89),
(291, 'HieuDCSE04338', 'inh Cng Hiu', 'HieuDCSE04338@fpt.edu.vn', 'SE04338', 1, 1, 'NotSet', 2, 89),
(292, 'HungTMSE04400', 'Trnh Minh Hng', 'HungTMSE04400@fpt.edu.vn', 'SE04400', 1, 1, 'NotSet', 2, 89),
(293, 'QuanDLSE04215', ' Long Qun', 'QuanDLSE04215@fpt.edu.vn', 'SE04215', 1, 1, 'NotSet', 2, 89),
(294, 'HungNDSE04035', 'Nguyn ng Hng', 'HungNDSE04035@fpt.edu.vn', 'SE04035', 1, 1, 'NotSet', 2, 89),
(295, 'SonVHSE04276', 'V Hong Sn', 'SonVHSE04276@fpt.edu.vn', 'SE04276', 1, 1, 'NotSet', 2, 90),
(296, 'NhungGTHSE04110', 'Gip Th Hng Nhung', 'NhungGTHSE04110@fpt.edu.vn', 'SE04110', 1, 1, 'NotSet', 2, 90),
(297, 'HienNVSE04388', 'Nguyn Vn Hin', 'HienNVSE04388@fpt.edu.vn', 'SE04388', 1, 1, 'NotSet', 2, 90),
(298, 'KhanhLXSE03999', 'L Xun Khnh', 'KhanhLXSE03999@fpt.edu.vn', 'SE03999', 1, 1, 'NotSet', 2, 90),
(299, 'CuongNVSE04047', 'Nguyn Vn Cng', 'CuongNVSE04047@fpt.edu.vn', 'SE04047', 1, 1, 'NotSet', 2, 90),
(300, 'BaoPNSE04414', 'Phan Nguyn Bo', 'BaoPNSE04414@fpt.edu.vn', 'SE04414', 1, 1, 'NotSet', 2, 90),
(301, 'LongNCSE03983', 'Nguyn Cng Long', 'LongNCSE03983@fpt.edu.vn', 'SE03983', 1, 1, 'NotSet', 2, 90),
(302, 'GiangTHSE04148', 'Trn Hong Giang', 'GiangTHSE04148@fpt.edu.vn', 'SE04148', 1, 1, 'NotSet', 2, 90),
(303, 'TrangDNPSE04416', 'ng Nguyn Phng Trang', 'TrangDNPSE04416@fpt.edu.vn', 'SE04416', 1, 1, 'NotSet', 2, 90),
(304, 'ChauDNTSE04187', 'Dng Nguyn Tho Chu', 'ChauDNTSE04187@fpt.edu.vn', 'SE04187', 1, 1, 'NotSet', 2, 90),
(305, 'DungNTKSE03989', 'Nguyn Th Kim Dung', 'DungNTKSE03989@fpt.edu.vn', 'SE03989', 1, 1, 'NotSet', 2, 90),
(306, 'HoangNLSE04303', 'Nguyn L Hong', 'HoangNLSE04303@fpt.edu.vn', 'SE04303', 1, 1, 'NotSet', 2, 90),
(307, 'TungLDSE04071', 'L ng Tng', 'TungLDSE04071@fpt.edu.vn', 'SE04071', 1, 1, 'NotSet', 2, 90),
(308, 'LanNHSE04186', 'Ng Hong Lan', 'LanNHSE04186@fpt.edu.vn', 'SE04186', 1, 1, 'NotSet', 2, 90),
(309, 'DungDCSE03691', 'o Cng Dng', 'DungDCSE03691@fpt.edu.vn', 'SE03691', 1, 1, 'NotSet', 2, 90),
(310, 'KhueNDSE03287', 'Nguyn on Khu', 'KhueNDSE03287@fpt.edu.vn', 'SE03287', 1, 1, 'NotSet', 2, 90),
(311, 'SonNVSE04038', 'Nguyn Vn Sn', 'SonNVSE04038@fpt.edu.vn', 'SE04038', 1, 1, 'NotSet', 2, 90),
(312, 'DucDHVSE04075', 'o Hong Vit c', 'DucDHVSE04075@fpt.edu.vn', 'SE04075', 1, 1, 'NotSet', 2, 90),
(313, 'ThachVNSE04094', 'V Ngc Thch', 'ThachVNSE04094@fpt.edu.vn', 'SE04094', 1, 1, 'NotSet', 2, 90),
(314, 'DatNTSE04096', 'Nguyn Trng t', 'DatNTSE04096@fpt.edu.vn', 'SE04096', 1, 1, 'NotSet', 2, 90),
(315, 'TrungNTSE04160', 'Nguyn Tin Trung', 'TrungNTSE04160@fpt.edu.vn', 'SE04160', 1, 1, 'NotSet', 2, 90),
(316, 'NghiaTTSE04301', 'Trn Tun Ngha', 'NghiaTTSE04301@fpt.edu.vn', 'SE04301', 1, 1, 'NotSet', 2, 90),
(317, 'ThinhDNSE04178', ' Ngc Thnh', 'ThinhDNSE04178@fpt.edu.vn', 'SE04178', 1, 1, 'NotSet', 2, 90),
(318, 'LongPTSE04304', 'Phm Thanh Long', 'LongPTSE04304@fpt.edu.vn', 'SE04304', 1, 1, 'NotSet', 2, 90),
(319, 'HanhLMSE04255', 'L Minh Hnh', 'HanhLMSE04255@fpt.edu.vn', 'SE04255', 1, 1, 'NotSet', 2, 90),
(320, 'ThuyPMSE03992', 'Phm Minh Thy', 'ThuyPMSE03992@fpt.edu.vn', 'SE03992', 1, 1, 'NotSet', 2, 90),
(321, 'HoangNSE03997', 'Nguyn Hong', 'HoangNSE03997@fpt.edu.vn', 'SE03997', 1, 1, 'NotSet', 2, 90),
(322, 'DuongNVSE04356', 'Nguyn Vn Dng', 'DuongNVSE04356@fpt.edu.vn', 'SE04356', 1, 1, 'NotSet', 2, 90),
(323, 'QuanNMSE04141', 'Nguyn Minh Qun', 'QuanNMSE04141@fpt.edu.vn', 'SE04141', 1, 1, 'NotSet', 2, 90),
(324, 'AnhNNSE04387', 'Nguyn Nam Anh', 'AnhNNSE04387@fpt.edu.vn', 'SE04387', 1, 1, 'NotSet', 2, 90),
(325, 'TruongNXSE04362', 'Nguyn Xun Trng', 'TruongNXSE04362@fpt.edu.vn', 'SE04362', 1, 1, 'NotSet', 2, 91),
(326, 'LinhLNSE04405', 'L Nguyn Linh', 'LinhLNSE04405@fpt.edu.vn', 'SE04405', 1, 1, 'NotSet', 2, 91),
(327, 'TungNTSE04084', 'Nguyn Tun Tng', 'TungNTSE04084@fpt.edu.vn', 'SE04084', 1, 1, 'NotSet', 2, 91),
(328, 'HungBNSE04268', 'Bi Nguyn Hng', 'HungBNSE04268@fpt.edu.vn', 'SE04268', 1, 1, 'NotSet', 2, 91),
(329, 'DungNTTSE03851', 'Nguyn Th Thy Dung', 'DungNTTSE03851@fpt.edu.vn', 'SE03851', 1, 1, 'NotSet', 2, 91),
(330, 'BachNGSE04422', 'Nguyn Gia Bch', 'BachNGSE04422@fpt.edu.vn', 'SE04422', 1, 1, 'NotSet', 3, 95),
(331, 'NghiaDPSE04444', 'ng Phc Ngha', 'NghiaDPSE04444@fpt.edu.vn', 'SE04444', 1, 1, 'NotSet', 2, 91),
(332, 'KhanhTVSE02814', 'Trn Vn Khnh', 'KhanhTVSE02814@fpt.edu.vn', 'SE02814', 1, 1, 'NotSet', 4, 101),
(333, 'ThangMPSE61502', 'Mai Phi Thng', 'ThangMPSE61502@fpt.edu.vn', 'SE61502', 1, 1, 'NotSet', 3, 95),
(334, 'LongHDSE61702', 'Hong c Long', 'LongHDSE61702@fpt.edu.vn', 'SE61702', 1, 1, 'NotSet', 5, 105),
(335, 'NhatHuyenTNSE61693', 'Trn Ngc NhtHuyn', 'NhatHuyenTNSE61693@fpt.edu.vn', 'SE61693', 1, 1, 'NotSet', 4, 101),
(336, 'NamLHSE61565', 'L Hong Nam', 'NamLHSE61565@fpt.edu.vn', 'SE61565', 1, 1, 'NotSet', 4, 101),
(337, 'QuangLVSE03783', 'Lm Vit Quang', 'QuangLVSE03783@fpt.edu.vn', 'SE03783', 1, 1, 'NotSet', 3, 95),
(338, 'BinhNTSE03718', 'Nguyn Thanh Bnh', 'BinhNTSE03718@fpt.edu.vn', 'SE03718', 1, 1, 'NotSet', 3, 95),
(339, 'LamPSE03555', 'Phan Lm', 'LamPSE03555@fpt.edu.vn', 'SE03555', 1, 1, 'NotSet', 3, 95),
(340, 'TaiNH01795', 'Nguyn Hu Ti', 'TaiNH01795@fpt.edu.vn', '01795', 1, 1, 'NotSet', 5, 105),
(341, 'KhanhPDSE03812', 'Phm Duy Khnh', 'KhanhPDSE03812@fpt.edu.vn', 'SE03812', 1, 8, 'NotSet', 1, 87),
(342, 'HoangVMSE04349', 'V Minh Hong', 'HoangVMSE04349@fpt.edu.vn', 'SE04349', 1, 8, 'NotSet', 1, 87),
(343, 'TungDVSE04367', 'ng Vn Tng', 'TungDVSE04367@fpt.edu.vn', 'SE04367', 1, 8, 'NotSet', 1, 87),
(344, 'MinhDNNSE04062', ' Nguyn Nht Minh', 'MinhDNNSE04062@fpt.edu.vn', 'SE04062', 1, 8, 'NotSet', 1, 87),
(345, 'NghiaNCSE04270', 'Nguyn Ch Ngha', 'NghiaNCSE04270@fpt.edu.vn', 'SE04270', 1, 8, 'NotSet', 1, 87),
(346, 'LucTTSE04138', 'T Tin Lc', 'LucTTSE04138@fpt.edu.vn', 'SE04138', 1, 8, 'NotSet', 1, 87),
(347, 'HieuLTSE04326', 'L Trung Hiu', 'HieuLTSE04326@fpt.edu.vn', 'SE04326', 1, 8, 'NotSet', 1, 87),
(348, 'ChiNNSE62028', 'Nguyn Ngc Ch', 'ChiNNSE62028@fpt.edu.vn', 'SE62028', 1, 8, 'NotSet', 1, 87),
(349, 'DucNTSE04072', 'Nguyn Trng c', 'DucNTSE04072@fpt.edu.vn', 'SE04072', 1, 8, 'NotSet', 1, 87),
(350, 'LamHASE04171', 'Hong Anh Lm', 'LamHASE04171@fpt.edu.vn', 'SE04171', 1, 8, 'NotSet', 1, 87),
(351, 'AnhNDPSE04235', 'Ninh i Phc Anh', 'AnhNDPSE04235@fpt.edu.vn', 'SE04235', 1, 8, 'NotSet', 1, 87),
(352, 'AnhHNSE61724', 'Hunh Nht Anh', 'AnhHNSE61724@fpt.edu.vn', 'SE61724', 1, 7, 'NotSet', 1, 88),
(353, 'AnhVQSE04377', 'V Quc Anh', 'AnhVQSE04377@fpt.edu.vn', 'SE04377', 1, 7, 'NotSet', 1, 88),
(354, 'LinhNXSE04363', 'Nguyn Xun Linh', 'LinhNXSE04363@fpt.edu.vn', 'SE04363', 1, 7, 'NotSet', 1, 88),
(355, 'AnhDDSE04067', ' c Anh', 'AnhDDSE04067@fpt.edu.vn', 'SE04067', 1, 7, 'NotSet', 1, 88),
(356, 'DatNTSE04286', 'Nguyn Tin t', 'DatNTSE04286@fpt.edu.vn', 'SE04286', 1, 7, 'NotSet', 1, 88),
(357, 'VinhNTSE04274', 'Nguyn Thnh Vinh', 'VinhNTSE04274@fpt.edu.vn', 'SE04274', 1, 7, 'NotSet', 1, 88),
(358, 'HoangNMSE03998', 'Nguyn Minh Hong', 'HoangNMSE03998@fpt.edu.vn', 'SE03998', 1, 7, 'NotSet', 1, 88),
(359, 'AnhNTSE04003', 'Nguyn Tun Anh', 'AnhNTSE04003@fpt.edu.vn', 'SE04003', 1, 7, 'NotSet', 1, 88),
(360, 'PhuNVSE04123', 'Ng Vn Ph', 'PhuNVSE04123@fpt.edu.vn', 'SE04123', 1, 7, 'NotSet', 1, 88),
(361, 'CongNTSE04104', 'Nguyn Thnh Cng', 'CongNTSE04104@fpt.edu.vn', 'SE04104', 1, 7, 'NotSet', 1, 88),
(362, 'AnhHKSE04034', 'H Kim Anh', 'AnhHKSE04034@fpt.edu.vn', 'SE04034', 1, 7, 'NotSet', 1, 88),
(363, 'QuyNCSE03957', 'Nguyn Ch Qu', 'QuyNCSE03957@fpt.edu.vn', 'SE03957', 1, 7, 'NotSet', 1, 88),
(364, 'ThangNDSE04090', 'Nguyn c Thng', 'ThangNDSE04090@fpt.edu.vn', 'SE04090', 1, 7, 'NotSet', 1, 88),
(365, 'ThanhPDSE04309', 'Phan Duy Thnh', 'ThanhPDSE04309@fpt.edu.vn', 'SE04309', 1, 7, 'NotSet', 1, 88),
(366, 'AnhVVSE04447', 'V Vit Anh', 'AnhVVSE04447@fpt.edu.vn', 'SE04447', 1, 7, 'NotSet', 1, 88),
(367, 'HoangNTSE03960', 'Nguyn Trng Hong', 'HoangNTSE03960@fpt.edu.vn', 'SE03960', 1, 7, 'NotSet', 1, 88),
(368, 'HaVMSE03868', 'V Mnh H', 'HaVMSE03868@fpt.edu.vn', 'SE03868', 1, 8, 'NotSet', 1, 87),
(369, 'TungNXSE04275', 'Nguyn Xun Tng', 'TungNXSE04275@fpt.edu.vn', 'SE04275', 1, 8, 'NotSet', 1, 87),
(370, 'ThangNVSE04385', 'Ngy Vn Thng', 'ThangNVSE04385@fpt.edu.vn', 'SE04385', 1, 8, 'NotSet', 1, 87),
(371, 'ThangTQSE04101', 'Tiu Quang Thng', 'ThangTQSE04101@fpt.edu.vn', 'SE04101', 1, 8, 'NotSet', 1, 87),
(372, 'SonNHSE03996', 'Nguyn Hng Sn', 'SonNHSE03996@fpt.edu.vn', 'SE03996', 1, 8, 'NotSet', 1, 87),
(373, 'QuangCXSE04220', 'Cn Xun Quang', 'QuangCXSE04220@fpt.edu.vn', 'SE04220', 1, 8, 'NotSet', 1, 87),
(374, 'LongNDSE04039', 'Nguyn nh Long', 'LongNDSE04039@fpt.edu.vn', 'SE04039', 1, 8, 'NotSet', 1, 87),
(375, 'DuyNDSE04192', 'Nguyn c Duy', 'DuyNDSE04192@fpt.edu.vn', 'SE04192', 1, 8, 'NotSet', 1, 87),
(376, 'ThanhPTSE04200', 'Phng Tun Thanh', 'ThanhPTSE04200@fpt.edu.vn', 'SE04200', 1, 8, 'NotSet', 1, 87),
(377, 'QuanNASE04316', 'Nguyn Anh Qun', 'QuanNASE04316@fpt.edu.vn', 'SE04316', 1, 8, 'NotSet', 1, 87),
(378, 'QuangTLSE04109', 'Trn Long Quang', 'QuangTLSE04109@fpt.edu.vn', 'SE04109', 1, 8, 'NotSet', 1, 87),
(379, 'CuongLVSE04314', 'L Vn Cng', 'CuongLVSE04314@fpt.edu.vn', 'SE04314', 1, 8, 'NotSet', 1, 87),
(380, 'LongNCSE04205', 'Nguyn Cao Long', 'LongNCSE04205@fpt.edu.vn', 'SE04205', 1, 8, 'NotSet', 1, 87),
(381, 'CanhNDSE04042', 'Nguyn c Cnh', 'CanhNDSE04042@fpt.edu.vn', 'SE04042', 1, 8, 'NotSet', 1, 87),
(382, 'HieuTMSE04225', 'Tng Minh Hiu', 'HieuTMSE04225@fpt.edu.vn', 'SE04225', 1, 8, 'NotSet', 1, 87),
(383, 'HaHTSE04467', 'Hong Trng H', 'HaHTSE04467@fpt.edu.vn', 'SE04467', 1, 8, 'NotSet', 1, 87),
(384, 'VinhBDSE04008', 'Bi c Vinh', 'VinhBDSE04008@fpt.edu.vn', 'SE04008', 1, 7, 'NotSet', 2, 92),
(385, 'HuongLTSE03949', 'Lu Th Hng', 'HuongLTSE03949@fpt.edu.vn', 'SE03949', 1, 7, 'NotSet', 2, 92),
(386, 'PhuLHDSE61898', 'Lu Hunh c Ph', 'PhuLHDSE61898@fpt.edu.vn', 'SE61898', 1, 7, 'NotSet', 2, 92),
(387, 'SonNVSE03984', 'Ng Vit Sn', 'SonNVSE03984@fpt.edu.vn', 'SE03984', 1, 7, 'NotSet', 2, 92),
(388, 'DucLHSE04203', 'L Hng c', 'DucLHSE04203@fpt.edu.vn', 'SE04203', 1, 7, 'NotSet', 2, 92),
(389, 'BinhVQSE03979', 'V Quang Bnh', 'BinhVQSE03979@fpt.edu.vn', 'SE03979', 1, 7, 'NotSet', 2, 92),
(390, 'AnhNTLSE04122', 'Nguyn Th Lan Anh', 'AnhNTLSE04122@fpt.edu.vn', 'SE04122', 1, 7, 'NotSet', 2, 92),
(391, 'PhuNDSE04284', 'Nguyn Danh Ph', 'PhuNDSE04284@fpt.edu.vn', 'SE04284', 1, 7, 'NotSet', 2, 92),
(392, 'HungTXSE04334', 'Trnh Xun Hng', 'HungTXSE04334@fpt.edu.vn', 'SE04334', 1, 7, 'NotSet', 2, 92),
(393, 'NamNHSE04050', 'Nguyn Hu Nam', 'NamNHSE04050@fpt.edu.vn', 'SE04050', 1, 7, 'NotSet', 2, 92),
(394, 'DatVVSE61792', 'Vng Vnh t', 'DatVVSE61792@fpt.edu.vn', 'SE61792', 1, 7, 'NotSet', 2, 92),
(395, 'QuyTCSE04022', 'T Chu Qu', 'QuyTCSE04022@fpt.edu.vn', 'SE04022', 1, 7, 'NotSet', 2, 92),
(396, 'HungNHSE04359', 'Nguyn Hong Hng', 'HungNHSE04359@fpt.edu.vn', 'SE04359', 1, 7, 'NotSet', 2, 92),
(397, 'DucNTSE04128', 'Nguyn Ti c', 'DucNTSE04128@fpt.edu.vn', 'SE04128', 1, 7, 'NotSet', 2, 92),
(398, 'AnhCHSE03808', 'Cao Hong Anh', 'AnhCHSE03808@fpt.edu.vn', 'SE03808', 1, 8, 'NotSet', 3, 96),
(399, 'SonPNSE03916', 'Phm Ngc Sn', 'SonPNSE03916@fpt.edu.vn', 'SE03916', 1, 8, 'NotSet', 3, 96),
(400, 'AnhNVVSE04271', 'Ng Vi Vit Anh', 'AnhNVVSE04271@fpt.edu.vn', 'SE04271', 1, 8, 'NotSet', 3, 96),
(401, 'HanhNNSE03797', 'Nguyn Ngc Hnh', 'HanhNNSE03797@fpt.edu.vn', 'SE03797', 1, 8, 'NotSet', 3, 96),
(402, 'CongNTSE03805', 'Nguyn Thnh Cng', 'CongNTSE03805@fpt.edu.vn', 'SE03805', 1, 7, 'NotSet', 4, 102),
(403, 'ToanCGKSE03814', 'Chu Gia Khnh Ton', 'ToanCGKSE03814@fpt.edu.vn', 'SE03814', 1, 7, 'NotSet', 4, 102),
(404, 'QuangTHSE03486', 'Trn Hng Quang', 'QuangTHSE03486@fpt.edu.vn', 'SE03486', 1, 7, 'NotSet', 4, 102),
(405, 'HuyPQSE03487', 'Phm Quang Huy', 'HuyPQSE03487@fpt.edu.vn', 'SE03487', 1, 7, 'NotSet', 4, 102),
(406, 'DucLASE03549', 'L Anh c', 'DucLASE03549@fpt.edu.vn', 'SE03549', 1, 7, 'NotSet', 4, 102),
(407, 'MinhNNSE03550', 'Nguyn Nht Minh', 'MinhNNSE03550@fpt.edu.vn', 'SE03550', 1, 7, 'NotSet', 4, 102),
(408, 'LeNHSE03612', 'Nguyn Hu L', 'LeNHSE03612@fpt.edu.vn', 'SE03612', 1, 7, 'NotSet', 4, 102),
(409, 'PhucNVSE03616', 'Nguyn Vn Phc', 'PhucNVSE03616@fpt.edu.vn', 'SE03616', 1, 7, 'NotSet', 4, 102),
(410, 'LinhNQSE03645', 'Nguyn Quang Linh', 'LinhNQSE03645@fpt.edu.vn', 'SE03645', 1, 7, 'NotSet', 4, 102),
(411, 'HoanNTSE03654', 'Nguyn Trng Hon', 'HoanNTSE03654@fpt.edu.vn', 'SE03654', 1, 7, 'NotSet', 4, 102),
(412, 'TuanTMSE03657', 'Trn Mnh Tun', 'TuanTMSE03657@fpt.edu.vn', 'SE03657', 1, 7, 'NotSet', 4, 102),
(413, 'HuyVDSE03665', 'V c Huy', 'HuyVDSE03665@fpt.edu.vn', 'SE03665', 1, 7, 'NotSet', 4, 102),
(414, 'DuyTTSE03672', 'Trn Trung Duy', 'DuyTTSE03672@fpt.edu.vn', 'SE03672', 1, 7, 'NotSet', 4, 102),
(415, 'HangVKSE03676', 'V Khnh Hng', 'HangVKSE03676@fpt.edu.vn', 'SE03676', 1, 7, 'NotSet', 4, 102),
(416, 'TungDXSE03682', 'inh Xun Tng', 'TungDXSE03682@fpt.edu.vn', 'SE03682', 1, 7, 'NotSet', 4, 102),
(417, 'ThaoNDSE03717', 'Ng c Tho', 'ThaoNDSE03717@fpt.edu.vn', 'SE03717', 1, 7, 'NotSet', 4, 102),
(418, 'AnhNTSE03748', 'Nguyn Th Anh', 'AnhNTSE03748@fpt.edu.vn', 'SE03748', 1, 7, 'NotSet', 4, 102),
(419, 'PhuHMSE03757', 'H Minh Ph', 'PhuHMSE03757@fpt.edu.vn', 'SE03757', 1, 7, 'NotSet', 4, 102),
(420, 'HieuNTSE03782', 'Nguyn Trung Hiu', 'HieuNTSE03782@fpt.edu.vn', 'SE03782', 1, 7, 'NotSet', 4, 102),
(421, 'CuongCHSE03788', 'Chu Hong Cng', 'CuongCHSE03788@fpt.edu.vn', 'SE03788', 1, 7, 'NotSet', 4, 102),
(422, 'ToanTVSE03872', 'Trn Vn Ton', 'ToanTVSE03872@fpt.edu.vn', 'SE03872', 1, 7, 'NotSet', 4, 102),
(423, 'MyVTSE03878', 'V Th My', 'MyVTSE03878@fpt.edu.vn', 'SE03878', 1, 7, 'NotSet', 4, 102),
(424, 'DuyDDSE03881', 'o c Duy', 'DuyDDSE03881@fpt.edu.vn', 'SE03881', 1, 7, 'NotSet', 4, 102),
(425, 'NghiaNDSE03915', 'Nguyn c Ngha', 'NghiaNDSE03915@fpt.edu.vn', 'SE03915', 1, 7, 'NotSet', 4, 102),
(426, 'LuanNTSE03925', 'Nguyn Thnh Lun', 'LuanNTSE03925@fpt.edu.vn', 'SE03925', 1, 7, 'NotSet', 4, 102),
(427, 'TruongNMSE03938', 'Nguyn Mnh Trng', 'TruongNMSE03938@fpt.edu.vn', 'SE03938', 1, 7, 'NotSet', 4, 102),
(428, 'DucNASE03952', 'Ng Anh c', 'DucNASE03952@fpt.edu.vn', 'SE03952', 1, 7, 'NotSet', 4, 102),
(429, 'AnhLDSE03953', 'L Duy Anh', 'AnhLDSE03953@fpt.edu.vn', 'SE03953', 1, 7, 'NotSet', 4, 102),
(430, 'AnhDTSE03956', 'inh Tun Anh', 'AnhDTSE03956@fpt.edu.vn', 'SE03956', 1, 7, 'NotSet', 4, 102),
(431, 'ThanhPTSE61729', 'Phm Tin Thnh', 'ThanhPTSE61729@fpt.edu.vn', 'SE61729', 1, 7, 'NotSet', 4, 102),
(432, 'HuyVTSE61529', 'V Thanh Huy', 'HuyVTSE61529@fpt.edu.vn', 'SE61529', 1, 7, 'NotSet', 4, 103),
(433, 'TrungNMQSE61433', 'Nguyn Minh Quc Trung', 'TrungNMQSE61433@fpt.edu.vn', 'SE61433', 1, 7, 'NotSet', 4, 103),
(434, 'KhoaPASE61403', 'Pham Anh Khoa', 'KhoaPASE61403@fpt.edu.vn', 'SE61403', 1, 7, 'NotSet', 4, 103),
(435, 'TrungHTSE61581', 'Huynh Thanh Trung', 'TrungHTSE61581@fpt.edu.vn', 'SE61581', 1, 7, 'NotSet', 4, 103),
(436, 'QuanNHSE61560', 'Nguyn Hoang Qun', 'QuanNHSE61560@fpt.edu.vn', 'SE61560', 1, 7, 'NotSet', 4, 103),
(437, 'SinhDBTSE61674', 'inh Ba Thi Sinh', 'SinhDBTSE61674@fpt.edu.vn', 'SE61674', 1, 7, 'NotSet', 4, 103),
(438, 'ThaoPTSE03601', 'Phm Thu Tho', 'ThaoPTSE03601@fpt.edu.vn', 'SE03601', 1, 7, 'NotSet', 4, 103),
(439, 'HieuKNSE03605', 'Kiu Ngc Hiu', 'HieuKNSE03605@fpt.edu.vn', 'SE03605', 1, 7, 'NotSet', 4, 103),
(440, 'NhatBVSE03740', 'Bi Vn Nht', 'NhatBVSE03740@fpt.edu.vn', 'SE03740', 1, 7, 'NotSet', 4, 103),
(441, 'NguyenLSE03803', 'L Nguyn', 'NguyenLSE03803@fpt.edu.vn', 'SE03803', 1, 7, 'NotSet', 4, 103),
(442, 'PhongDDSE03906', 'inh Duy Phong', 'PhongDDSE03906@fpt.edu.vn', 'SE03906', 1, 7, 'NotSet', 4, 103),
(443, 'HungVNSE03969', 'V Ngc Hng', 'HungVNSE03969@fpt.edu.vn', 'SE03969', 1, 7, 'NotSet', 5, 107),
(444, 'KhanhPBSE03453', 'Phm Bo Khnh', 'KhanhPBSE03453@fpt.edu.vn', 'SE03453', 1, 7, 'NotSet', 5, 107),
(445, 'TungTTSE03495', 'Trn Thanh Tng', 'TungTTSE03495@fpt.edu.vn', 'SE03495', 1, 7, 'NotSet', 5, 107),
(446, 'ThanhNMSE03534', 'Nguyn Minh Thnh', 'ThanhNMSE03534@fpt.edu.vn', 'SE03534', 1, 7, 'NotSet', 5, 107),
(447, 'HieuTTSE03538', 'Trn Trung Hiu', 'HieuTTSE03538@fpt.edu.vn', 'SE03538', 1, 7, 'NotSet', 5, 107),
(448, 'TriLMSE03613', 'Lu Minh Tr', 'TriLMSE03613@fpt.edu.vn', 'SE03613', 1, 7, 'NotSet', 5, 107),
(449, 'LinhDBSE03640', 'on B Linh', 'LinhDBSE03640@fpt.edu.vn', 'SE03640', 1, 7, 'NotSet', 5, 107),
(450, 'MinhHHSE03643', 'Hong Hi Minh', 'MinhHHSE03643@fpt.edu.vn', 'SE03643', 1, 7, 'NotSet', 5, 107),
(451, 'AnhLDSE03662', 'L c Anh', 'AnhLDSE03662@fpt.edu.vn', 'SE03662', 1, 7, 'NotSet', 5, 107),
(452, 'DuyDNSE03721', 'ng Ngc Duy', 'DuyDNSE03721@fpt.edu.vn', 'SE03721', 1, 7, 'NotSet', 5, 107),
(453, 'AnhHTSE03756', 'Hong Tun Anh', 'AnhHTSE03756@fpt.edu.vn', 'SE03756', 1, 7, 'NotSet', 5, 107),
(454, 'AnhHDSE03777', 'Hong c Anh', 'AnhHDSE03777@fpt.edu.vn', 'SE03777', 1, 7, 'NotSet', 5, 107),
(455, 'DungLTSE03784', 'L Trung Dng', 'DungLTSE03784@fpt.edu.vn', 'SE03784', 1, 7, 'NotSet', 5, 107),
(456, 'DucTQSE03819', 'T Quang c', 'DucTQSE03819@fpt.edu.vn', 'SE03819', 1, 7, 'NotSet', 5, 107),
(457, 'ToanPVNSE03821', 'Phm V Nht Ton', 'ToanPVNSE03821@fpt.edu.vn', 'SE03821', 1, 7, 'NotSet', 5, 107),
(458, 'HoangVMSE03833', 'V Minh  Hong', 'HoangVMSE03833@fpt.edu.vn', 'SE03833', 1, 7, 'NotSet', 5, 107),
(459, 'VinhNQSE03886', 'Nguyn Quang Vinh', 'VinhNQSE03886@fpt.edu.vn', 'SE03886', 1, 7, 'NotSet', 5, 107),
(460, 'HaVHSE03912', 'V Hng H', 'HaVHSE03912@fpt.edu.vn', 'SE03912', 1, 7, 'NotSet', 5, 107),
(461, 'HongNTSE03940', 'Ng Thu Hng', 'HongNTSE03940@fpt.edu.vn', 'SE03940', 1, 7, 'NotSet', 5, 107),
(462, 'SuongPTSSE61497', 'Phm Th Sng Sng', 'SuongPTSSE61497@fpt.edu.vn', 'SE61497', 1, 7, 'NotSet', 5, 107),
(463, 'MinhPASE61477', 'Phm Anh Minh', 'MinhPASE61477@fpt.edu.vn', 'SE61477', 1, 7, 'NotSet', 5, 107),
(464, 'DuyDTTSE61484', 'o Trn Tun Duy', 'DuyDTTSE61484@fpt.edu.vn', 'SE61484', 1, 7, 'NotSet', 5, 107),
(465, 'TruongPMSE02605', 'Phan Mnh Trng', 'TruongPMSE02605@fpt.edu.vn', 'SE02605', 1, 7, 'NotSet', 5, 107),
(466, 'DucDVSE04420', ' Vn c', 'DucDVSE04420@fpt.edu.vn', 'SE04420', 1, 1, 'NotSet', 1, 81),
(467, 'HoangNKSE04300', 'Nguyn Khc Hong', 'HoangNKSE04300@fpt.edu.vn', 'SE04300', 1, 1, 'NotSet', 1, 81);
INSERT INTO `students` (`student_id`, `account`, `name`, `email`, `student_code`, `specialized_id`, `detail_specialized_id`, `batch`, `semester`, `class_semester_id`) VALUES
(468, 'NamDVSE04360', 'm Vn Nam', 'NamDVSE04360@fpt.edu.vn', 'SE04360', 1, 1, 'NotSet', 1, 81),
(469, 'AnhNTSE03288', 'Ng Tun Anh', 'AnhNTSE03288@fpt.edu.vn', 'SE03288', 1, 1, 'NotSet', 1, 81),
(470, 'CongNNSE03402', 'Nguyn Nh Cng', 'CongNNSE03402@fpt.edu.vn', 'SE03402', 1, 1, 'NotSet', 1, 81),
(471, 'DungNVSE04017', 'Nguyn Vn Dng', 'DungNVSE04017@fpt.edu.vn', 'SE04017', 1, 1, 'NotSet', 1, 81),
(472, 'NamNHSE04018', 'Nguyn Hoi Nam', 'NamNHSE04018@fpt.edu.vn', 'SE04018', 1, 1, 'NotSet', 1, 81),
(473, 'HauTTSE04044', 'Trn Th Hu', 'HauTTSE04044@fpt.edu.vn', 'SE04044', 1, 1, 'NotSet', 1, 81),
(474, 'QuyetDVSE04265', ' Vn Quyt', 'QuyetDVSE04265@fpt.edu.vn', 'SE04265', 1, 1, 'NotSet', 1, 81),
(475, 'AnhLTSE04277', 'L Th Anh', 'AnhLTSE04277@fpt.edu.vn', 'SE04277', 1, 1, 'NotSet', 1, 81),
(476, 'PhuLQSE04278', 'L Quang Ph', 'PhuLQSE04278@fpt.edu.vn', 'SE04278', 1, 1, 'NotSet', 1, 81),
(477, 'PhuNXSE04318', 'Nguyn Xun Ph', 'PhuNXSE04318@fpt.edu.vn', 'SE04318', 1, 1, 'NotSet', 1, 81),
(478, 'TuPVSE03471', 'Phm Vn T', 'TuPVSE03471@fpt.edu.vn', 'SE03471', 1, 1, 'NotSet', 1, 81),
(479, 'NhatNDSE03653', 'Nguyn c Nht', 'NhatNDSE03653@fpt.edu.vn', 'SE03653', 1, 1, 'NotSet', 1, 81),
(480, 'NgocTDSE03898', 'T c Ngc', 'NgocTDSE03898@fpt.edu.vn', 'SE03898', 1, 1, 'NotSet', 1, 81),
(481, 'CongNTSE03790', 'Nguyn Tin Cng', 'CongNTSE03790@fpt.edu.vn', 'SE03790', 1, 1, 'NotSet', 1, 81),
(482, 'TuPASE03994', 'Phan Anh T', 'TuPASE03994@fpt.edu.vn', 'SE03994', 1, 1, 'NotSet', 1, 81),
(483, 'TienPNSE04024', 'Phan Ngc Tin', 'TienPNSE04024@fpt.edu.vn', 'SE04024', 1, 1, 'NotSet', 1, 81),
(484, 'KhanhLNSE04056', 'Lm Ngc Khnh', 'KhanhLNSE04056@fpt.edu.vn', 'SE04056', 1, 1, 'NotSet', 1, 81),
(485, 'ThiNTSE04059', 'Nguyn Tin Thi', 'ThiNTSE04059@fpt.edu.vn', 'SE04059', 1, 1, 'NotSet', 1, 81),
(486, 'VuongNVSE04060', 'Nguyn Vn Vng', 'VuongNVSE04060@fpt.edu.vn', 'SE04060', 1, 1, 'NotSet', 1, 81),
(487, 'DungNDSE04105', 'Nguyn Duy Dng', 'DungNDSE04105@fpt.edu.vn', 'SE04105', 1, 1, 'NotSet', 1, 81),
(488, 'ThangTVSE04129', 'Trn Vit Thng', 'ThangTVSE04129@fpt.edu.vn', 'SE04129', 1, 1, 'NotSet', 1, 81),
(489, 'ChienTDSE04142', 'T nh Chin', 'ChienTDSE04142@fpt.edu.vn', 'SE04142', 1, 1, 'NotSet', 1, 81),
(490, 'TrungNHHSE04279', 'Nguyn Hu Hong Trung', 'TrungNHHSE04279@fpt.edu.vn', 'SE04279', 1, 1, 'NotSet', 1, 81),
(491, 'GiangLTSE04307', 'Lng Trng Giang', 'GiangLTSE04307@fpt.edu.vn', 'SE04307', 1, 1, 'NotSet', 1, 81),
(492, 'QuynhLTSE04240', 'L Th Qunh', 'QuynhLTSE04240@fpt.edu.vn', 'SE04240', 1, 1, 'NotSet', 1, 81),
(493, 'ThangNMSE04322', 'Nguyn Minh Thng', 'ThangNMSE04322@fpt.edu.vn', 'SE04322', 1, 1, 'NotSet', 1, 81),
(494, 'TuyenNNSE04335', 'Ng Ngc Tuyn', 'TuyenNNSE04335@fpt.edu.vn', 'SE04335', 1, 1, 'NotSet', 1, 81),
(495, 'BacNTSE04111', 'Nguyn Tun Bc', 'BacNTSE04111@fpt.edu.vn', 'SE04111', 1, 1, 'NotSet', 1, 81),
(496, 'DuyAKSE04298', 'u Khng Duy', 'DuyAKSE04298@fpt.edu.vn', 'SE04298', 1, 1, 'NotSet', 1, 82),
(497, 'ThangLKDSE04320', 'L Khc c Thng', 'ThangLKDSE04320@fpt.edu.vn', 'SE04320', 1, 1, 'NotSet', 1, 82),
(498, 'YenNTHSE04366', 'Nguyn Th Hi Yn', 'YenNTHSE04366@fpt.edu.vn', 'SE04366', 1, 1, 'NotSet', 1, 82),
(499, 'NamLTSE04267', 'Lu Thnh Nam', 'NamLTSE04267@fpt.edu.vn', 'SE04267', 1, 1, 'NotSet', 1, 82),
(500, 'ThanhNCSE04005', 'Nguyn Ch Thnh', 'ThanhNCSE04005@fpt.edu.vn', 'SE04005', 1, 1, 'NotSet', 1, 82),
(501, 'HungBQSE04029', 'Bi Quang Hng', 'HungBQSE04029@fpt.edu.vn', 'SE04029', 1, 1, 'NotSet', 1, 82),
(502, 'DungNASE04066', 'Nguyn Anh Dng', 'DungNASE04066@fpt.edu.vn', 'SE04066', 1, 1, 'NotSet', 1, 82),
(503, 'SonTTSE04026', 'Trn Thi Sn', 'SonTTSE04026@fpt.edu.vn', 'SE04026', 1, 1, 'NotSet', 1, 82),
(504, 'TrungNHSE04291', 'Nguyn Hu Trung', 'TrungNHSE04291@fpt.edu.vn', 'SE04291', 1, 1, 'NotSet', 1, 82),
(505, 'PhongNHSE04112', 'Nguyn H Phong', 'PhongNHSE04112@fpt.edu.vn', 'SE04112', 1, 1, 'NotSet', 1, 82),
(506, 'AnhBVSE04380', 'Bi Vit Anh', 'AnhBVSE04380@fpt.edu.vn', 'SE04380', 1, 1, 'NotSet', 1, 82),
(507, 'HungHDSE04010', 'Hong c Hng', 'HungHDSE04010@fpt.edu.vn', 'SE04010', 1, 1, 'NotSet', 1, 82),
(508, 'PhatPXSE04208', 'Phan Xun Pht', 'PhatPXSE04208@fpt.edu.vn', 'SE04208', 1, 1, 'NotSet', 1, 82),
(509, 'QuocTTSE04253', 'Trn Trng Quc', 'QuocTTSE04253@fpt.edu.vn', 'SE04253', 1, 1, 'NotSet', 1, 82),
(510, 'DatNQSE04036', 'Nguyn Quc t', 'DatNQSE04036@fpt.edu.vn', 'SE04036', 1, 1, 'NotSet', 1, 82),
(511, 'HauLVSE04158', 'Len Vn Hu', 'HauLVSE04158@fpt.edu.vn', 'SE04158', 1, 1, 'NotSet', 1, 82),
(512, 'TuLASE04241', 'L Anh T', 'TuLASE04241@fpt.edu.vn', 'SE04241', 1, 1, 'NotSet', 1, 82),
(513, 'ManhDDSE04244', 'inh Duy Mnh', 'ManhDDSE04244@fpt.edu.vn', 'SE04244', 1, 1, 'NotSet', 1, 82),
(514, 'ThangNTSE04263', 'Nguyn Ton Thng', 'ThangNTSE04263@fpt.edu.vn', 'SE04263', 1, 1, 'NotSet', 1, 82),
(515, 'VinhPTSE04106', 'Phm Trng Vinh', 'VinhPTSE04106@fpt.edu.vn', 'SE04106', 1, 1, 'NotSet', 1, 82),
(516, 'ThanhVQSE04172', 'Vng Quc Thnh', 'ThanhVQSE04172@fpt.edu.vn', 'SE04172', 1, 1, 'NotSet', 1, 82),
(517, 'DungPTSE04212', 'Phm Tin Dng', 'DungPTSE04212@fpt.edu.vn', 'SE04212', 1, 1, 'NotSet', 1, 82),
(518, 'NamBHSE04266', 'Bi Hong Nam', 'NamBHSE04266@fpt.edu.vn', 'SE04266', 1, 1, 'NotSet', 1, 82),
(519, 'TrungNNSE04407', 'Nguyn Ngc Trung', 'TrungNNSE04407@fpt.edu.vn', 'SE04407', 1, 1, 'NotSet', 1, 82),
(520, 'DatNVSE04070', 'Nguyn Vn t', 'DatNVSE04070@fpt.edu.vn', 'SE04070', 1, 1, 'NotSet', 1, 82),
(521, 'TuPTSE04117', 'Phan Tun T', 'TuPTSE04117@fpt.edu.vn', 'SE04117', 1, 1, 'NotSet', 1, 82),
(522, 'BonVTSE04174', 'V Thnh Bn', 'BonVTSE04174@fpt.edu.vn', 'SE04174', 1, 1, 'NotSet', 1, 82),
(523, 'DuNVSE04312', 'Nguyn Vn Du', 'DuNVSE04312@fpt.edu.vn', 'SE04312', 1, 1, 'NotSet', 1, 82),
(524, 'PhuongBVSE04368', 'Bi Vit Phng', 'PhuongBVSE04368@fpt.edu.vn', 'SE04368', 1, 1, 'NotSet', 1, 82),
(525, 'PhuongVTSE04392', 'V Th Phng', 'PhuongVTSE04392@fpt.edu.vn', 'SE04392', 1, 1, 'NotSet', 1, 82),
(526, 'HungNVSE04023', 'Nguyn Vn Hng', 'HungNVSE04023@fpt.edu.vn', 'SE04023', 1, 1, 'NotSet', 1, 83),
(527, 'CongNVSE04236', 'Nguyn Vn Cng', 'CongNVSE04236@fpt.edu.vn', 'SE04236', 1, 1, 'NotSet', 1, 83),
(528, 'MinhLQSE04336', 'L Quang Minh', 'MinhLQSE04336@fpt.edu.vn', 'SE04336', 1, 1, 'NotSet', 1, 83),
(529, 'KienNTSE04344', 'Nguyn Trung Kin', 'KienNTSE04344@fpt.edu.vn', 'SE04344', 1, 1, 'NotSet', 1, 83),
(530, 'ThuyNTNSE04351', 'Nguyn Th Ngc Thy', 'ThuyNTNSE04351@fpt.edu.vn', 'SE04351', 1, 1, 'NotSet', 1, 83),
(531, 'YenNTHSE04411', 'Nguyn Th Hi Yn', 'YenNTHSE04411@fpt.edu.vn', 'SE04411', 1, 1, 'NotSet', 1, 83),
(532, 'ThangTMSE04173', 'Trn Mnh Thng', 'ThangTMSE04173@fpt.edu.vn', 'SE04173', 1, 1, 'NotSet', 1, 83),
(533, 'QuynhNHSE04030', 'Nguyn Hu Qunh', 'QuynhNHSE04030@fpt.edu.vn', 'SE04030', 1, 1, 'NotSet', 1, 83),
(534, 'HoangDDSE04370', ' nh Hong', 'HoangDDSE04370@fpt.edu.vn', 'SE04370', 1, 1, 'NotSet', 1, 83),
(535, 'NhungDHSE04065', ' Hng Nhung', 'NhungDHSE04065@fpt.edu.vn', 'SE04065', 1, 1, 'NotSet', 1, 83),
(536, 'TuanDMSE04002', 'o Mnh Tun', 'TuanDMSE04002@fpt.edu.vn', 'SE04002', 1, 1, 'NotSet', 1, 83),
(537, 'TungDSSE04019', 'ng Sn Tng', 'TungDSSE04019@fpt.edu.vn', 'SE04019', 1, 1, 'NotSet', 1, 83),
(538, 'ThaoDTPSE04341', 'o Th Phng Tho', 'ThaoDTPSE04341@fpt.edu.vn', 'SE04341', 1, 1, 'NotSet', 1, 83),
(539, 'TungNXSE04170', 'Nguyn Xun Tng', 'TungNXSE04170@fpt.edu.vn', 'SE04170', 1, 1, 'NotSet', 1, 83),
(540, 'TuanNQSE04330', 'Nguyn Qu Tun', 'TuanNQSE04330@fpt.edu.vn', 'SE04330', 1, 1, 'NotSet', 1, 83),
(541, 'ThanhLHCSE04164', 'L Huy Cng Thnh', 'ThanhLHCSE04164@fpt.edu.vn', 'SE04164', 1, 1, 'NotSet', 1, 83),
(542, 'TayLQSE04184', 'L Quang Ty', 'TayLQSE04184@fpt.edu.vn', 'SE04184', 1, 1, 'NotSet', 1, 83),
(543, 'MinhHVSE04081', 'Hong Vn Minh', 'MinhHVSE04081@fpt.edu.vn', 'SE04081', 1, 1, 'NotSet', 1, 83),
(544, 'HoanNNSE04151', 'Nguyn Nht Hon', 'HoanNNSE04151@fpt.edu.vn', 'SE04151', 1, 1, 'NotSet', 1, 83),
(545, 'ThaoNTSE04311', 'Nguyn Th Tho', 'ThaoNTSE04311@fpt.edu.vn', 'SE04311', 1, 1, 'NotSet', 1, 83),
(546, 'ToaiNTSE04189', 'Nguyn Thanh Toi', 'ToaiNTSE04189@fpt.edu.vn', 'SE04189', 1, 1, 'NotSet', 1, 83),
(547, 'MinhPCSE04098', 'Phm Cng Minh', 'MinhPCSE04098@fpt.edu.vn', 'SE04098', 1, 1, 'NotSet', 1, 83),
(548, 'GiangNTSE04376', 'Nguyn Th Giang', 'GiangNTSE04376@fpt.edu.vn', 'SE04376', 1, 1, 'NotSet', 1, 83),
(549, 'HangHTHSE04246', 'Hong Th Hng Hng', 'HangHTHSE04246@fpt.edu.vn', 'SE04246', 1, 1, 'NotSet', 1, 83),
(550, 'DanDDSE04237', 'Dng c Dn', 'DanDDSE04237@fpt.edu.vn', 'SE04237', 1, 1, 'NotSet', 1, 83),
(551, 'TrungHPSE04281', 'Hong Phan Trung', 'TrungHPSE04281@fpt.edu.vn', 'SE04281', 1, 1, 'NotSet', 1, 83),
(552, 'TienTMSE03980', 'Trn Mnh Tin', 'TienTMSE03980@fpt.edu.vn', 'SE03980', 1, 1, 'NotSet', 1, 83),
(553, 'LinhVTMSE04165', 'V Th M Linh', 'LinhVTMSE04165@fpt.edu.vn', 'SE04165', 1, 1, 'NotSet', 1, 83),
(554, 'TienNHSE04167', 'Nguyn Hu Tin', 'TienNHSE04167@fpt.edu.vn', 'SE04167', 1, 1, 'NotSet', 1, 83),
(555, 'ThinhAVSE04295', 'u Vn Thnh', 'ThinhAVSE04295@fpt.edu.vn', 'SE04295', 1, 1, 'NotSet', 1, 83),
(556, 'HoangNXSE03995', 'Nguyn Xun Hong', 'HoangNXSE03995@fpt.edu.vn', 'SE03995', 1, 1, 'NotSet', 1, 84),
(557, 'AnhPTSE04328', 'Phm Tun Anh', 'AnhPTSE04328@fpt.edu.vn', 'SE04328', 1, 1, 'NotSet', 1, 84),
(558, 'HieuNQSE04209', 'Nguyn Quang Hiu', 'HieuNQSE04209@fpt.edu.vn', 'SE04209', 1, 1, 'NotSet', 1, 84),
(559, 'HieuNMSE04319', 'Nguyn Minh Hiu', 'HieuNMSE04319@fpt.edu.vn', 'SE04319', 1, 1, 'NotSet', 1, 84),
(560, 'HuyNLQSE04182', 'Nguyn L Quang Huy', 'HuyNLQSE04182@fpt.edu.vn', 'SE04182', 1, 1, 'NotSet', 1, 84),
(561, 'LuatNTSE04140', 'Nguyn Trng Lut', 'LuatNTSE04140@fpt.edu.vn', 'SE04140', 1, 1, 'NotSet', 1, 84),
(562, 'TanNVSE03778', 'Nguyn Vn Tn', 'TanNVSE03778@fpt.edu.vn', 'SE03778', 1, 1, 'NotSet', 1, 84),
(563, 'TungVSSE04113', 'V S Tng', 'TungVSSE04113@fpt.edu.vn', 'SE04113', 1, 1, 'NotSet', 1, 84),
(564, 'DucLBTSE04211', 'L B Trung c', 'DucLBTSE04211@fpt.edu.vn', 'SE04211', 1, 1, 'NotSet', 1, 84),
(565, 'TuMGSE04012', 'Mai Gia T', 'TuMGSE04012@fpt.edu.vn', 'SE04012', 1, 1, 'NotSet', 1, 84),
(566, 'DatBTSE04115', 'Bi Tin t', 'DatBTSE04115@fpt.edu.vn', 'SE04115', 1, 1, 'NotSet', 1, 84),
(567, 'DungVQSE04406', 'V Quang Dng', 'DungVQSE04406@fpt.edu.vn', 'SE04406', 1, 1, 'NotSet', 1, 84),
(568, 'MinhNNSE04119', 'Nguyn Ngc Minh', 'MinhNNSE04119@fpt.edu.vn', 'SE04119', 1, 1, 'NotSet', 1, 84),
(569, 'SonNKSE04290', 'Nguyn Khnh Sn', 'SonNKSE04290@fpt.edu.vn', 'SE04290', 1, 1, 'NotSet', 1, 84),
(570, 'CuongDVSE03978', 'ng Vn Cng', 'CuongDVSE03978@fpt.edu.vn', 'SE03978', 1, 1, 'NotSet', 1, 84),
(571, 'NhatDTSE03990', 'Dng Tun Nht', 'NhatDTSE03990@fpt.edu.vn', 'SE03990', 1, 1, 'NotSet', 1, 84),
(572, 'TrinhPTSE04213', 'Ph Th Trinh', 'TrinhPTSE04213@fpt.edu.vn', 'SE04213', 1, 1, 'NotSet', 1, 84),
(573, 'ThuanDBSE04389', ' Bnh Thun', 'ThuanDBSE04389@fpt.edu.vn', 'SE04389', 1, 1, 'NotSet', 1, 84),
(574, 'TuNVSE04009', 'Nguyn Vn T', 'TuNVSE04009@fpt.edu.vn', 'SE04009', 1, 1, 'NotSet', 1, 84),
(575, 'TuDVSE04020', 'Dng Vn T', 'TuDVSE04020@fpt.edu.vn', 'SE04020', 1, 1, 'NotSet', 1, 84),
(576, 'HuyLVSE03982', 'L Vn Huy', 'HuyLVSE03982@fpt.edu.vn', 'SE03982', 1, 1, 'NotSet', 1, 84),
(577, 'DoanCVSE04054', 'Cn Vit on', 'DoanCVSE04054@fpt.edu.vn', 'SE04054', 1, 1, 'NotSet', 1, 84),
(578, 'HungHPSE04137', 'Hong Phi Hng', 'HungHPSE04137@fpt.edu.vn', 'SE04137', 1, 1, 'NotSet', 1, 84),
(579, 'QuanTMSE04347', 'T Minh Qun', 'QuanTMSE04347@fpt.edu.vn', 'SE04347', 1, 1, 'NotSet', 1, 84),
(580, 'TungNTSE04120', 'Nguyn Thanh Tng', 'TungNTSE04120@fpt.edu.vn', 'SE04120', 1, 1, 'NotSet', 1, 84),
(581, 'DuyNDSE04204', 'Nguyn c Duy', 'DuyNDSE04204@fpt.edu.vn', 'SE04204', 1, 1, 'NotSet', 1, 84),
(582, 'HieuVDSE04025', 'V c Hiu', 'HieuVDSE04025@fpt.edu.vn', 'SE04025', 1, 1, 'NotSet', 1, 84),
(583, 'NgocNHSE04027', 'Nguyn Hng Ngc', 'NgocNHSE04027@fpt.edu.vn', 'SE04027', 1, 1, 'NotSet', 1, 84),
(584, 'AnhDVSE04154', 'Dng Vit Anh', 'AnhDVSE04154@fpt.edu.vn', 'SE04154', 1, 1, 'NotSet', 1, 84),
(585, 'LamNTSE04379', 'Ng T Lm', 'LamNTSE04379@fpt.edu.vn', 'SE04379', 1, 1, 'NotSet', 1, 84),
(586, 'DatPTSE04037', 'Phm Tin t', 'DatPTSE04037@fpt.edu.vn', 'SE04037', 1, 1, 'NotSet', 1, 85),
(587, 'HungNVSE04053', 'Nguyn Vit Hng', 'HungNVSE04053@fpt.edu.vn', 'SE04053', 1, 1, 'NotSet', 1, 85),
(588, 'NamLTSE04085', 'L Trung Nam', 'NamLTSE04085@fpt.edu.vn', 'SE04085', 1, 1, 'NotSet', 1, 85),
(589, 'DatLTSE04086', 'L Tun t', 'DatLTSE04086@fpt.edu.vn', 'SE04086', 1, 1, 'NotSet', 1, 85),
(590, 'ThanhPKSE04131', 'Phng Khc Thnh', 'ThanhPKSE04131@fpt.edu.vn', 'SE04131', 1, 1, 'NotSet', 1, 85),
(591, 'LongNHSE04143', 'Nguyn Hong Long', 'LongNHSE04143@fpt.edu.vn', 'SE04143', 1, 1, 'NotSet', 1, 85),
(592, 'KyBHSE04210', 'Bi Hong K', 'KyBHSE04210@fpt.edu.vn', 'SE04210', 1, 1, 'NotSet', 1, 85),
(593, 'AnhKHSE04323', 'Kiu Hong Anh', 'AnhKHSE04323@fpt.edu.vn', 'SE04323', 1, 1, 'NotSet', 1, 85),
(594, 'HaiTNSE04386', 'Triu Nam Hi', 'HaiTNSE04386@fpt.edu.vn', 'SE04386', 1, 1, 'NotSet', 1, 85),
(595, 'KhoiNDSE04028', 'Nguyn ng Khi', 'KhoiNDSE04028@fpt.edu.vn', 'SE04028', 1, 1, 'NotSet', 1, 85),
(596, 'BachNVSE04221', 'Nguyn Vit Bch', 'BachNVSE04221@fpt.edu.vn', 'SE04221', 1, 1, 'NotSet', 1, 85),
(597, 'BinhPTSE04222', 'Phng Thanh Bnh', 'BinhPTSE04222@fpt.edu.vn', 'SE04222', 1, 1, 'NotSet', 1, 85),
(598, 'LamPTSE04354', 'Phm Tng Lm', 'LamPTSE04354@fpt.edu.vn', 'SE04354', 1, 1, 'NotSet', 1, 85),
(599, 'QuangTMSE04402', 'Trn Minh Quang', 'QuangTMSE04402@fpt.edu.vn', 'SE04402', 1, 1, 'NotSet', 1, 85),
(600, 'HaoDHSE04064', 'ng Ha Ho', 'HaoDHSE04064@fpt.edu.vn', 'SE04064', 1, 1, 'NotSet', 1, 85),
(601, 'TuongDVSE04317', ' Vnh Tng', 'TuongDVSE04317@fpt.edu.vn', 'SE04317', 1, 1, 'NotSet', 1, 85),
(602, 'QuynhDTTSE04133', ' Th Thu Qunh', 'QuynhDTTSE04133@fpt.edu.vn', 'SE04133', 1, 1, 'NotSet', 1, 85),
(603, 'KhoaTNSE04180', 'Trn Nguyn Khoa', 'KhoaTNSE04180@fpt.edu.vn', 'SE04180', 1, 1, 'NotSet', 1, 85),
(604, 'LamNPTSE04049', 'Nghim Ph Tng Lm', 'LamNPTSE04049@fpt.edu.vn', 'SE04049', 1, 1, 'NotSet', 1, 85),
(605, 'DatNQSE04108', 'Nguyn Quc t', 'DatNQSE04108@fpt.edu.vn', 'SE04108', 1, 1, 'NotSet', 1, 85),
(606, 'BinhNVSE04381', 'Nguyn V Bnh', 'BinhNVSE04381@fpt.edu.vn', 'SE04381', 1, 1, 'NotSet', 1, 85),
(607, 'CongNDSE04261', 'Nguyn nh Cng', 'CongNDSE04261@fpt.edu.vn', 'SE04261', 1, 1, 'NotSet', 1, 85),
(608, 'DucNVSE04287', 'Nguyn Vn c', 'DucNVSE04287@fpt.edu.vn', 'SE04287', 1, 1, 'NotSet', 1, 85),
(609, 'HaHPSE04181', 'Hunh Phng H', 'HaHPSE04181@fpt.edu.vn', 'SE04181', 1, 1, 'NotSet', 1, 85),
(610, 'DungNQSE04355', 'Nguyn Quc Dng', 'DungNQSE04355@fpt.edu.vn', 'SE04355', 1, 1, 'NotSet', 1, 85),
(611, 'TrungNSSE04051', 'Nguyn S Trung', 'TrungNSSE04051@fpt.edu.vn', 'SE04051', 1, 1, 'NotSet', 1, 85),
(612, 'KhanhNXSE04280', 'Nguyn Xun Khnh', 'KhanhNXSE04280@fpt.edu.vn', 'SE04280', 1, 1, 'NotSet', 1, 85),
(613, 'HieuNTSE04238', 'Nguyn Trung Hiu', 'HieuNTSE04238@fpt.edu.vn', 'SE04238', 1, 1, 'NotSet', 1, 85),
(614, 'KienNDSE04193', 'Nguyn c Kin', 'KienNDSE04193@fpt.edu.vn', 'SE04193', 1, 1, 'NotSet', 1, 85),
(615, 'DuyLCSE04194', 'Lu Cao Duy', 'DuyLCSE04194@fpt.edu.vn', 'SE04194', 1, 1, 'NotSet', 1, 85),
(616, 'SonTNSE04223', 'Trn Nguyn Sn', 'SonTNSE04223@fpt.edu.vn', 'SE04223', 1, 1, 'NotSet', 1, 86),
(617, 'TuanLVSE04092', 'L Vn Tun', 'TuanLVSE04092@fpt.edu.vn', 'SE04092', 1, 1, 'NotSet', 1, 86),
(618, 'DatPTSE04332', 'Phm Tin t', 'DatPTSE04332@fpt.edu.vn', 'SE04332', 1, 1, 'NotSet', 1, 86),
(619, 'LanNTMSE04069', 'Nguyn Th Mai Lan', 'LanNTMSE04069@fpt.edu.vn', 'SE04069', 1, 1, 'NotSet', 1, 86),
(620, 'HuyNGSE03985', 'Nguyn Gia Huy', 'HuyNGSE03985@fpt.edu.vn', 'SE03985', 1, 1, 'NotSet', 1, 86),
(621, 'AnhDNSE04260', 'Dng Nht Anh', 'AnhDNSE04260@fpt.edu.vn', 'SE04260', 1, 1, 'NotSet', 1, 86),
(622, 'VuNHSE04013', 'Nguyn Hi V', 'VuNHSE04013@fpt.edu.vn', 'SE04013', 1, 1, 'NotSet', 1, 86),
(623, 'MinhHVCSE04183', 'H Vit Cng Minh', 'MinhHVCSE04183@fpt.edu.vn', 'SE04183', 1, 1, 'NotSet', 1, 86),
(624, 'TamNTSE04247', 'Nguyn Thanh Tm', 'TamNTSE04247@fpt.edu.vn', 'SE04247', 1, 1, 'NotSet', 1, 86),
(625, 'KienNKSE04150', 'Nguyn Khc Kin', 'KienNKSE04150@fpt.edu.vn', 'SE04150', 1, 1, 'NotSet', 1, 86),
(626, 'DucPMSE04093', 'Phan Minh c', 'DucPMSE04093@fpt.edu.vn', 'SE04093', 1, 1, 'NotSet', 1, 86),
(627, 'ThinhLCSE04248', 'L Cng Thnh', 'ThinhLCSE04248@fpt.edu.vn', 'SE04248', 1, 1, 'NotSet', 1, 86),
(628, 'TungLTSE03911', 'L Trng Tng', 'TungLTSE03911@fpt.edu.vn', 'SE03911', 1, 1, 'NotSet', 1, 86),
(629, 'TienPMSE03947', 'Phm Minh Tin', 'TienPMSE03947@fpt.edu.vn', 'SE03947', 1, 1, 'NotSet', 1, 86),
(630, 'QuanNHSE04103', 'Nguyn H Qun', 'QuanNHSE04103@fpt.edu.vn', 'SE04103', 1, 1, 'NotSet', 1, 86),
(631, 'LamNNSE04185', 'Ng Ngc Lm', 'LamNNSE04185@fpt.edu.vn', 'SE04185', 1, 1, 'NotSet', 1, 86),
(632, 'HungUDSE04421', 'Ung ng Hng', 'HungUDSE04421@fpt.edu.vn', 'SE04421', 1, 1, 'NotSet', 1, 86),
(633, 'HungVHSE04429', 'V Hong Hng', 'HungVHSE04429@fpt.edu.vn', 'SE04429', 1, 1, 'NotSet', 1, 86),
(634, 'TanDDSE04433', ' Duy Tn', 'TanDDSE04433@fpt.edu.vn', 'SE04433', 1, 1, 'NotSet', 1, 86),
(635, 'SonTHSE04439', 'Trn Hu Sn', 'SonTHSE04439@fpt.edu.vn', 'SE04439', 1, 1, 'NotSet', 1, 86),
(636, 'ThangNDSE04441', 'Nguyn i Thng', 'ThangNDSE04441@fpt.edu.vn', 'SE04441', 1, 1, 'NotSet', 1, 86),
(637, 'LeTNSE04454', 'Trng Nht L', 'LeTNSE04454@fpt.edu.vn', 'SE04454', 1, 1, 'NotSet', 1, 86),
(638, 'LongTTSE04476', 'Trn Thi Long', 'LongTTSE04476@fpt.edu.vn', 'SE04476', 1, 1, 'NotSet', 1, 86),
(639, 'UyenPTTSE04479', 'Phan Th T Uyn', 'UyenPTTSE04479@fpt.edu.vn', 'SE04479', 1, 1, 'NotSet', 1, 86),
(640, 'ToanNVSE03701', 'Nguyn Vn Ton', 'ToanNVSE03701@fpt.edu.vn', 'SE03701', 1, 1, 'NotSet', 1, 86),
(641, 'ThuanHVSE03172', 'Hong Vn Thun', 'ThuanHVSE03172@fpt.edu.vn', 'SE03172', 1, 1, 'NotSet', 1, 86),
(642, 'MaiPDSE04409', 'Phm nh Mai', 'MaiPDSE04409@fpt.edu.vn', 'SE04409', 1, 1, 'NotSet', 1, 86),
(643, 'ThaiTTSE04258', 'Trn Th Thi', 'ThaiTTSE04258@fpt.edu.vn', 'SE04258', 1, 1, 'NotSet', 1, 86),
(644, 'TungNDSE03988', 'Nguyn ng Tng', 'TungNDSE03988@fpt.edu.vn', 'SE03988', 1, 1, 'NotSet', 1, 86),
(645, 'TungLHSE02890', 'Lu Huy Tng', 'TungLHSE02890@fpt.edu.vn', 'SE02890', 1, 1, 'NotSet', 5, 106),
(646, 'HaiLXSE03744', 'L Xun Hi', 'HaiLXSE03744@fpt.edu.vn', 'SE03744', 1, 1, 'NotSet', 5, 106);

-- --------------------------------------------------------

--
-- Table structure for table `student_course`
--

DROP TABLE IF EXISTS `student_course`;
CREATE TABLE IF NOT EXISTS `student_course` (
`student_course_id` int(11) NOT NULL,
  `student_id` int(11) NOT NULL,
  `course_id` int(11) NOT NULL,
  `class_semester_id` int(11) NOT NULL,
  `grade` int(11) NOT NULL,
  `passed` tinyint(1) NOT NULL
) ENGINE=InnoDB DEFAULT CHARSET=latin1;

-- --------------------------------------------------------

--
-- Table structure for table `teachers`
--

DROP TABLE IF EXISTS `teachers`;
CREATE TABLE IF NOT EXISTS `teachers` (
`teacher_id` int(11) NOT NULL,
  `account` varchar(20) NOT NULL,
  `name` varchar(100) CHARACTER SET utf8 COLLATE utf8_vietnamese_ci NOT NULL,
  `email` varchar(50) NOT NULL
) ENGINE=InnoDB AUTO_INCREMENT=73 DEFAULT CHARSET=latin1;

--
-- Dumping data for table `teachers`
--

INSERT INTO `teachers` (`teacher_id`, `account`, `name`, `email`) VALUES
(40, 'MaiTT', 'MaiTT', 'MaiTT@fpt.edu.vn'),
(41, 'DungLM', 'DungLM', 'DungLM@fpt.edu.vn'),
(42, 'DuyDT', 'DuyDT', 'DuyDT@fpt.edu.vn'),
(43, 'CauPD', 'CauPD', 'CauPD@fpt.edu.vn'),
(44, 'VuNH', 'VuNH', 'VuNH@fpt.edu.vn'),
(45, 'HuongNT7', 'HuongNT7', 'HuongNT7@fpt.edu.vn'),
(46, 'HaNS2', 'HaNS2', 'HaNS2@fpt.edu.vn'),
(47, 'HieuLD2', 'HieuLD2', 'HieuLD2@fpt.edu.vn'),
(48, 'HungPD', 'HungPD', 'HungPD@fpt.edu.vn'),
(49, 'TrungNQ', 'TrungNQ', 'TrungNQ@fpt.edu.vn'),
(50, 'CuongN', 'CuongN', 'CuongN@fpt.edu.vn'),
(51, 'TrungDT', 'TrungDT', 'TrungDT@fpt.edu.vn'),
(52, 'KhuongPD', 'KhuongPD', 'KhuongPD@fpt.edu.vn'),
(53, 'SangNV', 'SangNV', 'SangNV@fpt.edu.vn'),
(54, 'DucHM2', 'DucHM2', 'DucHM2@fpt.edu.vn'),
(55, 'AnhPT', 'AnhPT', 'AnhPT@fpt.edu.vn'),
(56, 'CongLT2', 'CongLT2', 'CongLT2@fpt.edu.vn'),
(57, 'HoaiNV2', 'HoaiNV2', 'HoaiNV2@fpt.edu.vn'),
(58, 'HienDTT', 'HienDTT', 'HienDTT@fpt.edu.vn'),
(59, 'ChiLP', 'ChiLP', 'ChiLP@fpt.edu.vn'),
(60, 'BangBH', 'BangBH', 'BangBH@fpt.edu.vn'),
(61, 'LamPT', 'LamPT', 'LamPT@fpt.edu.vn'),
(62, 'BinhNV2', 'BinhNV2', 'BinhNV2@fpt.edu.vn'),
(63, 'SonHX', 'SonHX', 'SonHX@fpt.edu.vn'),
(64, 'ThuLX', 'ThuLX', 'ThuLX@fpt.edu.vn'),
(65, 'MaiVTT', 'MaiVTT', 'MaiVTT@fpt.edu.vn'),
(66, 'VietNK', 'VietNK', 'VietNK@fpt.edu.vn'),
(67, 'DuanTC', 'DuanTC', 'DuanTC@fpt.edu.vn'),
(68, 'TrungNT', 'TrungNT', 'TrungNT@fpt.edu.vn'),
(69, 'VanDT', 'VanDT', 'VanDT@fpt.edu.vn'),
(70, 'QuyPH', 'QuyPH', 'QuyPH@fpt.edu.vn'),
(71, 'DungNT', 'DungNT', 'DungNT@fpt.edu.vn'),
(72, 'HuyenTT', 'HuyenTT', 'HuyenTT@fpt.edu.vn');

-- --------------------------------------------------------

--
-- Table structure for table `teacher_course_semester`
--

DROP TABLE IF EXISTS `teacher_course_semester`;
CREATE TABLE IF NOT EXISTS `teacher_course_semester` (
`teacher_course_semester_id` int(11) NOT NULL,
  `teacher_semester_id` int(11) NOT NULL,
  `course_semester_id` int(11) NOT NULL
) ENGINE=InnoDB AUTO_INCREMENT=756 DEFAULT CHARSET=latin1;

--
-- Dumping data for table `teacher_course_semester`
--

INSERT INTO `teacher_course_semester` (`teacher_course_semester_id`, `teacher_semester_id`, `course_semester_id`) VALUES
(687, 40, 242),
(688, 58, 242),
(689, 41, 243),
(690, 42, 243),
(691, 42, 244),
(692, 59, 244),
(693, 42, 275),
(694, 59, 275),
(695, 43, 246),
(696, 42, 246),
(697, 43, 247),
(698, 42, 247),
(699, 59, 247),
(700, 41, 247),
(701, 44, 248),
(702, 60, 248),
(703, 45, 249),
(704, 61, 249),
(705, 43, 250),
(706, 42, 250),
(707, 41, 251),
(708, 52, 251),
(709, 42, 252),
(710, 62, 252),
(711, 44, 252),
(712, 43, 252),
(713, 44, 253),
(714, 60, 253),
(715, 42, 254),
(716, 62, 254),
(717, 46, 255),
(718, 47, 256),
(719, 48, 257),
(720, 63, 257),
(721, 46, 258),
(722, 49, 259),
(723, 50, 260),
(724, 64, 260),
(725, 69, 260),
(726, 72, 260),
(727, 50, 261),
(728, 64, 261),
(729, 69, 261),
(730, 72, 261),
(731, 50, 262),
(732, 64, 262),
(733, 69, 262),
(734, 72, 262),
(735, 51, 263),
(736, 65, 263),
(737, 70, 263),
(738, 51, 264),
(739, 65, 264),
(740, 71, 264),
(741, 51, 265),
(742, 66, 265),
(743, 71, 265),
(744, 52, 266),
(745, 67, 266),
(746, 53, 267),
(747, 55, 267),
(748, 54, 268),
(749, 53, 269),
(750, 68, 269),
(751, 54, 270),
(752, 55, 271),
(753, 55, 272),
(754, 56, 273),
(755, 57, 274);

-- --------------------------------------------------------

--
-- Table structure for table `teacher_semester`
--

DROP TABLE IF EXISTS `teacher_semester`;
CREATE TABLE IF NOT EXISTS `teacher_semester` (
`teacher_semester_id` int(11) NOT NULL,
  `teacher_id` int(11) NOT NULL,
  `semester_id` int(11) NOT NULL
) ENGINE=InnoDB AUTO_INCREMENT=73 DEFAULT CHARSET=latin1;

--
-- Dumping data for table `teacher_semester`
--

INSERT INTO `teacher_semester` (`teacher_semester_id`, `teacher_id`, `semester_id`) VALUES
(40, 40, 2),
(41, 41, 2),
(42, 42, 2),
(43, 43, 2),
(44, 44, 2),
(45, 45, 2),
(46, 46, 2),
(47, 47, 2),
(48, 48, 2),
(49, 49, 2),
(50, 50, 2),
(51, 51, 2),
(52, 52, 2),
(53, 53, 2),
(54, 54, 2),
(55, 55, 2),
(56, 56, 2),
(57, 57, 2),
(58, 58, 2),
(59, 59, 2),
(60, 60, 2),
(61, 61, 2),
(62, 62, 2),
(63, 63, 2),
(64, 64, 2),
(65, 65, 2),
(66, 66, 2),
(67, 67, 2),
(68, 68, 2),
(69, 69, 2),
(70, 70, 2),
(71, 71, 2),
(72, 72, 2);

-- --------------------------------------------------------

--
-- Table structure for table `time_table`
--

DROP TABLE IF EXISTS `time_table`;
CREATE TABLE IF NOT EXISTS `time_table` (
`time_table_id` int(11) NOT NULL,
  `class_course_semester_id` int(11) NOT NULL,
  `date` datetime NOT NULL,
  `slot` int(11) NOT NULL,
  `room_id` int(11) DEFAULT NULL,
  `teacher_semester_id` int(11) DEFAULT NULL
) ENGINE=InnoDB AUTO_INCREMENT=32380 DEFAULT CHARSET=latin1;

--
-- Dumping data for table `time_table`
--

INSERT INTO `time_table` (`time_table_id`, `class_course_semester_id`, `date`, `slot`, `room_id`, `teacher_semester_id`) VALUES
(28600, 323, '2015-09-07 07:30:00', 1, 53, NULL),
(28601, 323, '2015-09-14 07:30:00', 1, 53, NULL),
(28602, 323, '2015-09-21 07:30:00', 1, 53, NULL),
(28603, 323, '2015-09-07 09:10:00', 2, 53, NULL),
(28604, 323, '2015-09-14 09:10:00', 2, 53, NULL),
(28605, 323, '2015-09-21 09:10:00', 2, 53, NULL),
(28606, 325, '2015-09-07 10:50:00', 3, 53, NULL),
(28607, 325, '2015-09-14 10:50:00', 3, 53, NULL),
(28608, 325, '2015-09-21 10:50:00', 3, 53, NULL),
(28609, 321, '2015-09-08 07:30:00', 1, 53, NULL),
(28610, 321, '2015-09-15 07:30:00', 1, 53, NULL),
(28611, 321, '2015-09-22 07:30:00', 1, 53, NULL),
(28612, 321, '2015-09-08 09:10:00', 2, 53, NULL),
(28613, 321, '2015-09-15 09:10:00', 2, 53, NULL),
(28614, 321, '2015-09-22 09:10:00', 2, 53, NULL),
(28615, 325, '2015-09-08 10:50:00', 3, 53, NULL),
(28616, 325, '2015-09-15 10:50:00', 3, 53, NULL),
(28617, 325, '2015-09-22 10:50:00', 3, 53, NULL),
(28618, 323, '2015-09-09 07:30:00', 1, 53, NULL),
(28619, 323, '2015-09-16 07:30:00', 1, 53, NULL),
(28620, 323, '2015-09-23 07:30:00', 1, 53, NULL),
(28621, 323, '2015-09-09 09:10:00', 2, 53, NULL),
(28622, 323, '2015-09-16 09:10:00', 2, 53, NULL),
(28623, 323, '2015-09-23 09:10:00', 2, 53, NULL),
(28624, 325, '2015-09-09 10:50:00', 3, 53, NULL),
(28625, 325, '2015-09-16 10:50:00', 3, 53, NULL),
(28626, 325, '2015-09-23 10:50:00', 3, 53, NULL),
(28627, 321, '2015-09-10 07:30:00', 1, 53, NULL),
(28628, 321, '2015-09-17 07:30:00', 1, 53, NULL),
(28629, 321, '2015-09-24 07:30:00', 1, 53, NULL),
(28630, 321, '2015-09-10 09:10:00', 2, 53, NULL),
(28631, 321, '2015-09-17 09:10:00', 2, 53, NULL),
(28632, 321, '2015-09-24 09:10:00', 2, 53, NULL),
(28633, 325, '2015-09-10 10:50:00', 3, 53, NULL),
(28634, 325, '2015-09-17 10:50:00', 3, 53, NULL),
(28635, 325, '2015-09-24 10:50:00', 3, 53, NULL),
(28636, 323, '2015-09-11 07:30:00', 1, 53, NULL),
(28637, 323, '2015-09-18 07:30:00', 1, 53, NULL),
(28638, 323, '2015-09-25 07:30:00', 1, 53, NULL),
(28639, 323, '2015-09-11 09:10:00', 2, 53, NULL),
(28640, 323, '2015-09-18 09:10:00', 2, 53, NULL),
(28641, 323, '2015-09-25 09:10:00', 2, 53, NULL),
(28642, 325, '2015-09-11 10:50:00', 3, 53, NULL),
(28643, 325, '2015-09-18 10:50:00', 3, 53, NULL),
(28644, 325, '2015-09-25 10:50:00', 3, 53, NULL),
(28645, 323, '2015-09-28 07:30:00', 1, 53, NULL),
(28646, 323, '2015-10-05 07:30:00', 1, 53, NULL),
(28647, 323, '2015-10-12 07:30:00', 1, 53, NULL),
(28648, 323, '2015-09-28 09:10:00', 2, 53, NULL),
(28649, 323, '2015-10-05 09:10:00', 2, 53, NULL),
(28650, 323, '2015-10-12 09:10:00', 2, 53, NULL),
(28651, 325, '2015-09-28 10:50:00', 3, 53, NULL),
(28652, 325, '2015-10-05 10:50:00', 3, 53, NULL),
(28653, 325, '2015-10-12 10:50:00', 3, 53, NULL),
(28654, 321, '2015-09-29 07:30:00', 1, 53, NULL),
(28655, 321, '2015-10-06 07:30:00', 1, 53, NULL),
(28656, 321, '2015-10-13 07:30:00', 1, 53, NULL),
(28657, 321, '2015-09-29 09:10:00', 2, 53, NULL),
(28658, 321, '2015-10-06 09:10:00', 2, 53, NULL),
(28659, 321, '2015-10-13 09:10:00', 2, 53, NULL),
(28660, 325, '2015-09-29 10:50:00', 3, 53, NULL),
(28661, 325, '2015-10-06 10:50:00', 3, 53, NULL),
(28662, 325, '2015-10-13 10:50:00', 3, 53, NULL),
(28663, 323, '2015-09-30 07:30:00', 1, 53, NULL),
(28664, 323, '2015-10-07 07:30:00', 1, 53, NULL),
(28665, 323, '2015-10-14 07:30:00', 1, 53, NULL),
(28666, 323, '2015-09-30 09:10:00', 2, 53, NULL),
(28667, 323, '2015-10-07 09:10:00', 2, 53, NULL),
(28668, 323, '2015-10-14 09:10:00', 2, 53, NULL),
(28669, 325, '2015-09-30 10:50:00', 3, 53, NULL),
(28670, 325, '2015-10-07 10:50:00', 3, 53, NULL),
(28671, 325, '2015-10-14 10:50:00', 3, 53, NULL),
(28672, 321, '2015-10-01 07:30:00', 1, 53, NULL),
(28673, 321, '2015-10-08 07:30:00', 1, 53, NULL),
(28674, 321, '2015-10-15 07:30:00', 1, 53, NULL),
(28675, 321, '2015-10-01 09:10:00', 2, 53, NULL),
(28676, 321, '2015-10-08 09:10:00', 2, 53, NULL),
(28677, 321, '2015-10-15 09:10:00', 2, 53, NULL),
(28678, 325, '2015-10-01 10:50:00', 3, 53, NULL),
(28679, 325, '2015-10-08 10:50:00', 3, 53, NULL),
(28680, 325, '2015-10-15 10:50:00', 3, 53, NULL),
(28681, 321, '2015-10-02 07:30:00', 1, 53, NULL),
(28682, 321, '2015-10-09 07:30:00', 1, 53, NULL),
(28683, 321, '2015-10-16 07:30:00', 1, 53, NULL),
(28684, 321, '2015-10-02 09:10:00', 2, 53, NULL),
(28685, 321, '2015-10-09 09:10:00', 2, 53, NULL),
(28686, 321, '2015-10-16 09:10:00', 2, 53, NULL),
(28687, 325, '2015-10-02 10:50:00', 3, 53, NULL),
(28688, 325, '2015-10-09 10:50:00', 3, 53, NULL),
(28689, 325, '2015-10-16 10:50:00', 3, 53, NULL),
(28690, 322, '2015-11-09 07:30:00', 1, 50, NULL),
(28691, 322, '2015-11-16 07:30:00', 1, 50, NULL),
(28692, 322, '2015-11-23 07:30:00', 1, 50, NULL),
(28693, 322, '2015-11-09 09:10:00', 2, 50, NULL),
(28694, 322, '2015-11-16 09:10:00', 2, 50, NULL),
(28695, 322, '2015-11-23 09:10:00', 2, 50, NULL),
(28696, 324, '2015-11-10 07:30:00', 1, 53, NULL),
(28697, 324, '2015-11-17 07:30:00', 1, 53, NULL),
(28698, 324, '2015-11-24 07:30:00', 1, 53, NULL),
(28699, 324, '2015-11-10 09:10:00', 2, 53, NULL),
(28700, 324, '2015-11-17 09:10:00', 2, 53, NULL),
(28701, 324, '2015-11-24 09:10:00', 2, 53, NULL),
(28702, 322, '2015-11-11 07:30:00', 1, 50, NULL),
(28703, 322, '2015-11-18 07:30:00', 1, 50, NULL),
(28704, 322, '2015-11-25 07:30:00', 1, 50, NULL),
(28705, 322, '2015-11-11 09:10:00', 2, 50, NULL),
(28706, 322, '2015-11-18 09:10:00', 2, 50, NULL),
(28707, 322, '2015-11-25 09:10:00', 2, 50, NULL),
(28708, 324, '2015-11-12 07:30:00', 1, 53, NULL),
(28709, 324, '2015-11-19 07:30:00', 1, 53, NULL),
(28710, 324, '2015-11-26 07:30:00', 1, 53, NULL),
(28711, 324, '2015-11-12 09:10:00', 2, 53, NULL),
(28712, 324, '2015-11-19 09:10:00', 2, 53, NULL),
(28713, 324, '2015-11-26 09:10:00', 2, 53, NULL),
(28714, 322, '2015-11-13 07:30:00', 1, 50, NULL),
(28715, 322, '2015-11-20 07:30:00', 1, 50, NULL),
(28716, 322, '2015-11-27 07:30:00', 1, 50, NULL),
(28717, 322, '2015-11-13 09:10:00', 2, 50, NULL),
(28718, 322, '2015-11-20 09:10:00', 2, 50, NULL),
(28719, 322, '2015-11-27 09:10:00', 2, 50, NULL),
(28720, 322, '2015-11-30 07:30:00', 1, 50, NULL),
(28721, 322, '2015-12-07 07:30:00', 1, 50, NULL),
(28722, 322, '2015-12-14 07:30:00', 1, 50, NULL),
(28723, 322, '2015-11-30 09:10:00', 2, 50, NULL),
(28724, 322, '2015-12-07 09:10:00', 2, 50, NULL),
(28725, 322, '2015-12-14 09:10:00', 2, 50, NULL),
(28726, 324, '2015-12-01 07:30:00', 1, 53, NULL),
(28727, 324, '2015-12-08 07:30:00', 1, 53, NULL),
(28728, 324, '2015-12-15 07:30:00', 1, 53, NULL),
(28729, 324, '2015-12-01 09:10:00', 2, 53, NULL),
(28730, 324, '2015-12-08 09:10:00', 2, 53, NULL),
(28731, 324, '2015-12-15 09:10:00', 2, 53, NULL),
(28732, 322, '2015-12-02 07:30:00', 1, 50, NULL),
(28733, 322, '2015-12-09 07:30:00', 1, 50, NULL),
(28734, 322, '2015-12-16 07:30:00', 1, 50, NULL),
(28735, 322, '2015-12-02 09:10:00', 2, 50, NULL),
(28736, 322, '2015-12-09 09:10:00', 2, 50, NULL),
(28737, 322, '2015-12-16 09:10:00', 2, 50, NULL),
(28738, 324, '2015-12-03 07:30:00', 1, 53, NULL),
(28739, 324, '2015-12-10 07:30:00', 1, 53, NULL),
(28740, 324, '2015-12-17 07:30:00', 1, 53, NULL),
(28741, 324, '2015-12-03 09:10:00', 2, 53, NULL),
(28742, 324, '2015-12-10 09:10:00', 2, 53, NULL),
(28743, 324, '2015-12-17 09:10:00', 2, 53, NULL),
(28744, 324, '2015-12-04 07:30:00', 1, 53, NULL),
(28745, 324, '2015-12-11 07:30:00', 1, 53, NULL),
(28746, 324, '2015-12-18 07:30:00', 1, 53, NULL),
(28747, 324, '2015-12-04 09:10:00', 2, 53, NULL),
(28748, 324, '2015-12-11 09:10:00', 2, 53, NULL),
(28749, 324, '2015-12-18 09:10:00', 2, 53, NULL),
(28750, 328, '2015-09-07 12:50:00', 4, 53, NULL),
(28751, 328, '2015-09-14 12:50:00', 4, 53, NULL),
(28752, 328, '2015-09-21 12:50:00', 4, 53, NULL),
(28753, 328, '2015-09-07 14:30:00', 5, 53, NULL),
(28754, 328, '2015-09-14 14:30:00', 5, 53, NULL),
(28755, 328, '2015-09-21 14:30:00', 5, 53, NULL),
(28756, 330, '2015-09-07 16:10:00', 6, 53, NULL),
(28757, 330, '2015-09-14 16:10:00', 6, 53, NULL),
(28758, 330, '2015-09-21 16:10:00', 6, 53, NULL),
(28759, 326, '2015-09-08 12:50:00', 4, 53, NULL),
(28760, 326, '2015-09-15 12:50:00', 4, 53, NULL),
(28761, 326, '2015-09-22 12:50:00', 4, 53, NULL),
(28762, 326, '2015-09-08 14:30:00', 5, 53, NULL),
(28763, 326, '2015-09-15 14:30:00', 5, 53, NULL),
(28764, 326, '2015-09-22 14:30:00', 5, 53, NULL),
(28765, 330, '2015-09-08 16:10:00', 6, 53, NULL),
(28766, 330, '2015-09-15 16:10:00', 6, 53, NULL),
(28767, 330, '2015-09-22 16:10:00', 6, 53, NULL),
(28768, 328, '2015-09-09 12:50:00', 4, 53, NULL),
(28769, 328, '2015-09-16 12:50:00', 4, 53, NULL),
(28770, 328, '2015-09-23 12:50:00', 4, 53, NULL),
(28771, 328, '2015-09-09 14:30:00', 5, 53, NULL),
(28772, 328, '2015-09-16 14:30:00', 5, 53, NULL),
(28773, 328, '2015-09-23 14:30:00', 5, 53, NULL),
(28774, 330, '2015-09-09 16:10:00', 6, 53, NULL),
(28775, 330, '2015-09-16 16:10:00', 6, 53, NULL),
(28776, 330, '2015-09-23 16:10:00', 6, 53, NULL),
(28777, 326, '2015-09-10 12:50:00', 4, 53, NULL),
(28778, 326, '2015-09-17 12:50:00', 4, 53, NULL),
(28779, 326, '2015-09-24 12:50:00', 4, 53, NULL),
(28780, 326, '2015-09-10 14:30:00', 5, 53, NULL),
(28781, 326, '2015-09-17 14:30:00', 5, 53, NULL),
(28782, 326, '2015-09-24 14:30:00', 5, 53, NULL),
(28783, 330, '2015-09-10 16:10:00', 6, 53, NULL),
(28784, 330, '2015-09-17 16:10:00', 6, 53, NULL),
(28785, 330, '2015-09-24 16:10:00', 6, 53, NULL),
(28786, 328, '2015-09-11 12:50:00', 4, 53, NULL),
(28787, 328, '2015-09-18 12:50:00', 4, 53, NULL),
(28788, 328, '2015-09-25 12:50:00', 4, 53, NULL),
(28789, 328, '2015-09-11 14:30:00', 5, 53, NULL),
(28790, 328, '2015-09-18 14:30:00', 5, 53, NULL),
(28791, 328, '2015-09-25 14:30:00', 5, 53, NULL),
(28792, 330, '2015-09-11 16:10:00', 6, 53, NULL),
(28793, 330, '2015-09-18 16:10:00', 6, 53, NULL),
(28794, 330, '2015-09-25 16:10:00', 6, 53, NULL),
(28795, 328, '2015-09-28 12:50:00', 4, 53, NULL),
(28796, 328, '2015-10-05 12:50:00', 4, 53, NULL),
(28797, 328, '2015-10-12 12:50:00', 4, 53, NULL),
(28798, 328, '2015-09-28 14:30:00', 5, 53, NULL),
(28799, 328, '2015-10-05 14:30:00', 5, 53, NULL),
(28800, 328, '2015-10-12 14:30:00', 5, 53, NULL),
(28801, 330, '2015-09-28 16:10:00', 6, 53, NULL),
(28802, 330, '2015-10-05 16:10:00', 6, 53, NULL),
(28803, 330, '2015-10-12 16:10:00', 6, 53, NULL),
(28804, 326, '2015-09-29 12:50:00', 4, 53, NULL),
(28805, 326, '2015-10-06 12:50:00', 4, 53, NULL),
(28806, 326, '2015-10-13 12:50:00', 4, 53, NULL),
(28807, 326, '2015-09-29 14:30:00', 5, 53, NULL),
(28808, 326, '2015-10-06 14:30:00', 5, 53, NULL),
(28809, 326, '2015-10-13 14:30:00', 5, 53, NULL),
(28810, 330, '2015-09-29 16:10:00', 6, 53, NULL),
(28811, 330, '2015-10-06 16:10:00', 6, 53, NULL),
(28812, 330, '2015-10-13 16:10:00', 6, 53, NULL),
(28813, 328, '2015-09-30 12:50:00', 4, 53, NULL),
(28814, 328, '2015-10-07 12:50:00', 4, 53, NULL),
(28815, 328, '2015-10-14 12:50:00', 4, 53, NULL),
(28816, 328, '2015-09-30 14:30:00', 5, 53, NULL),
(28817, 328, '2015-10-07 14:30:00', 5, 53, NULL),
(28818, 328, '2015-10-14 14:30:00', 5, 53, NULL),
(28819, 330, '2015-09-30 16:10:00', 6, 53, NULL),
(28820, 330, '2015-10-07 16:10:00', 6, 53, NULL),
(28821, 330, '2015-10-14 16:10:00', 6, 53, NULL),
(28822, 326, '2015-10-01 12:50:00', 4, 53, NULL),
(28823, 326, '2015-10-08 12:50:00', 4, 53, NULL),
(28824, 326, '2015-10-15 12:50:00', 4, 53, NULL),
(28825, 326, '2015-10-01 14:30:00', 5, 53, NULL),
(28826, 326, '2015-10-08 14:30:00', 5, 53, NULL),
(28827, 326, '2015-10-15 14:30:00', 5, 53, NULL),
(28828, 330, '2015-10-01 16:10:00', 6, 53, NULL),
(28829, 330, '2015-10-08 16:10:00', 6, 53, NULL),
(28830, 330, '2015-10-15 16:10:00', 6, 53, NULL),
(28831, 326, '2015-10-02 12:50:00', 4, 53, NULL),
(28832, 326, '2015-10-09 12:50:00', 4, 53, NULL),
(28833, 326, '2015-10-16 12:50:00', 4, 53, NULL),
(28834, 326, '2015-10-02 14:30:00', 5, 53, NULL),
(28835, 326, '2015-10-09 14:30:00', 5, 53, NULL),
(28836, 326, '2015-10-16 14:30:00', 5, 53, NULL),
(28837, 330, '2015-10-02 16:10:00', 6, 53, NULL),
(28838, 330, '2015-10-09 16:10:00', 6, 53, NULL),
(28839, 330, '2015-10-16 16:10:00', 6, 53, NULL),
(28840, 327, '2015-11-09 12:50:00', 4, 50, NULL),
(28841, 327, '2015-11-16 12:50:00', 4, 50, NULL),
(28842, 327, '2015-11-23 12:50:00', 4, 50, NULL),
(28843, 327, '2015-11-09 14:30:00', 5, 50, NULL),
(28844, 327, '2015-11-16 14:30:00', 5, 50, NULL),
(28845, 327, '2015-11-23 14:30:00', 5, 50, NULL),
(28846, 329, '2015-11-10 12:50:00', 4, 53, NULL),
(28847, 329, '2015-11-17 12:50:00', 4, 53, NULL),
(28848, 329, '2015-11-24 12:50:00', 4, 53, NULL),
(28849, 329, '2015-11-10 14:30:00', 5, 53, NULL),
(28850, 329, '2015-11-17 14:30:00', 5, 53, NULL),
(28851, 329, '2015-11-24 14:30:00', 5, 53, NULL),
(28852, 327, '2015-11-11 12:50:00', 4, 50, NULL),
(28853, 327, '2015-11-18 12:50:00', 4, 50, NULL),
(28854, 327, '2015-11-25 12:50:00', 4, 50, NULL),
(28855, 327, '2015-11-11 14:30:00', 5, 50, NULL),
(28856, 327, '2015-11-18 14:30:00', 5, 50, NULL),
(28857, 327, '2015-11-25 14:30:00', 5, 50, NULL),
(28858, 329, '2015-11-12 12:50:00', 4, 53, NULL),
(28859, 329, '2015-11-19 12:50:00', 4, 53, NULL),
(28860, 329, '2015-11-26 12:50:00', 4, 53, NULL),
(28861, 329, '2015-11-12 14:30:00', 5, 53, NULL),
(28862, 329, '2015-11-19 14:30:00', 5, 53, NULL),
(28863, 329, '2015-11-26 14:30:00', 5, 53, NULL),
(28864, 327, '2015-11-13 12:50:00', 4, 50, NULL),
(28865, 327, '2015-11-20 12:50:00', 4, 50, NULL),
(28866, 327, '2015-11-27 12:50:00', 4, 50, NULL),
(28867, 327, '2015-11-13 14:30:00', 5, 50, NULL),
(28868, 327, '2015-11-20 14:30:00', 5, 50, NULL),
(28869, 327, '2015-11-27 14:30:00', 5, 50, NULL),
(28870, 327, '2015-11-30 12:50:00', 4, 50, NULL),
(28871, 327, '2015-12-07 12:50:00', 4, 50, NULL),
(28872, 327, '2015-12-14 12:50:00', 4, 50, NULL),
(28873, 327, '2015-11-30 14:30:00', 5, 50, NULL),
(28874, 327, '2015-12-07 14:30:00', 5, 50, NULL),
(28875, 327, '2015-12-14 14:30:00', 5, 50, NULL),
(28876, 329, '2015-12-01 12:50:00', 4, 53, NULL),
(28877, 329, '2015-12-08 12:50:00', 4, 53, NULL),
(28878, 329, '2015-12-15 12:50:00', 4, 53, NULL),
(28879, 329, '2015-12-01 14:30:00', 5, 53, NULL),
(28880, 329, '2015-12-08 14:30:00', 5, 53, NULL),
(28881, 329, '2015-12-15 14:30:00', 5, 53, NULL),
(28882, 327, '2015-12-02 12:50:00', 4, 50, NULL),
(28883, 327, '2015-12-09 12:50:00', 4, 50, NULL),
(28884, 327, '2015-12-16 12:50:00', 4, 50, NULL),
(28885, 327, '2015-12-02 14:30:00', 5, 50, NULL),
(28886, 327, '2015-12-09 14:30:00', 5, 50, NULL),
(28887, 327, '2015-12-16 14:30:00', 5, 50, NULL),
(28888, 329, '2015-12-03 12:50:00', 4, 53, NULL),
(28889, 329, '2015-12-10 12:50:00', 4, 53, NULL),
(28890, 329, '2015-12-17 12:50:00', 4, 53, NULL),
(28891, 329, '2015-12-03 14:30:00', 5, 53, NULL),
(28892, 329, '2015-12-10 14:30:00', 5, 53, NULL),
(28893, 329, '2015-12-17 14:30:00', 5, 53, NULL),
(28894, 329, '2015-12-04 12:50:00', 4, 53, NULL),
(28895, 329, '2015-12-11 12:50:00', 4, 53, NULL),
(28896, 329, '2015-12-18 12:50:00', 4, 53, NULL),
(28897, 329, '2015-12-04 14:30:00', 5, 53, NULL),
(28898, 329, '2015-12-11 14:30:00', 5, 53, NULL),
(28899, 329, '2015-12-18 14:30:00', 5, 53, NULL),
(28900, 333, '2015-09-07 12:50:00', 4, 54, NULL),
(28901, 333, '2015-09-14 12:50:00', 4, 54, NULL),
(28902, 333, '2015-09-21 12:50:00', 4, 54, NULL),
(28903, 333, '2015-09-07 14:30:00', 5, 54, NULL),
(28904, 333, '2015-09-14 14:30:00', 5, 54, NULL),
(28905, 333, '2015-09-21 14:30:00', 5, 54, NULL),
(28906, 335, '2015-09-07 16:10:00', 6, 54, NULL),
(28907, 335, '2015-09-14 16:10:00', 6, 54, NULL),
(28908, 335, '2015-09-21 16:10:00', 6, 54, NULL),
(28909, 331, '2015-09-08 12:50:00', 4, 54, NULL),
(28910, 331, '2015-09-15 12:50:00', 4, 54, NULL),
(28911, 331, '2015-09-22 12:50:00', 4, 54, NULL),
(28912, 331, '2015-09-08 14:30:00', 5, 54, NULL),
(28913, 331, '2015-09-15 14:30:00', 5, 54, NULL),
(28914, 331, '2015-09-22 14:30:00', 5, 54, NULL),
(28915, 335, '2015-09-08 16:10:00', 6, 54, NULL),
(28916, 335, '2015-09-15 16:10:00', 6, 54, NULL),
(28917, 335, '2015-09-22 16:10:00', 6, 54, NULL),
(28918, 333, '2015-09-09 12:50:00', 4, 54, NULL),
(28919, 333, '2015-09-16 12:50:00', 4, 54, NULL),
(28920, 333, '2015-09-23 12:50:00', 4, 54, NULL),
(28921, 333, '2015-09-09 14:30:00', 5, 54, NULL),
(28922, 333, '2015-09-16 14:30:00', 5, 54, NULL),
(28923, 333, '2015-09-23 14:30:00', 5, 54, NULL),
(28924, 335, '2015-09-09 16:10:00', 6, 54, NULL),
(28925, 335, '2015-09-16 16:10:00', 6, 54, NULL),
(28926, 335, '2015-09-23 16:10:00', 6, 54, NULL),
(28927, 331, '2015-09-10 12:50:00', 4, 54, NULL),
(28928, 331, '2015-09-17 12:50:00', 4, 54, NULL),
(28929, 331, '2015-09-24 12:50:00', 4, 54, NULL),
(28930, 331, '2015-09-10 14:30:00', 5, 54, NULL),
(28931, 331, '2015-09-17 14:30:00', 5, 54, NULL),
(28932, 331, '2015-09-24 14:30:00', 5, 54, NULL),
(28933, 335, '2015-09-10 16:10:00', 6, 54, NULL),
(28934, 335, '2015-09-17 16:10:00', 6, 54, NULL),
(28935, 335, '2015-09-24 16:10:00', 6, 54, NULL),
(28936, 333, '2015-09-11 12:50:00', 4, 54, NULL),
(28937, 333, '2015-09-18 12:50:00', 4, 54, NULL),
(28938, 333, '2015-09-25 12:50:00', 4, 54, NULL),
(28939, 333, '2015-09-11 14:30:00', 5, 54, NULL),
(28940, 333, '2015-09-18 14:30:00', 5, 54, NULL),
(28941, 333, '2015-09-25 14:30:00', 5, 54, NULL),
(28942, 335, '2015-09-11 16:10:00', 6, 54, NULL),
(28943, 335, '2015-09-18 16:10:00', 6, 54, NULL),
(28944, 335, '2015-09-25 16:10:00', 6, 54, NULL),
(28945, 333, '2015-09-28 12:50:00', 4, 54, NULL),
(28946, 333, '2015-10-05 12:50:00', 4, 54, NULL),
(28947, 333, '2015-10-12 12:50:00', 4, 54, NULL),
(28948, 333, '2015-09-28 14:30:00', 5, 54, NULL),
(28949, 333, '2015-10-05 14:30:00', 5, 54, NULL),
(28950, 333, '2015-10-12 14:30:00', 5, 54, NULL),
(28951, 335, '2015-09-28 16:10:00', 6, 54, NULL),
(28952, 335, '2015-10-05 16:10:00', 6, 54, NULL),
(28953, 335, '2015-10-12 16:10:00', 6, 54, NULL),
(28954, 331, '2015-09-29 12:50:00', 4, 54, NULL),
(28955, 331, '2015-10-06 12:50:00', 4, 54, NULL),
(28956, 331, '2015-10-13 12:50:00', 4, 54, NULL),
(28957, 331, '2015-09-29 14:30:00', 5, 54, NULL),
(28958, 331, '2015-10-06 14:30:00', 5, 54, NULL),
(28959, 331, '2015-10-13 14:30:00', 5, 54, NULL),
(28960, 335, '2015-09-29 16:10:00', 6, 54, NULL),
(28961, 335, '2015-10-06 16:10:00', 6, 54, NULL),
(28962, 335, '2015-10-13 16:10:00', 6, 54, NULL),
(28963, 333, '2015-09-30 12:50:00', 4, 54, NULL),
(28964, 333, '2015-10-07 12:50:00', 4, 54, NULL),
(28965, 333, '2015-10-14 12:50:00', 4, 54, NULL),
(28966, 333, '2015-09-30 14:30:00', 5, 54, NULL),
(28967, 333, '2015-10-07 14:30:00', 5, 54, NULL),
(28968, 333, '2015-10-14 14:30:00', 5, 54, NULL),
(28969, 335, '2015-09-30 16:10:00', 6, 54, NULL),
(28970, 335, '2015-10-07 16:10:00', 6, 54, NULL),
(28971, 335, '2015-10-14 16:10:00', 6, 54, NULL),
(28972, 331, '2015-10-01 12:50:00', 4, 54, NULL),
(28973, 331, '2015-10-08 12:50:00', 4, 54, NULL),
(28974, 331, '2015-10-15 12:50:00', 4, 54, NULL),
(28975, 331, '2015-10-01 14:30:00', 5, 54, NULL),
(28976, 331, '2015-10-08 14:30:00', 5, 54, NULL),
(28977, 331, '2015-10-15 14:30:00', 5, 54, NULL),
(28978, 335, '2015-10-01 16:10:00', 6, 54, NULL),
(28979, 335, '2015-10-08 16:10:00', 6, 54, NULL),
(28980, 335, '2015-10-15 16:10:00', 6, 54, NULL),
(28981, 331, '2015-10-02 12:50:00', 4, 54, NULL),
(28982, 331, '2015-10-09 12:50:00', 4, 54, NULL),
(28983, 331, '2015-10-16 12:50:00', 4, 54, NULL),
(28984, 331, '2015-10-02 14:30:00', 5, 54, NULL),
(28985, 331, '2015-10-09 14:30:00', 5, 54, NULL),
(28986, 331, '2015-10-16 14:30:00', 5, 54, NULL),
(28987, 335, '2015-10-02 16:10:00', 6, 54, NULL),
(28988, 335, '2015-10-09 16:10:00', 6, 54, NULL),
(28989, 335, '2015-10-16 16:10:00', 6, 54, NULL),
(28990, 332, '2015-11-09 12:50:00', 4, 51, NULL),
(28991, 332, '2015-11-16 12:50:00', 4, 51, NULL),
(28992, 332, '2015-11-23 12:50:00', 4, 51, NULL),
(28993, 332, '2015-11-09 14:30:00', 5, 51, NULL),
(28994, 332, '2015-11-16 14:30:00', 5, 51, NULL),
(28995, 332, '2015-11-23 14:30:00', 5, 51, NULL),
(28996, 334, '2015-11-10 12:50:00', 4, 54, NULL),
(28997, 334, '2015-11-17 12:50:00', 4, 54, NULL),
(28998, 334, '2015-11-24 12:50:00', 4, 54, NULL),
(28999, 334, '2015-11-10 14:30:00', 5, 54, NULL),
(29000, 334, '2015-11-17 14:30:00', 5, 54, NULL),
(29001, 334, '2015-11-24 14:30:00', 5, 54, NULL),
(29002, 332, '2015-11-11 12:50:00', 4, 51, NULL),
(29003, 332, '2015-11-18 12:50:00', 4, 51, NULL),
(29004, 332, '2015-11-25 12:50:00', 4, 51, NULL),
(29005, 332, '2015-11-11 14:30:00', 5, 51, NULL),
(29006, 332, '2015-11-18 14:30:00', 5, 51, NULL),
(29007, 332, '2015-11-25 14:30:00', 5, 51, NULL),
(29008, 334, '2015-11-12 12:50:00', 4, 54, NULL),
(29009, 334, '2015-11-19 12:50:00', 4, 54, NULL),
(29010, 334, '2015-11-26 12:50:00', 4, 54, NULL),
(29011, 334, '2015-11-12 14:30:00', 5, 54, NULL),
(29012, 334, '2015-11-19 14:30:00', 5, 54, NULL),
(29013, 334, '2015-11-26 14:30:00', 5, 54, NULL),
(29014, 332, '2015-11-13 12:50:00', 4, 51, NULL),
(29015, 332, '2015-11-20 12:50:00', 4, 51, NULL),
(29016, 332, '2015-11-27 12:50:00', 4, 51, NULL),
(29017, 332, '2015-11-13 14:30:00', 5, 51, NULL),
(29018, 332, '2015-11-20 14:30:00', 5, 51, NULL),
(29019, 332, '2015-11-27 14:30:00', 5, 51, NULL),
(29020, 332, '2015-11-30 12:50:00', 4, 51, NULL),
(29021, 332, '2015-12-07 12:50:00', 4, 51, NULL),
(29022, 332, '2015-12-14 12:50:00', 4, 51, NULL),
(29023, 332, '2015-11-30 14:30:00', 5, 51, NULL),
(29024, 332, '2015-12-07 14:30:00', 5, 51, NULL),
(29025, 332, '2015-12-14 14:30:00', 5, 51, NULL),
(29026, 334, '2015-12-01 12:50:00', 4, 54, NULL),
(29027, 334, '2015-12-08 12:50:00', 4, 54, NULL),
(29028, 334, '2015-12-15 12:50:00', 4, 54, NULL),
(29029, 334, '2015-12-01 14:30:00', 5, 54, NULL),
(29030, 334, '2015-12-08 14:30:00', 5, 54, NULL),
(29031, 334, '2015-12-15 14:30:00', 5, 54, NULL),
(29032, 332, '2015-12-02 12:50:00', 4, 51, NULL),
(29033, 332, '2015-12-09 12:50:00', 4, 51, NULL),
(29034, 332, '2015-12-16 12:50:00', 4, 51, NULL),
(29035, 332, '2015-12-02 14:30:00', 5, 51, NULL),
(29036, 332, '2015-12-09 14:30:00', 5, 51, NULL),
(29037, 332, '2015-12-16 14:30:00', 5, 51, NULL),
(29038, 334, '2015-12-03 12:50:00', 4, 54, NULL),
(29039, 334, '2015-12-10 12:50:00', 4, 54, NULL),
(29040, 334, '2015-12-17 12:50:00', 4, 54, NULL),
(29041, 334, '2015-12-03 14:30:00', 5, 54, NULL),
(29042, 334, '2015-12-10 14:30:00', 5, 54, NULL),
(29043, 334, '2015-12-17 14:30:00', 5, 54, NULL),
(29044, 334, '2015-12-04 12:50:00', 4, 54, NULL),
(29045, 334, '2015-12-11 12:50:00', 4, 54, NULL),
(29046, 334, '2015-12-18 12:50:00', 4, 54, NULL),
(29047, 334, '2015-12-04 14:30:00', 5, 54, NULL),
(29048, 334, '2015-12-11 14:30:00', 5, 54, NULL),
(29049, 334, '2015-12-18 14:30:00', 5, 54, NULL),
(29050, 338, '2015-09-07 12:50:00', 4, 55, NULL),
(29051, 338, '2015-09-14 12:50:00', 4, 55, NULL),
(29052, 338, '2015-09-21 12:50:00', 4, 55, NULL),
(29053, 338, '2015-09-07 14:30:00', 5, 55, NULL),
(29054, 338, '2015-09-14 14:30:00', 5, 55, NULL),
(29055, 338, '2015-09-21 14:30:00', 5, 55, NULL),
(29056, 340, '2015-09-07 16:10:00', 6, 55, NULL),
(29057, 340, '2015-09-14 16:10:00', 6, 55, NULL),
(29058, 340, '2015-09-21 16:10:00', 6, 55, NULL),
(29059, 336, '2015-09-08 12:50:00', 4, 55, NULL),
(29060, 336, '2015-09-15 12:50:00', 4, 55, NULL),
(29061, 336, '2015-09-22 12:50:00', 4, 55, NULL),
(29062, 336, '2015-09-08 14:30:00', 5, 55, NULL),
(29063, 336, '2015-09-15 14:30:00', 5, 55, NULL),
(29064, 336, '2015-09-22 14:30:00', 5, 55, NULL),
(29065, 340, '2015-09-08 16:10:00', 6, 55, NULL),
(29066, 340, '2015-09-15 16:10:00', 6, 55, NULL),
(29067, 340, '2015-09-22 16:10:00', 6, 55, NULL),
(29068, 338, '2015-09-09 12:50:00', 4, 55, NULL),
(29069, 338, '2015-09-16 12:50:00', 4, 55, NULL),
(29070, 338, '2015-09-23 12:50:00', 4, 55, NULL),
(29071, 338, '2015-09-09 14:30:00', 5, 55, NULL),
(29072, 338, '2015-09-16 14:30:00', 5, 55, NULL),
(29073, 338, '2015-09-23 14:30:00', 5, 55, NULL),
(29074, 340, '2015-09-09 16:10:00', 6, 55, NULL),
(29075, 340, '2015-09-16 16:10:00', 6, 55, NULL),
(29076, 340, '2015-09-23 16:10:00', 6, 55, NULL),
(29077, 336, '2015-09-10 12:50:00', 4, 55, NULL),
(29078, 336, '2015-09-17 12:50:00', 4, 55, NULL),
(29079, 336, '2015-09-24 12:50:00', 4, 55, NULL),
(29080, 336, '2015-09-10 14:30:00', 5, 55, NULL),
(29081, 336, '2015-09-17 14:30:00', 5, 55, NULL),
(29082, 336, '2015-09-24 14:30:00', 5, 55, NULL),
(29083, 340, '2015-09-10 16:10:00', 6, 55, NULL),
(29084, 340, '2015-09-17 16:10:00', 6, 55, NULL),
(29085, 340, '2015-09-24 16:10:00', 6, 55, NULL),
(29086, 338, '2015-09-11 12:50:00', 4, 55, NULL),
(29087, 338, '2015-09-18 12:50:00', 4, 55, NULL),
(29088, 338, '2015-09-25 12:50:00', 4, 55, NULL),
(29089, 338, '2015-09-11 14:30:00', 5, 55, NULL),
(29090, 338, '2015-09-18 14:30:00', 5, 55, NULL),
(29091, 338, '2015-09-25 14:30:00', 5, 55, NULL),
(29092, 340, '2015-09-11 16:10:00', 6, 55, NULL),
(29093, 340, '2015-09-18 16:10:00', 6, 55, NULL),
(29094, 340, '2015-09-25 16:10:00', 6, 55, NULL),
(29095, 338, '2015-09-28 12:50:00', 4, 55, NULL),
(29096, 338, '2015-10-05 12:50:00', 4, 55, NULL),
(29097, 338, '2015-10-12 12:50:00', 4, 55, NULL),
(29098, 338, '2015-09-28 14:30:00', 5, 55, NULL),
(29099, 338, '2015-10-05 14:30:00', 5, 55, NULL),
(29100, 338, '2015-10-12 14:30:00', 5, 55, NULL),
(29101, 340, '2015-09-28 16:10:00', 6, 55, NULL),
(29102, 340, '2015-10-05 16:10:00', 6, 55, NULL),
(29103, 340, '2015-10-12 16:10:00', 6, 55, NULL),
(29104, 336, '2015-09-29 12:50:00', 4, 55, NULL),
(29105, 336, '2015-10-06 12:50:00', 4, 55, NULL),
(29106, 336, '2015-10-13 12:50:00', 4, 55, NULL),
(29107, 336, '2015-09-29 14:30:00', 5, 55, NULL),
(29108, 336, '2015-10-06 14:30:00', 5, 55, NULL),
(29109, 336, '2015-10-13 14:30:00', 5, 55, NULL),
(29110, 340, '2015-09-29 16:10:00', 6, 55, NULL),
(29111, 340, '2015-10-06 16:10:00', 6, 55, NULL),
(29112, 340, '2015-10-13 16:10:00', 6, 55, NULL),
(29113, 338, '2015-09-30 12:50:00', 4, 55, NULL),
(29114, 338, '2015-10-07 12:50:00', 4, 55, NULL),
(29115, 338, '2015-10-14 12:50:00', 4, 55, NULL),
(29116, 338, '2015-09-30 14:30:00', 5, 55, NULL),
(29117, 338, '2015-10-07 14:30:00', 5, 55, NULL),
(29118, 338, '2015-10-14 14:30:00', 5, 55, NULL),
(29119, 340, '2015-09-30 16:10:00', 6, 55, NULL),
(29120, 340, '2015-10-07 16:10:00', 6, 55, NULL),
(29121, 340, '2015-10-14 16:10:00', 6, 55, NULL),
(29122, 336, '2015-10-01 12:50:00', 4, 55, NULL),
(29123, 336, '2015-10-08 12:50:00', 4, 55, NULL),
(29124, 336, '2015-10-15 12:50:00', 4, 55, NULL),
(29125, 336, '2015-10-01 14:30:00', 5, 55, NULL),
(29126, 336, '2015-10-08 14:30:00', 5, 55, NULL),
(29127, 336, '2015-10-15 14:30:00', 5, 55, NULL),
(29128, 340, '2015-10-01 16:10:00', 6, 55, NULL),
(29129, 340, '2015-10-08 16:10:00', 6, 55, NULL),
(29130, 340, '2015-10-15 16:10:00', 6, 55, NULL),
(29131, 336, '2015-10-02 12:50:00', 4, 55, NULL),
(29132, 336, '2015-10-09 12:50:00', 4, 55, NULL),
(29133, 336, '2015-10-16 12:50:00', 4, 55, NULL),
(29134, 336, '2015-10-02 14:30:00', 5, 55, NULL),
(29135, 336, '2015-10-09 14:30:00', 5, 55, NULL),
(29136, 336, '2015-10-16 14:30:00', 5, 55, NULL),
(29137, 340, '2015-10-02 16:10:00', 6, 55, NULL),
(29138, 340, '2015-10-09 16:10:00', 6, 55, NULL),
(29139, 340, '2015-10-16 16:10:00', 6, 55, NULL),
(29140, 337, '2015-11-09 12:50:00', 4, 52, NULL),
(29141, 337, '2015-11-16 12:50:00', 4, 52, NULL),
(29142, 337, '2015-11-23 12:50:00', 4, 52, NULL),
(29143, 337, '2015-11-09 14:30:00', 5, 52, NULL),
(29144, 337, '2015-11-16 14:30:00', 5, 52, NULL),
(29145, 337, '2015-11-23 14:30:00', 5, 52, NULL),
(29146, 339, '2015-11-10 12:50:00', 4, 55, NULL),
(29147, 339, '2015-11-17 12:50:00', 4, 55, NULL),
(29148, 339, '2015-11-24 12:50:00', 4, 55, NULL),
(29149, 339, '2015-11-10 14:30:00', 5, 55, NULL),
(29150, 339, '2015-11-17 14:30:00', 5, 55, NULL),
(29151, 339, '2015-11-24 14:30:00', 5, 55, NULL),
(29152, 337, '2015-11-11 12:50:00', 4, 52, NULL),
(29153, 337, '2015-11-18 12:50:00', 4, 52, NULL),
(29154, 337, '2015-11-25 12:50:00', 4, 52, NULL),
(29155, 337, '2015-11-11 14:30:00', 5, 52, NULL),
(29156, 337, '2015-11-18 14:30:00', 5, 52, NULL),
(29157, 337, '2015-11-25 14:30:00', 5, 52, NULL),
(29158, 339, '2015-11-12 12:50:00', 4, 55, NULL),
(29159, 339, '2015-11-19 12:50:00', 4, 55, NULL),
(29160, 339, '2015-11-26 12:50:00', 4, 55, NULL),
(29161, 339, '2015-11-12 14:30:00', 5, 55, NULL),
(29162, 339, '2015-11-19 14:30:00', 5, 55, NULL),
(29163, 339, '2015-11-26 14:30:00', 5, 55, NULL),
(29164, 337, '2015-11-13 12:50:00', 4, 52, NULL),
(29165, 337, '2015-11-20 12:50:00', 4, 52, NULL),
(29166, 337, '2015-11-27 12:50:00', 4, 52, NULL),
(29167, 337, '2015-11-13 14:30:00', 5, 52, NULL),
(29168, 337, '2015-11-20 14:30:00', 5, 52, NULL),
(29169, 337, '2015-11-27 14:30:00', 5, 52, NULL),
(29170, 337, '2015-11-30 12:50:00', 4, 52, NULL),
(29171, 337, '2015-12-07 12:50:00', 4, 52, NULL),
(29172, 337, '2015-12-14 12:50:00', 4, 52, NULL),
(29173, 337, '2015-11-30 14:30:00', 5, 52, NULL),
(29174, 337, '2015-12-07 14:30:00', 5, 52, NULL),
(29175, 337, '2015-12-14 14:30:00', 5, 52, NULL),
(29176, 339, '2015-12-01 12:50:00', 4, 55, NULL),
(29177, 339, '2015-12-08 12:50:00', 4, 55, NULL),
(29178, 339, '2015-12-15 12:50:00', 4, 55, NULL),
(29179, 339, '2015-12-01 14:30:00', 5, 55, NULL),
(29180, 339, '2015-12-08 14:30:00', 5, 55, NULL),
(29181, 339, '2015-12-15 14:30:00', 5, 55, NULL),
(29182, 337, '2015-12-02 12:50:00', 4, 52, NULL),
(29183, 337, '2015-12-09 12:50:00', 4, 52, NULL),
(29184, 337, '2015-12-16 12:50:00', 4, 52, NULL),
(29185, 337, '2015-12-02 14:30:00', 5, 52, NULL),
(29186, 337, '2015-12-09 14:30:00', 5, 52, NULL),
(29187, 337, '2015-12-16 14:30:00', 5, 52, NULL),
(29188, 339, '2015-12-03 12:50:00', 4, 55, NULL),
(29189, 339, '2015-12-10 12:50:00', 4, 55, NULL),
(29190, 339, '2015-12-17 12:50:00', 4, 55, NULL),
(29191, 339, '2015-12-03 14:30:00', 5, 55, NULL),
(29192, 339, '2015-12-10 14:30:00', 5, 55, NULL),
(29193, 339, '2015-12-17 14:30:00', 5, 55, NULL),
(29194, 339, '2015-12-04 12:50:00', 4, 55, NULL),
(29195, 339, '2015-12-11 12:50:00', 4, 55, NULL),
(29196, 339, '2015-12-18 12:50:00', 4, 55, NULL),
(29197, 339, '2015-12-04 14:30:00', 5, 55, NULL),
(29198, 339, '2015-12-11 14:30:00', 5, 55, NULL),
(29199, 339, '2015-12-18 14:30:00', 5, 55, NULL),
(29200, 343, '2015-09-07 07:30:00', 1, 54, NULL),
(29201, 343, '2015-09-14 07:30:00', 1, 54, NULL),
(29202, 343, '2015-09-21 07:30:00', 1, 54, NULL),
(29203, 343, '2015-09-07 09:10:00', 2, 54, NULL),
(29204, 343, '2015-09-14 09:10:00', 2, 54, NULL),
(29205, 343, '2015-09-21 09:10:00', 2, 54, NULL),
(29206, 345, '2015-09-07 10:50:00', 3, 54, NULL),
(29207, 345, '2015-09-14 10:50:00', 3, 54, NULL),
(29208, 345, '2015-09-21 10:50:00', 3, 54, NULL),
(29209, 341, '2015-09-08 07:30:00', 1, 54, NULL),
(29210, 341, '2015-09-15 07:30:00', 1, 54, NULL),
(29211, 341, '2015-09-22 07:30:00', 1, 54, NULL),
(29212, 341, '2015-09-08 09:10:00', 2, 54, NULL),
(29213, 341, '2015-09-15 09:10:00', 2, 54, NULL),
(29214, 341, '2015-09-22 09:10:00', 2, 54, NULL),
(29215, 345, '2015-09-08 10:50:00', 3, 54, NULL),
(29216, 345, '2015-09-15 10:50:00', 3, 54, NULL),
(29217, 345, '2015-09-22 10:50:00', 3, 54, NULL),
(29218, 343, '2015-09-09 07:30:00', 1, 54, NULL),
(29219, 343, '2015-09-16 07:30:00', 1, 54, NULL),
(29220, 343, '2015-09-23 07:30:00', 1, 54, NULL),
(29221, 343, '2015-09-09 09:10:00', 2, 54, NULL),
(29222, 343, '2015-09-16 09:10:00', 2, 54, NULL),
(29223, 343, '2015-09-23 09:10:00', 2, 54, NULL),
(29224, 345, '2015-09-09 10:50:00', 3, 54, NULL),
(29225, 345, '2015-09-16 10:50:00', 3, 54, NULL),
(29226, 345, '2015-09-23 10:50:00', 3, 54, NULL),
(29227, 341, '2015-09-10 07:30:00', 1, 54, NULL),
(29228, 341, '2015-09-17 07:30:00', 1, 54, NULL),
(29229, 341, '2015-09-24 07:30:00', 1, 54, NULL),
(29230, 341, '2015-09-10 09:10:00', 2, 54, NULL),
(29231, 341, '2015-09-17 09:10:00', 2, 54, NULL),
(29232, 341, '2015-09-24 09:10:00', 2, 54, NULL),
(29233, 345, '2015-09-10 10:50:00', 3, 54, NULL),
(29234, 345, '2015-09-17 10:50:00', 3, 54, NULL),
(29235, 345, '2015-09-24 10:50:00', 3, 54, NULL),
(29236, 343, '2015-09-11 07:30:00', 1, 54, NULL),
(29237, 343, '2015-09-18 07:30:00', 1, 54, NULL),
(29238, 343, '2015-09-25 07:30:00', 1, 54, NULL),
(29239, 343, '2015-09-11 09:10:00', 2, 54, NULL),
(29240, 343, '2015-09-18 09:10:00', 2, 54, NULL),
(29241, 343, '2015-09-25 09:10:00', 2, 54, NULL),
(29242, 345, '2015-09-11 10:50:00', 3, 54, NULL),
(29243, 345, '2015-09-18 10:50:00', 3, 54, NULL),
(29244, 345, '2015-09-25 10:50:00', 3, 54, NULL),
(29245, 343, '2015-09-28 07:30:00', 1, 54, NULL),
(29246, 343, '2015-10-05 07:30:00', 1, 54, NULL),
(29247, 343, '2015-10-12 07:30:00', 1, 54, NULL),
(29248, 343, '2015-09-28 09:10:00', 2, 54, NULL),
(29249, 343, '2015-10-05 09:10:00', 2, 54, NULL),
(29250, 343, '2015-10-12 09:10:00', 2, 54, NULL),
(29251, 345, '2015-09-28 10:50:00', 3, 54, NULL),
(29252, 345, '2015-10-05 10:50:00', 3, 54, NULL),
(29253, 345, '2015-10-12 10:50:00', 3, 54, NULL),
(29254, 341, '2015-09-29 07:30:00', 1, 54, NULL),
(29255, 341, '2015-10-06 07:30:00', 1, 54, NULL),
(29256, 341, '2015-10-13 07:30:00', 1, 54, NULL),
(29257, 341, '2015-09-29 09:10:00', 2, 54, NULL),
(29258, 341, '2015-10-06 09:10:00', 2, 54, NULL),
(29259, 341, '2015-10-13 09:10:00', 2, 54, NULL),
(29260, 345, '2015-09-29 10:50:00', 3, 54, NULL),
(29261, 345, '2015-10-06 10:50:00', 3, 54, NULL),
(29262, 345, '2015-10-13 10:50:00', 3, 54, NULL),
(29263, 343, '2015-09-30 07:30:00', 1, 54, NULL),
(29264, 343, '2015-10-07 07:30:00', 1, 54, NULL),
(29265, 343, '2015-10-14 07:30:00', 1, 54, NULL),
(29266, 343, '2015-09-30 09:10:00', 2, 54, NULL),
(29267, 343, '2015-10-07 09:10:00', 2, 54, NULL),
(29268, 343, '2015-10-14 09:10:00', 2, 54, NULL),
(29269, 345, '2015-09-30 10:50:00', 3, 54, NULL),
(29270, 345, '2015-10-07 10:50:00', 3, 54, NULL),
(29271, 345, '2015-10-14 10:50:00', 3, 54, NULL),
(29272, 341, '2015-10-01 07:30:00', 1, 54, NULL),
(29273, 341, '2015-10-08 07:30:00', 1, 54, NULL),
(29274, 341, '2015-10-15 07:30:00', 1, 54, NULL),
(29275, 341, '2015-10-01 09:10:00', 2, 54, NULL),
(29276, 341, '2015-10-08 09:10:00', 2, 54, NULL),
(29277, 341, '2015-10-15 09:10:00', 2, 54, NULL),
(29278, 345, '2015-10-01 10:50:00', 3, 54, NULL),
(29279, 345, '2015-10-08 10:50:00', 3, 54, NULL),
(29280, 345, '2015-10-15 10:50:00', 3, 54, NULL),
(29281, 341, '2015-10-02 07:30:00', 1, 54, NULL),
(29282, 341, '2015-10-09 07:30:00', 1, 54, NULL),
(29283, 341, '2015-10-16 07:30:00', 1, 54, NULL),
(29284, 341, '2015-10-02 09:10:00', 2, 54, NULL),
(29285, 341, '2015-10-09 09:10:00', 2, 54, NULL),
(29286, 341, '2015-10-16 09:10:00', 2, 54, NULL),
(29287, 345, '2015-10-02 10:50:00', 3, 54, NULL),
(29288, 345, '2015-10-09 10:50:00', 3, 54, NULL),
(29289, 345, '2015-10-16 10:50:00', 3, 54, NULL),
(29290, 342, '2015-11-09 07:30:00', 1, 51, NULL),
(29291, 342, '2015-11-16 07:30:00', 1, 51, NULL),
(29292, 342, '2015-11-23 07:30:00', 1, 51, NULL),
(29293, 342, '2015-11-09 09:10:00', 2, 51, NULL),
(29294, 342, '2015-11-16 09:10:00', 2, 51, NULL),
(29295, 342, '2015-11-23 09:10:00', 2, 51, NULL),
(29296, 344, '2015-11-10 07:30:00', 1, 54, NULL),
(29297, 344, '2015-11-17 07:30:00', 1, 54, NULL),
(29298, 344, '2015-11-24 07:30:00', 1, 54, NULL),
(29299, 344, '2015-11-10 09:10:00', 2, 54, NULL),
(29300, 344, '2015-11-17 09:10:00', 2, 54, NULL),
(29301, 344, '2015-11-24 09:10:00', 2, 54, NULL),
(29302, 342, '2015-11-11 07:30:00', 1, 51, NULL),
(29303, 342, '2015-11-18 07:30:00', 1, 51, NULL),
(29304, 342, '2015-11-25 07:30:00', 1, 51, NULL),
(29305, 342, '2015-11-11 09:10:00', 2, 51, NULL),
(29306, 342, '2015-11-18 09:10:00', 2, 51, NULL),
(29307, 342, '2015-11-25 09:10:00', 2, 51, NULL),
(29308, 344, '2015-11-12 07:30:00', 1, 54, NULL),
(29309, 344, '2015-11-19 07:30:00', 1, 54, NULL),
(29310, 344, '2015-11-26 07:30:00', 1, 54, NULL),
(29311, 344, '2015-11-12 09:10:00', 2, 54, NULL),
(29312, 344, '2015-11-19 09:10:00', 2, 54, NULL),
(29313, 344, '2015-11-26 09:10:00', 2, 54, NULL),
(29314, 342, '2015-11-13 07:30:00', 1, 51, NULL),
(29315, 342, '2015-11-20 07:30:00', 1, 51, NULL),
(29316, 342, '2015-11-27 07:30:00', 1, 51, NULL),
(29317, 342, '2015-11-13 09:10:00', 2, 51, NULL),
(29318, 342, '2015-11-20 09:10:00', 2, 51, NULL),
(29319, 342, '2015-11-27 09:10:00', 2, 51, NULL),
(29320, 342, '2015-11-30 07:30:00', 1, 51, NULL),
(29321, 342, '2015-12-07 07:30:00', 1, 51, NULL),
(29322, 342, '2015-12-14 07:30:00', 1, 51, NULL),
(29323, 342, '2015-11-30 09:10:00', 2, 51, NULL),
(29324, 342, '2015-12-07 09:10:00', 2, 51, NULL),
(29325, 342, '2015-12-14 09:10:00', 2, 51, NULL),
(29326, 344, '2015-12-01 07:30:00', 1, 54, NULL),
(29327, 344, '2015-12-08 07:30:00', 1, 54, NULL),
(29328, 344, '2015-12-15 07:30:00', 1, 54, NULL),
(29329, 344, '2015-12-01 09:10:00', 2, 54, NULL),
(29330, 344, '2015-12-08 09:10:00', 2, 54, NULL),
(29331, 344, '2015-12-15 09:10:00', 2, 54, NULL),
(29332, 342, '2015-12-02 07:30:00', 1, 51, NULL),
(29333, 342, '2015-12-09 07:30:00', 1, 51, NULL),
(29334, 342, '2015-12-16 07:30:00', 1, 51, NULL),
(29335, 342, '2015-12-02 09:10:00', 2, 51, NULL),
(29336, 342, '2015-12-09 09:10:00', 2, 51, NULL),
(29337, 342, '2015-12-16 09:10:00', 2, 51, NULL),
(29338, 344, '2015-12-03 07:30:00', 1, 54, NULL),
(29339, 344, '2015-12-10 07:30:00', 1, 54, NULL),
(29340, 344, '2015-12-17 07:30:00', 1, 54, NULL),
(29341, 344, '2015-12-03 09:10:00', 2, 54, NULL),
(29342, 344, '2015-12-10 09:10:00', 2, 54, NULL),
(29343, 344, '2015-12-17 09:10:00', 2, 54, NULL),
(29344, 344, '2015-12-04 07:30:00', 1, 54, NULL),
(29345, 344, '2015-12-11 07:30:00', 1, 54, NULL),
(29346, 344, '2015-12-18 07:30:00', 1, 54, NULL),
(29347, 344, '2015-12-04 09:10:00', 2, 54, NULL),
(29348, 344, '2015-12-11 09:10:00', 2, 54, NULL),
(29349, 344, '2015-12-18 09:10:00', 2, 54, NULL),
(29350, 348, '2015-09-07 07:30:00', 1, 55, NULL),
(29351, 348, '2015-09-14 07:30:00', 1, 55, NULL),
(29352, 348, '2015-09-21 07:30:00', 1, 55, NULL),
(29353, 348, '2015-09-07 09:10:00', 2, 55, NULL),
(29354, 348, '2015-09-14 09:10:00', 2, 55, NULL),
(29355, 348, '2015-09-21 09:10:00', 2, 55, NULL),
(29356, 350, '2015-09-07 10:50:00', 3, 55, NULL),
(29357, 350, '2015-09-14 10:50:00', 3, 55, NULL),
(29358, 350, '2015-09-21 10:50:00', 3, 55, NULL),
(29359, 346, '2015-09-08 07:30:00', 1, 55, NULL),
(29360, 346, '2015-09-15 07:30:00', 1, 55, NULL),
(29361, 346, '2015-09-22 07:30:00', 1, 55, NULL),
(29362, 346, '2015-09-08 09:10:00', 2, 55, NULL),
(29363, 346, '2015-09-15 09:10:00', 2, 55, NULL),
(29364, 346, '2015-09-22 09:10:00', 2, 55, NULL),
(29365, 350, '2015-09-08 10:50:00', 3, 55, NULL),
(29366, 350, '2015-09-15 10:50:00', 3, 55, NULL),
(29367, 350, '2015-09-22 10:50:00', 3, 55, NULL),
(29368, 348, '2015-09-09 07:30:00', 1, 55, NULL),
(29369, 348, '2015-09-16 07:30:00', 1, 55, NULL),
(29370, 348, '2015-09-23 07:30:00', 1, 55, NULL),
(29371, 348, '2015-09-09 09:10:00', 2, 55, NULL),
(29372, 348, '2015-09-16 09:10:00', 2, 55, NULL),
(29373, 348, '2015-09-23 09:10:00', 2, 55, NULL),
(29374, 350, '2015-09-09 10:50:00', 3, 55, NULL),
(29375, 350, '2015-09-16 10:50:00', 3, 55, NULL),
(29376, 350, '2015-09-23 10:50:00', 3, 55, NULL),
(29377, 346, '2015-09-10 07:30:00', 1, 55, NULL),
(29378, 346, '2015-09-17 07:30:00', 1, 55, NULL),
(29379, 346, '2015-09-24 07:30:00', 1, 55, NULL),
(29380, 346, '2015-09-10 09:10:00', 2, 55, NULL),
(29381, 346, '2015-09-17 09:10:00', 2, 55, NULL),
(29382, 346, '2015-09-24 09:10:00', 2, 55, NULL),
(29383, 350, '2015-09-10 10:50:00', 3, 55, NULL),
(29384, 350, '2015-09-17 10:50:00', 3, 55, NULL),
(29385, 350, '2015-09-24 10:50:00', 3, 55, NULL),
(29386, 348, '2015-09-11 07:30:00', 1, 55, NULL),
(29387, 348, '2015-09-18 07:30:00', 1, 55, NULL),
(29388, 348, '2015-09-25 07:30:00', 1, 55, NULL),
(29389, 348, '2015-09-11 09:10:00', 2, 55, NULL),
(29390, 348, '2015-09-18 09:10:00', 2, 55, NULL),
(29391, 348, '2015-09-25 09:10:00', 2, 55, NULL),
(29392, 350, '2015-09-11 10:50:00', 3, 55, NULL),
(29393, 350, '2015-09-18 10:50:00', 3, 55, NULL),
(29394, 350, '2015-09-25 10:50:00', 3, 55, NULL),
(29395, 348, '2015-09-28 07:30:00', 1, 55, NULL),
(29396, 348, '2015-10-05 07:30:00', 1, 55, NULL),
(29397, 348, '2015-10-12 07:30:00', 1, 55, NULL),
(29398, 348, '2015-09-28 09:10:00', 2, 55, NULL),
(29399, 348, '2015-10-05 09:10:00', 2, 55, NULL),
(29400, 348, '2015-10-12 09:10:00', 2, 55, NULL),
(29401, 350, '2015-09-28 10:50:00', 3, 55, NULL),
(29402, 350, '2015-10-05 10:50:00', 3, 55, NULL),
(29403, 350, '2015-10-12 10:50:00', 3, 55, NULL),
(29404, 346, '2015-09-29 07:30:00', 1, 55, NULL),
(29405, 346, '2015-10-06 07:30:00', 1, 55, NULL),
(29406, 346, '2015-10-13 07:30:00', 1, 55, NULL),
(29407, 346, '2015-09-29 09:10:00', 2, 55, NULL),
(29408, 346, '2015-10-06 09:10:00', 2, 55, NULL),
(29409, 346, '2015-10-13 09:10:00', 2, 55, NULL),
(29410, 350, '2015-09-29 10:50:00', 3, 55, NULL),
(29411, 350, '2015-10-06 10:50:00', 3, 55, NULL),
(29412, 350, '2015-10-13 10:50:00', 3, 55, NULL),
(29413, 348, '2015-09-30 07:30:00', 1, 55, NULL),
(29414, 348, '2015-10-07 07:30:00', 1, 55, NULL),
(29415, 348, '2015-10-14 07:30:00', 1, 55, NULL),
(29416, 348, '2015-09-30 09:10:00', 2, 55, NULL),
(29417, 348, '2015-10-07 09:10:00', 2, 55, NULL),
(29418, 348, '2015-10-14 09:10:00', 2, 55, NULL),
(29419, 350, '2015-09-30 10:50:00', 3, 55, NULL),
(29420, 350, '2015-10-07 10:50:00', 3, 55, NULL),
(29421, 350, '2015-10-14 10:50:00', 3, 55, NULL),
(29422, 346, '2015-10-01 07:30:00', 1, 55, NULL),
(29423, 346, '2015-10-08 07:30:00', 1, 55, NULL),
(29424, 346, '2015-10-15 07:30:00', 1, 55, NULL),
(29425, 346, '2015-10-01 09:10:00', 2, 55, NULL),
(29426, 346, '2015-10-08 09:10:00', 2, 55, NULL),
(29427, 346, '2015-10-15 09:10:00', 2, 55, NULL),
(29428, 350, '2015-10-01 10:50:00', 3, 55, NULL),
(29429, 350, '2015-10-08 10:50:00', 3, 55, NULL),
(29430, 350, '2015-10-15 10:50:00', 3, 55, NULL),
(29431, 346, '2015-10-02 07:30:00', 1, 55, NULL),
(29432, 346, '2015-10-09 07:30:00', 1, 55, NULL),
(29433, 346, '2015-10-16 07:30:00', 1, 55, NULL),
(29434, 346, '2015-10-02 09:10:00', 2, 55, NULL),
(29435, 346, '2015-10-09 09:10:00', 2, 55, NULL),
(29436, 346, '2015-10-16 09:10:00', 2, 55, NULL),
(29437, 350, '2015-10-02 10:50:00', 3, 55, NULL),
(29438, 350, '2015-10-09 10:50:00', 3, 55, NULL),
(29439, 350, '2015-10-16 10:50:00', 3, 55, NULL),
(29440, 347, '2015-11-09 07:30:00', 1, 52, NULL),
(29441, 347, '2015-11-16 07:30:00', 1, 52, NULL),
(29442, 347, '2015-11-23 07:30:00', 1, 52, NULL),
(29443, 347, '2015-11-09 09:10:00', 2, 52, NULL),
(29444, 347, '2015-11-16 09:10:00', 2, 52, NULL),
(29445, 347, '2015-11-23 09:10:00', 2, 52, NULL),
(29446, 349, '2015-11-10 07:30:00', 1, 55, NULL),
(29447, 349, '2015-11-17 07:30:00', 1, 55, NULL),
(29448, 349, '2015-11-24 07:30:00', 1, 55, NULL),
(29449, 349, '2015-11-10 09:10:00', 2, 55, NULL),
(29450, 349, '2015-11-17 09:10:00', 2, 55, NULL),
(29451, 349, '2015-11-24 09:10:00', 2, 55, NULL),
(29452, 347, '2015-11-11 07:30:00', 1, 52, NULL),
(29453, 347, '2015-11-18 07:30:00', 1, 52, NULL),
(29454, 347, '2015-11-25 07:30:00', 1, 52, NULL),
(29455, 347, '2015-11-11 09:10:00', 2, 52, NULL),
(29456, 347, '2015-11-18 09:10:00', 2, 52, NULL),
(29457, 347, '2015-11-25 09:10:00', 2, 52, NULL),
(29458, 349, '2015-11-12 07:30:00', 1, 55, NULL),
(29459, 349, '2015-11-19 07:30:00', 1, 55, NULL),
(29460, 349, '2015-11-26 07:30:00', 1, 55, NULL),
(29461, 349, '2015-11-12 09:10:00', 2, 55, NULL),
(29462, 349, '2015-11-19 09:10:00', 2, 55, NULL),
(29463, 349, '2015-11-26 09:10:00', 2, 55, NULL),
(29464, 347, '2015-11-13 07:30:00', 1, 52, NULL),
(29465, 347, '2015-11-20 07:30:00', 1, 52, NULL),
(29466, 347, '2015-11-27 07:30:00', 1, 52, NULL),
(29467, 347, '2015-11-13 09:10:00', 2, 52, NULL),
(29468, 347, '2015-11-20 09:10:00', 2, 52, NULL),
(29469, 347, '2015-11-27 09:10:00', 2, 52, NULL),
(29470, 347, '2015-11-30 07:30:00', 1, 52, NULL),
(29471, 347, '2015-12-07 07:30:00', 1, 52, NULL),
(29472, 347, '2015-12-14 07:30:00', 1, 52, NULL),
(29473, 347, '2015-11-30 09:10:00', 2, 52, NULL),
(29474, 347, '2015-12-07 09:10:00', 2, 52, NULL),
(29475, 347, '2015-12-14 09:10:00', 2, 52, NULL),
(29476, 349, '2015-12-01 07:30:00', 1, 55, NULL),
(29477, 349, '2015-12-08 07:30:00', 1, 55, NULL),
(29478, 349, '2015-12-15 07:30:00', 1, 55, NULL),
(29479, 349, '2015-12-01 09:10:00', 2, 55, NULL),
(29480, 349, '2015-12-08 09:10:00', 2, 55, NULL),
(29481, 349, '2015-12-15 09:10:00', 2, 55, NULL),
(29482, 347, '2015-12-02 07:30:00', 1, 52, NULL),
(29483, 347, '2015-12-09 07:30:00', 1, 52, NULL),
(29484, 347, '2015-12-16 07:30:00', 1, 52, NULL),
(29485, 347, '2015-12-02 09:10:00', 2, 52, NULL),
(29486, 347, '2015-12-09 09:10:00', 2, 52, NULL),
(29487, 347, '2015-12-16 09:10:00', 2, 52, NULL),
(29488, 349, '2015-12-03 07:30:00', 1, 55, NULL),
(29489, 349, '2015-12-10 07:30:00', 1, 55, NULL),
(29490, 349, '2015-12-17 07:30:00', 1, 55, NULL),
(29491, 349, '2015-12-03 09:10:00', 2, 55, NULL),
(29492, 349, '2015-12-10 09:10:00', 2, 55, NULL),
(29493, 349, '2015-12-17 09:10:00', 2, 55, NULL),
(29494, 349, '2015-12-04 07:30:00', 1, 55, NULL),
(29495, 349, '2015-12-11 07:30:00', 1, 55, NULL),
(29496, 349, '2015-12-18 07:30:00', 1, 55, NULL),
(29497, 349, '2015-12-04 09:10:00', 2, 55, NULL),
(29498, 349, '2015-12-11 09:10:00', 2, 55, NULL),
(29499, 349, '2015-12-18 09:10:00', 2, 55, NULL),
(29500, 353, '2015-09-07 07:30:00', 1, 59, NULL),
(29501, 353, '2015-09-14 07:30:00', 1, 59, NULL),
(29502, 353, '2015-09-21 07:30:00', 1, 59, NULL),
(29503, 353, '2015-09-07 09:10:00', 2, 59, NULL),
(29504, 353, '2015-09-14 09:10:00', 2, 59, NULL),
(29505, 353, '2015-09-21 09:10:00', 2, 59, NULL),
(29506, 355, '2015-09-07 10:50:00', 3, 59, NULL),
(29507, 355, '2015-09-14 10:50:00', 3, 59, NULL),
(29508, 355, '2015-09-21 10:50:00', 3, 59, NULL),
(29509, 351, '2015-09-08 07:30:00', 1, 59, NULL),
(29510, 351, '2015-09-15 07:30:00', 1, 59, NULL),
(29511, 351, '2015-09-22 07:30:00', 1, 59, NULL),
(29512, 351, '2015-09-08 09:10:00', 2, 59, NULL),
(29513, 351, '2015-09-15 09:10:00', 2, 59, NULL),
(29514, 351, '2015-09-22 09:10:00', 2, 59, NULL),
(29515, 355, '2015-09-08 10:50:00', 3, 59, NULL),
(29516, 355, '2015-09-15 10:50:00', 3, 59, NULL),
(29517, 355, '2015-09-22 10:50:00', 3, 59, NULL),
(29518, 353, '2015-09-09 07:30:00', 1, 59, NULL),
(29519, 353, '2015-09-16 07:30:00', 1, 59, NULL),
(29520, 353, '2015-09-23 07:30:00', 1, 59, NULL),
(29521, 353, '2015-09-09 09:10:00', 2, 59, NULL),
(29522, 353, '2015-09-16 09:10:00', 2, 59, NULL),
(29523, 353, '2015-09-23 09:10:00', 2, 59, NULL),
(29524, 355, '2015-09-09 10:50:00', 3, 59, NULL),
(29525, 355, '2015-09-16 10:50:00', 3, 59, NULL),
(29526, 355, '2015-09-23 10:50:00', 3, 59, NULL),
(29527, 351, '2015-09-10 07:30:00', 1, 59, NULL),
(29528, 351, '2015-09-17 07:30:00', 1, 59, NULL),
(29529, 351, '2015-09-24 07:30:00', 1, 59, NULL),
(29530, 351, '2015-09-10 09:10:00', 2, 59, NULL),
(29531, 351, '2015-09-17 09:10:00', 2, 59, NULL),
(29532, 351, '2015-09-24 09:10:00', 2, 59, NULL),
(29533, 355, '2015-09-10 10:50:00', 3, 59, NULL),
(29534, 355, '2015-09-17 10:50:00', 3, 59, NULL),
(29535, 355, '2015-09-24 10:50:00', 3, 59, NULL),
(29536, 353, '2015-09-11 07:30:00', 1, 59, NULL),
(29537, 353, '2015-09-18 07:30:00', 1, 59, NULL),
(29538, 353, '2015-09-25 07:30:00', 1, 59, NULL),
(29539, 353, '2015-09-11 09:10:00', 2, 59, NULL),
(29540, 353, '2015-09-18 09:10:00', 2, 59, NULL),
(29541, 353, '2015-09-25 09:10:00', 2, 59, NULL),
(29542, 355, '2015-09-11 10:50:00', 3, 59, NULL),
(29543, 355, '2015-09-18 10:50:00', 3, 59, NULL),
(29544, 355, '2015-09-25 10:50:00', 3, 59, NULL),
(29545, 353, '2015-09-28 07:30:00', 1, 59, NULL),
(29546, 353, '2015-10-05 07:30:00', 1, 59, NULL),
(29547, 353, '2015-10-12 07:30:00', 1, 59, NULL),
(29548, 353, '2015-09-28 09:10:00', 2, 59, NULL),
(29549, 353, '2015-10-05 09:10:00', 2, 59, NULL),
(29550, 353, '2015-10-12 09:10:00', 2, 59, NULL),
(29551, 355, '2015-09-28 10:50:00', 3, 59, NULL),
(29552, 355, '2015-10-05 10:50:00', 3, 59, NULL),
(29553, 355, '2015-10-12 10:50:00', 3, 59, NULL),
(29554, 351, '2015-09-29 07:30:00', 1, 59, NULL),
(29555, 351, '2015-10-06 07:30:00', 1, 59, NULL),
(29556, 351, '2015-10-13 07:30:00', 1, 59, NULL),
(29557, 351, '2015-09-29 09:10:00', 2, 59, NULL),
(29558, 351, '2015-10-06 09:10:00', 2, 59, NULL),
(29559, 351, '2015-10-13 09:10:00', 2, 59, NULL),
(29560, 355, '2015-09-29 10:50:00', 3, 59, NULL),
(29561, 355, '2015-10-06 10:50:00', 3, 59, NULL),
(29562, 355, '2015-10-13 10:50:00', 3, 59, NULL),
(29563, 353, '2015-09-30 07:30:00', 1, 59, NULL),
(29564, 353, '2015-10-07 07:30:00', 1, 59, NULL),
(29565, 353, '2015-10-14 07:30:00', 1, 59, NULL),
(29566, 353, '2015-09-30 09:10:00', 2, 59, NULL),
(29567, 353, '2015-10-07 09:10:00', 2, 59, NULL),
(29568, 353, '2015-10-14 09:10:00', 2, 59, NULL),
(29569, 355, '2015-09-30 10:50:00', 3, 59, NULL),
(29570, 355, '2015-10-07 10:50:00', 3, 59, NULL),
(29571, 355, '2015-10-14 10:50:00', 3, 59, NULL),
(29572, 351, '2015-10-01 07:30:00', 1, 59, NULL),
(29573, 351, '2015-10-08 07:30:00', 1, 59, NULL),
(29574, 351, '2015-10-15 07:30:00', 1, 59, NULL),
(29575, 351, '2015-10-01 09:10:00', 2, 59, NULL),
(29576, 351, '2015-10-08 09:10:00', 2, 59, NULL),
(29577, 351, '2015-10-15 09:10:00', 2, 59, NULL),
(29578, 355, '2015-10-01 10:50:00', 3, 59, NULL),
(29579, 355, '2015-10-08 10:50:00', 3, 59, NULL),
(29580, 355, '2015-10-15 10:50:00', 3, 59, NULL),
(29581, 351, '2015-10-02 07:30:00', 1, 59, NULL),
(29582, 351, '2015-10-09 07:30:00', 1, 59, NULL),
(29583, 351, '2015-10-16 07:30:00', 1, 59, NULL),
(29584, 351, '2015-10-02 09:10:00', 2, 59, NULL),
(29585, 351, '2015-10-09 09:10:00', 2, 59, NULL),
(29586, 351, '2015-10-16 09:10:00', 2, 59, NULL),
(29587, 355, '2015-10-02 10:50:00', 3, 59, NULL),
(29588, 355, '2015-10-09 10:50:00', 3, 59, NULL),
(29589, 355, '2015-10-16 10:50:00', 3, 59, NULL),
(29590, 352, '2015-11-09 07:30:00', 1, 59, NULL),
(29591, 352, '2015-11-16 07:30:00', 1, 59, NULL),
(29592, 352, '2015-11-23 07:30:00', 1, 59, NULL),
(29593, 352, '2015-11-09 09:10:00', 2, 59, NULL),
(29594, 352, '2015-11-16 09:10:00', 2, 59, NULL),
(29595, 352, '2015-11-23 09:10:00', 2, 59, NULL),
(29596, 354, '2015-11-10 07:30:00', 1, 59, NULL),
(29597, 354, '2015-11-17 07:30:00', 1, 59, NULL),
(29598, 354, '2015-11-24 07:30:00', 1, 59, NULL),
(29599, 354, '2015-11-10 09:10:00', 2, 59, NULL),
(29600, 354, '2015-11-17 09:10:00', 2, 59, NULL),
(29601, 354, '2015-11-24 09:10:00', 2, 59, NULL),
(29602, 352, '2015-11-11 07:30:00', 1, 59, NULL),
(29603, 352, '2015-11-18 07:30:00', 1, 59, NULL),
(29604, 352, '2015-11-25 07:30:00', 1, 59, NULL),
(29605, 352, '2015-11-11 09:10:00', 2, 59, NULL),
(29606, 352, '2015-11-18 09:10:00', 2, 59, NULL),
(29607, 352, '2015-11-25 09:10:00', 2, 59, NULL),
(29608, 354, '2015-11-12 07:30:00', 1, 59, NULL),
(29609, 354, '2015-11-19 07:30:00', 1, 59, NULL),
(29610, 354, '2015-11-26 07:30:00', 1, 59, NULL),
(29611, 354, '2015-11-12 09:10:00', 2, 59, NULL),
(29612, 354, '2015-11-19 09:10:00', 2, 59, NULL),
(29613, 354, '2015-11-26 09:10:00', 2, 59, NULL),
(29614, 352, '2015-11-13 07:30:00', 1, 59, NULL),
(29615, 352, '2015-11-20 07:30:00', 1, 59, NULL),
(29616, 352, '2015-11-27 07:30:00', 1, 59, NULL),
(29617, 352, '2015-11-13 09:10:00', 2, 59, NULL),
(29618, 352, '2015-11-20 09:10:00', 2, 59, NULL),
(29619, 352, '2015-11-27 09:10:00', 2, 59, NULL),
(29620, 352, '2015-11-30 07:30:00', 1, 59, NULL),
(29621, 352, '2015-12-07 07:30:00', 1, 59, NULL),
(29622, 352, '2015-12-14 07:30:00', 1, 59, NULL),
(29623, 352, '2015-11-30 09:10:00', 2, 59, NULL),
(29624, 352, '2015-12-07 09:10:00', 2, 59, NULL),
(29625, 352, '2015-12-14 09:10:00', 2, 59, NULL),
(29626, 354, '2015-12-01 07:30:00', 1, 59, NULL),
(29627, 354, '2015-12-08 07:30:00', 1, 59, NULL),
(29628, 354, '2015-12-15 07:30:00', 1, 59, NULL),
(29629, 354, '2015-12-01 09:10:00', 2, 59, NULL),
(29630, 354, '2015-12-08 09:10:00', 2, 59, NULL),
(29631, 354, '2015-12-15 09:10:00', 2, 59, NULL),
(29632, 352, '2015-12-02 07:30:00', 1, 59, NULL),
(29633, 352, '2015-12-09 07:30:00', 1, 59, NULL),
(29634, 352, '2015-12-16 07:30:00', 1, 59, NULL),
(29635, 352, '2015-12-02 09:10:00', 2, 59, NULL),
(29636, 352, '2015-12-09 09:10:00', 2, 59, NULL),
(29637, 352, '2015-12-16 09:10:00', 2, 59, NULL),
(29638, 354, '2015-12-03 07:30:00', 1, 59, NULL);
INSERT INTO `time_table` (`time_table_id`, `class_course_semester_id`, `date`, `slot`, `room_id`, `teacher_semester_id`) VALUES
(29639, 354, '2015-12-10 07:30:00', 1, 59, NULL),
(29640, 354, '2015-12-17 07:30:00', 1, 59, NULL),
(29641, 354, '2015-12-03 09:10:00', 2, 59, NULL),
(29642, 354, '2015-12-10 09:10:00', 2, 59, NULL),
(29643, 354, '2015-12-17 09:10:00', 2, 59, NULL),
(29644, 354, '2015-12-04 07:30:00', 1, 59, NULL),
(29645, 354, '2015-12-11 07:30:00', 1, 59, NULL),
(29646, 354, '2015-12-18 07:30:00', 1, 59, NULL),
(29647, 354, '2015-12-04 09:10:00', 2, 59, NULL),
(29648, 354, '2015-12-11 09:10:00', 2, 59, NULL),
(29649, 354, '2015-12-18 09:10:00', 2, 59, NULL),
(29650, 358, '2015-09-07 12:50:00', 4, 56, NULL),
(29651, 358, '2015-09-14 12:50:00', 4, 56, NULL),
(29652, 358, '2015-09-21 12:50:00', 4, 56, NULL),
(29653, 358, '2015-09-07 14:30:00', 5, 56, NULL),
(29654, 358, '2015-09-14 14:30:00', 5, 56, NULL),
(29655, 358, '2015-09-21 14:30:00', 5, 56, NULL),
(29656, 360, '2015-09-07 16:10:00', 6, 56, NULL),
(29657, 360, '2015-09-14 16:10:00', 6, 56, NULL),
(29658, 360, '2015-09-21 16:10:00', 6, 56, NULL),
(29659, 356, '2015-09-08 12:50:00', 4, 56, NULL),
(29660, 356, '2015-09-15 12:50:00', 4, 56, NULL),
(29661, 356, '2015-09-22 12:50:00', 4, 56, NULL),
(29662, 356, '2015-09-08 14:30:00', 5, 56, NULL),
(29663, 356, '2015-09-15 14:30:00', 5, 56, NULL),
(29664, 356, '2015-09-22 14:30:00', 5, 56, NULL),
(29665, 360, '2015-09-08 16:10:00', 6, 56, NULL),
(29666, 360, '2015-09-15 16:10:00', 6, 56, NULL),
(29667, 360, '2015-09-22 16:10:00', 6, 56, NULL),
(29668, 358, '2015-09-09 12:50:00', 4, 56, NULL),
(29669, 358, '2015-09-16 12:50:00', 4, 56, NULL),
(29670, 358, '2015-09-23 12:50:00', 4, 56, NULL),
(29671, 358, '2015-09-09 14:30:00', 5, 56, NULL),
(29672, 358, '2015-09-16 14:30:00', 5, 56, NULL),
(29673, 358, '2015-09-23 14:30:00', 5, 56, NULL),
(29674, 360, '2015-09-09 16:10:00', 6, 56, NULL),
(29675, 360, '2015-09-16 16:10:00', 6, 56, NULL),
(29676, 360, '2015-09-23 16:10:00', 6, 56, NULL),
(29677, 356, '2015-09-10 12:50:00', 4, 56, NULL),
(29678, 356, '2015-09-17 12:50:00', 4, 56, NULL),
(29679, 356, '2015-09-24 12:50:00', 4, 56, NULL),
(29680, 356, '2015-09-10 14:30:00', 5, 56, NULL),
(29681, 356, '2015-09-17 14:30:00', 5, 56, NULL),
(29682, 356, '2015-09-24 14:30:00', 5, 56, NULL),
(29683, 360, '2015-09-10 16:10:00', 6, 56, NULL),
(29684, 360, '2015-09-17 16:10:00', 6, 56, NULL),
(29685, 360, '2015-09-24 16:10:00', 6, 56, NULL),
(29686, 358, '2015-09-11 12:50:00', 4, 56, NULL),
(29687, 358, '2015-09-18 12:50:00', 4, 56, NULL),
(29688, 358, '2015-09-25 12:50:00', 4, 56, NULL),
(29689, 358, '2015-09-11 14:30:00', 5, 56, NULL),
(29690, 358, '2015-09-18 14:30:00', 5, 56, NULL),
(29691, 358, '2015-09-25 14:30:00', 5, 56, NULL),
(29692, 360, '2015-09-11 16:10:00', 6, 56, NULL),
(29693, 360, '2015-09-18 16:10:00', 6, 56, NULL),
(29694, 360, '2015-09-25 16:10:00', 6, 56, NULL),
(29695, 358, '2015-09-28 12:50:00', 4, 56, NULL),
(29696, 358, '2015-10-05 12:50:00', 4, 56, NULL),
(29697, 358, '2015-10-12 12:50:00', 4, 56, NULL),
(29698, 358, '2015-09-28 14:30:00', 5, 56, NULL),
(29699, 358, '2015-10-05 14:30:00', 5, 56, NULL),
(29700, 358, '2015-10-12 14:30:00', 5, 56, NULL),
(29701, 360, '2015-09-28 16:10:00', 6, 56, NULL),
(29702, 360, '2015-10-05 16:10:00', 6, 56, NULL),
(29703, 360, '2015-10-12 16:10:00', 6, 56, NULL),
(29704, 356, '2015-09-29 12:50:00', 4, 56, NULL),
(29705, 356, '2015-10-06 12:50:00', 4, 56, NULL),
(29706, 356, '2015-10-13 12:50:00', 4, 56, NULL),
(29707, 356, '2015-09-29 14:30:00', 5, 56, NULL),
(29708, 356, '2015-10-06 14:30:00', 5, 56, NULL),
(29709, 356, '2015-10-13 14:30:00', 5, 56, NULL),
(29710, 360, '2015-09-29 16:10:00', 6, 56, NULL),
(29711, 360, '2015-10-06 16:10:00', 6, 56, NULL),
(29712, 360, '2015-10-13 16:10:00', 6, 56, NULL),
(29713, 358, '2015-09-30 12:50:00', 4, 56, NULL),
(29714, 358, '2015-10-07 12:50:00', 4, 56, NULL),
(29715, 358, '2015-10-14 12:50:00', 4, 56, NULL),
(29716, 358, '2015-09-30 14:30:00', 5, 56, NULL),
(29717, 358, '2015-10-07 14:30:00', 5, 56, NULL),
(29718, 358, '2015-10-14 14:30:00', 5, 56, NULL),
(29719, 360, '2015-09-30 16:10:00', 6, 56, NULL),
(29720, 360, '2015-10-07 16:10:00', 6, 56, NULL),
(29721, 360, '2015-10-14 16:10:00', 6, 56, NULL),
(29722, 356, '2015-10-01 12:50:00', 4, 56, NULL),
(29723, 356, '2015-10-08 12:50:00', 4, 56, NULL),
(29724, 356, '2015-10-15 12:50:00', 4, 56, NULL),
(29725, 356, '2015-10-01 14:30:00', 5, 56, NULL),
(29726, 356, '2015-10-08 14:30:00', 5, 56, NULL),
(29727, 356, '2015-10-15 14:30:00', 5, 56, NULL),
(29728, 360, '2015-10-01 16:10:00', 6, 56, NULL),
(29729, 360, '2015-10-08 16:10:00', 6, 56, NULL),
(29730, 360, '2015-10-15 16:10:00', 6, 56, NULL),
(29731, 356, '2015-10-02 12:50:00', 4, 56, NULL),
(29732, 356, '2015-10-09 12:50:00', 4, 56, NULL),
(29733, 356, '2015-10-16 12:50:00', 4, 56, NULL),
(29734, 356, '2015-10-02 14:30:00', 5, 56, NULL),
(29735, 356, '2015-10-09 14:30:00', 5, 56, NULL),
(29736, 356, '2015-10-16 14:30:00', 5, 56, NULL),
(29737, 360, '2015-10-02 16:10:00', 6, 56, NULL),
(29738, 360, '2015-10-09 16:10:00', 6, 56, NULL),
(29739, 360, '2015-10-16 16:10:00', 6, 56, NULL),
(29740, 357, '2015-11-09 12:50:00', 4, NULL, NULL),
(29741, 357, '2015-11-16 12:50:00', 4, NULL, NULL),
(29742, 357, '2015-11-23 12:50:00', 4, NULL, NULL),
(29743, 357, '2015-11-09 14:30:00', 5, NULL, NULL),
(29744, 357, '2015-11-16 14:30:00', 5, NULL, NULL),
(29745, 357, '2015-11-23 14:30:00', 5, NULL, NULL),
(29746, 359, '2015-11-10 12:50:00', 4, 56, NULL),
(29747, 359, '2015-11-17 12:50:00', 4, 56, NULL),
(29748, 359, '2015-11-24 12:50:00', 4, 56, NULL),
(29749, 359, '2015-11-10 14:30:00', 5, 56, NULL),
(29750, 359, '2015-11-17 14:30:00', 5, 56, NULL),
(29751, 359, '2015-11-24 14:30:00', 5, 56, NULL),
(29752, 357, '2015-11-11 12:50:00', 4, NULL, NULL),
(29753, 357, '2015-11-18 12:50:00', 4, NULL, NULL),
(29754, 357, '2015-11-25 12:50:00', 4, NULL, NULL),
(29755, 357, '2015-11-11 14:30:00', 5, NULL, NULL),
(29756, 357, '2015-11-18 14:30:00', 5, NULL, NULL),
(29757, 357, '2015-11-25 14:30:00', 5, NULL, NULL),
(29758, 359, '2015-11-12 12:50:00', 4, 56, NULL),
(29759, 359, '2015-11-19 12:50:00', 4, 56, NULL),
(29760, 359, '2015-11-26 12:50:00', 4, 56, NULL),
(29761, 359, '2015-11-12 14:30:00', 5, 56, NULL),
(29762, 359, '2015-11-19 14:30:00', 5, 56, NULL),
(29763, 359, '2015-11-26 14:30:00', 5, 56, NULL),
(29764, 357, '2015-11-13 12:50:00', 4, NULL, NULL),
(29765, 357, '2015-11-20 12:50:00', 4, NULL, NULL),
(29766, 357, '2015-11-27 12:50:00', 4, NULL, NULL),
(29767, 357, '2015-11-13 14:30:00', 5, NULL, NULL),
(29768, 357, '2015-11-20 14:30:00', 5, NULL, NULL),
(29769, 357, '2015-11-27 14:30:00', 5, NULL, NULL),
(29770, 357, '2015-11-30 12:50:00', 4, NULL, NULL),
(29771, 357, '2015-12-07 12:50:00', 4, NULL, NULL),
(29772, 357, '2015-12-14 12:50:00', 4, NULL, NULL),
(29773, 357, '2015-11-30 14:30:00', 5, NULL, NULL),
(29774, 357, '2015-12-07 14:30:00', 5, NULL, NULL),
(29775, 357, '2015-12-14 14:30:00', 5, NULL, NULL),
(29776, 359, '2015-12-01 12:50:00', 4, 56, NULL),
(29777, 359, '2015-12-08 12:50:00', 4, 56, NULL),
(29778, 359, '2015-12-15 12:50:00', 4, 56, NULL),
(29779, 359, '2015-12-01 14:30:00', 5, 56, NULL),
(29780, 359, '2015-12-08 14:30:00', 5, 56, NULL),
(29781, 359, '2015-12-15 14:30:00', 5, 56, NULL),
(29782, 357, '2015-12-02 12:50:00', 4, NULL, NULL),
(29783, 357, '2015-12-09 12:50:00', 4, NULL, NULL),
(29784, 357, '2015-12-16 12:50:00', 4, NULL, NULL),
(29785, 357, '2015-12-02 14:30:00', 5, NULL, NULL),
(29786, 357, '2015-12-09 14:30:00', 5, NULL, NULL),
(29787, 357, '2015-12-16 14:30:00', 5, NULL, NULL),
(29788, 359, '2015-12-03 12:50:00', 4, 56, NULL),
(29789, 359, '2015-12-10 12:50:00', 4, 56, NULL),
(29790, 359, '2015-12-17 12:50:00', 4, 56, NULL),
(29791, 359, '2015-12-03 14:30:00', 5, 56, NULL),
(29792, 359, '2015-12-10 14:30:00', 5, 56, NULL),
(29793, 359, '2015-12-17 14:30:00', 5, 56, NULL),
(29794, 359, '2015-12-04 12:50:00', 4, 56, NULL),
(29795, 359, '2015-12-11 12:50:00', 4, 56, NULL),
(29796, 359, '2015-12-18 12:50:00', 4, 56, NULL),
(29797, 359, '2015-12-04 14:30:00', 5, 56, NULL),
(29798, 359, '2015-12-11 14:30:00', 5, 56, NULL),
(29799, 359, '2015-12-18 14:30:00', 5, 56, NULL),
(29800, 363, '2015-09-07 07:30:00', 1, 56, NULL),
(29801, 363, '2015-09-14 07:30:00', 1, 56, NULL),
(29802, 363, '2015-09-21 07:30:00', 1, 56, NULL),
(29803, 363, '2015-09-07 09:10:00', 2, 56, NULL),
(29804, 363, '2015-09-14 09:10:00', 2, 56, NULL),
(29805, 363, '2015-09-21 09:10:00', 2, 56, NULL),
(29806, 365, '2015-09-07 10:50:00', 3, 97, NULL),
(29807, 365, '2015-09-14 10:50:00', 3, 97, NULL),
(29808, 365, '2015-09-21 10:50:00', 3, 97, NULL),
(29809, 361, '2015-09-08 07:30:00', 1, 56, NULL),
(29810, 361, '2015-09-15 07:30:00', 1, 56, NULL),
(29811, 361, '2015-09-22 07:30:00', 1, 56, NULL),
(29812, 361, '2015-09-08 09:10:00', 2, 56, NULL),
(29813, 361, '2015-09-15 09:10:00', 2, 56, NULL),
(29814, 361, '2015-09-22 09:10:00', 2, 56, NULL),
(29815, 365, '2015-09-08 10:50:00', 3, 97, NULL),
(29816, 365, '2015-09-15 10:50:00', 3, 97, NULL),
(29817, 365, '2015-09-22 10:50:00', 3, 97, NULL),
(29818, 363, '2015-09-09 07:30:00', 1, 56, NULL),
(29819, 363, '2015-09-16 07:30:00', 1, 56, NULL),
(29820, 363, '2015-09-23 07:30:00', 1, 56, NULL),
(29821, 363, '2015-09-09 09:10:00', 2, 56, NULL),
(29822, 363, '2015-09-16 09:10:00', 2, 56, NULL),
(29823, 363, '2015-09-23 09:10:00', 2, 56, NULL),
(29824, 365, '2015-09-09 10:50:00', 3, 97, NULL),
(29825, 365, '2015-09-16 10:50:00', 3, 97, NULL),
(29826, 365, '2015-09-23 10:50:00', 3, 97, NULL),
(29827, 361, '2015-09-10 07:30:00', 1, 56, NULL),
(29828, 361, '2015-09-17 07:30:00', 1, 56, NULL),
(29829, 361, '2015-09-24 07:30:00', 1, 56, NULL),
(29830, 361, '2015-09-10 09:10:00', 2, 56, NULL),
(29831, 361, '2015-09-17 09:10:00', 2, 56, NULL),
(29832, 361, '2015-09-24 09:10:00', 2, 56, NULL),
(29833, 365, '2015-09-10 10:50:00', 3, 97, NULL),
(29834, 365, '2015-09-17 10:50:00', 3, 97, NULL),
(29835, 365, '2015-09-24 10:50:00', 3, 97, NULL),
(29836, 363, '2015-09-11 07:30:00', 1, 56, NULL),
(29837, 363, '2015-09-18 07:30:00', 1, 56, NULL),
(29838, 363, '2015-09-25 07:30:00', 1, 56, NULL),
(29839, 363, '2015-09-11 09:10:00', 2, 56, NULL),
(29840, 363, '2015-09-18 09:10:00', 2, 56, NULL),
(29841, 363, '2015-09-25 09:10:00', 2, 56, NULL),
(29842, 365, '2015-09-11 10:50:00', 3, 97, NULL),
(29843, 365, '2015-09-18 10:50:00', 3, 97, NULL),
(29844, 365, '2015-09-25 10:50:00', 3, 97, NULL),
(29845, 363, '2015-09-28 07:30:00', 1, 56, NULL),
(29846, 363, '2015-10-05 07:30:00', 1, 56, NULL),
(29847, 363, '2015-10-12 07:30:00', 1, 56, NULL),
(29848, 363, '2015-09-28 09:10:00', 2, 56, NULL),
(29849, 363, '2015-10-05 09:10:00', 2, 56, NULL),
(29850, 363, '2015-10-12 09:10:00', 2, 56, NULL),
(29851, 365, '2015-09-28 10:50:00', 3, 97, NULL),
(29852, 365, '2015-10-05 10:50:00', 3, 97, NULL),
(29853, 365, '2015-10-12 10:50:00', 3, 97, NULL),
(29854, 361, '2015-09-29 07:30:00', 1, 56, NULL),
(29855, 361, '2015-10-06 07:30:00', 1, 56, NULL),
(29856, 361, '2015-10-13 07:30:00', 1, 56, NULL),
(29857, 361, '2015-09-29 09:10:00', 2, 56, NULL),
(29858, 361, '2015-10-06 09:10:00', 2, 56, NULL),
(29859, 361, '2015-10-13 09:10:00', 2, 56, NULL),
(29860, 365, '2015-09-29 10:50:00', 3, 97, NULL),
(29861, 365, '2015-10-06 10:50:00', 3, 97, NULL),
(29862, 365, '2015-10-13 10:50:00', 3, 97, NULL),
(29863, 363, '2015-09-30 07:30:00', 1, 56, NULL),
(29864, 363, '2015-10-07 07:30:00', 1, 56, NULL),
(29865, 363, '2015-10-14 07:30:00', 1, 56, NULL),
(29866, 363, '2015-09-30 09:10:00', 2, 56, NULL),
(29867, 363, '2015-10-07 09:10:00', 2, 56, NULL),
(29868, 363, '2015-10-14 09:10:00', 2, 56, NULL),
(29869, 365, '2015-09-30 10:50:00', 3, 97, NULL),
(29870, 365, '2015-10-07 10:50:00', 3, 97, NULL),
(29871, 365, '2015-10-14 10:50:00', 3, 97, NULL),
(29872, 361, '2015-10-01 07:30:00', 1, 56, NULL),
(29873, 361, '2015-10-08 07:30:00', 1, 56, NULL),
(29874, 361, '2015-10-15 07:30:00', 1, 56, NULL),
(29875, 361, '2015-10-01 09:10:00', 2, 56, NULL),
(29876, 361, '2015-10-08 09:10:00', 2, 56, NULL),
(29877, 361, '2015-10-15 09:10:00', 2, 56, NULL),
(29878, 365, '2015-10-01 10:50:00', 3, 97, NULL),
(29879, 365, '2015-10-08 10:50:00', 3, 97, NULL),
(29880, 365, '2015-10-15 10:50:00', 3, 97, NULL),
(29881, 361, '2015-10-02 07:30:00', 1, 56, NULL),
(29882, 361, '2015-10-09 07:30:00', 1, 56, NULL),
(29883, 361, '2015-10-16 07:30:00', 1, 56, NULL),
(29884, 361, '2015-10-02 09:10:00', 2, 56, NULL),
(29885, 361, '2015-10-09 09:10:00', 2, 56, NULL),
(29886, 361, '2015-10-16 09:10:00', 2, 56, NULL),
(29887, 365, '2015-10-02 10:50:00', 3, 97, NULL),
(29888, 365, '2015-10-09 10:50:00', 3, 97, NULL),
(29889, 365, '2015-10-16 10:50:00', 3, 97, NULL),
(29890, 362, '2015-11-09 07:30:00', 1, 56, NULL),
(29891, 362, '2015-11-16 07:30:00', 1, 56, NULL),
(29892, 362, '2015-11-23 07:30:00', 1, 56, NULL),
(29893, 362, '2015-11-09 09:10:00', 2, 56, NULL),
(29894, 362, '2015-11-16 09:10:00', 2, 56, NULL),
(29895, 362, '2015-11-23 09:10:00', 2, 56, NULL),
(29896, 364, '2015-11-10 07:30:00', 1, 56, NULL),
(29897, 364, '2015-11-17 07:30:00', 1, 56, NULL),
(29898, 364, '2015-11-24 07:30:00', 1, 56, NULL),
(29899, 364, '2015-11-10 09:10:00', 2, 56, NULL),
(29900, 364, '2015-11-17 09:10:00', 2, 56, NULL),
(29901, 364, '2015-11-24 09:10:00', 2, 56, NULL),
(29902, 362, '2015-11-11 07:30:00', 1, 56, NULL),
(29903, 362, '2015-11-18 07:30:00', 1, 56, NULL),
(29904, 362, '2015-11-25 07:30:00', 1, 56, NULL),
(29905, 362, '2015-11-11 09:10:00', 2, 56, NULL),
(29906, 362, '2015-11-18 09:10:00', 2, 56, NULL),
(29907, 362, '2015-11-25 09:10:00', 2, 56, NULL),
(29908, 364, '2015-11-12 07:30:00', 1, 56, NULL),
(29909, 364, '2015-11-19 07:30:00', 1, 56, NULL),
(29910, 364, '2015-11-26 07:30:00', 1, 56, NULL),
(29911, 364, '2015-11-12 09:10:00', 2, 56, NULL),
(29912, 364, '2015-11-19 09:10:00', 2, 56, NULL),
(29913, 364, '2015-11-26 09:10:00', 2, 56, NULL),
(29914, 362, '2015-11-13 07:30:00', 1, 56, NULL),
(29915, 362, '2015-11-20 07:30:00', 1, 56, NULL),
(29916, 362, '2015-11-27 07:30:00', 1, 56, NULL),
(29917, 362, '2015-11-13 09:10:00', 2, 56, NULL),
(29918, 362, '2015-11-20 09:10:00', 2, 56, NULL),
(29919, 362, '2015-11-27 09:10:00', 2, 56, NULL),
(29920, 362, '2015-11-30 07:30:00', 1, 56, NULL),
(29921, 362, '2015-12-07 07:30:00', 1, 56, NULL),
(29922, 362, '2015-12-14 07:30:00', 1, 56, NULL),
(29923, 362, '2015-11-30 09:10:00', 2, 56, NULL),
(29924, 362, '2015-12-07 09:10:00', 2, 56, NULL),
(29925, 362, '2015-12-14 09:10:00', 2, 56, NULL),
(29926, 364, '2015-12-01 07:30:00', 1, 56, NULL),
(29927, 364, '2015-12-08 07:30:00', 1, 56, NULL),
(29928, 364, '2015-12-15 07:30:00', 1, 56, NULL),
(29929, 364, '2015-12-01 09:10:00', 2, 56, NULL),
(29930, 364, '2015-12-08 09:10:00', 2, 56, NULL),
(29931, 364, '2015-12-15 09:10:00', 2, 56, NULL),
(29932, 362, '2015-12-02 07:30:00', 1, 56, NULL),
(29933, 362, '2015-12-09 07:30:00', 1, 56, NULL),
(29934, 362, '2015-12-16 07:30:00', 1, 56, NULL),
(29935, 362, '2015-12-02 09:10:00', 2, 56, NULL),
(29936, 362, '2015-12-09 09:10:00', 2, 56, NULL),
(29937, 362, '2015-12-16 09:10:00', 2, 56, NULL),
(29938, 364, '2015-12-03 07:30:00', 1, 56, NULL),
(29939, 364, '2015-12-10 07:30:00', 1, 56, NULL),
(29940, 364, '2015-12-17 07:30:00', 1, 56, NULL),
(29941, 364, '2015-12-03 09:10:00', 2, 56, NULL),
(29942, 364, '2015-12-10 09:10:00', 2, 56, NULL),
(29943, 364, '2015-12-17 09:10:00', 2, 56, NULL),
(29944, 364, '2015-12-04 07:30:00', 1, 56, NULL),
(29945, 364, '2015-12-11 07:30:00', 1, 56, NULL),
(29946, 364, '2015-12-18 07:30:00', 1, 56, NULL),
(29947, 364, '2015-12-04 09:10:00', 2, 56, NULL),
(29948, 364, '2015-12-11 09:10:00', 2, 56, NULL),
(29949, 364, '2015-12-18 09:10:00', 2, 56, NULL),
(29950, 368, '2015-09-07 07:30:00', 1, 57, NULL),
(29951, 368, '2015-09-14 07:30:00', 1, 57, NULL),
(29952, 368, '2015-09-21 07:30:00', 1, 57, NULL),
(29953, 368, '2015-09-07 09:10:00', 2, 57, NULL),
(29954, 368, '2015-09-14 09:10:00', 2, 57, NULL),
(29955, 368, '2015-09-21 09:10:00', 2, 57, NULL),
(29956, 370, '2015-09-07 10:50:00', 3, NULL, NULL),
(29957, 370, '2015-09-14 10:50:00', 3, NULL, NULL),
(29958, 370, '2015-09-21 10:50:00', 3, NULL, NULL),
(29959, 366, '2015-09-08 07:30:00', 1, 57, NULL),
(29960, 366, '2015-09-15 07:30:00', 1, 57, NULL),
(29961, 366, '2015-09-22 07:30:00', 1, 57, NULL),
(29962, 366, '2015-09-08 09:10:00', 2, 57, NULL),
(29963, 366, '2015-09-15 09:10:00', 2, 57, NULL),
(29964, 366, '2015-09-22 09:10:00', 2, 57, NULL),
(29965, 370, '2015-09-08 10:50:00', 3, NULL, NULL),
(29966, 370, '2015-09-15 10:50:00', 3, NULL, NULL),
(29967, 370, '2015-09-22 10:50:00', 3, NULL, NULL),
(29968, 368, '2015-09-09 07:30:00', 1, 57, NULL),
(29969, 368, '2015-09-16 07:30:00', 1, 57, NULL),
(29970, 368, '2015-09-23 07:30:00', 1, 57, NULL),
(29971, 368, '2015-09-09 09:10:00', 2, 57, NULL),
(29972, 368, '2015-09-16 09:10:00', 2, 57, NULL),
(29973, 368, '2015-09-23 09:10:00', 2, 57, NULL),
(29974, 370, '2015-09-09 10:50:00', 3, NULL, NULL),
(29975, 370, '2015-09-16 10:50:00', 3, NULL, NULL),
(29976, 370, '2015-09-23 10:50:00', 3, NULL, NULL),
(29977, 366, '2015-09-10 07:30:00', 1, 57, NULL),
(29978, 366, '2015-09-17 07:30:00', 1, 57, NULL),
(29979, 366, '2015-09-24 07:30:00', 1, 57, NULL),
(29980, 366, '2015-09-10 09:10:00', 2, 57, NULL),
(29981, 366, '2015-09-17 09:10:00', 2, 57, NULL),
(29982, 366, '2015-09-24 09:10:00', 2, 57, NULL),
(29983, 370, '2015-09-10 10:50:00', 3, NULL, NULL),
(29984, 370, '2015-09-17 10:50:00', 3, NULL, NULL),
(29985, 370, '2015-09-24 10:50:00', 3, NULL, NULL),
(29986, 368, '2015-09-11 07:30:00', 1, 57, NULL),
(29987, 368, '2015-09-18 07:30:00', 1, 57, NULL),
(29988, 368, '2015-09-25 07:30:00', 1, 57, NULL),
(29989, 368, '2015-09-11 09:10:00', 2, 57, NULL),
(29990, 368, '2015-09-18 09:10:00', 2, 57, NULL),
(29991, 368, '2015-09-25 09:10:00', 2, 57, NULL),
(29992, 370, '2015-09-11 10:50:00', 3, NULL, NULL),
(29993, 370, '2015-09-18 10:50:00', 3, NULL, NULL),
(29994, 370, '2015-09-25 10:50:00', 3, NULL, NULL),
(29995, 368, '2015-09-28 07:30:00', 1, 57, NULL),
(29996, 368, '2015-10-05 07:30:00', 1, 57, NULL),
(29997, 368, '2015-10-12 07:30:00', 1, 57, NULL),
(29998, 368, '2015-09-28 09:10:00', 2, 57, NULL),
(29999, 368, '2015-10-05 09:10:00', 2, 57, NULL),
(30000, 368, '2015-10-12 09:10:00', 2, 57, NULL),
(30001, 370, '2015-09-28 10:50:00', 3, NULL, NULL),
(30002, 370, '2015-10-05 10:50:00', 3, NULL, NULL),
(30003, 370, '2015-10-12 10:50:00', 3, NULL, NULL),
(30004, 366, '2015-09-29 07:30:00', 1, 57, NULL),
(30005, 366, '2015-10-06 07:30:00', 1, 57, NULL),
(30006, 366, '2015-10-13 07:30:00', 1, 57, NULL),
(30007, 366, '2015-09-29 09:10:00', 2, 57, NULL),
(30008, 366, '2015-10-06 09:10:00', 2, 57, NULL),
(30009, 366, '2015-10-13 09:10:00', 2, 57, NULL),
(30010, 370, '2015-09-29 10:50:00', 3, NULL, NULL),
(30011, 370, '2015-10-06 10:50:00', 3, NULL, NULL),
(30012, 370, '2015-10-13 10:50:00', 3, NULL, NULL),
(30013, 368, '2015-09-30 07:30:00', 1, 57, NULL),
(30014, 368, '2015-10-07 07:30:00', 1, 57, NULL),
(30015, 368, '2015-10-14 07:30:00', 1, 57, NULL),
(30016, 368, '2015-09-30 09:10:00', 2, 57, NULL),
(30017, 368, '2015-10-07 09:10:00', 2, 57, NULL),
(30018, 368, '2015-10-14 09:10:00', 2, 57, NULL),
(30019, 370, '2015-09-30 10:50:00', 3, NULL, NULL),
(30020, 370, '2015-10-07 10:50:00', 3, NULL, NULL),
(30021, 370, '2015-10-14 10:50:00', 3, NULL, NULL),
(30022, 366, '2015-10-01 07:30:00', 1, 57, NULL),
(30023, 366, '2015-10-08 07:30:00', 1, 57, NULL),
(30024, 366, '2015-10-15 07:30:00', 1, 57, NULL),
(30025, 366, '2015-10-01 09:10:00', 2, 57, NULL),
(30026, 366, '2015-10-08 09:10:00', 2, 57, NULL),
(30027, 366, '2015-10-15 09:10:00', 2, 57, NULL),
(30028, 370, '2015-10-01 10:50:00', 3, NULL, NULL),
(30029, 370, '2015-10-08 10:50:00', 3, NULL, NULL),
(30030, 370, '2015-10-15 10:50:00', 3, NULL, NULL),
(30031, 366, '2015-10-02 07:30:00', 1, 57, NULL),
(30032, 366, '2015-10-09 07:30:00', 1, 57, NULL),
(30033, 366, '2015-10-16 07:30:00', 1, 57, NULL),
(30034, 366, '2015-10-02 09:10:00', 2, 57, NULL),
(30035, 366, '2015-10-09 09:10:00', 2, 57, NULL),
(30036, 366, '2015-10-16 09:10:00', 2, 57, NULL),
(30037, 370, '2015-10-02 10:50:00', 3, NULL, NULL),
(30038, 370, '2015-10-09 10:50:00', 3, NULL, NULL),
(30039, 370, '2015-10-16 10:50:00', 3, NULL, NULL),
(30040, 367, '2015-11-09 07:30:00', 1, 57, NULL),
(30041, 367, '2015-11-16 07:30:00', 1, 57, NULL),
(30042, 367, '2015-11-23 07:30:00', 1, 57, NULL),
(30043, 367, '2015-11-09 09:10:00', 2, 57, NULL),
(30044, 367, '2015-11-16 09:10:00', 2, 57, NULL),
(30045, 367, '2015-11-23 09:10:00', 2, 57, NULL),
(30046, 369, '2015-11-10 07:30:00', 1, 57, NULL),
(30047, 369, '2015-11-17 07:30:00', 1, 57, NULL),
(30048, 369, '2015-11-24 07:30:00', 1, 57, NULL),
(30049, 369, '2015-11-10 09:10:00', 2, 57, NULL),
(30050, 369, '2015-11-17 09:10:00', 2, 57, NULL),
(30051, 369, '2015-11-24 09:10:00', 2, 57, NULL),
(30052, 367, '2015-11-11 07:30:00', 1, 57, NULL),
(30053, 367, '2015-11-18 07:30:00', 1, 57, NULL),
(30054, 367, '2015-11-25 07:30:00', 1, 57, NULL),
(30055, 367, '2015-11-11 09:10:00', 2, 57, NULL),
(30056, 367, '2015-11-18 09:10:00', 2, 57, NULL),
(30057, 367, '2015-11-25 09:10:00', 2, 57, NULL),
(30058, 369, '2015-11-12 07:30:00', 1, 57, NULL),
(30059, 369, '2015-11-19 07:30:00', 1, 57, NULL),
(30060, 369, '2015-11-26 07:30:00', 1, 57, NULL),
(30061, 369, '2015-11-12 09:10:00', 2, 57, NULL),
(30062, 369, '2015-11-19 09:10:00', 2, 57, NULL),
(30063, 369, '2015-11-26 09:10:00', 2, 57, NULL),
(30064, 367, '2015-11-13 07:30:00', 1, 57, NULL),
(30065, 367, '2015-11-20 07:30:00', 1, 57, NULL),
(30066, 367, '2015-11-27 07:30:00', 1, 57, NULL),
(30067, 367, '2015-11-13 09:10:00', 2, 57, NULL),
(30068, 367, '2015-11-20 09:10:00', 2, 57, NULL),
(30069, 367, '2015-11-27 09:10:00', 2, 57, NULL),
(30070, 367, '2015-11-30 07:30:00', 1, 57, NULL),
(30071, 367, '2015-12-07 07:30:00', 1, 57, NULL),
(30072, 367, '2015-12-14 07:30:00', 1, 57, NULL),
(30073, 367, '2015-11-30 09:10:00', 2, 57, NULL),
(30074, 367, '2015-12-07 09:10:00', 2, 57, NULL),
(30075, 367, '2015-12-14 09:10:00', 2, 57, NULL),
(30076, 369, '2015-12-01 07:30:00', 1, 57, NULL),
(30077, 369, '2015-12-08 07:30:00', 1, 57, NULL),
(30078, 369, '2015-12-15 07:30:00', 1, 57, NULL),
(30079, 369, '2015-12-01 09:10:00', 2, 57, NULL),
(30080, 369, '2015-12-08 09:10:00', 2, 57, NULL),
(30081, 369, '2015-12-15 09:10:00', 2, 57, NULL),
(30082, 367, '2015-12-02 07:30:00', 1, 57, NULL),
(30083, 367, '2015-12-09 07:30:00', 1, 57, NULL),
(30084, 367, '2015-12-16 07:30:00', 1, 57, NULL),
(30085, 367, '2015-12-02 09:10:00', 2, 57, NULL),
(30086, 367, '2015-12-09 09:10:00', 2, 57, NULL),
(30087, 367, '2015-12-16 09:10:00', 2, 57, NULL),
(30088, 369, '2015-12-03 07:30:00', 1, 57, NULL),
(30089, 369, '2015-12-10 07:30:00', 1, 57, NULL),
(30090, 369, '2015-12-17 07:30:00', 1, 57, NULL),
(30091, 369, '2015-12-03 09:10:00', 2, 57, NULL),
(30092, 369, '2015-12-10 09:10:00', 2, 57, NULL),
(30093, 369, '2015-12-17 09:10:00', 2, 57, NULL),
(30094, 369, '2015-12-04 07:30:00', 1, 57, NULL),
(30095, 369, '2015-12-11 07:30:00', 1, 57, NULL),
(30096, 369, '2015-12-18 07:30:00', 1, 57, NULL),
(30097, 369, '2015-12-04 09:10:00', 2, 57, NULL),
(30098, 369, '2015-12-11 09:10:00', 2, 57, NULL),
(30099, 369, '2015-12-18 09:10:00', 2, 57, NULL),
(30100, 378, '2015-09-07 12:50:00', 4, 57, NULL),
(30101, 378, '2015-09-14 12:50:00', 4, 57, NULL),
(30102, 378, '2015-09-21 12:50:00', 4, 57, NULL),
(30103, 378, '2015-09-07 14:30:00', 5, 57, NULL),
(30104, 378, '2015-09-14 14:30:00', 5, 57, NULL),
(30105, 378, '2015-09-21 14:30:00', 5, 57, NULL),
(30106, 380, '2015-09-07 16:10:00', 6, 97, NULL),
(30107, 380, '2015-09-14 16:10:00', 6, 97, NULL),
(30108, 380, '2015-09-21 16:10:00', 6, 97, NULL),
(30109, 376, '2015-09-08 12:50:00', 4, 57, NULL),
(30110, 376, '2015-09-15 12:50:00', 4, 57, NULL),
(30111, 376, '2015-09-22 12:50:00', 4, 57, NULL),
(30112, 376, '2015-09-08 14:30:00', 5, 57, NULL),
(30113, 376, '2015-09-15 14:30:00', 5, 57, NULL),
(30114, 376, '2015-09-22 14:30:00', 5, 57, NULL),
(30115, 380, '2015-09-08 16:10:00', 6, 97, NULL),
(30116, 380, '2015-09-15 16:10:00', 6, 97, NULL),
(30117, 380, '2015-09-22 16:10:00', 6, 97, NULL),
(30118, 378, '2015-09-09 12:50:00', 4, 57, NULL),
(30119, 378, '2015-09-16 12:50:00', 4, 57, NULL),
(30120, 378, '2015-09-23 12:50:00', 4, 57, NULL),
(30121, 378, '2015-09-09 14:30:00', 5, 57, NULL),
(30122, 378, '2015-09-16 14:30:00', 5, 57, NULL),
(30123, 378, '2015-09-23 14:30:00', 5, 57, NULL),
(30124, 380, '2015-09-09 16:10:00', 6, 97, NULL),
(30125, 380, '2015-09-16 16:10:00', 6, 97, NULL),
(30126, 380, '2015-09-23 16:10:00', 6, 97, NULL),
(30127, 376, '2015-09-10 12:50:00', 4, 57, NULL),
(30128, 376, '2015-09-17 12:50:00', 4, 57, NULL),
(30129, 376, '2015-09-24 12:50:00', 4, 57, NULL),
(30130, 376, '2015-09-10 14:30:00', 5, 57, NULL),
(30131, 376, '2015-09-17 14:30:00', 5, 57, NULL),
(30132, 376, '2015-09-24 14:30:00', 5, 57, NULL),
(30133, 380, '2015-09-10 16:10:00', 6, 97, NULL),
(30134, 380, '2015-09-17 16:10:00', 6, 97, NULL),
(30135, 380, '2015-09-24 16:10:00', 6, 97, NULL),
(30136, 378, '2015-09-11 12:50:00', 4, 57, NULL),
(30137, 378, '2015-09-18 12:50:00', 4, 57, NULL),
(30138, 378, '2015-09-25 12:50:00', 4, 57, NULL),
(30139, 378, '2015-09-11 14:30:00', 5, 57, NULL),
(30140, 378, '2015-09-18 14:30:00', 5, 57, NULL),
(30141, 378, '2015-09-25 14:30:00', 5, 57, NULL),
(30142, 380, '2015-09-11 16:10:00', 6, 97, NULL),
(30143, 380, '2015-09-18 16:10:00', 6, 97, NULL),
(30144, 380, '2015-09-25 16:10:00', 6, 97, NULL),
(30145, 378, '2015-09-28 12:50:00', 4, 57, NULL),
(30146, 378, '2015-10-05 12:50:00', 4, 57, NULL),
(30147, 378, '2015-10-12 12:50:00', 4, 57, NULL),
(30148, 378, '2015-09-28 14:30:00', 5, 57, NULL),
(30149, 378, '2015-10-05 14:30:00', 5, 57, NULL),
(30150, 378, '2015-10-12 14:30:00', 5, 57, NULL),
(30151, 380, '2015-09-28 16:10:00', 6, 97, NULL),
(30152, 380, '2015-10-05 16:10:00', 6, 97, NULL),
(30153, 380, '2015-10-12 16:10:00', 6, 97, NULL),
(30154, 376, '2015-09-29 12:50:00', 4, 57, NULL),
(30155, 376, '2015-10-06 12:50:00', 4, 57, NULL),
(30156, 376, '2015-10-13 12:50:00', 4, 57, NULL),
(30157, 376, '2015-09-29 14:30:00', 5, 57, NULL),
(30158, 376, '2015-10-06 14:30:00', 5, 57, NULL),
(30159, 376, '2015-10-13 14:30:00', 5, 57, NULL),
(30160, 380, '2015-09-29 16:10:00', 6, 97, NULL),
(30161, 380, '2015-10-06 16:10:00', 6, 97, NULL),
(30162, 380, '2015-10-13 16:10:00', 6, 97, NULL),
(30163, 378, '2015-09-30 12:50:00', 4, 57, NULL),
(30164, 378, '2015-10-07 12:50:00', 4, 57, NULL),
(30165, 378, '2015-10-14 12:50:00', 4, 57, NULL),
(30166, 378, '2015-09-30 14:30:00', 5, 57, NULL),
(30167, 378, '2015-10-07 14:30:00', 5, 57, NULL),
(30168, 378, '2015-10-14 14:30:00', 5, 57, NULL),
(30169, 380, '2015-09-30 16:10:00', 6, 97, NULL),
(30170, 380, '2015-10-07 16:10:00', 6, 97, NULL),
(30171, 380, '2015-10-14 16:10:00', 6, 97, NULL),
(30172, 376, '2015-10-01 12:50:00', 4, 57, NULL),
(30173, 376, '2015-10-08 12:50:00', 4, 57, NULL),
(30174, 376, '2015-10-15 12:50:00', 4, 57, NULL),
(30175, 376, '2015-10-01 14:30:00', 5, 57, NULL),
(30176, 376, '2015-10-08 14:30:00', 5, 57, NULL),
(30177, 376, '2015-10-15 14:30:00', 5, 57, NULL),
(30178, 380, '2015-10-01 16:10:00', 6, 97, NULL),
(30179, 380, '2015-10-08 16:10:00', 6, 97, NULL),
(30180, 380, '2015-10-15 16:10:00', 6, 97, NULL),
(30181, 376, '2015-10-02 12:50:00', 4, 57, NULL),
(30182, 376, '2015-10-09 12:50:00', 4, 57, NULL),
(30183, 376, '2015-10-16 12:50:00', 4, 57, NULL),
(30184, 376, '2015-10-02 14:30:00', 5, 57, NULL),
(30185, 376, '2015-10-09 14:30:00', 5, 57, NULL),
(30186, 376, '2015-10-16 14:30:00', 5, 57, NULL),
(30187, 380, '2015-10-02 16:10:00', 6, 97, NULL),
(30188, 380, '2015-10-09 16:10:00', 6, 97, NULL),
(30189, 380, '2015-10-16 16:10:00', 6, 97, NULL),
(30190, 377, '2015-11-09 12:50:00', 4, 57, NULL),
(30191, 377, '2015-11-16 12:50:00', 4, 57, NULL),
(30192, 377, '2015-11-23 12:50:00', 4, 57, NULL),
(30193, 377, '2015-11-09 14:30:00', 5, 57, NULL),
(30194, 377, '2015-11-16 14:30:00', 5, 57, NULL),
(30195, 377, '2015-11-23 14:30:00', 5, 57, NULL),
(30196, 379, '2015-11-10 12:50:00', 4, 57, NULL),
(30197, 379, '2015-11-17 12:50:00', 4, 57, NULL),
(30198, 379, '2015-11-24 12:50:00', 4, 57, NULL),
(30199, 379, '2015-11-10 14:30:00', 5, 57, NULL),
(30200, 379, '2015-11-17 14:30:00', 5, 57, NULL),
(30201, 379, '2015-11-24 14:30:00', 5, 57, NULL),
(30202, 377, '2015-11-11 12:50:00', 4, 57, NULL),
(30203, 377, '2015-11-18 12:50:00', 4, 57, NULL),
(30204, 377, '2015-11-25 12:50:00', 4, 57, NULL),
(30205, 377, '2015-11-11 14:30:00', 5, 57, NULL),
(30206, 377, '2015-11-18 14:30:00', 5, 57, NULL),
(30207, 377, '2015-11-25 14:30:00', 5, 57, NULL),
(30208, 379, '2015-11-12 12:50:00', 4, 57, NULL),
(30209, 379, '2015-11-19 12:50:00', 4, 57, NULL),
(30210, 379, '2015-11-26 12:50:00', 4, 57, NULL),
(30211, 379, '2015-11-12 14:30:00', 5, 57, NULL),
(30212, 379, '2015-11-19 14:30:00', 5, 57, NULL),
(30213, 379, '2015-11-26 14:30:00', 5, 57, NULL),
(30214, 377, '2015-11-13 12:50:00', 4, 57, NULL),
(30215, 377, '2015-11-20 12:50:00', 4, 57, NULL),
(30216, 377, '2015-11-27 12:50:00', 4, 57, NULL),
(30217, 377, '2015-11-13 14:30:00', 5, 57, NULL),
(30218, 377, '2015-11-20 14:30:00', 5, 57, NULL),
(30219, 377, '2015-11-27 14:30:00', 5, 57, NULL),
(30220, 377, '2015-11-30 12:50:00', 4, 57, NULL),
(30221, 377, '2015-12-07 12:50:00', 4, 57, NULL),
(30222, 377, '2015-12-14 12:50:00', 4, 57, NULL),
(30223, 377, '2015-11-30 14:30:00', 5, 57, NULL),
(30224, 377, '2015-12-07 14:30:00', 5, 57, NULL),
(30225, 377, '2015-12-14 14:30:00', 5, 57, NULL),
(30226, 379, '2015-12-01 12:50:00', 4, 57, NULL),
(30227, 379, '2015-12-08 12:50:00', 4, 57, NULL),
(30228, 379, '2015-12-15 12:50:00', 4, 57, NULL),
(30229, 379, '2015-12-01 14:30:00', 5, 57, NULL),
(30230, 379, '2015-12-08 14:30:00', 5, 57, NULL),
(30231, 379, '2015-12-15 14:30:00', 5, 57, NULL),
(30232, 377, '2015-12-02 12:50:00', 4, 57, NULL),
(30233, 377, '2015-12-09 12:50:00', 4, 57, NULL),
(30234, 377, '2015-12-16 12:50:00', 4, 57, NULL),
(30235, 377, '2015-12-02 14:30:00', 5, 57, NULL),
(30236, 377, '2015-12-09 14:30:00', 5, 57, NULL),
(30237, 377, '2015-12-16 14:30:00', 5, 57, NULL),
(30238, 379, '2015-12-03 12:50:00', 4, 57, NULL),
(30239, 379, '2015-12-10 12:50:00', 4, 57, NULL),
(30240, 379, '2015-12-17 12:50:00', 4, 57, NULL),
(30241, 379, '2015-12-03 14:30:00', 5, 57, NULL),
(30242, 379, '2015-12-10 14:30:00', 5, 57, NULL),
(30243, 379, '2015-12-17 14:30:00', 5, 57, NULL),
(30244, 379, '2015-12-04 12:50:00', 4, 57, NULL),
(30245, 379, '2015-12-11 12:50:00', 4, 57, NULL),
(30246, 379, '2015-12-18 12:50:00', 4, 57, NULL),
(30247, 379, '2015-12-04 14:30:00', 5, 57, NULL),
(30248, 379, '2015-12-11 14:30:00', 5, 57, NULL),
(30249, 379, '2015-12-18 14:30:00', 5, 57, NULL),
(30250, 383, '2015-09-07 07:30:00', 1, 58, NULL),
(30251, 383, '2015-09-14 07:30:00', 1, 58, NULL),
(30252, 383, '2015-09-21 07:30:00', 1, 58, NULL),
(30253, 383, '2015-09-07 09:10:00', 2, 58, NULL),
(30254, 383, '2015-09-14 09:10:00', 2, 58, NULL),
(30255, 383, '2015-09-21 09:10:00', 2, 58, NULL),
(30256, 385, '2015-09-07 10:50:00', 3, NULL, NULL),
(30257, 385, '2015-09-14 10:50:00', 3, NULL, NULL),
(30258, 385, '2015-09-21 10:50:00', 3, NULL, NULL),
(30259, 384, '2015-09-08 07:30:00', 1, 58, NULL),
(30260, 384, '2015-09-15 07:30:00', 1, 58, NULL),
(30261, 384, '2015-09-22 07:30:00', 1, 58, NULL),
(30262, 384, '2015-09-08 09:10:00', 2, 58, NULL),
(30263, 384, '2015-09-15 09:10:00', 2, 58, NULL),
(30264, 384, '2015-09-22 09:10:00', 2, 58, NULL),
(30265, 385, '2015-09-08 10:50:00', 3, NULL, NULL),
(30266, 385, '2015-09-15 10:50:00', 3, NULL, NULL),
(30267, 385, '2015-09-22 10:50:00', 3, NULL, NULL),
(30268, 383, '2015-09-09 07:30:00', 1, 58, NULL),
(30269, 383, '2015-09-16 07:30:00', 1, 58, NULL),
(30270, 383, '2015-09-23 07:30:00', 1, 58, NULL),
(30271, 383, '2015-09-09 09:10:00', 2, 58, NULL),
(30272, 383, '2015-09-16 09:10:00', 2, 58, NULL),
(30273, 383, '2015-09-23 09:10:00', 2, 58, NULL),
(30274, 385, '2015-09-09 10:50:00', 3, NULL, NULL),
(30275, 385, '2015-09-16 10:50:00', 3, NULL, NULL),
(30276, 385, '2015-09-23 10:50:00', 3, NULL, NULL),
(30277, 384, '2015-09-10 07:30:00', 1, 58, NULL),
(30278, 384, '2015-09-17 07:30:00', 1, 58, NULL),
(30279, 384, '2015-09-24 07:30:00', 1, 58, NULL),
(30280, 384, '2015-09-10 09:10:00', 2, 58, NULL),
(30281, 384, '2015-09-17 09:10:00', 2, 58, NULL),
(30282, 384, '2015-09-24 09:10:00', 2, 58, NULL),
(30283, 385, '2015-09-10 10:50:00', 3, NULL, NULL),
(30284, 385, '2015-09-17 10:50:00', 3, NULL, NULL),
(30285, 385, '2015-09-24 10:50:00', 3, NULL, NULL),
(30286, 383, '2015-09-11 07:30:00', 1, 58, NULL),
(30287, 383, '2015-09-18 07:30:00', 1, 58, NULL),
(30288, 383, '2015-09-25 07:30:00', 1, 58, NULL),
(30289, 383, '2015-09-11 09:10:00', 2, 58, NULL),
(30290, 383, '2015-09-18 09:10:00', 2, 58, NULL),
(30291, 383, '2015-09-25 09:10:00', 2, 58, NULL),
(30292, 385, '2015-09-11 10:50:00', 3, NULL, NULL),
(30293, 385, '2015-09-18 10:50:00', 3, NULL, NULL),
(30294, 385, '2015-09-25 10:50:00', 3, NULL, NULL),
(30295, 383, '2015-09-28 07:30:00', 1, 58, NULL),
(30296, 383, '2015-10-05 07:30:00', 1, 58, NULL),
(30297, 383, '2015-10-12 07:30:00', 1, 58, NULL),
(30298, 383, '2015-09-28 09:10:00', 2, 58, NULL),
(30299, 383, '2015-10-05 09:10:00', 2, 58, NULL),
(30300, 383, '2015-10-12 09:10:00', 2, 58, NULL),
(30301, 385, '2015-09-28 10:50:00', 3, NULL, NULL),
(30302, 385, '2015-10-05 10:50:00', 3, NULL, NULL),
(30303, 385, '2015-10-12 10:50:00', 3, NULL, NULL),
(30304, 384, '2015-09-29 07:30:00', 1, 58, NULL),
(30305, 384, '2015-10-06 07:30:00', 1, 58, NULL),
(30306, 384, '2015-10-13 07:30:00', 1, 58, NULL),
(30307, 384, '2015-09-29 09:10:00', 2, 58, NULL),
(30308, 384, '2015-10-06 09:10:00', 2, 58, NULL),
(30309, 384, '2015-10-13 09:10:00', 2, 58, NULL),
(30310, 385, '2015-09-29 10:50:00', 3, NULL, NULL),
(30311, 385, '2015-10-06 10:50:00', 3, NULL, NULL),
(30312, 385, '2015-10-13 10:50:00', 3, NULL, NULL),
(30313, 383, '2015-09-30 07:30:00', 1, 58, NULL),
(30314, 383, '2015-10-07 07:30:00', 1, 58, NULL),
(30315, 383, '2015-10-14 07:30:00', 1, 58, NULL),
(30316, 383, '2015-09-30 09:10:00', 2, 58, NULL),
(30317, 383, '2015-10-07 09:10:00', 2, 58, NULL),
(30318, 383, '2015-10-14 09:10:00', 2, 58, NULL),
(30319, 385, '2015-09-30 10:50:00', 3, NULL, NULL),
(30320, 385, '2015-10-07 10:50:00', 3, NULL, NULL),
(30321, 385, '2015-10-14 10:50:00', 3, NULL, NULL),
(30322, 384, '2015-10-01 07:30:00', 1, 58, NULL),
(30323, 384, '2015-10-08 07:30:00', 1, 58, NULL),
(30324, 384, '2015-10-15 07:30:00', 1, 58, NULL),
(30325, 384, '2015-10-01 09:10:00', 2, 58, NULL),
(30326, 384, '2015-10-08 09:10:00', 2, 58, NULL),
(30327, 384, '2015-10-15 09:10:00', 2, 58, NULL),
(30328, 385, '2015-10-01 10:50:00', 3, NULL, NULL),
(30329, 385, '2015-10-08 10:50:00', 3, NULL, NULL),
(30330, 385, '2015-10-15 10:50:00', 3, NULL, NULL),
(30331, 384, '2015-10-02 07:30:00', 1, 58, NULL),
(30332, 384, '2015-10-09 07:30:00', 1, 58, NULL),
(30333, 384, '2015-10-16 07:30:00', 1, 58, NULL),
(30334, 384, '2015-10-02 09:10:00', 2, 58, NULL),
(30335, 384, '2015-10-09 09:10:00', 2, 58, NULL),
(30336, 384, '2015-10-16 09:10:00', 2, 58, NULL),
(30337, 385, '2015-10-02 10:50:00', 3, NULL, NULL),
(30338, 385, '2015-10-09 10:50:00', 3, NULL, NULL),
(30339, 385, '2015-10-16 10:50:00', 3, NULL, NULL),
(30340, 381, '2015-11-09 07:30:00', 1, 58, NULL),
(30341, 381, '2015-11-16 07:30:00', 1, 58, NULL),
(30342, 381, '2015-11-23 07:30:00', 1, 58, NULL),
(30343, 381, '2015-11-09 09:10:00', 2, 58, NULL),
(30344, 381, '2015-11-16 09:10:00', 2, 58, NULL),
(30345, 381, '2015-11-23 09:10:00', 2, 58, NULL),
(30346, 382, '2015-11-10 07:30:00', 1, 58, NULL),
(30347, 382, '2015-11-17 07:30:00', 1, 58, NULL),
(30348, 382, '2015-11-24 07:30:00', 1, 58, NULL),
(30349, 382, '2015-11-10 09:10:00', 2, 58, NULL),
(30350, 382, '2015-11-17 09:10:00', 2, 58, NULL),
(30351, 382, '2015-11-24 09:10:00', 2, 58, NULL),
(30352, 381, '2015-11-11 07:30:00', 1, 58, NULL),
(30353, 381, '2015-11-18 07:30:00', 1, 58, NULL),
(30354, 381, '2015-11-25 07:30:00', 1, 58, NULL),
(30355, 381, '2015-11-11 09:10:00', 2, 58, NULL),
(30356, 381, '2015-11-18 09:10:00', 2, 58, NULL),
(30357, 381, '2015-11-25 09:10:00', 2, 58, NULL),
(30358, 382, '2015-11-12 07:30:00', 1, 58, NULL),
(30359, 382, '2015-11-19 07:30:00', 1, 58, NULL),
(30360, 382, '2015-11-26 07:30:00', 1, 58, NULL),
(30361, 382, '2015-11-12 09:10:00', 2, 58, NULL),
(30362, 382, '2015-11-19 09:10:00', 2, 58, NULL),
(30363, 382, '2015-11-26 09:10:00', 2, 58, NULL),
(30364, 381, '2015-11-13 07:30:00', 1, 58, NULL),
(30365, 381, '2015-11-20 07:30:00', 1, 58, NULL),
(30366, 381, '2015-11-27 07:30:00', 1, 58, NULL),
(30367, 381, '2015-11-13 09:10:00', 2, 58, NULL),
(30368, 381, '2015-11-20 09:10:00', 2, 58, NULL),
(30369, 381, '2015-11-27 09:10:00', 2, 58, NULL),
(30370, 381, '2015-11-30 07:30:00', 1, 58, NULL),
(30371, 381, '2015-12-07 07:30:00', 1, 58, NULL),
(30372, 381, '2015-12-14 07:30:00', 1, 58, NULL),
(30373, 381, '2015-11-30 09:10:00', 2, 58, NULL),
(30374, 381, '2015-12-07 09:10:00', 2, 58, NULL),
(30375, 381, '2015-12-14 09:10:00', 2, 58, NULL),
(30376, 382, '2015-12-01 07:30:00', 1, 58, NULL),
(30377, 382, '2015-12-08 07:30:00', 1, 58, NULL),
(30378, 382, '2015-12-15 07:30:00', 1, 58, NULL),
(30379, 382, '2015-12-01 09:10:00', 2, 58, NULL),
(30380, 382, '2015-12-08 09:10:00', 2, 58, NULL),
(30381, 382, '2015-12-15 09:10:00', 2, 58, NULL),
(30382, 381, '2015-12-02 07:30:00', 1, 58, NULL),
(30383, 381, '2015-12-09 07:30:00', 1, 58, NULL),
(30384, 381, '2015-12-16 07:30:00', 1, 58, NULL),
(30385, 381, '2015-12-02 09:10:00', 2, 58, NULL),
(30386, 381, '2015-12-09 09:10:00', 2, 58, NULL),
(30387, 381, '2015-12-16 09:10:00', 2, 58, NULL),
(30388, 382, '2015-12-03 07:30:00', 1, 58, NULL),
(30389, 382, '2015-12-10 07:30:00', 1, 58, NULL),
(30390, 382, '2015-12-17 07:30:00', 1, 58, NULL),
(30391, 382, '2015-12-03 09:10:00', 2, 58, NULL),
(30392, 382, '2015-12-10 09:10:00', 2, 58, NULL),
(30393, 382, '2015-12-17 09:10:00', 2, 58, NULL),
(30394, 382, '2015-12-04 07:30:00', 1, 58, NULL),
(30395, 382, '2015-12-11 07:30:00', 1, 58, NULL),
(30396, 382, '2015-12-18 07:30:00', 1, 58, NULL),
(30397, 382, '2015-12-04 09:10:00', 2, 58, NULL),
(30398, 382, '2015-12-11 09:10:00', 2, 58, NULL),
(30399, 382, '2015-12-18 09:10:00', 2, 58, NULL),
(30400, 388, '2015-09-07 12:50:00', 4, 58, NULL),
(30401, 388, '2015-09-14 12:50:00', 4, 58, NULL),
(30402, 388, '2015-09-21 12:50:00', 4, 58, NULL),
(30403, 388, '2015-09-07 14:30:00', 5, 58, NULL),
(30404, 388, '2015-09-14 14:30:00', 5, 58, NULL),
(30405, 388, '2015-09-21 14:30:00', 5, 58, NULL),
(30406, 390, '2015-09-07 16:10:00', 6, NULL, NULL),
(30407, 390, '2015-09-14 16:10:00', 6, NULL, NULL),
(30408, 390, '2015-09-21 16:10:00', 6, NULL, NULL),
(30409, 389, '2015-09-08 12:50:00', 4, 58, NULL),
(30410, 389, '2015-09-15 12:50:00', 4, 58, NULL),
(30411, 389, '2015-09-22 12:50:00', 4, 58, NULL),
(30412, 389, '2015-09-08 14:30:00', 5, 58, NULL),
(30413, 389, '2015-09-15 14:30:00', 5, 58, NULL),
(30414, 389, '2015-09-22 14:30:00', 5, 58, NULL),
(30415, 390, '2015-09-08 16:10:00', 6, NULL, NULL),
(30416, 390, '2015-09-15 16:10:00', 6, NULL, NULL),
(30417, 390, '2015-09-22 16:10:00', 6, NULL, NULL),
(30418, 388, '2015-09-09 12:50:00', 4, 58, NULL),
(30419, 388, '2015-09-16 12:50:00', 4, 58, NULL),
(30420, 388, '2015-09-23 12:50:00', 4, 58, NULL),
(30421, 388, '2015-09-09 14:30:00', 5, 58, NULL),
(30422, 388, '2015-09-16 14:30:00', 5, 58, NULL),
(30423, 388, '2015-09-23 14:30:00', 5, 58, NULL),
(30424, 390, '2015-09-09 16:10:00', 6, NULL, NULL),
(30425, 390, '2015-09-16 16:10:00', 6, NULL, NULL),
(30426, 390, '2015-09-23 16:10:00', 6, NULL, NULL),
(30427, 389, '2015-09-10 12:50:00', 4, 58, NULL),
(30428, 389, '2015-09-17 12:50:00', 4, 58, NULL),
(30429, 389, '2015-09-24 12:50:00', 4, 58, NULL),
(30430, 389, '2015-09-10 14:30:00', 5, 58, NULL),
(30431, 389, '2015-09-17 14:30:00', 5, 58, NULL),
(30432, 389, '2015-09-24 14:30:00', 5, 58, NULL),
(30433, 390, '2015-09-10 16:10:00', 6, NULL, NULL),
(30434, 390, '2015-09-17 16:10:00', 6, NULL, NULL),
(30435, 390, '2015-09-24 16:10:00', 6, NULL, NULL),
(30436, 388, '2015-09-11 12:50:00', 4, 58, NULL),
(30437, 388, '2015-09-18 12:50:00', 4, 58, NULL),
(30438, 388, '2015-09-25 12:50:00', 4, 58, NULL),
(30439, 388, '2015-09-11 14:30:00', 5, 58, NULL),
(30440, 388, '2015-09-18 14:30:00', 5, 58, NULL),
(30441, 388, '2015-09-25 14:30:00', 5, 58, NULL),
(30442, 390, '2015-09-11 16:10:00', 6, NULL, NULL),
(30443, 390, '2015-09-18 16:10:00', 6, NULL, NULL),
(30444, 390, '2015-09-25 16:10:00', 6, NULL, NULL),
(30445, 388, '2015-09-28 12:50:00', 4, 58, NULL),
(30446, 388, '2015-10-05 12:50:00', 4, 58, NULL),
(30447, 388, '2015-10-12 12:50:00', 4, 58, NULL),
(30448, 388, '2015-09-28 14:30:00', 5, 58, NULL),
(30449, 388, '2015-10-05 14:30:00', 5, 58, NULL),
(30450, 388, '2015-10-12 14:30:00', 5, 58, NULL),
(30451, 390, '2015-09-28 16:10:00', 6, NULL, NULL),
(30452, 390, '2015-10-05 16:10:00', 6, NULL, NULL),
(30453, 390, '2015-10-12 16:10:00', 6, NULL, NULL),
(30454, 389, '2015-09-29 12:50:00', 4, 58, NULL),
(30455, 389, '2015-10-06 12:50:00', 4, 58, NULL),
(30456, 389, '2015-10-13 12:50:00', 4, 58, NULL),
(30457, 389, '2015-09-29 14:30:00', 5, 58, NULL),
(30458, 389, '2015-10-06 14:30:00', 5, 58, NULL),
(30459, 389, '2015-10-13 14:30:00', 5, 58, NULL),
(30460, 390, '2015-09-29 16:10:00', 6, NULL, NULL),
(30461, 390, '2015-10-06 16:10:00', 6, NULL, NULL),
(30462, 390, '2015-10-13 16:10:00', 6, NULL, NULL),
(30463, 388, '2015-09-30 12:50:00', 4, 58, NULL),
(30464, 388, '2015-10-07 12:50:00', 4, 58, NULL),
(30465, 388, '2015-10-14 12:50:00', 4, 58, NULL),
(30466, 388, '2015-09-30 14:30:00', 5, 58, NULL),
(30467, 388, '2015-10-07 14:30:00', 5, 58, NULL),
(30468, 388, '2015-10-14 14:30:00', 5, 58, NULL),
(30469, 390, '2015-09-30 16:10:00', 6, NULL, NULL),
(30470, 390, '2015-10-07 16:10:00', 6, NULL, NULL),
(30471, 390, '2015-10-14 16:10:00', 6, NULL, NULL),
(30472, 389, '2015-10-01 12:50:00', 4, 58, NULL),
(30473, 389, '2015-10-08 12:50:00', 4, 58, NULL),
(30474, 389, '2015-10-15 12:50:00', 4, 58, NULL),
(30475, 389, '2015-10-01 14:30:00', 5, 58, NULL),
(30476, 389, '2015-10-08 14:30:00', 5, 58, NULL),
(30477, 389, '2015-10-15 14:30:00', 5, 58, NULL),
(30478, 390, '2015-10-01 16:10:00', 6, NULL, NULL),
(30479, 390, '2015-10-08 16:10:00', 6, NULL, NULL),
(30480, 390, '2015-10-15 16:10:00', 6, NULL, NULL),
(30481, 389, '2015-10-02 12:50:00', 4, 58, NULL),
(30482, 389, '2015-10-09 12:50:00', 4, 58, NULL),
(30483, 389, '2015-10-16 12:50:00', 4, 58, NULL),
(30484, 389, '2015-10-02 14:30:00', 5, 58, NULL),
(30485, 389, '2015-10-09 14:30:00', 5, 58, NULL),
(30486, 389, '2015-10-16 14:30:00', 5, 58, NULL),
(30487, 390, '2015-10-02 16:10:00', 6, NULL, NULL),
(30488, 390, '2015-10-09 16:10:00', 6, NULL, NULL),
(30489, 390, '2015-10-16 16:10:00', 6, NULL, NULL),
(30490, 386, '2015-11-09 12:50:00', 4, 58, NULL),
(30491, 386, '2015-11-16 12:50:00', 4, 58, NULL),
(30492, 386, '2015-11-23 12:50:00', 4, 58, NULL),
(30493, 386, '2015-11-09 14:30:00', 5, 58, NULL),
(30494, 386, '2015-11-16 14:30:00', 5, 58, NULL),
(30495, 386, '2015-11-23 14:30:00', 5, 58, NULL),
(30496, 387, '2015-11-10 12:50:00', 4, 58, NULL),
(30497, 387, '2015-11-17 12:50:00', 4, 58, NULL),
(30498, 387, '2015-11-24 12:50:00', 4, 58, NULL),
(30499, 387, '2015-11-10 14:30:00', 5, 58, NULL),
(30500, 387, '2015-11-17 14:30:00', 5, 58, NULL),
(30501, 387, '2015-11-24 14:30:00', 5, 58, NULL),
(30502, 386, '2015-11-11 12:50:00', 4, 58, NULL),
(30503, 386, '2015-11-18 12:50:00', 4, 58, NULL),
(30504, 386, '2015-11-25 12:50:00', 4, 58, NULL),
(30505, 386, '2015-11-11 14:30:00', 5, 58, NULL),
(30506, 386, '2015-11-18 14:30:00', 5, 58, NULL),
(30507, 386, '2015-11-25 14:30:00', 5, 58, NULL),
(30508, 387, '2015-11-12 12:50:00', 4, 58, NULL),
(30509, 387, '2015-11-19 12:50:00', 4, 58, NULL),
(30510, 387, '2015-11-26 12:50:00', 4, 58, NULL),
(30511, 387, '2015-11-12 14:30:00', 5, 58, NULL),
(30512, 387, '2015-11-19 14:30:00', 5, 58, NULL),
(30513, 387, '2015-11-26 14:30:00', 5, 58, NULL),
(30514, 386, '2015-11-13 12:50:00', 4, 58, NULL),
(30515, 386, '2015-11-20 12:50:00', 4, 58, NULL),
(30516, 386, '2015-11-27 12:50:00', 4, 58, NULL),
(30517, 386, '2015-11-13 14:30:00', 5, 58, NULL),
(30518, 386, '2015-11-20 14:30:00', 5, 58, NULL),
(30519, 386, '2015-11-27 14:30:00', 5, 58, NULL),
(30520, 386, '2015-11-30 12:50:00', 4, 58, NULL),
(30521, 386, '2015-12-07 12:50:00', 4, 58, NULL),
(30522, 386, '2015-12-14 12:50:00', 4, 58, NULL),
(30523, 386, '2015-11-30 14:30:00', 5, 58, NULL),
(30524, 386, '2015-12-07 14:30:00', 5, 58, NULL),
(30525, 386, '2015-12-14 14:30:00', 5, 58, NULL),
(30526, 387, '2015-12-01 12:50:00', 4, 58, NULL),
(30527, 387, '2015-12-08 12:50:00', 4, 58, NULL),
(30528, 387, '2015-12-15 12:50:00', 4, 58, NULL),
(30529, 387, '2015-12-01 14:30:00', 5, 58, NULL),
(30530, 387, '2015-12-08 14:30:00', 5, 58, NULL),
(30531, 387, '2015-12-15 14:30:00', 5, 58, NULL),
(30532, 386, '2015-12-02 12:50:00', 4, 58, NULL),
(30533, 386, '2015-12-09 12:50:00', 4, 58, NULL),
(30534, 386, '2015-12-16 12:50:00', 4, 58, NULL),
(30535, 386, '2015-12-02 14:30:00', 5, 58, NULL),
(30536, 386, '2015-12-09 14:30:00', 5, 58, NULL),
(30537, 386, '2015-12-16 14:30:00', 5, 58, NULL),
(30538, 387, '2015-12-03 12:50:00', 4, 58, NULL),
(30539, 387, '2015-12-10 12:50:00', 4, 58, NULL),
(30540, 387, '2015-12-17 12:50:00', 4, 58, NULL),
(30541, 387, '2015-12-03 14:30:00', 5, 58, NULL),
(30542, 387, '2015-12-10 14:30:00', 5, 58, NULL),
(30543, 387, '2015-12-17 14:30:00', 5, 58, NULL),
(30544, 387, '2015-12-04 12:50:00', 4, 58, NULL),
(30545, 387, '2015-12-11 12:50:00', 4, 58, NULL),
(30546, 387, '2015-12-18 12:50:00', 4, 58, NULL),
(30547, 387, '2015-12-04 14:30:00', 5, 58, NULL),
(30548, 387, '2015-12-11 14:30:00', 5, 58, NULL),
(30549, 387, '2015-12-18 14:30:00', 5, 58, NULL),
(30550, 393, '2015-09-07 12:50:00', 4, 59, NULL),
(30551, 393, '2015-09-14 12:50:00', 4, 59, NULL),
(30552, 393, '2015-09-21 12:50:00', 4, 59, NULL),
(30553, 393, '2015-09-07 14:30:00', 5, 59, NULL),
(30554, 393, '2015-09-14 14:30:00', 5, 59, NULL),
(30555, 393, '2015-09-21 14:30:00', 5, 59, NULL),
(30556, 395, '2015-09-07 16:10:00', 6, NULL, NULL),
(30557, 395, '2015-09-14 16:10:00', 6, NULL, NULL),
(30558, 395, '2015-09-21 16:10:00', 6, NULL, NULL),
(30559, 394, '2015-09-08 12:50:00', 4, 59, NULL),
(30560, 394, '2015-09-15 12:50:00', 4, 59, NULL),
(30561, 394, '2015-09-22 12:50:00', 4, 59, NULL),
(30562, 394, '2015-09-08 14:30:00', 5, 59, NULL),
(30563, 394, '2015-09-15 14:30:00', 5, 59, NULL),
(30564, 394, '2015-09-22 14:30:00', 5, 59, NULL),
(30565, 395, '2015-09-08 16:10:00', 6, NULL, NULL),
(30566, 395, '2015-09-15 16:10:00', 6, NULL, NULL),
(30567, 395, '2015-09-22 16:10:00', 6, NULL, NULL),
(30568, 393, '2015-09-09 12:50:00', 4, 59, NULL),
(30569, 393, '2015-09-16 12:50:00', 4, 59, NULL),
(30570, 393, '2015-09-23 12:50:00', 4, 59, NULL),
(30571, 393, '2015-09-09 14:30:00', 5, 59, NULL),
(30572, 393, '2015-09-16 14:30:00', 5, 59, NULL),
(30573, 393, '2015-09-23 14:30:00', 5, 59, NULL),
(30574, 395, '2015-09-09 16:10:00', 6, NULL, NULL),
(30575, 395, '2015-09-16 16:10:00', 6, NULL, NULL),
(30576, 395, '2015-09-23 16:10:00', 6, NULL, NULL),
(30577, 394, '2015-09-10 12:50:00', 4, 59, NULL),
(30578, 394, '2015-09-17 12:50:00', 4, 59, NULL),
(30579, 394, '2015-09-24 12:50:00', 4, 59, NULL),
(30580, 394, '2015-09-10 14:30:00', 5, 59, NULL),
(30581, 394, '2015-09-17 14:30:00', 5, 59, NULL),
(30582, 394, '2015-09-24 14:30:00', 5, 59, NULL),
(30583, 395, '2015-09-10 16:10:00', 6, NULL, NULL),
(30584, 395, '2015-09-17 16:10:00', 6, NULL, NULL),
(30585, 395, '2015-09-24 16:10:00', 6, NULL, NULL),
(30586, 393, '2015-09-11 12:50:00', 4, 59, NULL),
(30587, 393, '2015-09-18 12:50:00', 4, 59, NULL),
(30588, 393, '2015-09-25 12:50:00', 4, 59, NULL),
(30589, 393, '2015-09-11 14:30:00', 5, 59, NULL),
(30590, 393, '2015-09-18 14:30:00', 5, 59, NULL),
(30591, 393, '2015-09-25 14:30:00', 5, 59, NULL),
(30592, 395, '2015-09-11 16:10:00', 6, NULL, NULL),
(30593, 395, '2015-09-18 16:10:00', 6, NULL, NULL),
(30594, 395, '2015-09-25 16:10:00', 6, NULL, NULL),
(30595, 393, '2015-09-28 12:50:00', 4, 59, NULL),
(30596, 393, '2015-10-05 12:50:00', 4, 59, NULL),
(30597, 393, '2015-10-12 12:50:00', 4, 59, NULL),
(30598, 393, '2015-09-28 14:30:00', 5, 59, NULL),
(30599, 393, '2015-10-05 14:30:00', 5, 59, NULL),
(30600, 393, '2015-10-12 14:30:00', 5, 59, NULL),
(30601, 395, '2015-09-28 16:10:00', 6, NULL, NULL),
(30602, 395, '2015-10-05 16:10:00', 6, NULL, NULL),
(30603, 395, '2015-10-12 16:10:00', 6, NULL, NULL),
(30604, 394, '2015-09-29 12:50:00', 4, 59, NULL),
(30605, 394, '2015-10-06 12:50:00', 4, 59, NULL),
(30606, 394, '2015-10-13 12:50:00', 4, 59, NULL),
(30607, 394, '2015-09-29 14:30:00', 5, 59, NULL),
(30608, 394, '2015-10-06 14:30:00', 5, 59, NULL),
(30609, 394, '2015-10-13 14:30:00', 5, 59, NULL),
(30610, 395, '2015-09-29 16:10:00', 6, NULL, NULL),
(30611, 395, '2015-10-06 16:10:00', 6, NULL, NULL),
(30612, 395, '2015-10-13 16:10:00', 6, NULL, NULL),
(30613, 393, '2015-09-30 12:50:00', 4, 59, NULL),
(30614, 393, '2015-10-07 12:50:00', 4, 59, NULL),
(30615, 393, '2015-10-14 12:50:00', 4, 59, NULL),
(30616, 393, '2015-09-30 14:30:00', 5, 59, NULL),
(30617, 393, '2015-10-07 14:30:00', 5, 59, NULL),
(30618, 393, '2015-10-14 14:30:00', 5, 59, NULL),
(30619, 395, '2015-09-30 16:10:00', 6, NULL, NULL),
(30620, 395, '2015-10-07 16:10:00', 6, NULL, NULL),
(30621, 395, '2015-10-14 16:10:00', 6, NULL, NULL),
(30622, 394, '2015-10-01 12:50:00', 4, 59, NULL),
(30623, 394, '2015-10-08 12:50:00', 4, 59, NULL),
(30624, 394, '2015-10-15 12:50:00', 4, 59, NULL),
(30625, 394, '2015-10-01 14:30:00', 5, 59, NULL),
(30626, 394, '2015-10-08 14:30:00', 5, 59, NULL),
(30627, 394, '2015-10-15 14:30:00', 5, 59, NULL),
(30628, 395, '2015-10-01 16:10:00', 6, NULL, NULL),
(30629, 395, '2015-10-08 16:10:00', 6, NULL, NULL),
(30630, 395, '2015-10-15 16:10:00', 6, NULL, NULL),
(30631, 394, '2015-10-02 12:50:00', 4, 59, NULL),
(30632, 394, '2015-10-09 12:50:00', 4, 59, NULL),
(30633, 394, '2015-10-16 12:50:00', 4, 59, NULL),
(30634, 394, '2015-10-02 14:30:00', 5, 59, NULL),
(30635, 394, '2015-10-09 14:30:00', 5, 59, NULL),
(30636, 394, '2015-10-16 14:30:00', 5, 59, NULL),
(30637, 395, '2015-10-02 16:10:00', 6, NULL, NULL),
(30638, 395, '2015-10-09 16:10:00', 6, NULL, NULL),
(30639, 395, '2015-10-16 16:10:00', 6, NULL, NULL),
(30640, 391, '2015-11-09 12:50:00', 4, 59, NULL),
(30641, 391, '2015-11-16 12:50:00', 4, 59, NULL),
(30642, 391, '2015-11-23 12:50:00', 4, 59, NULL),
(30643, 391, '2015-11-09 14:30:00', 5, 59, NULL),
(30644, 391, '2015-11-16 14:30:00', 5, 59, NULL),
(30645, 391, '2015-11-23 14:30:00', 5, 59, NULL),
(30646, 392, '2015-11-10 12:50:00', 4, 59, NULL),
(30647, 392, '2015-11-17 12:50:00', 4, 59, NULL),
(30648, 392, '2015-11-24 12:50:00', 4, 59, NULL),
(30649, 392, '2015-11-10 14:30:00', 5, 59, NULL),
(30650, 392, '2015-11-17 14:30:00', 5, 59, NULL),
(30651, 392, '2015-11-24 14:30:00', 5, 59, NULL),
(30652, 391, '2015-11-11 12:50:00', 4, 59, NULL),
(30653, 391, '2015-11-18 12:50:00', 4, 59, NULL),
(30654, 391, '2015-11-25 12:50:00', 4, 59, NULL),
(30655, 391, '2015-11-11 14:30:00', 5, 59, NULL),
(30656, 391, '2015-11-18 14:30:00', 5, 59, NULL),
(30657, 391, '2015-11-25 14:30:00', 5, 59, NULL),
(30658, 392, '2015-11-12 12:50:00', 4, 59, NULL),
(30659, 392, '2015-11-19 12:50:00', 4, 59, NULL),
(30660, 392, '2015-11-26 12:50:00', 4, 59, NULL),
(30661, 392, '2015-11-12 14:30:00', 5, 59, NULL),
(30662, 392, '2015-11-19 14:30:00', 5, 59, NULL),
(30663, 392, '2015-11-26 14:30:00', 5, 59, NULL),
(30664, 391, '2015-11-13 12:50:00', 4, 59, NULL),
(30665, 391, '2015-11-20 12:50:00', 4, 59, NULL),
(30666, 391, '2015-11-27 12:50:00', 4, 59, NULL),
(30667, 391, '2015-11-13 14:30:00', 5, 59, NULL),
(30668, 391, '2015-11-20 14:30:00', 5, 59, NULL),
(30669, 391, '2015-11-27 14:30:00', 5, 59, NULL),
(30670, 391, '2015-11-30 12:50:00', 4, 59, NULL);
INSERT INTO `time_table` (`time_table_id`, `class_course_semester_id`, `date`, `slot`, `room_id`, `teacher_semester_id`) VALUES
(30671, 391, '2015-12-07 12:50:00', 4, 59, NULL),
(30672, 391, '2015-12-14 12:50:00', 4, 59, NULL),
(30673, 391, '2015-11-30 14:30:00', 5, 59, NULL),
(30674, 391, '2015-12-07 14:30:00', 5, 59, NULL),
(30675, 391, '2015-12-14 14:30:00', 5, 59, NULL),
(30676, 392, '2015-12-01 12:50:00', 4, 59, NULL),
(30677, 392, '2015-12-08 12:50:00', 4, 59, NULL),
(30678, 392, '2015-12-15 12:50:00', 4, 59, NULL),
(30679, 392, '2015-12-01 14:30:00', 5, 59, NULL),
(30680, 392, '2015-12-08 14:30:00', 5, 59, NULL),
(30681, 392, '2015-12-15 14:30:00', 5, 59, NULL),
(30682, 391, '2015-12-02 12:50:00', 4, 59, NULL),
(30683, 391, '2015-12-09 12:50:00', 4, 59, NULL),
(30684, 391, '2015-12-16 12:50:00', 4, 59, NULL),
(30685, 391, '2015-12-02 14:30:00', 5, 59, NULL),
(30686, 391, '2015-12-09 14:30:00', 5, 59, NULL),
(30687, 391, '2015-12-16 14:30:00', 5, 59, NULL),
(30688, 392, '2015-12-03 12:50:00', 4, 59, NULL),
(30689, 392, '2015-12-10 12:50:00', 4, 59, NULL),
(30690, 392, '2015-12-17 12:50:00', 4, 59, NULL),
(30691, 392, '2015-12-03 14:30:00', 5, 59, NULL),
(30692, 392, '2015-12-10 14:30:00', 5, 59, NULL),
(30693, 392, '2015-12-17 14:30:00', 5, 59, NULL),
(30694, 392, '2015-12-04 12:50:00', 4, 59, NULL),
(30695, 392, '2015-12-11 12:50:00', 4, 59, NULL),
(30696, 392, '2015-12-18 12:50:00', 4, 59, NULL),
(30697, 392, '2015-12-04 14:30:00', 5, 59, NULL),
(30698, 392, '2015-12-11 14:30:00', 5, 59, NULL),
(30699, 392, '2015-12-18 14:30:00', 5, 59, NULL),
(30700, 403, '2015-09-07 12:50:00', 4, 63, NULL),
(30701, 403, '2015-09-14 12:50:00', 4, 63, NULL),
(30702, 403, '2015-09-21 12:50:00', 4, 63, NULL),
(30703, 403, '2015-09-07 14:30:00', 5, 63, NULL),
(30704, 403, '2015-09-14 14:30:00', 5, 63, NULL),
(30705, 403, '2015-09-21 14:30:00', 5, 63, NULL),
(30706, 405, '2015-09-07 16:10:00', 6, 63, NULL),
(30707, 405, '2015-09-14 16:10:00', 6, 63, NULL),
(30708, 405, '2015-09-21 16:10:00', 6, 63, NULL),
(30709, 404, '2015-09-08 12:50:00', 4, 63, NULL),
(30710, 404, '2015-09-15 12:50:00', 4, 63, NULL),
(30711, 404, '2015-09-22 12:50:00', 4, 63, NULL),
(30712, 404, '2015-09-08 14:30:00', 5, 63, NULL),
(30713, 404, '2015-09-15 14:30:00', 5, 63, NULL),
(30714, 404, '2015-09-22 14:30:00', 5, 63, NULL),
(30715, 405, '2015-09-08 16:10:00', 6, 63, NULL),
(30716, 405, '2015-09-15 16:10:00', 6, 63, NULL),
(30717, 405, '2015-09-22 16:10:00', 6, 63, NULL),
(30718, 403, '2015-09-09 12:50:00', 4, 63, NULL),
(30719, 403, '2015-09-16 12:50:00', 4, 63, NULL),
(30720, 403, '2015-09-23 12:50:00', 4, 63, NULL),
(30721, 403, '2015-09-09 14:30:00', 5, 63, NULL),
(30722, 403, '2015-09-16 14:30:00', 5, 63, NULL),
(30723, 403, '2015-09-23 14:30:00', 5, 63, NULL),
(30724, 405, '2015-09-09 16:10:00', 6, 63, NULL),
(30725, 405, '2015-09-16 16:10:00', 6, 63, NULL),
(30726, 405, '2015-09-23 16:10:00', 6, 63, NULL),
(30727, 404, '2015-09-10 12:50:00', 4, 63, NULL),
(30728, 404, '2015-09-17 12:50:00', 4, 63, NULL),
(30729, 404, '2015-09-24 12:50:00', 4, 63, NULL),
(30730, 404, '2015-09-10 14:30:00', 5, 63, NULL),
(30731, 404, '2015-09-17 14:30:00', 5, 63, NULL),
(30732, 404, '2015-09-24 14:30:00', 5, 63, NULL),
(30733, 405, '2015-09-10 16:10:00', 6, 63, NULL),
(30734, 405, '2015-09-17 16:10:00', 6, 63, NULL),
(30735, 405, '2015-09-24 16:10:00', 6, 63, NULL),
(30736, 403, '2015-09-11 12:50:00', 4, 63, NULL),
(30737, 403, '2015-09-18 12:50:00', 4, 63, NULL),
(30738, 403, '2015-09-25 12:50:00', 4, 63, NULL),
(30739, 403, '2015-09-11 14:30:00', 5, 63, NULL),
(30740, 403, '2015-09-18 14:30:00', 5, 63, NULL),
(30741, 403, '2015-09-25 14:30:00', 5, 63, NULL),
(30742, 405, '2015-09-11 16:10:00', 6, 63, NULL),
(30743, 405, '2015-09-18 16:10:00', 6, 63, NULL),
(30744, 405, '2015-09-25 16:10:00', 6, 63, NULL),
(30745, 403, '2015-09-28 12:50:00', 4, 63, NULL),
(30746, 403, '2015-10-05 12:50:00', 4, 63, NULL),
(30747, 403, '2015-10-12 12:50:00', 4, 63, NULL),
(30748, 403, '2015-09-28 14:30:00', 5, 63, NULL),
(30749, 403, '2015-10-05 14:30:00', 5, 63, NULL),
(30750, 403, '2015-10-12 14:30:00', 5, 63, NULL),
(30751, 405, '2015-09-28 16:10:00', 6, 63, NULL),
(30752, 405, '2015-10-05 16:10:00', 6, 63, NULL),
(30753, 405, '2015-10-12 16:10:00', 6, 63, NULL),
(30754, 404, '2015-09-29 12:50:00', 4, 63, NULL),
(30755, 404, '2015-10-06 12:50:00', 4, 63, NULL),
(30756, 404, '2015-10-13 12:50:00', 4, 63, NULL),
(30757, 404, '2015-09-29 14:30:00', 5, 63, NULL),
(30758, 404, '2015-10-06 14:30:00', 5, 63, NULL),
(30759, 404, '2015-10-13 14:30:00', 5, 63, NULL),
(30760, 405, '2015-09-29 16:10:00', 6, 63, NULL),
(30761, 405, '2015-10-06 16:10:00', 6, 63, NULL),
(30762, 405, '2015-10-13 16:10:00', 6, 63, NULL),
(30763, 403, '2015-09-30 12:50:00', 4, 63, NULL),
(30764, 403, '2015-10-07 12:50:00', 4, 63, NULL),
(30765, 403, '2015-10-14 12:50:00', 4, 63, NULL),
(30766, 403, '2015-09-30 14:30:00', 5, 63, NULL),
(30767, 403, '2015-10-07 14:30:00', 5, 63, NULL),
(30768, 403, '2015-10-14 14:30:00', 5, 63, NULL),
(30769, 405, '2015-09-30 16:10:00', 6, 63, NULL),
(30770, 405, '2015-10-07 16:10:00', 6, 63, NULL),
(30771, 405, '2015-10-14 16:10:00', 6, 63, NULL),
(30772, 404, '2015-10-01 12:50:00', 4, 63, NULL),
(30773, 404, '2015-10-08 12:50:00', 4, 63, NULL),
(30774, 404, '2015-10-15 12:50:00', 4, 63, NULL),
(30775, 404, '2015-10-01 14:30:00', 5, 63, NULL),
(30776, 404, '2015-10-08 14:30:00', 5, 63, NULL),
(30777, 404, '2015-10-15 14:30:00', 5, 63, NULL),
(30778, 405, '2015-10-01 16:10:00', 6, 63, NULL),
(30779, 405, '2015-10-08 16:10:00', 6, 63, NULL),
(30780, 405, '2015-10-15 16:10:00', 6, 63, NULL),
(30781, 404, '2015-10-02 12:50:00', 4, 63, NULL),
(30782, 404, '2015-10-09 12:50:00', 4, 63, NULL),
(30783, 404, '2015-10-16 12:50:00', 4, 63, NULL),
(30784, 404, '2015-10-02 14:30:00', 5, 63, NULL),
(30785, 404, '2015-10-09 14:30:00', 5, 63, NULL),
(30786, 404, '2015-10-16 14:30:00', 5, 63, NULL),
(30787, 405, '2015-10-02 16:10:00', 6, 63, NULL),
(30788, 405, '2015-10-09 16:10:00', 6, 63, NULL),
(30789, 405, '2015-10-16 16:10:00', 6, 63, NULL),
(30790, 401, '2015-11-09 12:50:00', 4, 63, NULL),
(30791, 401, '2015-11-16 12:50:00', 4, 63, NULL),
(30792, 401, '2015-11-23 12:50:00', 4, 63, NULL),
(30793, 401, '2015-11-09 14:30:00', 5, 63, NULL),
(30794, 401, '2015-11-16 14:30:00', 5, 63, NULL),
(30795, 401, '2015-11-23 14:30:00', 5, 63, NULL),
(30796, 402, '2015-11-10 12:50:00', 4, 63, NULL),
(30797, 402, '2015-11-17 12:50:00', 4, 63, NULL),
(30798, 402, '2015-11-24 12:50:00', 4, 63, NULL),
(30799, 402, '2015-11-10 14:30:00', 5, 63, NULL),
(30800, 402, '2015-11-17 14:30:00', 5, 63, NULL),
(30801, 402, '2015-11-24 14:30:00', 5, 63, NULL),
(30802, 401, '2015-11-11 12:50:00', 4, 63, NULL),
(30803, 401, '2015-11-18 12:50:00', 4, 63, NULL),
(30804, 401, '2015-11-25 12:50:00', 4, 63, NULL),
(30805, 401, '2015-11-11 14:30:00', 5, 63, NULL),
(30806, 401, '2015-11-18 14:30:00', 5, 63, NULL),
(30807, 401, '2015-11-25 14:30:00', 5, 63, NULL),
(30808, 402, '2015-11-12 12:50:00', 4, 63, NULL),
(30809, 402, '2015-11-19 12:50:00', 4, 63, NULL),
(30810, 402, '2015-11-26 12:50:00', 4, 63, NULL),
(30811, 402, '2015-11-12 14:30:00', 5, 63, NULL),
(30812, 402, '2015-11-19 14:30:00', 5, 63, NULL),
(30813, 402, '2015-11-26 14:30:00', 5, 63, NULL),
(30814, 401, '2015-11-13 12:50:00', 4, 63, NULL),
(30815, 401, '2015-11-20 12:50:00', 4, 63, NULL),
(30816, 401, '2015-11-27 12:50:00', 4, 63, NULL),
(30817, 401, '2015-11-13 14:30:00', 5, 63, NULL),
(30818, 401, '2015-11-20 14:30:00', 5, 63, NULL),
(30819, 401, '2015-11-27 14:30:00', 5, 63, NULL),
(30820, 401, '2015-11-30 12:50:00', 4, 63, NULL),
(30821, 401, '2015-12-07 12:50:00', 4, 63, NULL),
(30822, 401, '2015-12-14 12:50:00', 4, 63, NULL),
(30823, 401, '2015-11-30 14:30:00', 5, 63, NULL),
(30824, 401, '2015-12-07 14:30:00', 5, 63, NULL),
(30825, 401, '2015-12-14 14:30:00', 5, 63, NULL),
(30826, 402, '2015-12-01 12:50:00', 4, 63, NULL),
(30827, 402, '2015-12-08 12:50:00', 4, 63, NULL),
(30828, 402, '2015-12-15 12:50:00', 4, 63, NULL),
(30829, 402, '2015-12-01 14:30:00', 5, 63, NULL),
(30830, 402, '2015-12-08 14:30:00', 5, 63, NULL),
(30831, 402, '2015-12-15 14:30:00', 5, 63, NULL),
(30832, 401, '2015-12-02 12:50:00', 4, 63, NULL),
(30833, 401, '2015-12-09 12:50:00', 4, 63, NULL),
(30834, 401, '2015-12-16 12:50:00', 4, 63, NULL),
(30835, 401, '2015-12-02 14:30:00', 5, 63, NULL),
(30836, 401, '2015-12-09 14:30:00', 5, 63, NULL),
(30837, 401, '2015-12-16 14:30:00', 5, 63, NULL),
(30838, 402, '2015-12-03 12:50:00', 4, 63, NULL),
(30839, 402, '2015-12-10 12:50:00', 4, 63, NULL),
(30840, 402, '2015-12-17 12:50:00', 4, 63, NULL),
(30841, 402, '2015-12-03 14:30:00', 5, 63, NULL),
(30842, 402, '2015-12-10 14:30:00', 5, 63, NULL),
(30843, 402, '2015-12-17 14:30:00', 5, 63, NULL),
(30844, 402, '2015-12-04 12:50:00', 4, 63, NULL),
(30845, 402, '2015-12-11 12:50:00', 4, 63, NULL),
(30846, 402, '2015-12-18 12:50:00', 4, 63, NULL),
(30847, 402, '2015-12-04 14:30:00', 5, 63, NULL),
(30848, 402, '2015-12-11 14:30:00', 5, 63, NULL),
(30849, 402, '2015-12-18 14:30:00', 5, 63, NULL),
(30850, 408, '2015-09-07 12:50:00', 4, 64, NULL),
(30851, 408, '2015-09-14 12:50:00', 4, 64, NULL),
(30852, 408, '2015-09-21 12:50:00', 4, 64, NULL),
(30853, 408, '2015-09-07 14:30:00', 5, 64, NULL),
(30854, 408, '2015-09-14 14:30:00', 5, 64, NULL),
(30855, 408, '2015-09-21 14:30:00', 5, 64, NULL),
(30856, 410, '2015-09-07 16:10:00', 6, 64, NULL),
(30857, 410, '2015-09-14 16:10:00', 6, 64, NULL),
(30858, 410, '2015-09-21 16:10:00', 6, 64, NULL),
(30859, 409, '2015-09-08 12:50:00', 4, 64, NULL),
(30860, 409, '2015-09-15 12:50:00', 4, 64, NULL),
(30861, 409, '2015-09-22 12:50:00', 4, 64, NULL),
(30862, 409, '2015-09-08 14:30:00', 5, 64, NULL),
(30863, 409, '2015-09-15 14:30:00', 5, 64, NULL),
(30864, 409, '2015-09-22 14:30:00', 5, 64, NULL),
(30865, 410, '2015-09-08 16:10:00', 6, 64, NULL),
(30866, 410, '2015-09-15 16:10:00', 6, 64, NULL),
(30867, 410, '2015-09-22 16:10:00', 6, 64, NULL),
(30868, 408, '2015-09-09 12:50:00', 4, 64, NULL),
(30869, 408, '2015-09-16 12:50:00', 4, 64, NULL),
(30870, 408, '2015-09-23 12:50:00', 4, 64, NULL),
(30871, 408, '2015-09-09 14:30:00', 5, 64, NULL),
(30872, 408, '2015-09-16 14:30:00', 5, 64, NULL),
(30873, 408, '2015-09-23 14:30:00', 5, 64, NULL),
(30874, 410, '2015-09-09 16:10:00', 6, 64, NULL),
(30875, 410, '2015-09-16 16:10:00', 6, 64, NULL),
(30876, 410, '2015-09-23 16:10:00', 6, 64, NULL),
(30877, 409, '2015-09-10 12:50:00', 4, 64, NULL),
(30878, 409, '2015-09-17 12:50:00', 4, 64, NULL),
(30879, 409, '2015-09-24 12:50:00', 4, 64, NULL),
(30880, 409, '2015-09-10 14:30:00', 5, 64, NULL),
(30881, 409, '2015-09-17 14:30:00', 5, 64, NULL),
(30882, 409, '2015-09-24 14:30:00', 5, 64, NULL),
(30883, 410, '2015-09-10 16:10:00', 6, 64, NULL),
(30884, 410, '2015-09-17 16:10:00', 6, 64, NULL),
(30885, 410, '2015-09-24 16:10:00', 6, 64, NULL),
(30886, 408, '2015-09-11 12:50:00', 4, 64, NULL),
(30887, 408, '2015-09-18 12:50:00', 4, 64, NULL),
(30888, 408, '2015-09-25 12:50:00', 4, 64, NULL),
(30889, 408, '2015-09-11 14:30:00', 5, 64, NULL),
(30890, 408, '2015-09-18 14:30:00', 5, 64, NULL),
(30891, 408, '2015-09-25 14:30:00', 5, 64, NULL),
(30892, 410, '2015-09-11 16:10:00', 6, 64, NULL),
(30893, 410, '2015-09-18 16:10:00', 6, 64, NULL),
(30894, 410, '2015-09-25 16:10:00', 6, 64, NULL),
(30895, 408, '2015-09-28 12:50:00', 4, 64, NULL),
(30896, 408, '2015-10-05 12:50:00', 4, 64, NULL),
(30897, 408, '2015-10-12 12:50:00', 4, 64, NULL),
(30898, 408, '2015-09-28 14:30:00', 5, 64, NULL),
(30899, 408, '2015-10-05 14:30:00', 5, 64, NULL),
(30900, 408, '2015-10-12 14:30:00', 5, 64, NULL),
(30901, 410, '2015-09-28 16:10:00', 6, 64, NULL),
(30902, 410, '2015-10-05 16:10:00', 6, 64, NULL),
(30903, 410, '2015-10-12 16:10:00', 6, 64, NULL),
(30904, 409, '2015-09-29 12:50:00', 4, 64, NULL),
(30905, 409, '2015-10-06 12:50:00', 4, 64, NULL),
(30906, 409, '2015-10-13 12:50:00', 4, 64, NULL),
(30907, 409, '2015-09-29 14:30:00', 5, 64, NULL),
(30908, 409, '2015-10-06 14:30:00', 5, 64, NULL),
(30909, 409, '2015-10-13 14:30:00', 5, 64, NULL),
(30910, 410, '2015-09-29 16:10:00', 6, 64, NULL),
(30911, 410, '2015-10-06 16:10:00', 6, 64, NULL),
(30912, 410, '2015-10-13 16:10:00', 6, 64, NULL),
(30913, 408, '2015-09-30 12:50:00', 4, 64, NULL),
(30914, 408, '2015-10-07 12:50:00', 4, 64, NULL),
(30915, 408, '2015-10-14 12:50:00', 4, 64, NULL),
(30916, 408, '2015-09-30 14:30:00', 5, 64, NULL),
(30917, 408, '2015-10-07 14:30:00', 5, 64, NULL),
(30918, 408, '2015-10-14 14:30:00', 5, 64, NULL),
(30919, 410, '2015-09-30 16:10:00', 6, 64, NULL),
(30920, 410, '2015-10-07 16:10:00', 6, 64, NULL),
(30921, 410, '2015-10-14 16:10:00', 6, 64, NULL),
(30922, 409, '2015-10-01 12:50:00', 4, 64, NULL),
(30923, 409, '2015-10-08 12:50:00', 4, 64, NULL),
(30924, 409, '2015-10-15 12:50:00', 4, 64, NULL),
(30925, 409, '2015-10-01 14:30:00', 5, 64, NULL),
(30926, 409, '2015-10-08 14:30:00', 5, 64, NULL),
(30927, 409, '2015-10-15 14:30:00', 5, 64, NULL),
(30928, 410, '2015-10-01 16:10:00', 6, 64, NULL),
(30929, 410, '2015-10-08 16:10:00', 6, 64, NULL),
(30930, 410, '2015-10-15 16:10:00', 6, 64, NULL),
(30931, 409, '2015-10-02 12:50:00', 4, 64, NULL),
(30932, 409, '2015-10-09 12:50:00', 4, 64, NULL),
(30933, 409, '2015-10-16 12:50:00', 4, 64, NULL),
(30934, 409, '2015-10-02 14:30:00', 5, 64, NULL),
(30935, 409, '2015-10-09 14:30:00', 5, 64, NULL),
(30936, 409, '2015-10-16 14:30:00', 5, 64, NULL),
(30937, 410, '2015-10-02 16:10:00', 6, 64, NULL),
(30938, 410, '2015-10-09 16:10:00', 6, 64, NULL),
(30939, 410, '2015-10-16 16:10:00', 6, 64, NULL),
(30940, 406, '2015-11-09 12:50:00', 4, 64, NULL),
(30941, 406, '2015-11-16 12:50:00', 4, 64, NULL),
(30942, 406, '2015-11-23 12:50:00', 4, 64, NULL),
(30943, 406, '2015-11-09 14:30:00', 5, 64, NULL),
(30944, 406, '2015-11-16 14:30:00', 5, 64, NULL),
(30945, 406, '2015-11-23 14:30:00', 5, 64, NULL),
(30946, 407, '2015-11-10 12:50:00', 4, 64, NULL),
(30947, 407, '2015-11-17 12:50:00', 4, 64, NULL),
(30948, 407, '2015-11-24 12:50:00', 4, 64, NULL),
(30949, 407, '2015-11-10 14:30:00', 5, 64, NULL),
(30950, 407, '2015-11-17 14:30:00', 5, 64, NULL),
(30951, 407, '2015-11-24 14:30:00', 5, 64, NULL),
(30952, 406, '2015-11-11 12:50:00', 4, 64, NULL),
(30953, 406, '2015-11-18 12:50:00', 4, 64, NULL),
(30954, 406, '2015-11-25 12:50:00', 4, 64, NULL),
(30955, 406, '2015-11-11 14:30:00', 5, 64, NULL),
(30956, 406, '2015-11-18 14:30:00', 5, 64, NULL),
(30957, 406, '2015-11-25 14:30:00', 5, 64, NULL),
(30958, 407, '2015-11-12 12:50:00', 4, 64, NULL),
(30959, 407, '2015-11-19 12:50:00', 4, 64, NULL),
(30960, 407, '2015-11-26 12:50:00', 4, 64, NULL),
(30961, 407, '2015-11-12 14:30:00', 5, 64, NULL),
(30962, 407, '2015-11-19 14:30:00', 5, 64, NULL),
(30963, 407, '2015-11-26 14:30:00', 5, 64, NULL),
(30964, 406, '2015-11-13 12:50:00', 4, 64, NULL),
(30965, 406, '2015-11-20 12:50:00', 4, 64, NULL),
(30966, 406, '2015-11-27 12:50:00', 4, 64, NULL),
(30967, 406, '2015-11-13 14:30:00', 5, 64, NULL),
(30968, 406, '2015-11-20 14:30:00', 5, 64, NULL),
(30969, 406, '2015-11-27 14:30:00', 5, 64, NULL),
(30970, 406, '2015-11-30 12:50:00', 4, 64, NULL),
(30971, 406, '2015-12-07 12:50:00', 4, 64, NULL),
(30972, 406, '2015-12-14 12:50:00', 4, 64, NULL),
(30973, 406, '2015-11-30 14:30:00', 5, 64, NULL),
(30974, 406, '2015-12-07 14:30:00', 5, 64, NULL),
(30975, 406, '2015-12-14 14:30:00', 5, 64, NULL),
(30976, 407, '2015-12-01 12:50:00', 4, 64, NULL),
(30977, 407, '2015-12-08 12:50:00', 4, 64, NULL),
(30978, 407, '2015-12-15 12:50:00', 4, 64, NULL),
(30979, 407, '2015-12-01 14:30:00', 5, 64, NULL),
(30980, 407, '2015-12-08 14:30:00', 5, 64, NULL),
(30981, 407, '2015-12-15 14:30:00', 5, 64, NULL),
(30982, 406, '2015-12-02 12:50:00', 4, 64, NULL),
(30983, 406, '2015-12-09 12:50:00', 4, 64, NULL),
(30984, 406, '2015-12-16 12:50:00', 4, 64, NULL),
(30985, 406, '2015-12-02 14:30:00', 5, 64, NULL),
(30986, 406, '2015-12-09 14:30:00', 5, 64, NULL),
(30987, 406, '2015-12-16 14:30:00', 5, 64, NULL),
(30988, 407, '2015-12-03 12:50:00', 4, 64, NULL),
(30989, 407, '2015-12-10 12:50:00', 4, 64, NULL),
(30990, 407, '2015-12-17 12:50:00', 4, 64, NULL),
(30991, 407, '2015-12-03 14:30:00', 5, 64, NULL),
(30992, 407, '2015-12-10 14:30:00', 5, 64, NULL),
(30993, 407, '2015-12-17 14:30:00', 5, 64, NULL),
(30994, 407, '2015-12-04 12:50:00', 4, 64, NULL),
(30995, 407, '2015-12-11 12:50:00', 4, 64, NULL),
(30996, 407, '2015-12-18 12:50:00', 4, 64, NULL),
(30997, 407, '2015-12-04 14:30:00', 5, 64, NULL),
(30998, 407, '2015-12-11 14:30:00', 5, 64, NULL),
(30999, 407, '2015-12-18 14:30:00', 5, 64, NULL),
(31000, 413, '2015-09-07 12:50:00', 4, 65, NULL),
(31001, 413, '2015-09-14 12:50:00', 4, 65, NULL),
(31002, 413, '2015-09-21 12:50:00', 4, 65, NULL),
(31003, 413, '2015-09-07 14:30:00', 5, 65, NULL),
(31004, 413, '2015-09-14 14:30:00', 5, 65, NULL),
(31005, 413, '2015-09-21 14:30:00', 5, 65, NULL),
(31006, 415, '2015-09-07 16:10:00', 6, 65, NULL),
(31007, 415, '2015-09-14 16:10:00', 6, 65, NULL),
(31008, 415, '2015-09-21 16:10:00', 6, 65, NULL),
(31009, 414, '2015-09-08 12:50:00', 4, 65, NULL),
(31010, 414, '2015-09-15 12:50:00', 4, 65, NULL),
(31011, 414, '2015-09-22 12:50:00', 4, 65, NULL),
(31012, 414, '2015-09-08 14:30:00', 5, 65, NULL),
(31013, 414, '2015-09-15 14:30:00', 5, 65, NULL),
(31014, 414, '2015-09-22 14:30:00', 5, 65, NULL),
(31015, 415, '2015-09-08 16:10:00', 6, 65, NULL),
(31016, 415, '2015-09-15 16:10:00', 6, 65, NULL),
(31017, 415, '2015-09-22 16:10:00', 6, 65, NULL),
(31018, 413, '2015-09-09 12:50:00', 4, 65, NULL),
(31019, 413, '2015-09-16 12:50:00', 4, 65, NULL),
(31020, 413, '2015-09-23 12:50:00', 4, 65, NULL),
(31021, 413, '2015-09-09 14:30:00', 5, 65, NULL),
(31022, 413, '2015-09-16 14:30:00', 5, 65, NULL),
(31023, 413, '2015-09-23 14:30:00', 5, 65, NULL),
(31024, 415, '2015-09-09 16:10:00', 6, 65, NULL),
(31025, 415, '2015-09-16 16:10:00', 6, 65, NULL),
(31026, 415, '2015-09-23 16:10:00', 6, 65, NULL),
(31027, 414, '2015-09-10 12:50:00', 4, 65, NULL),
(31028, 414, '2015-09-17 12:50:00', 4, 65, NULL),
(31029, 414, '2015-09-24 12:50:00', 4, 65, NULL),
(31030, 414, '2015-09-10 14:30:00', 5, 65, NULL),
(31031, 414, '2015-09-17 14:30:00', 5, 65, NULL),
(31032, 414, '2015-09-24 14:30:00', 5, 65, NULL),
(31033, 415, '2015-09-10 16:10:00', 6, 65, NULL),
(31034, 415, '2015-09-17 16:10:00', 6, 65, NULL),
(31035, 415, '2015-09-24 16:10:00', 6, 65, NULL),
(31036, 413, '2015-09-11 12:50:00', 4, 65, NULL),
(31037, 413, '2015-09-18 12:50:00', 4, 65, NULL),
(31038, 413, '2015-09-25 12:50:00', 4, 65, NULL),
(31039, 413, '2015-09-11 14:30:00', 5, 65, NULL),
(31040, 413, '2015-09-18 14:30:00', 5, 65, NULL),
(31041, 413, '2015-09-25 14:30:00', 5, 65, NULL),
(31042, 415, '2015-09-11 16:10:00', 6, 65, NULL),
(31043, 415, '2015-09-18 16:10:00', 6, 65, NULL),
(31044, 415, '2015-09-25 16:10:00', 6, 65, NULL),
(31045, 413, '2015-09-28 12:50:00', 4, 65, NULL),
(31046, 413, '2015-10-05 12:50:00', 4, 65, NULL),
(31047, 413, '2015-10-12 12:50:00', 4, 65, NULL),
(31048, 413, '2015-09-28 14:30:00', 5, 65, NULL),
(31049, 413, '2015-10-05 14:30:00', 5, 65, NULL),
(31050, 413, '2015-10-12 14:30:00', 5, 65, NULL),
(31051, 415, '2015-09-28 16:10:00', 6, 65, NULL),
(31052, 415, '2015-10-05 16:10:00', 6, 65, NULL),
(31053, 415, '2015-10-12 16:10:00', 6, 65, NULL),
(31054, 414, '2015-09-29 12:50:00', 4, 65, NULL),
(31055, 414, '2015-10-06 12:50:00', 4, 65, NULL),
(31056, 414, '2015-10-13 12:50:00', 4, 65, NULL),
(31057, 414, '2015-09-29 14:30:00', 5, 65, NULL),
(31058, 414, '2015-10-06 14:30:00', 5, 65, NULL),
(31059, 414, '2015-10-13 14:30:00', 5, 65, NULL),
(31060, 415, '2015-09-29 16:10:00', 6, 65, NULL),
(31061, 415, '2015-10-06 16:10:00', 6, 65, NULL),
(31062, 415, '2015-10-13 16:10:00', 6, 65, NULL),
(31063, 413, '2015-09-30 12:50:00', 4, 65, NULL),
(31064, 413, '2015-10-07 12:50:00', 4, 65, NULL),
(31065, 413, '2015-10-14 12:50:00', 4, 65, NULL),
(31066, 413, '2015-09-30 14:30:00', 5, 65, NULL),
(31067, 413, '2015-10-07 14:30:00', 5, 65, NULL),
(31068, 413, '2015-10-14 14:30:00', 5, 65, NULL),
(31069, 415, '2015-09-30 16:10:00', 6, 65, NULL),
(31070, 415, '2015-10-07 16:10:00', 6, 65, NULL),
(31071, 415, '2015-10-14 16:10:00', 6, 65, NULL),
(31072, 414, '2015-10-01 12:50:00', 4, 65, NULL),
(31073, 414, '2015-10-08 12:50:00', 4, 65, NULL),
(31074, 414, '2015-10-15 12:50:00', 4, 65, NULL),
(31075, 414, '2015-10-01 14:30:00', 5, 65, NULL),
(31076, 414, '2015-10-08 14:30:00', 5, 65, NULL),
(31077, 414, '2015-10-15 14:30:00', 5, 65, NULL),
(31078, 415, '2015-10-01 16:10:00', 6, 65, NULL),
(31079, 415, '2015-10-08 16:10:00', 6, 65, NULL),
(31080, 415, '2015-10-15 16:10:00', 6, 65, NULL),
(31081, 414, '2015-10-02 12:50:00', 4, 65, NULL),
(31082, 414, '2015-10-09 12:50:00', 4, 65, NULL),
(31083, 414, '2015-10-16 12:50:00', 4, 65, NULL),
(31084, 414, '2015-10-02 14:30:00', 5, 65, NULL),
(31085, 414, '2015-10-09 14:30:00', 5, 65, NULL),
(31086, 414, '2015-10-16 14:30:00', 5, 65, NULL),
(31087, 415, '2015-10-02 16:10:00', 6, 65, NULL),
(31088, 415, '2015-10-09 16:10:00', 6, 65, NULL),
(31089, 415, '2015-10-16 16:10:00', 6, 65, NULL),
(31090, 411, '2015-11-09 12:50:00', 4, 65, NULL),
(31091, 411, '2015-11-16 12:50:00', 4, 65, NULL),
(31092, 411, '2015-11-23 12:50:00', 4, 65, NULL),
(31093, 411, '2015-11-09 14:30:00', 5, 65, NULL),
(31094, 411, '2015-11-16 14:30:00', 5, 65, NULL),
(31095, 411, '2015-11-23 14:30:00', 5, 65, NULL),
(31096, 412, '2015-11-10 12:50:00', 4, 65, NULL),
(31097, 412, '2015-11-17 12:50:00', 4, 65, NULL),
(31098, 412, '2015-11-24 12:50:00', 4, 65, NULL),
(31099, 412, '2015-11-10 14:30:00', 5, 65, NULL),
(31100, 412, '2015-11-17 14:30:00', 5, 65, NULL),
(31101, 412, '2015-11-24 14:30:00', 5, 65, NULL),
(31102, 411, '2015-11-11 12:50:00', 4, 65, NULL),
(31103, 411, '2015-11-18 12:50:00', 4, 65, NULL),
(31104, 411, '2015-11-25 12:50:00', 4, 65, NULL),
(31105, 411, '2015-11-11 14:30:00', 5, 65, NULL),
(31106, 411, '2015-11-18 14:30:00', 5, 65, NULL),
(31107, 411, '2015-11-25 14:30:00', 5, 65, NULL),
(31108, 412, '2015-11-12 12:50:00', 4, 65, NULL),
(31109, 412, '2015-11-19 12:50:00', 4, 65, NULL),
(31110, 412, '2015-11-26 12:50:00', 4, 65, NULL),
(31111, 412, '2015-11-12 14:30:00', 5, 65, NULL),
(31112, 412, '2015-11-19 14:30:00', 5, 65, NULL),
(31113, 412, '2015-11-26 14:30:00', 5, 65, NULL),
(31114, 411, '2015-11-13 12:50:00', 4, 65, NULL),
(31115, 411, '2015-11-20 12:50:00', 4, 65, NULL),
(31116, 411, '2015-11-27 12:50:00', 4, 65, NULL),
(31117, 411, '2015-11-13 14:30:00', 5, 65, NULL),
(31118, 411, '2015-11-20 14:30:00', 5, 65, NULL),
(31119, 411, '2015-11-27 14:30:00', 5, 65, NULL),
(31120, 411, '2015-11-30 12:50:00', 4, 65, NULL),
(31121, 411, '2015-12-07 12:50:00', 4, 65, NULL),
(31122, 411, '2015-12-14 12:50:00', 4, 65, NULL),
(31123, 411, '2015-11-30 14:30:00', 5, 65, NULL),
(31124, 411, '2015-12-07 14:30:00', 5, 65, NULL),
(31125, 411, '2015-12-14 14:30:00', 5, 65, NULL),
(31126, 412, '2015-12-01 12:50:00', 4, 65, NULL),
(31127, 412, '2015-12-08 12:50:00', 4, 65, NULL),
(31128, 412, '2015-12-15 12:50:00', 4, 65, NULL),
(31129, 412, '2015-12-01 14:30:00', 5, 65, NULL),
(31130, 412, '2015-12-08 14:30:00', 5, 65, NULL),
(31131, 412, '2015-12-15 14:30:00', 5, 65, NULL),
(31132, 411, '2015-12-02 12:50:00', 4, 65, NULL),
(31133, 411, '2015-12-09 12:50:00', 4, 65, NULL),
(31134, 411, '2015-12-16 12:50:00', 4, 65, NULL),
(31135, 411, '2015-12-02 14:30:00', 5, 65, NULL),
(31136, 411, '2015-12-09 14:30:00', 5, 65, NULL),
(31137, 411, '2015-12-16 14:30:00', 5, 65, NULL),
(31138, 412, '2015-12-03 12:50:00', 4, 65, NULL),
(31139, 412, '2015-12-10 12:50:00', 4, 65, NULL),
(31140, 412, '2015-12-17 12:50:00', 4, 65, NULL),
(31141, 412, '2015-12-03 14:30:00', 5, 65, NULL),
(31142, 412, '2015-12-10 14:30:00', 5, 65, NULL),
(31143, 412, '2015-12-17 14:30:00', 5, 65, NULL),
(31144, 412, '2015-12-04 12:50:00', 4, 65, NULL),
(31145, 412, '2015-12-11 12:50:00', 4, 65, NULL),
(31146, 412, '2015-12-18 12:50:00', 4, 65, NULL),
(31147, 412, '2015-12-04 14:30:00', 5, 65, NULL),
(31148, 412, '2015-12-11 14:30:00', 5, 65, NULL),
(31149, 412, '2015-12-18 14:30:00', 5, 65, NULL),
(31150, 418, '2015-09-07 07:30:00', 1, 63, NULL),
(31151, 418, '2015-09-14 07:30:00', 1, 63, NULL),
(31152, 418, '2015-09-21 07:30:00', 1, 63, NULL),
(31153, 418, '2015-09-07 09:10:00', 2, 63, NULL),
(31154, 418, '2015-09-14 09:10:00', 2, 63, NULL),
(31155, 418, '2015-09-21 09:10:00', 2, 63, NULL),
(31156, 420, '2015-09-07 10:50:00', 3, 63, NULL),
(31157, 420, '2015-09-14 10:50:00', 3, 63, NULL),
(31158, 420, '2015-09-21 10:50:00', 3, 63, NULL),
(31159, 419, '2015-09-08 07:30:00', 1, 63, NULL),
(31160, 419, '2015-09-15 07:30:00', 1, 63, NULL),
(31161, 419, '2015-09-22 07:30:00', 1, 63, NULL),
(31162, 419, '2015-09-08 09:10:00', 2, 63, NULL),
(31163, 419, '2015-09-15 09:10:00', 2, 63, NULL),
(31164, 419, '2015-09-22 09:10:00', 2, 63, NULL),
(31165, 420, '2015-09-08 10:50:00', 3, 63, NULL),
(31166, 420, '2015-09-15 10:50:00', 3, 63, NULL),
(31167, 420, '2015-09-22 10:50:00', 3, 63, NULL),
(31168, 418, '2015-09-09 07:30:00', 1, 63, NULL),
(31169, 418, '2015-09-16 07:30:00', 1, 63, NULL),
(31170, 418, '2015-09-23 07:30:00', 1, 63, NULL),
(31171, 418, '2015-09-09 09:10:00', 2, 63, NULL),
(31172, 418, '2015-09-16 09:10:00', 2, 63, NULL),
(31173, 418, '2015-09-23 09:10:00', 2, 63, NULL),
(31174, 420, '2015-09-09 10:50:00', 3, 63, NULL),
(31175, 420, '2015-09-16 10:50:00', 3, 63, NULL),
(31176, 420, '2015-09-23 10:50:00', 3, 63, NULL),
(31177, 419, '2015-09-10 07:30:00', 1, 63, NULL),
(31178, 419, '2015-09-17 07:30:00', 1, 63, NULL),
(31179, 419, '2015-09-24 07:30:00', 1, 63, NULL),
(31180, 419, '2015-09-10 09:10:00', 2, 63, NULL),
(31181, 419, '2015-09-17 09:10:00', 2, 63, NULL),
(31182, 419, '2015-09-24 09:10:00', 2, 63, NULL),
(31183, 420, '2015-09-10 10:50:00', 3, 63, NULL),
(31184, 420, '2015-09-17 10:50:00', 3, 63, NULL),
(31185, 420, '2015-09-24 10:50:00', 3, 63, NULL),
(31186, 418, '2015-09-11 07:30:00', 1, 63, NULL),
(31187, 418, '2015-09-18 07:30:00', 1, 63, NULL),
(31188, 418, '2015-09-25 07:30:00', 1, 63, NULL),
(31189, 418, '2015-09-11 09:10:00', 2, 63, NULL),
(31190, 418, '2015-09-18 09:10:00', 2, 63, NULL),
(31191, 418, '2015-09-25 09:10:00', 2, 63, NULL),
(31192, 420, '2015-09-11 10:50:00', 3, 63, NULL),
(31193, 420, '2015-09-18 10:50:00', 3, 63, NULL),
(31194, 420, '2015-09-25 10:50:00', 3, 63, NULL),
(31195, 418, '2015-09-28 07:30:00', 1, 63, NULL),
(31196, 418, '2015-10-05 07:30:00', 1, 63, NULL),
(31197, 418, '2015-10-12 07:30:00', 1, 63, NULL),
(31198, 418, '2015-09-28 09:10:00', 2, 63, NULL),
(31199, 418, '2015-10-05 09:10:00', 2, 63, NULL),
(31200, 418, '2015-10-12 09:10:00', 2, 63, NULL),
(31201, 420, '2015-09-28 10:50:00', 3, 63, NULL),
(31202, 420, '2015-10-05 10:50:00', 3, 63, NULL),
(31203, 420, '2015-10-12 10:50:00', 3, 63, NULL),
(31204, 419, '2015-09-29 07:30:00', 1, 63, NULL),
(31205, 419, '2015-10-06 07:30:00', 1, 63, NULL),
(31206, 419, '2015-10-13 07:30:00', 1, 63, NULL),
(31207, 419, '2015-09-29 09:10:00', 2, 63, NULL),
(31208, 419, '2015-10-06 09:10:00', 2, 63, NULL),
(31209, 419, '2015-10-13 09:10:00', 2, 63, NULL),
(31210, 420, '2015-09-29 10:50:00', 3, 63, NULL),
(31211, 420, '2015-10-06 10:50:00', 3, 63, NULL),
(31212, 420, '2015-10-13 10:50:00', 3, 63, NULL),
(31213, 418, '2015-09-30 07:30:00', 1, 63, NULL),
(31214, 418, '2015-10-07 07:30:00', 1, 63, NULL),
(31215, 418, '2015-10-14 07:30:00', 1, 63, NULL),
(31216, 418, '2015-09-30 09:10:00', 2, 63, NULL),
(31217, 418, '2015-10-07 09:10:00', 2, 63, NULL),
(31218, 418, '2015-10-14 09:10:00', 2, 63, NULL),
(31219, 420, '2015-09-30 10:50:00', 3, 63, NULL),
(31220, 420, '2015-10-07 10:50:00', 3, 63, NULL),
(31221, 420, '2015-10-14 10:50:00', 3, 63, NULL),
(31222, 419, '2015-10-01 07:30:00', 1, 63, NULL),
(31223, 419, '2015-10-08 07:30:00', 1, 63, NULL),
(31224, 419, '2015-10-15 07:30:00', 1, 63, NULL),
(31225, 419, '2015-10-01 09:10:00', 2, 63, NULL),
(31226, 419, '2015-10-08 09:10:00', 2, 63, NULL),
(31227, 419, '2015-10-15 09:10:00', 2, 63, NULL),
(31228, 420, '2015-10-01 10:50:00', 3, 63, NULL),
(31229, 420, '2015-10-08 10:50:00', 3, 63, NULL),
(31230, 420, '2015-10-15 10:50:00', 3, 63, NULL),
(31231, 419, '2015-10-02 07:30:00', 1, 63, NULL),
(31232, 419, '2015-10-09 07:30:00', 1, 63, NULL),
(31233, 419, '2015-10-16 07:30:00', 1, 63, NULL),
(31234, 419, '2015-10-02 09:10:00', 2, 63, NULL),
(31235, 419, '2015-10-09 09:10:00', 2, 63, NULL),
(31236, 419, '2015-10-16 09:10:00', 2, 63, NULL),
(31237, 420, '2015-10-02 10:50:00', 3, 63, NULL),
(31238, 420, '2015-10-09 10:50:00', 3, 63, NULL),
(31239, 420, '2015-10-16 10:50:00', 3, 63, NULL),
(31240, 416, '2015-11-09 07:30:00', 1, 63, NULL),
(31241, 416, '2015-11-16 07:30:00', 1, 63, NULL),
(31242, 416, '2015-11-23 07:30:00', 1, 63, NULL),
(31243, 416, '2015-11-09 09:10:00', 2, 63, NULL),
(31244, 416, '2015-11-16 09:10:00', 2, 63, NULL),
(31245, 416, '2015-11-23 09:10:00', 2, 63, NULL),
(31246, 417, '2015-11-10 07:30:00', 1, 63, NULL),
(31247, 417, '2015-11-17 07:30:00', 1, 63, NULL),
(31248, 417, '2015-11-24 07:30:00', 1, 63, NULL),
(31249, 417, '2015-11-10 09:10:00', 2, 63, NULL),
(31250, 417, '2015-11-17 09:10:00', 2, 63, NULL),
(31251, 417, '2015-11-24 09:10:00', 2, 63, NULL),
(31252, 416, '2015-11-11 07:30:00', 1, 63, NULL),
(31253, 416, '2015-11-18 07:30:00', 1, 63, NULL),
(31254, 416, '2015-11-25 07:30:00', 1, 63, NULL),
(31255, 416, '2015-11-11 09:10:00', 2, 63, NULL),
(31256, 416, '2015-11-18 09:10:00', 2, 63, NULL),
(31257, 416, '2015-11-25 09:10:00', 2, 63, NULL),
(31258, 417, '2015-11-12 07:30:00', 1, 63, NULL),
(31259, 417, '2015-11-19 07:30:00', 1, 63, NULL),
(31260, 417, '2015-11-26 07:30:00', 1, 63, NULL),
(31261, 417, '2015-11-12 09:10:00', 2, 63, NULL),
(31262, 417, '2015-11-19 09:10:00', 2, 63, NULL),
(31263, 417, '2015-11-26 09:10:00', 2, 63, NULL),
(31264, 416, '2015-11-13 07:30:00', 1, 63, NULL),
(31265, 416, '2015-11-20 07:30:00', 1, 63, NULL),
(31266, 416, '2015-11-27 07:30:00', 1, 63, NULL),
(31267, 416, '2015-11-13 09:10:00', 2, 63, NULL),
(31268, 416, '2015-11-20 09:10:00', 2, 63, NULL),
(31269, 416, '2015-11-27 09:10:00', 2, 63, NULL),
(31270, 416, '2015-11-30 07:30:00', 1, 63, NULL),
(31271, 416, '2015-12-07 07:30:00', 1, 63, NULL),
(31272, 416, '2015-12-14 07:30:00', 1, 63, NULL),
(31273, 416, '2015-11-30 09:10:00', 2, 63, NULL),
(31274, 416, '2015-12-07 09:10:00', 2, 63, NULL),
(31275, 416, '2015-12-14 09:10:00', 2, 63, NULL),
(31276, 417, '2015-12-01 07:30:00', 1, 63, NULL),
(31277, 417, '2015-12-08 07:30:00', 1, 63, NULL),
(31278, 417, '2015-12-15 07:30:00', 1, 63, NULL),
(31279, 417, '2015-12-01 09:10:00', 2, 63, NULL),
(31280, 417, '2015-12-08 09:10:00', 2, 63, NULL),
(31281, 417, '2015-12-15 09:10:00', 2, 63, NULL),
(31282, 416, '2015-12-02 07:30:00', 1, 63, NULL),
(31283, 416, '2015-12-09 07:30:00', 1, 63, NULL),
(31284, 416, '2015-12-16 07:30:00', 1, 63, NULL),
(31285, 416, '2015-12-02 09:10:00', 2, 63, NULL),
(31286, 416, '2015-12-09 09:10:00', 2, 63, NULL),
(31287, 416, '2015-12-16 09:10:00', 2, 63, NULL),
(31288, 417, '2015-12-03 07:30:00', 1, 63, NULL),
(31289, 417, '2015-12-10 07:30:00', 1, 63, NULL),
(31290, 417, '2015-12-17 07:30:00', 1, 63, NULL),
(31291, 417, '2015-12-03 09:10:00', 2, 63, NULL),
(31292, 417, '2015-12-10 09:10:00', 2, 63, NULL),
(31293, 417, '2015-12-17 09:10:00', 2, 63, NULL),
(31294, 417, '2015-12-04 07:30:00', 1, 63, NULL),
(31295, 417, '2015-12-11 07:30:00', 1, 63, NULL),
(31296, 417, '2015-12-18 07:30:00', 1, 63, NULL),
(31297, 417, '2015-12-04 09:10:00', 2, 63, NULL),
(31298, 417, '2015-12-11 09:10:00', 2, 63, NULL),
(31299, 417, '2015-12-18 09:10:00', 2, 63, NULL),
(31300, 423, '2015-09-07 07:30:00', 1, 64, NULL),
(31301, 423, '2015-09-14 07:30:00', 1, 64, NULL),
(31302, 423, '2015-09-21 07:30:00', 1, 64, NULL),
(31303, 423, '2015-09-07 09:10:00', 2, 64, NULL),
(31304, 423, '2015-09-14 09:10:00', 2, 64, NULL),
(31305, 423, '2015-09-21 09:10:00', 2, 64, NULL),
(31306, 425, '2015-09-07 10:50:00', 3, 64, NULL),
(31307, 425, '2015-09-14 10:50:00', 3, 64, NULL),
(31308, 425, '2015-09-21 10:50:00', 3, 64, NULL),
(31309, 424, '2015-09-08 07:30:00', 1, 64, NULL),
(31310, 424, '2015-09-15 07:30:00', 1, 64, NULL),
(31311, 424, '2015-09-22 07:30:00', 1, 64, NULL),
(31312, 424, '2015-09-08 09:10:00', 2, 64, NULL),
(31313, 424, '2015-09-15 09:10:00', 2, 64, NULL),
(31314, 424, '2015-09-22 09:10:00', 2, 64, NULL),
(31315, 425, '2015-09-08 10:50:00', 3, 64, NULL),
(31316, 425, '2015-09-15 10:50:00', 3, 64, NULL),
(31317, 425, '2015-09-22 10:50:00', 3, 64, NULL),
(31318, 423, '2015-09-09 07:30:00', 1, 64, NULL),
(31319, 423, '2015-09-16 07:30:00', 1, 64, NULL),
(31320, 423, '2015-09-23 07:30:00', 1, 64, NULL),
(31321, 423, '2015-09-09 09:10:00', 2, 64, NULL),
(31322, 423, '2015-09-16 09:10:00', 2, 64, NULL),
(31323, 423, '2015-09-23 09:10:00', 2, 64, NULL),
(31324, 425, '2015-09-09 10:50:00', 3, 64, NULL),
(31325, 425, '2015-09-16 10:50:00', 3, 64, NULL),
(31326, 425, '2015-09-23 10:50:00', 3, 64, NULL),
(31327, 424, '2015-09-10 07:30:00', 1, 64, NULL),
(31328, 424, '2015-09-17 07:30:00', 1, 64, NULL),
(31329, 424, '2015-09-24 07:30:00', 1, 64, NULL),
(31330, 424, '2015-09-10 09:10:00', 2, 64, NULL),
(31331, 424, '2015-09-17 09:10:00', 2, 64, NULL),
(31332, 424, '2015-09-24 09:10:00', 2, 64, NULL),
(31333, 425, '2015-09-10 10:50:00', 3, 64, NULL),
(31334, 425, '2015-09-17 10:50:00', 3, 64, NULL),
(31335, 425, '2015-09-24 10:50:00', 3, 64, NULL),
(31336, 423, '2015-09-11 07:30:00', 1, 64, NULL),
(31337, 423, '2015-09-18 07:30:00', 1, 64, NULL),
(31338, 423, '2015-09-25 07:30:00', 1, 64, NULL),
(31339, 423, '2015-09-11 09:10:00', 2, 64, NULL),
(31340, 423, '2015-09-18 09:10:00', 2, 64, NULL),
(31341, 423, '2015-09-25 09:10:00', 2, 64, NULL),
(31342, 425, '2015-09-11 10:50:00', 3, 64, NULL),
(31343, 425, '2015-09-18 10:50:00', 3, 64, NULL),
(31344, 425, '2015-09-25 10:50:00', 3, 64, NULL),
(31345, 423, '2015-09-28 07:30:00', 1, 64, NULL),
(31346, 423, '2015-10-05 07:30:00', 1, 64, NULL),
(31347, 423, '2015-10-12 07:30:00', 1, 64, NULL),
(31348, 423, '2015-09-28 09:10:00', 2, 64, NULL),
(31349, 423, '2015-10-05 09:10:00', 2, 64, NULL),
(31350, 423, '2015-10-12 09:10:00', 2, 64, NULL),
(31351, 425, '2015-09-28 10:50:00', 3, 64, NULL),
(31352, 425, '2015-10-05 10:50:00', 3, 64, NULL),
(31353, 425, '2015-10-12 10:50:00', 3, 64, NULL),
(31354, 424, '2015-09-29 07:30:00', 1, 64, NULL),
(31355, 424, '2015-10-06 07:30:00', 1, 64, NULL),
(31356, 424, '2015-10-13 07:30:00', 1, 64, NULL),
(31357, 424, '2015-09-29 09:10:00', 2, 64, NULL),
(31358, 424, '2015-10-06 09:10:00', 2, 64, NULL),
(31359, 424, '2015-10-13 09:10:00', 2, 64, NULL),
(31360, 425, '2015-09-29 10:50:00', 3, 64, NULL),
(31361, 425, '2015-10-06 10:50:00', 3, 64, NULL),
(31362, 425, '2015-10-13 10:50:00', 3, 64, NULL),
(31363, 423, '2015-09-30 07:30:00', 1, 64, NULL),
(31364, 423, '2015-10-07 07:30:00', 1, 64, NULL),
(31365, 423, '2015-10-14 07:30:00', 1, 64, NULL),
(31366, 423, '2015-09-30 09:10:00', 2, 64, NULL),
(31367, 423, '2015-10-07 09:10:00', 2, 64, NULL),
(31368, 423, '2015-10-14 09:10:00', 2, 64, NULL),
(31369, 425, '2015-09-30 10:50:00', 3, 64, NULL),
(31370, 425, '2015-10-07 10:50:00', 3, 64, NULL),
(31371, 425, '2015-10-14 10:50:00', 3, 64, NULL),
(31372, 424, '2015-10-01 07:30:00', 1, 64, NULL),
(31373, 424, '2015-10-08 07:30:00', 1, 64, NULL),
(31374, 424, '2015-10-15 07:30:00', 1, 64, NULL),
(31375, 424, '2015-10-01 09:10:00', 2, 64, NULL),
(31376, 424, '2015-10-08 09:10:00', 2, 64, NULL),
(31377, 424, '2015-10-15 09:10:00', 2, 64, NULL),
(31378, 425, '2015-10-01 10:50:00', 3, 64, NULL),
(31379, 425, '2015-10-08 10:50:00', 3, 64, NULL),
(31380, 425, '2015-10-15 10:50:00', 3, 64, NULL),
(31381, 424, '2015-10-02 07:30:00', 1, 64, NULL),
(31382, 424, '2015-10-09 07:30:00', 1, 64, NULL),
(31383, 424, '2015-10-16 07:30:00', 1, 64, NULL),
(31384, 424, '2015-10-02 09:10:00', 2, 64, NULL),
(31385, 424, '2015-10-09 09:10:00', 2, 64, NULL),
(31386, 424, '2015-10-16 09:10:00', 2, 64, NULL),
(31387, 425, '2015-10-02 10:50:00', 3, 64, NULL),
(31388, 425, '2015-10-09 10:50:00', 3, 64, NULL),
(31389, 425, '2015-10-16 10:50:00', 3, 64, NULL),
(31390, 421, '2015-11-09 07:30:00', 1, 64, NULL),
(31391, 421, '2015-11-16 07:30:00', 1, 64, NULL),
(31392, 421, '2015-11-23 07:30:00', 1, 64, NULL),
(31393, 421, '2015-11-09 09:10:00', 2, 64, NULL),
(31394, 421, '2015-11-16 09:10:00', 2, 64, NULL),
(31395, 421, '2015-11-23 09:10:00', 2, 64, NULL),
(31396, 422, '2015-11-10 07:30:00', 1, 64, NULL),
(31397, 422, '2015-11-17 07:30:00', 1, 64, NULL),
(31398, 422, '2015-11-24 07:30:00', 1, 64, NULL),
(31399, 422, '2015-11-10 09:10:00', 2, 64, NULL),
(31400, 422, '2015-11-17 09:10:00', 2, 64, NULL),
(31401, 422, '2015-11-24 09:10:00', 2, 64, NULL),
(31402, 421, '2015-11-11 07:30:00', 1, 64, NULL),
(31403, 421, '2015-11-18 07:30:00', 1, 64, NULL),
(31404, 421, '2015-11-25 07:30:00', 1, 64, NULL),
(31405, 421, '2015-11-11 09:10:00', 2, 64, NULL),
(31406, 421, '2015-11-18 09:10:00', 2, 64, NULL),
(31407, 421, '2015-11-25 09:10:00', 2, 64, NULL),
(31408, 422, '2015-11-12 07:30:00', 1, 64, NULL),
(31409, 422, '2015-11-19 07:30:00', 1, 64, NULL),
(31410, 422, '2015-11-26 07:30:00', 1, 64, NULL),
(31411, 422, '2015-11-12 09:10:00', 2, 64, NULL),
(31412, 422, '2015-11-19 09:10:00', 2, 64, NULL),
(31413, 422, '2015-11-26 09:10:00', 2, 64, NULL),
(31414, 421, '2015-11-13 07:30:00', 1, 64, NULL),
(31415, 421, '2015-11-20 07:30:00', 1, 64, NULL),
(31416, 421, '2015-11-27 07:30:00', 1, 64, NULL),
(31417, 421, '2015-11-13 09:10:00', 2, 64, NULL),
(31418, 421, '2015-11-20 09:10:00', 2, 64, NULL),
(31419, 421, '2015-11-27 09:10:00', 2, 64, NULL),
(31420, 421, '2015-11-30 07:30:00', 1, 64, NULL),
(31421, 421, '2015-12-07 07:30:00', 1, 64, NULL),
(31422, 421, '2015-12-14 07:30:00', 1, 64, NULL),
(31423, 421, '2015-11-30 09:10:00', 2, 64, NULL),
(31424, 421, '2015-12-07 09:10:00', 2, 64, NULL),
(31425, 421, '2015-12-14 09:10:00', 2, 64, NULL),
(31426, 422, '2015-12-01 07:30:00', 1, 64, NULL),
(31427, 422, '2015-12-08 07:30:00', 1, 64, NULL),
(31428, 422, '2015-12-15 07:30:00', 1, 64, NULL),
(31429, 422, '2015-12-01 09:10:00', 2, 64, NULL),
(31430, 422, '2015-12-08 09:10:00', 2, 64, NULL),
(31431, 422, '2015-12-15 09:10:00', 2, 64, NULL),
(31432, 421, '2015-12-02 07:30:00', 1, 64, NULL),
(31433, 421, '2015-12-09 07:30:00', 1, 64, NULL),
(31434, 421, '2015-12-16 07:30:00', 1, 64, NULL),
(31435, 421, '2015-12-02 09:10:00', 2, 64, NULL),
(31436, 421, '2015-12-09 09:10:00', 2, 64, NULL),
(31437, 421, '2015-12-16 09:10:00', 2, 64, NULL),
(31438, 422, '2015-12-03 07:30:00', 1, 64, NULL),
(31439, 422, '2015-12-10 07:30:00', 1, 64, NULL),
(31440, 422, '2015-12-17 07:30:00', 1, 64, NULL),
(31441, 422, '2015-12-03 09:10:00', 2, 64, NULL),
(31442, 422, '2015-12-10 09:10:00', 2, 64, NULL),
(31443, 422, '2015-12-17 09:10:00', 2, 64, NULL),
(31444, 422, '2015-12-04 07:30:00', 1, 64, NULL),
(31445, 422, '2015-12-11 07:30:00', 1, 64, NULL),
(31446, 422, '2015-12-18 07:30:00', 1, 64, NULL),
(31447, 422, '2015-12-04 09:10:00', 2, 64, NULL),
(31448, 422, '2015-12-11 09:10:00', 2, 64, NULL),
(31449, 422, '2015-12-18 09:10:00', 2, 64, NULL),
(31450, 429, '2015-09-07 07:30:00', 1, 65, NULL),
(31451, 429, '2015-09-14 07:30:00', 1, 65, NULL),
(31452, 429, '2015-09-21 07:30:00', 1, 65, NULL),
(31453, 429, '2015-09-07 09:10:00', 2, 65, NULL),
(31454, 429, '2015-09-14 09:10:00', 2, 65, NULL),
(31455, 429, '2015-09-21 09:10:00', 2, 65, NULL),
(31456, 430, '2015-09-07 10:50:00', 3, 65, NULL),
(31457, 430, '2015-09-14 10:50:00', 3, 65, NULL),
(31458, 430, '2015-09-21 10:50:00', 3, 65, NULL),
(31459, 426, '2015-09-08 07:30:00', 1, 65, NULL),
(31460, 426, '2015-09-15 07:30:00', 1, 65, NULL),
(31461, 426, '2015-09-22 07:30:00', 1, 65, NULL),
(31462, 426, '2015-09-08 09:10:00', 2, 65, NULL),
(31463, 426, '2015-09-15 09:10:00', 2, 65, NULL),
(31464, 426, '2015-09-22 09:10:00', 2, 65, NULL),
(31465, 430, '2015-09-08 10:50:00', 3, 65, NULL),
(31466, 430, '2015-09-15 10:50:00', 3, 65, NULL),
(31467, 430, '2015-09-22 10:50:00', 3, 65, NULL),
(31468, 429, '2015-09-09 07:30:00', 1, 65, NULL),
(31469, 429, '2015-09-16 07:30:00', 1, 65, NULL),
(31470, 429, '2015-09-23 07:30:00', 1, 65, NULL),
(31471, 429, '2015-09-09 09:10:00', 2, 65, NULL),
(31472, 429, '2015-09-16 09:10:00', 2, 65, NULL),
(31473, 429, '2015-09-23 09:10:00', 2, 65, NULL),
(31474, 430, '2015-09-09 10:50:00', 3, 65, NULL),
(31475, 430, '2015-09-16 10:50:00', 3, 65, NULL),
(31476, 430, '2015-09-23 10:50:00', 3, 65, NULL),
(31477, 426, '2015-09-10 07:30:00', 1, 65, NULL),
(31478, 426, '2015-09-17 07:30:00', 1, 65, NULL),
(31479, 426, '2015-09-24 07:30:00', 1, 65, NULL),
(31480, 426, '2015-09-10 09:10:00', 2, 65, NULL),
(31481, 426, '2015-09-17 09:10:00', 2, 65, NULL),
(31482, 426, '2015-09-24 09:10:00', 2, 65, NULL),
(31483, 430, '2015-09-10 10:50:00', 3, 65, NULL),
(31484, 430, '2015-09-17 10:50:00', 3, 65, NULL),
(31485, 430, '2015-09-24 10:50:00', 3, 65, NULL),
(31486, 429, '2015-09-11 07:30:00', 1, 65, NULL),
(31487, 429, '2015-09-18 07:30:00', 1, 65, NULL),
(31488, 429, '2015-09-25 07:30:00', 1, 65, NULL),
(31489, 429, '2015-09-11 09:10:00', 2, 65, NULL),
(31490, 429, '2015-09-18 09:10:00', 2, 65, NULL),
(31491, 429, '2015-09-25 09:10:00', 2, 65, NULL),
(31492, 430, '2015-09-11 10:50:00', 3, 65, NULL),
(31493, 430, '2015-09-18 10:50:00', 3, 65, NULL),
(31494, 430, '2015-09-25 10:50:00', 3, 65, NULL),
(31495, 429, '2015-09-28 07:30:00', 1, 65, NULL),
(31496, 429, '2015-10-05 07:30:00', 1, 65, NULL),
(31497, 429, '2015-10-12 07:30:00', 1, 65, NULL),
(31498, 429, '2015-09-28 09:10:00', 2, 65, NULL),
(31499, 429, '2015-10-05 09:10:00', 2, 65, NULL),
(31500, 429, '2015-10-12 09:10:00', 2, 65, NULL),
(31501, 430, '2015-09-28 10:50:00', 3, 65, NULL),
(31502, 430, '2015-10-05 10:50:00', 3, 65, NULL),
(31503, 430, '2015-10-12 10:50:00', 3, 65, NULL),
(31504, 426, '2015-09-29 07:30:00', 1, 65, NULL),
(31505, 426, '2015-10-06 07:30:00', 1, 65, NULL),
(31506, 426, '2015-10-13 07:30:00', 1, 65, NULL),
(31507, 426, '2015-09-29 09:10:00', 2, 65, NULL),
(31508, 426, '2015-10-06 09:10:00', 2, 65, NULL),
(31509, 426, '2015-10-13 09:10:00', 2, 65, NULL),
(31510, 430, '2015-09-29 10:50:00', 3, 65, NULL),
(31511, 430, '2015-10-06 10:50:00', 3, 65, NULL),
(31512, 430, '2015-10-13 10:50:00', 3, 65, NULL),
(31513, 429, '2015-09-30 07:30:00', 1, 65, NULL),
(31514, 429, '2015-10-07 07:30:00', 1, 65, NULL),
(31515, 429, '2015-10-14 07:30:00', 1, 65, NULL),
(31516, 429, '2015-09-30 09:10:00', 2, 65, NULL),
(31517, 429, '2015-10-07 09:10:00', 2, 65, NULL),
(31518, 429, '2015-10-14 09:10:00', 2, 65, NULL),
(31519, 430, '2015-09-30 10:50:00', 3, 65, NULL),
(31520, 430, '2015-10-07 10:50:00', 3, 65, NULL),
(31521, 430, '2015-10-14 10:50:00', 3, 65, NULL),
(31522, 426, '2015-10-01 07:30:00', 1, 65, NULL),
(31523, 426, '2015-10-08 07:30:00', 1, 65, NULL),
(31524, 426, '2015-10-15 07:30:00', 1, 65, NULL),
(31525, 426, '2015-10-01 09:10:00', 2, 65, NULL),
(31526, 426, '2015-10-08 09:10:00', 2, 65, NULL),
(31527, 426, '2015-10-15 09:10:00', 2, 65, NULL),
(31528, 430, '2015-10-01 10:50:00', 3, 65, NULL),
(31529, 430, '2015-10-08 10:50:00', 3, 65, NULL),
(31530, 430, '2015-10-15 10:50:00', 3, 65, NULL),
(31531, 426, '2015-10-02 07:30:00', 1, 65, NULL),
(31532, 426, '2015-10-09 07:30:00', 1, 65, NULL),
(31533, 426, '2015-10-16 07:30:00', 1, 65, NULL),
(31534, 426, '2015-10-02 09:10:00', 2, 65, NULL),
(31535, 426, '2015-10-09 09:10:00', 2, 65, NULL),
(31536, 426, '2015-10-16 09:10:00', 2, 65, NULL),
(31537, 430, '2015-10-02 10:50:00', 3, 65, NULL),
(31538, 430, '2015-10-09 10:50:00', 3, 65, NULL),
(31539, 430, '2015-10-16 10:50:00', 3, 65, NULL),
(31540, 427, '2015-11-09 07:30:00', 1, 65, NULL),
(31541, 427, '2015-11-16 07:30:00', 1, 65, NULL),
(31542, 427, '2015-11-23 07:30:00', 1, 65, NULL),
(31543, 427, '2015-11-09 09:10:00', 2, 65, NULL),
(31544, 427, '2015-11-16 09:10:00', 2, 65, NULL),
(31545, 427, '2015-11-23 09:10:00', 2, 65, NULL),
(31546, 428, '2015-11-10 07:30:00', 1, 65, NULL),
(31547, 428, '2015-11-17 07:30:00', 1, 65, NULL),
(31548, 428, '2015-11-24 07:30:00', 1, 65, NULL),
(31549, 428, '2015-11-10 09:10:00', 2, 65, NULL),
(31550, 428, '2015-11-17 09:10:00', 2, 65, NULL),
(31551, 428, '2015-11-24 09:10:00', 2, 65, NULL),
(31552, 427, '2015-11-11 07:30:00', 1, 65, NULL),
(31553, 427, '2015-11-18 07:30:00', 1, 65, NULL),
(31554, 427, '2015-11-25 07:30:00', 1, 65, NULL),
(31555, 427, '2015-11-11 09:10:00', 2, 65, NULL),
(31556, 427, '2015-11-18 09:10:00', 2, 65, NULL),
(31557, 427, '2015-11-25 09:10:00', 2, 65, NULL),
(31558, 428, '2015-11-12 07:30:00', 1, 65, NULL),
(31559, 428, '2015-11-19 07:30:00', 1, 65, NULL),
(31560, 428, '2015-11-26 07:30:00', 1, 65, NULL),
(31561, 428, '2015-11-12 09:10:00', 2, 65, NULL),
(31562, 428, '2015-11-19 09:10:00', 2, 65, NULL),
(31563, 428, '2015-11-26 09:10:00', 2, 65, NULL),
(31564, 427, '2015-11-13 07:30:00', 1, 65, NULL),
(31565, 427, '2015-11-20 07:30:00', 1, 65, NULL),
(31566, 427, '2015-11-27 07:30:00', 1, 65, NULL),
(31567, 427, '2015-11-13 09:10:00', 2, 65, NULL),
(31568, 427, '2015-11-20 09:10:00', 2, 65, NULL),
(31569, 427, '2015-11-27 09:10:00', 2, 65, NULL),
(31570, 427, '2015-11-30 07:30:00', 1, 65, NULL),
(31571, 427, '2015-12-07 07:30:00', 1, 65, NULL),
(31572, 427, '2015-12-14 07:30:00', 1, 65, NULL),
(31573, 427, '2015-11-30 09:10:00', 2, 65, NULL),
(31574, 427, '2015-12-07 09:10:00', 2, 65, NULL),
(31575, 427, '2015-12-14 09:10:00', 2, 65, NULL),
(31576, 428, '2015-12-01 07:30:00', 1, 65, NULL),
(31577, 428, '2015-12-08 07:30:00', 1, 65, NULL),
(31578, 428, '2015-12-15 07:30:00', 1, 65, NULL),
(31579, 428, '2015-12-01 09:10:00', 2, 65, NULL),
(31580, 428, '2015-12-08 09:10:00', 2, 65, NULL),
(31581, 428, '2015-12-15 09:10:00', 2, 65, NULL),
(31582, 427, '2015-12-02 07:30:00', 1, 65, NULL),
(31583, 427, '2015-12-09 07:30:00', 1, 65, NULL),
(31584, 427, '2015-12-16 07:30:00', 1, 65, NULL),
(31585, 427, '2015-12-02 09:10:00', 2, 65, NULL),
(31586, 427, '2015-12-09 09:10:00', 2, 65, NULL),
(31587, 427, '2015-12-16 09:10:00', 2, 65, NULL),
(31588, 428, '2015-12-03 07:30:00', 1, 65, NULL),
(31589, 428, '2015-12-10 07:30:00', 1, 65, NULL),
(31590, 428, '2015-12-17 07:30:00', 1, 65, NULL),
(31591, 428, '2015-12-03 09:10:00', 2, 65, NULL),
(31592, 428, '2015-12-10 09:10:00', 2, 65, NULL),
(31593, 428, '2015-12-17 09:10:00', 2, 65, NULL),
(31594, 428, '2015-12-04 07:30:00', 1, 65, NULL),
(31595, 428, '2015-12-11 07:30:00', 1, 65, NULL),
(31596, 428, '2015-12-18 07:30:00', 1, 65, NULL),
(31597, 428, '2015-12-04 09:10:00', 2, 65, NULL),
(31598, 428, '2015-12-11 09:10:00', 2, 65, NULL),
(31599, 428, '2015-12-18 09:10:00', 2, 65, NULL),
(31600, 438, '2015-09-07 12:50:00', 4, 69, NULL),
(31601, 438, '2015-09-14 12:50:00', 4, 69, NULL),
(31602, 438, '2015-09-21 12:50:00', 4, 69, NULL),
(31603, 438, '2015-09-07 14:30:00', 5, 69, NULL),
(31604, 438, '2015-09-14 14:30:00', 5, 69, NULL),
(31605, 438, '2015-09-21 14:30:00', 5, 69, NULL),
(31606, 440, '2015-09-07 16:10:00', 6, 69, NULL),
(31607, 440, '2015-09-14 16:10:00', 6, 69, NULL),
(31608, 440, '2015-09-21 16:10:00', 6, 69, NULL),
(31609, 436, '2015-09-08 12:50:00', 4, 69, NULL),
(31610, 436, '2015-09-15 12:50:00', 4, 69, NULL),
(31611, 436, '2015-09-22 12:50:00', 4, 69, NULL),
(31612, 436, '2015-09-08 14:30:00', 5, 69, NULL),
(31613, 436, '2015-09-15 14:30:00', 5, 69, NULL),
(31614, 436, '2015-09-22 14:30:00', 5, 69, NULL),
(31615, 440, '2015-09-08 16:10:00', 6, 69, NULL),
(31616, 440, '2015-09-15 16:10:00', 6, 69, NULL),
(31617, 440, '2015-09-22 16:10:00', 6, 69, NULL),
(31618, 438, '2015-09-09 12:50:00', 4, 69, NULL),
(31619, 438, '2015-09-16 12:50:00', 4, 69, NULL),
(31620, 438, '2015-09-23 12:50:00', 4, 69, NULL),
(31621, 438, '2015-09-09 14:30:00', 5, 69, NULL),
(31622, 438, '2015-09-16 14:30:00', 5, 69, NULL),
(31623, 438, '2015-09-23 14:30:00', 5, 69, NULL),
(31624, 440, '2015-09-09 16:10:00', 6, 69, NULL),
(31625, 440, '2015-09-16 16:10:00', 6, 69, NULL),
(31626, 440, '2015-09-23 16:10:00', 6, 69, NULL),
(31627, 436, '2015-09-10 12:50:00', 4, 69, NULL),
(31628, 436, '2015-09-17 12:50:00', 4, 69, NULL),
(31629, 436, '2015-09-24 12:50:00', 4, 69, NULL),
(31630, 436, '2015-09-10 14:30:00', 5, 69, NULL),
(31631, 436, '2015-09-17 14:30:00', 5, 69, NULL),
(31632, 436, '2015-09-24 14:30:00', 5, 69, NULL),
(31633, 440, '2015-09-10 16:10:00', 6, 69, NULL),
(31634, 440, '2015-09-17 16:10:00', 6, 69, NULL),
(31635, 440, '2015-09-24 16:10:00', 6, 69, NULL),
(31636, 438, '2015-09-11 12:50:00', 4, 69, NULL),
(31637, 438, '2015-09-18 12:50:00', 4, 69, NULL),
(31638, 438, '2015-09-25 12:50:00', 4, 69, NULL),
(31639, 438, '2015-09-11 14:30:00', 5, 69, NULL),
(31640, 438, '2015-09-18 14:30:00', 5, 69, NULL),
(31641, 438, '2015-09-25 14:30:00', 5, 69, NULL),
(31642, 440, '2015-09-11 16:10:00', 6, 69, NULL),
(31643, 440, '2015-09-18 16:10:00', 6, 69, NULL),
(31644, 440, '2015-09-25 16:10:00', 6, 69, NULL),
(31645, 438, '2015-09-28 12:50:00', 4, 69, NULL),
(31646, 438, '2015-10-05 12:50:00', 4, 69, NULL),
(31647, 438, '2015-10-12 12:50:00', 4, 69, NULL),
(31648, 438, '2015-09-28 14:30:00', 5, 69, NULL),
(31649, 438, '2015-10-05 14:30:00', 5, 69, NULL),
(31650, 438, '2015-10-12 14:30:00', 5, 69, NULL),
(31651, 440, '2015-09-28 16:10:00', 6, 69, NULL),
(31652, 440, '2015-10-05 16:10:00', 6, 69, NULL),
(31653, 440, '2015-10-12 16:10:00', 6, 69, NULL),
(31654, 436, '2015-09-29 12:50:00', 4, 69, NULL),
(31655, 436, '2015-10-06 12:50:00', 4, 69, NULL),
(31656, 436, '2015-10-13 12:50:00', 4, 69, NULL),
(31657, 436, '2015-09-29 14:30:00', 5, 69, NULL),
(31658, 436, '2015-10-06 14:30:00', 5, 69, NULL),
(31659, 436, '2015-10-13 14:30:00', 5, 69, NULL),
(31660, 440, '2015-09-29 16:10:00', 6, 69, NULL),
(31661, 440, '2015-10-06 16:10:00', 6, 69, NULL),
(31662, 440, '2015-10-13 16:10:00', 6, 69, NULL),
(31663, 438, '2015-09-30 12:50:00', 4, 69, NULL),
(31664, 438, '2015-10-07 12:50:00', 4, 69, NULL),
(31665, 438, '2015-10-14 12:50:00', 4, 69, NULL),
(31666, 438, '2015-09-30 14:30:00', 5, 69, NULL),
(31667, 438, '2015-10-07 14:30:00', 5, 69, NULL),
(31668, 438, '2015-10-14 14:30:00', 5, 69, NULL),
(31669, 440, '2015-09-30 16:10:00', 6, 69, NULL),
(31670, 440, '2015-10-07 16:10:00', 6, 69, NULL),
(31671, 440, '2015-10-14 16:10:00', 6, 69, NULL),
(31672, 436, '2015-10-01 12:50:00', 4, 69, NULL),
(31673, 436, '2015-10-08 12:50:00', 4, 69, NULL),
(31674, 436, '2015-10-15 12:50:00', 4, 69, NULL),
(31675, 436, '2015-10-01 14:30:00', 5, 69, NULL),
(31676, 436, '2015-10-08 14:30:00', 5, 69, NULL),
(31677, 436, '2015-10-15 14:30:00', 5, 69, NULL),
(31678, 440, '2015-10-01 16:10:00', 6, 69, NULL),
(31679, 440, '2015-10-08 16:10:00', 6, 69, NULL),
(31680, 440, '2015-10-15 16:10:00', 6, 69, NULL),
(31681, 436, '2015-10-02 12:50:00', 4, 69, NULL),
(31682, 436, '2015-10-09 12:50:00', 4, 69, NULL),
(31683, 436, '2015-10-16 12:50:00', 4, 69, NULL),
(31684, 436, '2015-10-02 14:30:00', 5, 69, NULL),
(31685, 436, '2015-10-09 14:30:00', 5, 69, NULL),
(31686, 436, '2015-10-16 14:30:00', 5, 69, NULL),
(31687, 440, '2015-10-02 16:10:00', 6, 69, NULL),
(31688, 440, '2015-10-09 16:10:00', 6, 69, NULL),
(31689, 440, '2015-10-16 16:10:00', 6, 69, NULL),
(31690, 437, '2015-11-09 12:50:00', 4, 69, NULL),
(31691, 437, '2015-11-16 12:50:00', 4, 69, NULL),
(31692, 437, '2015-11-23 12:50:00', 4, 69, NULL),
(31693, 437, '2015-11-09 14:30:00', 5, 69, NULL),
(31694, 437, '2015-11-16 14:30:00', 5, 69, NULL),
(31695, 437, '2015-11-23 14:30:00', 5, 69, NULL),
(31696, 439, '2015-11-10 12:50:00', 4, 69, NULL),
(31697, 439, '2015-11-17 12:50:00', 4, 69, NULL),
(31698, 439, '2015-11-24 12:50:00', 4, 69, NULL),
(31699, 439, '2015-11-10 14:30:00', 5, 69, NULL),
(31700, 439, '2015-11-17 14:30:00', 5, 69, NULL),
(31701, 439, '2015-11-24 14:30:00', 5, 69, NULL),
(31702, 437, '2015-11-11 12:50:00', 4, 69, NULL),
(31703, 437, '2015-11-18 12:50:00', 4, 69, NULL),
(31704, 437, '2015-11-25 12:50:00', 4, 69, NULL),
(31705, 437, '2015-11-11 14:30:00', 5, 69, NULL),
(31706, 437, '2015-11-18 14:30:00', 5, 69, NULL),
(31707, 437, '2015-11-25 14:30:00', 5, 69, NULL),
(31708, 439, '2015-11-12 12:50:00', 4, 69, NULL),
(31709, 439, '2015-11-19 12:50:00', 4, 69, NULL);
INSERT INTO `time_table` (`time_table_id`, `class_course_semester_id`, `date`, `slot`, `room_id`, `teacher_semester_id`) VALUES
(31710, 439, '2015-11-26 12:50:00', 4, 69, NULL),
(31711, 439, '2015-11-12 14:30:00', 5, 69, NULL),
(31712, 439, '2015-11-19 14:30:00', 5, 69, NULL),
(31713, 439, '2015-11-26 14:30:00', 5, 69, NULL),
(31714, 437, '2015-11-13 12:50:00', 4, 69, NULL),
(31715, 437, '2015-11-20 12:50:00', 4, 69, NULL),
(31716, 437, '2015-11-27 12:50:00', 4, 69, NULL),
(31717, 437, '2015-11-13 14:30:00', 5, 69, NULL),
(31718, 437, '2015-11-20 14:30:00', 5, 69, NULL),
(31719, 437, '2015-11-27 14:30:00', 5, 69, NULL),
(31720, 437, '2015-11-30 12:50:00', 4, 69, NULL),
(31721, 437, '2015-12-07 12:50:00', 4, 69, NULL),
(31722, 437, '2015-12-14 12:50:00', 4, 69, NULL),
(31723, 437, '2015-11-30 14:30:00', 5, 69, NULL),
(31724, 437, '2015-12-07 14:30:00', 5, 69, NULL),
(31725, 437, '2015-12-14 14:30:00', 5, 69, NULL),
(31726, 439, '2015-12-01 12:50:00', 4, 69, NULL),
(31727, 439, '2015-12-08 12:50:00', 4, 69, NULL),
(31728, 439, '2015-12-15 12:50:00', 4, 69, NULL),
(31729, 439, '2015-12-01 14:30:00', 5, 69, NULL),
(31730, 439, '2015-12-08 14:30:00', 5, 69, NULL),
(31731, 439, '2015-12-15 14:30:00', 5, 69, NULL),
(31732, 437, '2015-12-02 12:50:00', 4, 69, NULL),
(31733, 437, '2015-12-09 12:50:00', 4, 69, NULL),
(31734, 437, '2015-12-16 12:50:00', 4, 69, NULL),
(31735, 437, '2015-12-02 14:30:00', 5, 69, NULL),
(31736, 437, '2015-12-09 14:30:00', 5, 69, NULL),
(31737, 437, '2015-12-16 14:30:00', 5, 69, NULL),
(31738, 439, '2015-12-03 12:50:00', 4, 69, NULL),
(31739, 439, '2015-12-10 12:50:00', 4, 69, NULL),
(31740, 439, '2015-12-17 12:50:00', 4, 69, NULL),
(31741, 439, '2015-12-03 14:30:00', 5, 69, NULL),
(31742, 439, '2015-12-10 14:30:00', 5, 69, NULL),
(31743, 439, '2015-12-17 14:30:00', 5, 69, NULL),
(31744, 439, '2015-12-04 12:50:00', 4, 69, NULL),
(31745, 439, '2015-12-11 12:50:00', 4, 69, NULL),
(31746, 439, '2015-12-18 12:50:00', 4, 69, NULL),
(31747, 439, '2015-12-04 14:30:00', 5, 69, NULL),
(31748, 439, '2015-12-11 14:30:00', 5, 69, NULL),
(31749, 439, '2015-12-18 14:30:00', 5, 69, NULL),
(31750, 443, '2015-09-07 12:50:00', 4, 70, NULL),
(31751, 443, '2015-09-14 12:50:00', 4, 70, NULL),
(31752, 443, '2015-09-21 12:50:00', 4, 70, NULL),
(31753, 443, '2015-09-07 14:30:00', 5, 70, NULL),
(31754, 443, '2015-09-14 14:30:00', 5, 70, NULL),
(31755, 443, '2015-09-21 14:30:00', 5, 70, NULL),
(31756, 445, '2015-09-07 16:10:00', 6, 70, NULL),
(31757, 445, '2015-09-14 16:10:00', 6, 70, NULL),
(31758, 445, '2015-09-21 16:10:00', 6, 70, NULL),
(31759, 441, '2015-09-08 12:50:00', 4, 70, NULL),
(31760, 441, '2015-09-15 12:50:00', 4, 70, NULL),
(31761, 441, '2015-09-22 12:50:00', 4, 70, NULL),
(31762, 441, '2015-09-08 14:30:00', 5, 70, NULL),
(31763, 441, '2015-09-15 14:30:00', 5, 70, NULL),
(31764, 441, '2015-09-22 14:30:00', 5, 70, NULL),
(31765, 445, '2015-09-08 16:10:00', 6, 70, NULL),
(31766, 445, '2015-09-15 16:10:00', 6, 70, NULL),
(31767, 445, '2015-09-22 16:10:00', 6, 70, NULL),
(31768, 443, '2015-09-09 12:50:00', 4, 70, NULL),
(31769, 443, '2015-09-16 12:50:00', 4, 70, NULL),
(31770, 443, '2015-09-23 12:50:00', 4, 70, NULL),
(31771, 443, '2015-09-09 14:30:00', 5, 70, NULL),
(31772, 443, '2015-09-16 14:30:00', 5, 70, NULL),
(31773, 443, '2015-09-23 14:30:00', 5, 70, NULL),
(31774, 445, '2015-09-09 16:10:00', 6, 70, NULL),
(31775, 445, '2015-09-16 16:10:00', 6, 70, NULL),
(31776, 445, '2015-09-23 16:10:00', 6, 70, NULL),
(31777, 441, '2015-09-10 12:50:00', 4, 70, NULL),
(31778, 441, '2015-09-17 12:50:00', 4, 70, NULL),
(31779, 441, '2015-09-24 12:50:00', 4, 70, NULL),
(31780, 441, '2015-09-10 14:30:00', 5, 70, NULL),
(31781, 441, '2015-09-17 14:30:00', 5, 70, NULL),
(31782, 441, '2015-09-24 14:30:00', 5, 70, NULL),
(31783, 445, '2015-09-10 16:10:00', 6, 70, NULL),
(31784, 445, '2015-09-17 16:10:00', 6, 70, NULL),
(31785, 445, '2015-09-24 16:10:00', 6, 70, NULL),
(31786, 443, '2015-09-11 12:50:00', 4, 70, NULL),
(31787, 443, '2015-09-18 12:50:00', 4, 70, NULL),
(31788, 443, '2015-09-25 12:50:00', 4, 70, NULL),
(31789, 443, '2015-09-11 14:30:00', 5, 70, NULL),
(31790, 443, '2015-09-18 14:30:00', 5, 70, NULL),
(31791, 443, '2015-09-25 14:30:00', 5, 70, NULL),
(31792, 445, '2015-09-11 16:10:00', 6, 70, NULL),
(31793, 445, '2015-09-18 16:10:00', 6, 70, NULL),
(31794, 445, '2015-09-25 16:10:00', 6, 70, NULL),
(31795, 443, '2015-09-28 12:50:00', 4, 70, NULL),
(31796, 443, '2015-10-05 12:50:00', 4, 70, NULL),
(31797, 443, '2015-10-12 12:50:00', 4, 70, NULL),
(31798, 443, '2015-09-28 14:30:00', 5, 70, NULL),
(31799, 443, '2015-10-05 14:30:00', 5, 70, NULL),
(31800, 443, '2015-10-12 14:30:00', 5, 70, NULL),
(31801, 445, '2015-09-28 16:10:00', 6, 70, NULL),
(31802, 445, '2015-10-05 16:10:00', 6, 70, NULL),
(31803, 445, '2015-10-12 16:10:00', 6, 70, NULL),
(31804, 441, '2015-09-29 12:50:00', 4, 70, NULL),
(31805, 441, '2015-10-06 12:50:00', 4, 70, NULL),
(31806, 441, '2015-10-13 12:50:00', 4, 70, NULL),
(31807, 441, '2015-09-29 14:30:00', 5, 70, NULL),
(31808, 441, '2015-10-06 14:30:00', 5, 70, NULL),
(31809, 441, '2015-10-13 14:30:00', 5, 70, NULL),
(31810, 445, '2015-09-29 16:10:00', 6, 70, NULL),
(31811, 445, '2015-10-06 16:10:00', 6, 70, NULL),
(31812, 445, '2015-10-13 16:10:00', 6, 70, NULL),
(31813, 443, '2015-09-30 12:50:00', 4, 70, NULL),
(31814, 443, '2015-10-07 12:50:00', 4, 70, NULL),
(31815, 443, '2015-10-14 12:50:00', 4, 70, NULL),
(31816, 443, '2015-09-30 14:30:00', 5, 70, NULL),
(31817, 443, '2015-10-07 14:30:00', 5, 70, NULL),
(31818, 443, '2015-10-14 14:30:00', 5, 70, NULL),
(31819, 445, '2015-09-30 16:10:00', 6, 70, NULL),
(31820, 445, '2015-10-07 16:10:00', 6, 70, NULL),
(31821, 445, '2015-10-14 16:10:00', 6, 70, NULL),
(31822, 441, '2015-10-01 12:50:00', 4, 70, NULL),
(31823, 441, '2015-10-08 12:50:00', 4, 70, NULL),
(31824, 441, '2015-10-15 12:50:00', 4, 70, NULL),
(31825, 441, '2015-10-01 14:30:00', 5, 70, NULL),
(31826, 441, '2015-10-08 14:30:00', 5, 70, NULL),
(31827, 441, '2015-10-15 14:30:00', 5, 70, NULL),
(31828, 445, '2015-10-01 16:10:00', 6, 70, NULL),
(31829, 445, '2015-10-08 16:10:00', 6, 70, NULL),
(31830, 445, '2015-10-15 16:10:00', 6, 70, NULL),
(31831, 441, '2015-10-02 12:50:00', 4, 70, NULL),
(31832, 441, '2015-10-09 12:50:00', 4, 70, NULL),
(31833, 441, '2015-10-16 12:50:00', 4, 70, NULL),
(31834, 441, '2015-10-02 14:30:00', 5, 70, NULL),
(31835, 441, '2015-10-09 14:30:00', 5, 70, NULL),
(31836, 441, '2015-10-16 14:30:00', 5, 70, NULL),
(31837, 445, '2015-10-02 16:10:00', 6, 70, NULL),
(31838, 445, '2015-10-09 16:10:00', 6, 70, NULL),
(31839, 445, '2015-10-16 16:10:00', 6, 70, NULL),
(31840, 442, '2015-11-09 12:50:00', 4, 70, NULL),
(31841, 442, '2015-11-16 12:50:00', 4, 70, NULL),
(31842, 442, '2015-11-23 12:50:00', 4, 70, NULL),
(31843, 442, '2015-11-09 14:30:00', 5, 70, NULL),
(31844, 442, '2015-11-16 14:30:00', 5, 70, NULL),
(31845, 442, '2015-11-23 14:30:00', 5, 70, NULL),
(31846, 444, '2015-11-10 12:50:00', 4, 70, NULL),
(31847, 444, '2015-11-17 12:50:00', 4, 70, NULL),
(31848, 444, '2015-11-24 12:50:00', 4, 70, NULL),
(31849, 444, '2015-11-10 14:30:00', 5, 70, NULL),
(31850, 444, '2015-11-17 14:30:00', 5, 70, NULL),
(31851, 444, '2015-11-24 14:30:00', 5, 70, NULL),
(31852, 442, '2015-11-11 12:50:00', 4, 70, NULL),
(31853, 442, '2015-11-18 12:50:00', 4, 70, NULL),
(31854, 442, '2015-11-25 12:50:00', 4, 70, NULL),
(31855, 442, '2015-11-11 14:30:00', 5, 70, NULL),
(31856, 442, '2015-11-18 14:30:00', 5, 70, NULL),
(31857, 442, '2015-11-25 14:30:00', 5, 70, NULL),
(31858, 444, '2015-11-12 12:50:00', 4, 70, NULL),
(31859, 444, '2015-11-19 12:50:00', 4, 70, NULL),
(31860, 444, '2015-11-26 12:50:00', 4, 70, NULL),
(31861, 444, '2015-11-12 14:30:00', 5, 70, NULL),
(31862, 444, '2015-11-19 14:30:00', 5, 70, NULL),
(31863, 444, '2015-11-26 14:30:00', 5, 70, NULL),
(31864, 442, '2015-11-13 12:50:00', 4, 70, NULL),
(31865, 442, '2015-11-20 12:50:00', 4, 70, NULL),
(31866, 442, '2015-11-27 12:50:00', 4, 70, NULL),
(31867, 442, '2015-11-13 14:30:00', 5, 70, NULL),
(31868, 442, '2015-11-20 14:30:00', 5, 70, NULL),
(31869, 442, '2015-11-27 14:30:00', 5, 70, NULL),
(31870, 442, '2015-11-30 12:50:00', 4, 70, NULL),
(31871, 442, '2015-12-07 12:50:00', 4, 70, NULL),
(31872, 442, '2015-12-14 12:50:00', 4, 70, NULL),
(31873, 442, '2015-11-30 14:30:00', 5, 70, NULL),
(31874, 442, '2015-12-07 14:30:00', 5, 70, NULL),
(31875, 442, '2015-12-14 14:30:00', 5, 70, NULL),
(31876, 444, '2015-12-01 12:50:00', 4, 70, NULL),
(31877, 444, '2015-12-08 12:50:00', 4, 70, NULL),
(31878, 444, '2015-12-15 12:50:00', 4, 70, NULL),
(31879, 444, '2015-12-01 14:30:00', 5, 70, NULL),
(31880, 444, '2015-12-08 14:30:00', 5, 70, NULL),
(31881, 444, '2015-12-15 14:30:00', 5, 70, NULL),
(31882, 442, '2015-12-02 12:50:00', 4, 70, NULL),
(31883, 442, '2015-12-09 12:50:00', 4, 70, NULL),
(31884, 442, '2015-12-16 12:50:00', 4, 70, NULL),
(31885, 442, '2015-12-02 14:30:00', 5, 70, NULL),
(31886, 442, '2015-12-09 14:30:00', 5, 70, NULL),
(31887, 442, '2015-12-16 14:30:00', 5, 70, NULL),
(31888, 444, '2015-12-03 12:50:00', 4, 70, NULL),
(31889, 444, '2015-12-10 12:50:00', 4, 70, NULL),
(31890, 444, '2015-12-17 12:50:00', 4, 70, NULL),
(31891, 444, '2015-12-03 14:30:00', 5, 70, NULL),
(31892, 444, '2015-12-10 14:30:00', 5, 70, NULL),
(31893, 444, '2015-12-17 14:30:00', 5, 70, NULL),
(31894, 444, '2015-12-04 12:50:00', 4, 70, NULL),
(31895, 444, '2015-12-11 12:50:00', 4, 70, NULL),
(31896, 444, '2015-12-18 12:50:00', 4, 70, NULL),
(31897, 444, '2015-12-04 14:30:00', 5, 70, NULL),
(31898, 444, '2015-12-11 14:30:00', 5, 70, NULL),
(31899, 444, '2015-12-18 14:30:00', 5, 70, NULL),
(31900, 453, '2015-09-07 07:30:00', 1, 69, NULL),
(31901, 453, '2015-09-14 07:30:00', 1, 69, NULL),
(31902, 453, '2015-09-21 07:30:00', 1, 69, NULL),
(31903, 453, '2015-09-07 09:10:00', 2, 69, NULL),
(31904, 453, '2015-09-14 09:10:00', 2, 69, NULL),
(31905, 453, '2015-09-21 09:10:00', 2, 69, NULL),
(31906, 455, '2015-09-07 10:50:00', 3, 69, NULL),
(31907, 455, '2015-09-14 10:50:00', 3, 69, NULL),
(31908, 455, '2015-09-21 10:50:00', 3, 69, NULL),
(31909, 451, '2015-09-08 07:30:00', 1, 69, NULL),
(31910, 451, '2015-09-15 07:30:00', 1, 69, NULL),
(31911, 451, '2015-09-22 07:30:00', 1, 69, NULL),
(31912, 451, '2015-09-08 09:10:00', 2, 69, NULL),
(31913, 451, '2015-09-15 09:10:00', 2, 69, NULL),
(31914, 451, '2015-09-22 09:10:00', 2, 69, NULL),
(31915, 455, '2015-09-08 10:50:00', 3, 69, NULL),
(31916, 455, '2015-09-15 10:50:00', 3, 69, NULL),
(31917, 455, '2015-09-22 10:50:00', 3, 69, NULL),
(31918, 453, '2015-09-09 07:30:00', 1, 69, NULL),
(31919, 453, '2015-09-16 07:30:00', 1, 69, NULL),
(31920, 453, '2015-09-23 07:30:00', 1, 69, NULL),
(31921, 453, '2015-09-09 09:10:00', 2, 69, NULL),
(31922, 453, '2015-09-16 09:10:00', 2, 69, NULL),
(31923, 453, '2015-09-23 09:10:00', 2, 69, NULL),
(31924, 455, '2015-09-09 10:50:00', 3, 69, NULL),
(31925, 455, '2015-09-16 10:50:00', 3, 69, NULL),
(31926, 455, '2015-09-23 10:50:00', 3, 69, NULL),
(31927, 451, '2015-09-10 07:30:00', 1, 69, NULL),
(31928, 451, '2015-09-17 07:30:00', 1, 69, NULL),
(31929, 451, '2015-09-24 07:30:00', 1, 69, NULL),
(31930, 451, '2015-09-10 09:10:00', 2, 69, NULL),
(31931, 451, '2015-09-17 09:10:00', 2, 69, NULL),
(31932, 451, '2015-09-24 09:10:00', 2, 69, NULL),
(31933, 455, '2015-09-10 10:50:00', 3, 69, NULL),
(31934, 455, '2015-09-17 10:50:00', 3, 69, NULL),
(31935, 455, '2015-09-24 10:50:00', 3, 69, NULL),
(31936, 453, '2015-09-11 07:30:00', 1, 69, NULL),
(31937, 453, '2015-09-18 07:30:00', 1, 69, NULL),
(31938, 453, '2015-09-25 07:30:00', 1, 69, NULL),
(31939, 453, '2015-09-11 09:10:00', 2, 69, NULL),
(31940, 453, '2015-09-18 09:10:00', 2, 69, NULL),
(31941, 453, '2015-09-25 09:10:00', 2, 69, NULL),
(31942, 455, '2015-09-11 10:50:00', 3, 69, NULL),
(31943, 455, '2015-09-18 10:50:00', 3, 69, NULL),
(31944, 455, '2015-09-25 10:50:00', 3, 69, NULL),
(31945, 453, '2015-09-28 07:30:00', 1, 69, NULL),
(31946, 453, '2015-10-05 07:30:00', 1, 69, NULL),
(31947, 453, '2015-10-12 07:30:00', 1, 69, NULL),
(31948, 453, '2015-09-28 09:10:00', 2, 69, NULL),
(31949, 453, '2015-10-05 09:10:00', 2, 69, NULL),
(31950, 453, '2015-10-12 09:10:00', 2, 69, NULL),
(31951, 455, '2015-09-28 10:50:00', 3, 69, NULL),
(31952, 455, '2015-10-05 10:50:00', 3, 69, NULL),
(31953, 455, '2015-10-12 10:50:00', 3, 69, NULL),
(31954, 451, '2015-09-29 07:30:00', 1, 69, NULL),
(31955, 451, '2015-10-06 07:30:00', 1, 69, NULL),
(31956, 451, '2015-10-13 07:30:00', 1, 69, NULL),
(31957, 451, '2015-09-29 09:10:00', 2, 69, NULL),
(31958, 451, '2015-10-06 09:10:00', 2, 69, NULL),
(31959, 451, '2015-10-13 09:10:00', 2, 69, NULL),
(31960, 455, '2015-09-29 10:50:00', 3, 69, NULL),
(31961, 455, '2015-10-06 10:50:00', 3, 69, NULL),
(31962, 455, '2015-10-13 10:50:00', 3, 69, NULL),
(31963, 453, '2015-09-30 07:30:00', 1, 69, NULL),
(31964, 453, '2015-10-07 07:30:00', 1, 69, NULL),
(31965, 453, '2015-10-14 07:30:00', 1, 69, NULL),
(31966, 453, '2015-09-30 09:10:00', 2, 69, NULL),
(31967, 453, '2015-10-07 09:10:00', 2, 69, NULL),
(31968, 453, '2015-10-14 09:10:00', 2, 69, NULL),
(31969, 455, '2015-09-30 10:50:00', 3, 69, NULL),
(31970, 455, '2015-10-07 10:50:00', 3, 69, NULL),
(31971, 455, '2015-10-14 10:50:00', 3, 69, NULL),
(31972, 451, '2015-10-01 07:30:00', 1, 69, NULL),
(31973, 451, '2015-10-08 07:30:00', 1, 69, NULL),
(31974, 451, '2015-10-15 07:30:00', 1, 69, NULL),
(31975, 451, '2015-10-01 09:10:00', 2, 69, NULL),
(31976, 451, '2015-10-08 09:10:00', 2, 69, NULL),
(31977, 451, '2015-10-15 09:10:00', 2, 69, NULL),
(31978, 455, '2015-10-01 10:50:00', 3, 69, NULL),
(31979, 455, '2015-10-08 10:50:00', 3, 69, NULL),
(31980, 455, '2015-10-15 10:50:00', 3, 69, NULL),
(31981, 451, '2015-10-02 07:30:00', 1, 69, NULL),
(31982, 451, '2015-10-09 07:30:00', 1, 69, NULL),
(31983, 451, '2015-10-16 07:30:00', 1, 69, NULL),
(31984, 451, '2015-10-02 09:10:00', 2, 69, NULL),
(31985, 451, '2015-10-09 09:10:00', 2, 69, NULL),
(31986, 451, '2015-10-16 09:10:00', 2, 69, NULL),
(31987, 455, '2015-10-02 10:50:00', 3, 69, NULL),
(31988, 455, '2015-10-09 10:50:00', 3, 69, NULL),
(31989, 455, '2015-10-16 10:50:00', 3, 69, NULL),
(31990, 452, '2015-11-09 07:30:00', 1, 69, NULL),
(31991, 452, '2015-11-16 07:30:00', 1, 69, NULL),
(31992, 452, '2015-11-23 07:30:00', 1, 69, NULL),
(31993, 452, '2015-11-09 09:10:00', 2, 69, NULL),
(31994, 452, '2015-11-16 09:10:00', 2, 69, NULL),
(31995, 452, '2015-11-23 09:10:00', 2, 69, NULL),
(31996, 454, '2015-11-10 07:30:00', 1, 69, NULL),
(31997, 454, '2015-11-17 07:30:00', 1, 69, NULL),
(31998, 454, '2015-11-24 07:30:00', 1, 69, NULL),
(31999, 454, '2015-11-10 09:10:00', 2, 69, NULL),
(32000, 454, '2015-11-17 09:10:00', 2, 69, NULL),
(32001, 454, '2015-11-24 09:10:00', 2, 69, NULL),
(32002, 452, '2015-11-11 07:30:00', 1, 69, NULL),
(32003, 452, '2015-11-18 07:30:00', 1, 69, NULL),
(32004, 452, '2015-11-25 07:30:00', 1, 69, NULL),
(32005, 452, '2015-11-11 09:10:00', 2, 69, NULL),
(32006, 452, '2015-11-18 09:10:00', 2, 69, NULL),
(32007, 452, '2015-11-25 09:10:00', 2, 69, NULL),
(32008, 454, '2015-11-12 07:30:00', 1, 69, NULL),
(32009, 454, '2015-11-19 07:30:00', 1, 69, NULL),
(32010, 454, '2015-11-26 07:30:00', 1, 69, NULL),
(32011, 454, '2015-11-12 09:10:00', 2, 69, NULL),
(32012, 454, '2015-11-19 09:10:00', 2, 69, NULL),
(32013, 454, '2015-11-26 09:10:00', 2, 69, NULL),
(32014, 452, '2015-11-13 07:30:00', 1, 69, NULL),
(32015, 452, '2015-11-20 07:30:00', 1, 69, NULL),
(32016, 452, '2015-11-27 07:30:00', 1, 69, NULL),
(32017, 452, '2015-11-13 09:10:00', 2, 69, NULL),
(32018, 452, '2015-11-20 09:10:00', 2, 69, NULL),
(32019, 452, '2015-11-27 09:10:00', 2, 69, NULL),
(32020, 452, '2015-11-30 07:30:00', 1, 69, NULL),
(32021, 452, '2015-12-07 07:30:00', 1, 69, NULL),
(32022, 452, '2015-12-14 07:30:00', 1, 69, NULL),
(32023, 452, '2015-11-30 09:10:00', 2, 69, NULL),
(32024, 452, '2015-12-07 09:10:00', 2, 69, NULL),
(32025, 452, '2015-12-14 09:10:00', 2, 69, NULL),
(32026, 454, '2015-12-01 07:30:00', 1, 69, NULL),
(32027, 454, '2015-12-08 07:30:00', 1, 69, NULL),
(32028, 454, '2015-12-15 07:30:00', 1, 69, NULL),
(32029, 454, '2015-12-01 09:10:00', 2, 69, NULL),
(32030, 454, '2015-12-08 09:10:00', 2, 69, NULL),
(32031, 454, '2015-12-15 09:10:00', 2, 69, NULL),
(32032, 452, '2015-12-02 07:30:00', 1, 69, NULL),
(32033, 452, '2015-12-09 07:30:00', 1, 69, NULL),
(32034, 452, '2015-12-16 07:30:00', 1, 69, NULL),
(32035, 452, '2015-12-02 09:10:00', 2, 69, NULL),
(32036, 452, '2015-12-09 09:10:00', 2, 69, NULL),
(32037, 452, '2015-12-16 09:10:00', 2, 69, NULL),
(32038, 454, '2015-12-03 07:30:00', 1, 69, NULL),
(32039, 454, '2015-12-10 07:30:00', 1, 69, NULL),
(32040, 454, '2015-12-17 07:30:00', 1, 69, NULL),
(32041, 454, '2015-12-03 09:10:00', 2, 69, NULL),
(32042, 454, '2015-12-10 09:10:00', 2, 69, NULL),
(32043, 454, '2015-12-17 09:10:00', 2, 69, NULL),
(32044, 454, '2015-12-04 07:30:00', 1, 69, NULL),
(32045, 454, '2015-12-11 07:30:00', 1, 69, NULL),
(32046, 454, '2015-12-18 07:30:00', 1, 69, NULL),
(32047, 454, '2015-12-04 09:10:00', 2, 69, NULL),
(32048, 454, '2015-12-11 09:10:00', 2, 69, NULL),
(32049, 454, '2015-12-18 09:10:00', 2, 69, NULL),
(32050, 371, '2015-09-08 12:50:00', 4, 57, NULL),
(32051, 371, '2015-09-15 12:50:00', 4, 57, NULL),
(32052, 371, '2015-09-22 12:50:00', 4, 57, NULL),
(32053, 371, '2015-09-08 14:30:00', 5, 57, NULL),
(32054, 371, '2015-09-15 14:30:00', 5, 57, NULL),
(32055, 371, '2015-09-22 14:30:00', 5, 57, NULL),
(32056, 371, '2015-09-10 12:50:00', 4, 57, NULL),
(32057, 371, '2015-09-17 12:50:00', 4, 57, NULL),
(32058, 371, '2015-09-24 12:50:00', 4, 57, NULL),
(32059, 371, '2015-09-10 14:30:00', 5, 57, NULL),
(32060, 371, '2015-09-17 14:30:00', 5, 57, NULL),
(32061, 371, '2015-09-24 14:30:00', 5, 57, NULL),
(32062, 371, '2015-09-29 12:50:00', 4, 57, NULL),
(32063, 371, '2015-10-06 12:50:00', 4, 57, NULL),
(32064, 371, '2015-10-13 12:50:00', 4, 57, NULL),
(32065, 371, '2015-09-29 14:30:00', 5, 57, NULL),
(32066, 371, '2015-10-06 14:30:00', 5, 57, NULL),
(32067, 371, '2015-10-13 14:30:00', 5, 57, NULL),
(32068, 371, '2015-10-01 12:50:00', 4, 57, NULL),
(32069, 371, '2015-10-08 12:50:00', 4, 57, NULL),
(32070, 371, '2015-10-15 12:50:00', 4, 57, NULL),
(32071, 371, '2015-10-01 14:30:00', 5, 57, NULL),
(32072, 371, '2015-10-08 14:30:00', 5, 57, NULL),
(32073, 371, '2015-10-15 14:30:00', 5, 57, NULL),
(32074, 371, '2015-10-02 12:50:00', 4, 57, NULL),
(32075, 371, '2015-10-09 12:50:00', 4, 57, NULL),
(32076, 371, '2015-10-16 12:50:00', 4, 57, NULL),
(32077, 371, '2015-10-02 14:30:00', 5, 57, NULL),
(32078, 371, '2015-10-09 14:30:00', 5, 57, NULL),
(32079, 371, '2015-10-16 14:30:00', 5, 57, NULL),
(32080, 372, '2015-11-09 12:50:00', 4, 57, NULL),
(32081, 372, '2015-11-16 12:50:00', 4, 57, NULL),
(32082, 372, '2015-11-23 12:50:00', 4, 57, NULL),
(32083, 372, '2015-11-09 14:30:00', 5, 57, NULL),
(32084, 372, '2015-11-16 14:30:00', 5, 57, NULL),
(32085, 372, '2015-11-23 14:30:00', 5, 57, NULL),
(32086, 372, '2015-11-11 12:50:00', 4, 57, NULL),
(32087, 372, '2015-11-18 12:50:00', 4, 57, NULL),
(32088, 372, '2015-11-25 12:50:00', 4, 57, NULL),
(32089, 372, '2015-11-11 14:30:00', 5, 57, NULL),
(32090, 372, '2015-11-18 14:30:00', 5, 57, NULL),
(32091, 372, '2015-11-25 14:30:00', 5, 57, NULL),
(32092, 372, '2015-11-13 12:50:00', 4, 57, NULL),
(32093, 372, '2015-11-20 12:50:00', 4, 57, NULL),
(32094, 372, '2015-11-27 12:50:00', 4, 57, NULL),
(32095, 372, '2015-11-13 14:30:00', 5, 57, NULL),
(32096, 372, '2015-11-20 14:30:00', 5, 57, NULL),
(32097, 372, '2015-11-27 14:30:00', 5, 57, NULL),
(32098, 372, '2015-11-30 12:50:00', 4, 57, NULL),
(32099, 372, '2015-12-07 12:50:00', 4, 57, NULL),
(32100, 372, '2015-12-14 12:50:00', 4, 57, NULL),
(32101, 372, '2015-11-30 14:30:00', 5, 57, NULL),
(32102, 372, '2015-12-07 14:30:00', 5, 57, NULL),
(32103, 372, '2015-12-14 14:30:00', 5, 57, NULL),
(32104, 372, '2015-12-02 12:50:00', 4, 57, NULL),
(32105, 372, '2015-12-09 12:50:00', 4, 57, NULL),
(32106, 372, '2015-12-16 12:50:00', 4, 57, NULL),
(32107, 372, '2015-12-02 14:30:00', 5, 57, NULL),
(32108, 372, '2015-12-09 14:30:00', 5, 57, NULL),
(32109, 372, '2015-12-16 14:30:00', 5, 57, NULL),
(32110, 397, '2015-11-10 12:50:00', 4, 59, NULL),
(32111, 397, '2015-11-17 12:50:00', 4, 59, NULL),
(32112, 397, '2015-11-24 12:50:00', 4, 59, NULL),
(32113, 397, '2015-11-10 14:30:00', 5, 59, NULL),
(32114, 397, '2015-11-17 14:30:00', 5, 59, NULL),
(32115, 397, '2015-11-24 14:30:00', 5, 59, NULL),
(32116, 397, '2015-11-12 12:50:00', 4, 59, NULL),
(32117, 397, '2015-11-19 12:50:00', 4, 59, NULL),
(32118, 397, '2015-11-26 12:50:00', 4, 59, NULL),
(32119, 397, '2015-11-12 14:30:00', 5, 59, NULL),
(32120, 397, '2015-11-19 14:30:00', 5, 59, NULL),
(32121, 397, '2015-11-26 14:30:00', 5, 59, NULL),
(32122, 397, '2015-12-01 12:50:00', 4, 59, NULL),
(32123, 397, '2015-12-08 12:50:00', 4, 59, NULL),
(32124, 397, '2015-12-15 12:50:00', 4, 59, NULL),
(32125, 397, '2015-12-01 14:30:00', 5, 59, NULL),
(32126, 397, '2015-12-08 14:30:00', 5, 59, NULL),
(32127, 397, '2015-12-15 14:30:00', 5, 59, NULL),
(32128, 397, '2015-12-03 12:50:00', 4, 59, NULL),
(32129, 397, '2015-12-10 12:50:00', 4, 59, NULL),
(32130, 397, '2015-12-17 12:50:00', 4, 59, NULL),
(32131, 397, '2015-12-03 14:30:00', 5, 59, NULL),
(32132, 397, '2015-12-10 14:30:00', 5, 59, NULL),
(32133, 397, '2015-12-17 14:30:00', 5, 59, NULL),
(32134, 397, '2015-12-04 12:50:00', 4, 59, NULL),
(32135, 397, '2015-12-11 12:50:00', 4, 59, NULL),
(32136, 397, '2015-12-18 12:50:00', 4, 59, NULL),
(32137, 397, '2015-12-04 14:30:00', 5, 59, NULL),
(32138, 397, '2015-12-11 14:30:00', 5, 59, NULL),
(32139, 397, '2015-12-18 14:30:00', 5, 59, NULL),
(32140, 398, '2015-09-07 12:50:00', 4, 59, NULL),
(32141, 398, '2015-09-14 12:50:00', 4, 59, NULL),
(32142, 398, '2015-09-21 12:50:00', 4, 59, NULL),
(32143, 398, '2015-09-07 14:30:00', 5, 59, NULL),
(32144, 398, '2015-09-14 14:30:00', 5, 59, NULL),
(32145, 398, '2015-09-21 14:30:00', 5, 59, NULL),
(32146, 398, '2015-09-09 12:50:00', 4, 59, NULL),
(32147, 398, '2015-09-16 12:50:00', 4, 59, NULL),
(32148, 398, '2015-09-23 12:50:00', 4, 59, NULL),
(32149, 398, '2015-09-09 14:30:00', 5, 59, NULL),
(32150, 398, '2015-09-16 14:30:00', 5, 59, NULL),
(32151, 398, '2015-09-23 14:30:00', 5, 59, NULL),
(32152, 398, '2015-09-11 12:50:00', 4, 59, NULL),
(32153, 398, '2015-09-18 12:50:00', 4, 59, NULL),
(32154, 398, '2015-09-25 12:50:00', 4, 59, NULL),
(32155, 398, '2015-09-11 14:30:00', 5, 59, NULL),
(32156, 398, '2015-09-18 14:30:00', 5, 59, NULL),
(32157, 398, '2015-09-25 14:30:00', 5, 59, NULL),
(32158, 398, '2015-09-28 12:50:00', 4, 59, NULL),
(32159, 398, '2015-10-05 12:50:00', 4, 59, NULL),
(32160, 398, '2015-10-12 12:50:00', 4, 59, NULL),
(32161, 398, '2015-09-28 14:30:00', 5, 59, NULL),
(32162, 398, '2015-10-05 14:30:00', 5, 59, NULL),
(32163, 398, '2015-10-12 14:30:00', 5, 59, NULL),
(32164, 398, '2015-09-30 12:50:00', 4, 59, NULL),
(32165, 398, '2015-10-07 12:50:00', 4, 59, NULL),
(32166, 398, '2015-10-14 12:50:00', 4, 59, NULL),
(32167, 398, '2015-09-30 14:30:00', 5, 59, NULL),
(32168, 398, '2015-10-07 14:30:00', 5, 59, NULL),
(32169, 398, '2015-10-14 14:30:00', 5, 59, NULL),
(32170, 399, '2015-09-08 12:50:00', 4, 59, NULL),
(32171, 399, '2015-09-15 12:50:00', 4, 59, NULL),
(32172, 399, '2015-09-22 12:50:00', 4, 59, NULL),
(32173, 399, '2015-09-08 14:30:00', 5, 59, NULL),
(32174, 399, '2015-09-15 14:30:00', 5, 59, NULL),
(32175, 399, '2015-09-22 14:30:00', 5, 59, NULL),
(32176, 399, '2015-09-10 12:50:00', 4, 59, NULL),
(32177, 399, '2015-09-17 12:50:00', 4, 59, NULL),
(32178, 399, '2015-09-24 12:50:00', 4, 59, NULL),
(32179, 399, '2015-09-10 14:30:00', 5, 59, NULL),
(32180, 399, '2015-09-17 14:30:00', 5, 59, NULL),
(32181, 399, '2015-09-24 14:30:00', 5, 59, NULL),
(32182, 399, '2015-09-29 12:50:00', 4, 59, NULL),
(32183, 399, '2015-10-06 12:50:00', 4, 59, NULL),
(32184, 399, '2015-10-13 12:50:00', 4, 59, NULL),
(32185, 399, '2015-09-29 14:30:00', 5, 59, NULL),
(32186, 399, '2015-10-06 14:30:00', 5, 59, NULL),
(32187, 399, '2015-10-13 14:30:00', 5, 59, NULL),
(32188, 399, '2015-10-01 12:50:00', 4, 59, NULL),
(32189, 399, '2015-10-08 12:50:00', 4, 59, NULL),
(32190, 399, '2015-10-15 12:50:00', 4, 59, NULL),
(32191, 399, '2015-10-01 14:30:00', 5, 59, NULL),
(32192, 399, '2015-10-08 14:30:00', 5, 59, NULL),
(32193, 399, '2015-10-15 14:30:00', 5, 59, NULL),
(32194, 399, '2015-10-02 12:50:00', 4, 59, NULL),
(32195, 399, '2015-10-09 12:50:00', 4, 59, NULL),
(32196, 399, '2015-10-16 12:50:00', 4, 59, NULL),
(32197, 399, '2015-10-02 14:30:00', 5, 59, NULL),
(32198, 399, '2015-10-09 14:30:00', 5, 59, NULL),
(32199, 399, '2015-10-16 14:30:00', 5, 59, NULL),
(32200, 434, '2015-09-08 07:30:00', 1, 64, NULL),
(32201, 434, '2015-09-15 07:30:00', 1, 64, NULL),
(32202, 434, '2015-09-22 07:30:00', 1, 64, NULL),
(32203, 434, '2015-09-08 09:10:00', 2, 64, NULL),
(32204, 434, '2015-09-15 09:10:00', 2, 64, NULL),
(32205, 434, '2015-09-22 09:10:00', 2, 64, NULL),
(32206, 434, '2015-09-10 07:30:00', 1, 64, NULL),
(32207, 434, '2015-09-17 07:30:00', 1, 64, NULL),
(32208, 434, '2015-09-24 07:30:00', 1, 64, NULL),
(32209, 434, '2015-09-10 09:10:00', 2, 64, NULL),
(32210, 434, '2015-09-17 09:10:00', 2, 64, NULL),
(32211, 434, '2015-09-24 09:10:00', 2, 64, NULL),
(32212, 434, '2015-09-29 07:30:00', 1, 64, NULL),
(32213, 434, '2015-10-06 07:30:00', 1, 64, NULL),
(32214, 434, '2015-10-13 07:30:00', 1, 64, NULL),
(32215, 434, '2015-09-29 09:10:00', 2, 64, NULL),
(32216, 434, '2015-10-06 09:10:00', 2, 64, NULL),
(32217, 434, '2015-10-13 09:10:00', 2, 64, NULL),
(32218, 434, '2015-10-01 07:30:00', 1, 64, NULL),
(32219, 434, '2015-10-08 07:30:00', 1, 64, NULL),
(32220, 434, '2015-10-15 07:30:00', 1, 64, NULL),
(32221, 434, '2015-10-01 09:10:00', 2, 64, NULL),
(32222, 434, '2015-10-08 09:10:00', 2, 64, NULL),
(32223, 434, '2015-10-15 09:10:00', 2, 64, NULL),
(32224, 434, '2015-10-02 07:30:00', 1, 64, NULL),
(32225, 434, '2015-10-09 07:30:00', 1, 64, NULL),
(32226, 434, '2015-10-16 07:30:00', 1, 64, NULL),
(32227, 434, '2015-10-02 09:10:00', 2, 64, NULL),
(32228, 434, '2015-10-09 09:10:00', 2, 64, NULL),
(32229, 434, '2015-10-16 09:10:00', 2, 64, NULL),
(32230, 375, '2015-09-07 16:10:00', 6, 97, NULL),
(32231, 375, '2015-09-14 16:10:00', 6, 97, NULL),
(32232, 375, '2015-09-21 16:10:00', 6, 97, NULL),
(32233, 375, '2015-09-08 16:10:00', 6, 97, NULL),
(32234, 375, '2015-09-15 16:10:00', 6, 97, NULL),
(32235, 375, '2015-09-22 16:10:00', 6, 97, NULL),
(32236, 375, '2015-09-09 16:10:00', 6, 97, NULL),
(32237, 375, '2015-09-16 16:10:00', 6, 97, NULL),
(32238, 375, '2015-09-23 16:10:00', 6, 97, NULL),
(32239, 375, '2015-09-10 16:10:00', 6, 97, NULL),
(32240, 375, '2015-09-17 16:10:00', 6, 97, NULL),
(32241, 375, '2015-09-24 16:10:00', 6, 97, NULL),
(32242, 375, '2015-09-11 16:10:00', 6, 97, NULL),
(32243, 375, '2015-09-18 16:10:00', 6, 97, NULL),
(32244, 375, '2015-09-25 16:10:00', 6, 97, NULL),
(32245, 375, '2015-09-28 16:10:00', 6, 97, NULL),
(32246, 375, '2015-10-05 16:10:00', 6, 97, NULL),
(32247, 375, '2015-10-12 16:10:00', 6, 97, NULL),
(32248, 375, '2015-09-29 16:10:00', 6, 97, NULL),
(32249, 375, '2015-10-06 16:10:00', 6, 97, NULL),
(32250, 375, '2015-10-13 16:10:00', 6, 97, NULL),
(32251, 375, '2015-09-30 16:10:00', 6, 97, NULL),
(32252, 375, '2015-10-07 16:10:00', 6, 97, NULL),
(32253, 375, '2015-10-14 16:10:00', 6, 97, NULL),
(32254, 375, '2015-10-01 16:10:00', 6, 97, NULL),
(32255, 375, '2015-10-08 16:10:00', 6, 97, NULL),
(32256, 375, '2015-10-15 16:10:00', 6, 97, NULL),
(32257, 375, '2015-10-02 16:10:00', 6, 97, NULL),
(32258, 375, '2015-10-09 16:10:00', 6, 97, NULL),
(32259, 375, '2015-10-16 16:10:00', 6, 97, NULL),
(32260, 400, '2015-09-07 16:10:00', 6, NULL, NULL),
(32261, 400, '2015-09-14 16:10:00', 6, NULL, NULL),
(32262, 400, '2015-09-21 16:10:00', 6, NULL, NULL),
(32263, 400, '2015-09-08 16:10:00', 6, NULL, NULL),
(32264, 400, '2015-09-15 16:10:00', 6, NULL, NULL),
(32265, 400, '2015-09-22 16:10:00', 6, NULL, NULL),
(32266, 400, '2015-09-09 16:10:00', 6, NULL, NULL),
(32267, 400, '2015-09-16 16:10:00', 6, NULL, NULL),
(32268, 400, '2015-09-23 16:10:00', 6, NULL, NULL),
(32269, 400, '2015-09-10 16:10:00', 6, NULL, NULL),
(32270, 400, '2015-09-17 16:10:00', 6, NULL, NULL),
(32271, 400, '2015-09-24 16:10:00', 6, NULL, NULL),
(32272, 400, '2015-09-11 16:10:00', 6, NULL, NULL),
(32273, 400, '2015-09-18 16:10:00', 6, NULL, NULL),
(32274, 400, '2015-09-25 16:10:00', 6, NULL, NULL),
(32275, 400, '2015-09-28 16:10:00', 6, NULL, NULL),
(32276, 400, '2015-10-05 16:10:00', 6, NULL, NULL),
(32277, 400, '2015-10-12 16:10:00', 6, NULL, NULL),
(32278, 400, '2015-09-29 16:10:00', 6, NULL, NULL),
(32279, 400, '2015-10-06 16:10:00', 6, NULL, NULL),
(32280, 400, '2015-10-13 16:10:00', 6, NULL, NULL),
(32281, 400, '2015-09-30 16:10:00', 6, NULL, NULL),
(32282, 400, '2015-10-07 16:10:00', 6, NULL, NULL),
(32283, 400, '2015-10-14 16:10:00', 6, NULL, NULL),
(32284, 400, '2015-10-01 16:10:00', 6, NULL, NULL),
(32285, 400, '2015-10-08 16:10:00', 6, NULL, NULL),
(32286, 400, '2015-10-15 16:10:00', 6, NULL, NULL),
(32287, 400, '2015-10-02 16:10:00', 6, NULL, NULL),
(32288, 400, '2015-10-09 16:10:00', 6, NULL, NULL),
(32289, 400, '2015-10-16 16:10:00', 6, NULL, NULL),
(32290, 374, '2015-11-10 12:50:00', 4, 57, NULL),
(32291, 374, '2015-11-17 12:50:00', 4, 57, NULL),
(32292, 374, '2015-11-24 12:50:00', 4, 57, NULL),
(32293, 374, '2015-11-10 14:30:00', 5, 57, NULL),
(32294, 374, '2015-11-17 14:30:00', 5, 57, NULL),
(32295, 374, '2015-11-24 14:30:00', 5, 57, NULL),
(32296, 374, '2015-11-12 12:50:00', 4, 57, NULL),
(32297, 374, '2015-11-19 12:50:00', 4, 57, NULL),
(32298, 374, '2015-11-26 12:50:00', 4, 57, NULL),
(32299, 374, '2015-11-12 14:30:00', 5, 57, NULL),
(32300, 374, '2015-11-19 14:30:00', 5, 57, NULL),
(32301, 374, '2015-11-26 14:30:00', 5, 57, NULL),
(32302, 374, '2015-12-01 12:50:00', 4, 57, NULL),
(32303, 374, '2015-12-08 12:50:00', 4, 57, NULL),
(32304, 374, '2015-12-15 12:50:00', 4, 57, NULL),
(32305, 374, '2015-12-01 14:30:00', 5, 57, NULL),
(32306, 374, '2015-12-08 14:30:00', 5, 57, NULL),
(32307, 374, '2015-12-15 14:30:00', 5, 57, NULL),
(32308, 374, '2015-12-03 12:50:00', 4, 57, NULL),
(32309, 374, '2015-12-10 12:50:00', 4, 57, NULL),
(32310, 374, '2015-12-17 12:50:00', 4, 57, NULL),
(32311, 374, '2015-12-03 14:30:00', 5, 57, NULL),
(32312, 374, '2015-12-10 14:30:00', 5, 57, NULL),
(32313, 374, '2015-12-17 14:30:00', 5, 57, NULL),
(32314, 374, '2015-12-04 12:50:00', 4, 57, NULL),
(32315, 374, '2015-12-11 12:50:00', 4, 57, NULL),
(32316, 374, '2015-12-18 12:50:00', 4, 57, NULL),
(32317, 374, '2015-12-04 14:30:00', 5, 57, NULL),
(32318, 374, '2015-12-11 14:30:00', 5, 57, NULL),
(32319, 374, '2015-12-18 14:30:00', 5, 57, NULL),
(32320, 373, '2015-09-07 12:50:00', 4, 57, NULL),
(32321, 373, '2015-09-14 12:50:00', 4, 57, NULL),
(32322, 373, '2015-09-21 12:50:00', 4, 57, NULL),
(32323, 373, '2015-09-07 14:30:00', 5, 57, NULL),
(32324, 373, '2015-09-14 14:30:00', 5, 57, NULL),
(32325, 373, '2015-09-21 14:30:00', 5, 57, NULL),
(32326, 373, '2015-09-09 12:50:00', 4, 57, NULL),
(32327, 373, '2015-09-16 12:50:00', 4, 57, NULL),
(32328, 373, '2015-09-23 12:50:00', 4, 57, NULL),
(32329, 373, '2015-09-09 14:30:00', 5, 57, NULL),
(32330, 373, '2015-09-16 14:30:00', 5, 57, NULL),
(32331, 373, '2015-09-23 14:30:00', 5, 57, NULL),
(32332, 373, '2015-09-11 12:50:00', 4, 57, NULL),
(32333, 373, '2015-09-18 12:50:00', 4, 57, NULL),
(32334, 373, '2015-09-25 12:50:00', 4, 57, NULL),
(32335, 373, '2015-09-11 14:30:00', 5, 57, NULL),
(32336, 373, '2015-09-18 14:30:00', 5, 57, NULL),
(32337, 373, '2015-09-25 14:30:00', 5, 57, NULL),
(32338, 373, '2015-09-28 12:50:00', 4, 57, NULL),
(32339, 373, '2015-10-05 12:50:00', 4, 57, NULL),
(32340, 373, '2015-10-12 12:50:00', 4, 57, NULL),
(32341, 373, '2015-09-28 14:30:00', 5, 57, NULL),
(32342, 373, '2015-10-05 14:30:00', 5, 57, NULL),
(32343, 373, '2015-10-12 14:30:00', 5, 57, NULL),
(32344, 373, '2015-09-30 12:50:00', 4, 57, NULL),
(32345, 373, '2015-10-07 12:50:00', 4, 57, NULL),
(32346, 373, '2015-10-14 12:50:00', 4, 57, NULL),
(32347, 373, '2015-09-30 14:30:00', 5, 57, NULL),
(32348, 373, '2015-10-07 14:30:00', 5, 57, NULL),
(32349, 373, '2015-10-14 14:30:00', 5, 57, NULL),
(32350, 432, '2015-11-09 07:30:00', 1, 64, NULL),
(32351, 432, '2015-11-16 07:30:00', 1, 64, NULL),
(32352, 432, '2015-11-23 07:30:00', 1, 64, NULL),
(32353, 432, '2015-11-09 09:10:00', 2, 64, NULL),
(32354, 432, '2015-11-16 09:10:00', 2, 64, NULL),
(32355, 432, '2015-11-23 09:10:00', 2, 64, NULL),
(32356, 432, '2015-11-11 07:30:00', 1, 64, NULL),
(32357, 432, '2015-11-18 07:30:00', 1, 64, NULL),
(32358, 432, '2015-11-25 07:30:00', 1, 64, NULL),
(32359, 432, '2015-11-11 09:10:00', 2, 64, NULL),
(32360, 432, '2015-11-18 09:10:00', 2, 64, NULL),
(32361, 432, '2015-11-25 09:10:00', 2, 64, NULL),
(32362, 432, '2015-11-13 07:30:00', 1, 64, NULL),
(32363, 432, '2015-11-20 07:30:00', 1, 64, NULL),
(32364, 432, '2015-11-27 07:30:00', 1, 64, NULL),
(32365, 432, '2015-11-13 09:10:00', 2, 64, NULL),
(32366, 432, '2015-11-20 09:10:00', 2, 64, NULL),
(32367, 432, '2015-11-27 09:10:00', 2, 64, NULL),
(32368, 432, '2015-11-30 07:30:00', 1, 64, NULL),
(32369, 432, '2015-12-07 07:30:00', 1, 64, NULL),
(32370, 432, '2015-12-14 07:30:00', 1, 64, NULL),
(32371, 432, '2015-11-30 09:10:00', 2, 64, NULL),
(32372, 432, '2015-12-07 09:10:00', 2, 64, NULL),
(32373, 432, '2015-12-14 09:10:00', 2, 64, NULL),
(32374, 432, '2015-12-02 07:30:00', 1, 64, NULL),
(32375, 432, '2015-12-09 07:30:00', 1, 64, NULL),
(32376, 432, '2015-12-16 07:30:00', 1, 64, NULL),
(32377, 432, '2015-12-02 09:10:00', 2, 64, NULL),
(32378, 432, '2015-12-09 09:10:00', 2, 64, NULL),
(32379, 432, '2015-12-16 09:10:00', 2, 64, NULL);

--
-- Indexes for dumped tables
--

--
-- Indexes for table `buildings`
--
ALTER TABLE `buildings`
 ADD PRIMARY KEY (`building_id`);

--
-- Indexes for table `classes`
--
ALTER TABLE `classes`
 ADD PRIMARY KEY (`class_id`), ADD UNIQUE KEY `code` (`code`), ADD KEY `specialized_id` (`specialized_id`), ADD KEY `course_id` (`course_id`), ADD KEY `detail_specialized_id` (`detail_specialized_id`);

--
-- Indexes for table `class_course_semester`
--
ALTER TABLE `class_course_semester`
 ADD PRIMARY KEY (`class_course_semester_id`), ADD UNIQUE KEY `class_course_semester_idx` (`class_semester_id`,`course_semester_id`), ADD KEY `class_semester_id` (`class_semester_id`), ADD KEY `course_semester_id` (`course_semester_id`);

--
-- Indexes for table `class_course_semester_merge`
--
ALTER TABLE `class_course_semester_merge`
 ADD PRIMARY KEY (`class_course_semester_merge_id`), ADD KEY `class_course_semester_id_1` (`class_course_semester_id_1`), ADD KEY `class_course_semester_id_2` (`class_course_semester_id_2`);

--
-- Indexes for table `class_course_student_semester`
--
ALTER TABLE `class_course_student_semester`
 ADD PRIMARY KEY (`class_course_student_semester_id`), ADD UNIQUE KEY `class_course_student_semester_idx` (`class_course_semester_id`,`student_id`), ADD KEY `class_course_semester_id` (`class_course_semester_id`), ADD KEY `student_id` (`student_id`);

--
-- Indexes for table `class_course_teacher_semester`
--
ALTER TABLE `class_course_teacher_semester`
 ADD PRIMARY KEY (`class_course_teacher_semester_id`), ADD KEY `class_semester_id` (`class_semester_id`), ADD KEY `course_semester_id` (`course_semester_id`), ADD KEY `teacher_semester_id` (`teacher_semester_id`);

--
-- Indexes for table `class_semester`
--
ALTER TABLE `class_semester`
 ADD PRIMARY KEY (`class_semester_id`), ADD UNIQUE KEY `class_id` (`class_id`,`semester_id`), ADD KEY `semester_id` (`semester_id`);

--
-- Indexes for table `courses`
--
ALTER TABLE `courses`
 ADD PRIMARY KEY (`course_id`), ADD UNIQUE KEY `code` (`code`), ADD KEY `department_id` (`department_id`);

--
-- Indexes for table `course_semester`
--
ALTER TABLE `course_semester`
 ADD PRIMARY KEY (`course_semester_id`), ADD UNIQUE KEY `my_idx` (`course_id`,`semester_id`), ADD KEY `course_condition_id` (`course_condition_id`), ADD KEY `course_id` (`course_id`), ADD KEY `semester_id` (`semester_id`);

--
-- Indexes for table `department`
--
ALTER TABLE `department`
 ADD PRIMARY KEY (`department_id`), ADD UNIQUE KEY `code` (`code`);

--
-- Indexes for table `program_semester`
--
ALTER TABLE `program_semester`
 ADD PRIMARY KEY (`program_semester_id`), ADD UNIQUE KEY `semester_id_2` (`semester_id`,`current_semester`,`specialized_id`,`detail_specialized_id`), ADD KEY `semester_id` (`semester_id`), ADD KEY `specialized_id` (`specialized_id`), ADD KEY `detail_specialized_id` (`detail_specialized_id`);

--
-- Indexes for table `program_semester_detail`
--
ALTER TABLE `program_semester_detail`
 ADD PRIMARY KEY (`program_semester_detail_id`), ADD UNIQUE KEY `program_semester_id_2` (`program_semester_id`,`course_semester_id`), ADD KEY `program_semester_id` (`program_semester_id`), ADD KEY `course_semester_id` (`course_semester_id`);

--
-- Indexes for table `rooms`
--
ALTER TABLE `rooms`
 ADD PRIMARY KEY (`room_id`), ADD UNIQUE KEY `code` (`code`), ADD KEY `building_id` (`building_id`);

--
-- Indexes for table `semesters`
--
ALTER TABLE `semesters`
 ADD PRIMARY KEY (`semester_id`), ADD UNIQUE KEY `code` (`code`);

--
-- Indexes for table `specialized`
--
ALTER TABLE `specialized`
 ADD PRIMARY KEY (`specialized_id`), ADD UNIQUE KEY `code` (`code`);

--
-- Indexes for table `staff`
--
ALTER TABLE `staff`
 ADD PRIMARY KEY (`staff_id`), ADD UNIQUE KEY `account` (`account`,`email`);

--
-- Indexes for table `students`
--
ALTER TABLE `students`
 ADD PRIMARY KEY (`student_id`), ADD UNIQUE KEY `account` (`account`,`email`,`student_code`), ADD KEY `class_semester_id` (`class_semester_id`), ADD KEY `specialized_id` (`specialized_id`), ADD KEY `detail_specialized_id` (`detail_specialized_id`);

--
-- Indexes for table `student_course`
--
ALTER TABLE `student_course`
 ADD PRIMARY KEY (`student_course_id`), ADD KEY `student_id` (`student_id`,`course_id`,`class_semester_id`), ADD KEY `course_id` (`course_id`), ADD KEY `class_semester_id` (`class_semester_id`);

--
-- Indexes for table `teachers`
--
ALTER TABLE `teachers`
 ADD PRIMARY KEY (`teacher_id`), ADD UNIQUE KEY `account` (`account`), ADD UNIQUE KEY `email` (`email`);

--
-- Indexes for table `teacher_course_semester`
--
ALTER TABLE `teacher_course_semester`
 ADD PRIMARY KEY (`teacher_course_semester_id`), ADD KEY `course_semester_id` (`course_semester_id`), ADD KEY `teacher_semester_id` (`teacher_semester_id`);

--
-- Indexes for table `teacher_semester`
--
ALTER TABLE `teacher_semester`
 ADD PRIMARY KEY (`teacher_semester_id`), ADD UNIQUE KEY `teacher_id` (`teacher_id`,`semester_id`), ADD KEY `semester_id` (`semester_id`);

--
-- Indexes for table `time_table`
--
ALTER TABLE `time_table`
 ADD PRIMARY KEY (`time_table_id`), ADD UNIQUE KEY `date` (`date`,`slot`,`class_course_semester_id`), ADD KEY `class_course_semester_id` (`class_course_semester_id`), ADD KEY `room_id` (`room_id`), ADD KEY `teacher_id` (`teacher_semester_id`);

--
-- AUTO_INCREMENT for dumped tables
--

--
-- AUTO_INCREMENT for table `buildings`
--
ALTER TABLE `buildings`
MODIFY `building_id` int(11) NOT NULL AUTO_INCREMENT,AUTO_INCREMENT=5;
--
-- AUTO_INCREMENT for table `classes`
--
ALTER TABLE `classes`
MODIFY `class_id` int(11) NOT NULL AUTO_INCREMENT,AUTO_INCREMENT=111;
--
-- AUTO_INCREMENT for table `class_course_semester`
--
ALTER TABLE `class_course_semester`
MODIFY `class_course_semester_id` int(11) NOT NULL AUTO_INCREMENT,AUTO_INCREMENT=456;
--
-- AUTO_INCREMENT for table `class_course_semester_merge`
--
ALTER TABLE `class_course_semester_merge`
MODIFY `class_course_semester_merge_id` int(11) NOT NULL AUTO_INCREMENT,AUTO_INCREMENT=97;
--
-- AUTO_INCREMENT for table `class_course_student_semester`
--
ALTER TABLE `class_course_student_semester`
MODIFY `class_course_student_semester_id` int(11) NOT NULL AUTO_INCREMENT,AUTO_INCREMENT=13076;
--
-- AUTO_INCREMENT for table `class_course_teacher_semester`
--
ALTER TABLE `class_course_teacher_semester`
MODIFY `class_course_teacher_semester_id` int(11) NOT NULL AUTO_INCREMENT;
--
-- AUTO_INCREMENT for table `class_semester`
--
ALTER TABLE `class_semester`
MODIFY `class_semester_id` int(11) NOT NULL AUTO_INCREMENT,AUTO_INCREMENT=108;
--
-- AUTO_INCREMENT for table `courses`
--
ALTER TABLE `courses`
MODIFY `course_id` int(11) NOT NULL AUTO_INCREMENT,AUTO_INCREMENT=277;
--
-- AUTO_INCREMENT for table `course_semester`
--
ALTER TABLE `course_semester`
MODIFY `course_semester_id` int(11) NOT NULL AUTO_INCREMENT,AUTO_INCREMENT=277;
--
-- AUTO_INCREMENT for table `department`
--
ALTER TABLE `department`
MODIFY `department_id` int(11) NOT NULL AUTO_INCREMENT,AUTO_INCREMENT=27;
--
-- AUTO_INCREMENT for table `program_semester`
--
ALTER TABLE `program_semester`
MODIFY `program_semester_id` int(11) NOT NULL AUTO_INCREMENT,AUTO_INCREMENT=24;
--
-- AUTO_INCREMENT for table `program_semester_detail`
--
ALTER TABLE `program_semester_detail`
MODIFY `program_semester_detail_id` int(11) NOT NULL AUTO_INCREMENT,AUTO_INCREMENT=107;
--
-- AUTO_INCREMENT for table `rooms`
--
ALTER TABLE `rooms`
MODIFY `room_id` int(11) NOT NULL AUTO_INCREMENT,AUTO_INCREMENT=98;
--
-- AUTO_INCREMENT for table `semesters`
--
ALTER TABLE `semesters`
MODIFY `semester_id` int(11) NOT NULL AUTO_INCREMENT,AUTO_INCREMENT=4;
--
-- AUTO_INCREMENT for table `specialized`
--
ALTER TABLE `specialized`
MODIFY `specialized_id` int(11) NOT NULL AUTO_INCREMENT,AUTO_INCREMENT=9;
--
-- AUTO_INCREMENT for table `staff`
--
ALTER TABLE `staff`
MODIFY `staff_id` int(11) NOT NULL AUTO_INCREMENT,AUTO_INCREMENT=7;
--
-- AUTO_INCREMENT for table `students`
--
ALTER TABLE `students`
MODIFY `student_id` int(11) NOT NULL AUTO_INCREMENT,AUTO_INCREMENT=647;
--
-- AUTO_INCREMENT for table `student_course`
--
ALTER TABLE `student_course`
MODIFY `student_course_id` int(11) NOT NULL AUTO_INCREMENT;
--
-- AUTO_INCREMENT for table `teachers`
--
ALTER TABLE `teachers`
MODIFY `teacher_id` int(11) NOT NULL AUTO_INCREMENT,AUTO_INCREMENT=73;
--
-- AUTO_INCREMENT for table `teacher_course_semester`
--
ALTER TABLE `teacher_course_semester`
MODIFY `teacher_course_semester_id` int(11) NOT NULL AUTO_INCREMENT,AUTO_INCREMENT=756;
--
-- AUTO_INCREMENT for table `teacher_semester`
--
ALTER TABLE `teacher_semester`
MODIFY `teacher_semester_id` int(11) NOT NULL AUTO_INCREMENT,AUTO_INCREMENT=73;
--
-- AUTO_INCREMENT for table `time_table`
--
ALTER TABLE `time_table`
MODIFY `time_table_id` int(11) NOT NULL AUTO_INCREMENT,AUTO_INCREMENT=32380;
--
-- Constraints for dumped tables
--

--
-- Constraints for table `classes`
--
ALTER TABLE `classes`
ADD CONSTRAINT `classes_ibfk_1` FOREIGN KEY (`specialized_id`) REFERENCES `specialized` (`specialized_id`),
ADD CONSTRAINT `classes_ibfk_2` FOREIGN KEY (`course_id`) REFERENCES `courses` (`course_id`),
ADD CONSTRAINT `classes_ibfk_3` FOREIGN KEY (`detail_specialized_id`) REFERENCES `specialized` (`specialized_id`);

--
-- Constraints for table `class_course_semester`
--
ALTER TABLE `class_course_semester`
ADD CONSTRAINT `class_course_semester_ibfk_1` FOREIGN KEY (`class_semester_id`) REFERENCES `class_semester` (`class_semester_id`),
ADD CONSTRAINT `class_course_semester_ibfk_2` FOREIGN KEY (`course_semester_id`) REFERENCES `course_semester` (`course_semester_id`);

--
-- Constraints for table `class_course_semester_merge`
--
ALTER TABLE `class_course_semester_merge`
ADD CONSTRAINT `class_course_semester_merge_ibfk_1` FOREIGN KEY (`class_course_semester_id_1`) REFERENCES `class_course_semester` (`class_course_semester_id`),
ADD CONSTRAINT `class_course_semester_merge_ibfk_2` FOREIGN KEY (`class_course_semester_id_2`) REFERENCES `class_course_semester` (`class_course_semester_id`);

--
-- Constraints for table `class_course_student_semester`
--
ALTER TABLE `class_course_student_semester`
ADD CONSTRAINT `class_course_student_semester_ibfk_1` FOREIGN KEY (`class_course_semester_id`) REFERENCES `class_course_semester` (`class_course_semester_id`),
ADD CONSTRAINT `class_course_student_semester_ibfk_2` FOREIGN KEY (`student_id`) REFERENCES `students` (`student_id`);

--
-- Constraints for table `class_course_teacher_semester`
--
ALTER TABLE `class_course_teacher_semester`
ADD CONSTRAINT `class_course_teacher_semester_ibfk_1` FOREIGN KEY (`class_semester_id`) REFERENCES `class_semester` (`class_semester_id`),
ADD CONSTRAINT `class_course_teacher_semester_ibfk_2` FOREIGN KEY (`course_semester_id`) REFERENCES `course_semester` (`course_semester_id`),
ADD CONSTRAINT `class_course_teacher_semester_ibfk_3` FOREIGN KEY (`teacher_semester_id`) REFERENCES `teacher_semester` (`teacher_semester_id`);

--
-- Constraints for table `class_semester`
--
ALTER TABLE `class_semester`
ADD CONSTRAINT `class_semester_ibfk_1` FOREIGN KEY (`class_id`) REFERENCES `classes` (`class_id`),
ADD CONSTRAINT `class_semester_ibfk_2` FOREIGN KEY (`semester_id`) REFERENCES `semesters` (`semester_id`);

--
-- Constraints for table `courses`
--
ALTER TABLE `courses`
ADD CONSTRAINT `courses_ibfk_2` FOREIGN KEY (`department_id`) REFERENCES `department` (`department_id`);

--
-- Constraints for table `course_semester`
--
ALTER TABLE `course_semester`
ADD CONSTRAINT `course_semester_ibfk_3` FOREIGN KEY (`course_condition_id`) REFERENCES `courses` (`course_id`),
ADD CONSTRAINT `course_semester_ibfk_4` FOREIGN KEY (`course_id`) REFERENCES `courses` (`course_id`),
ADD CONSTRAINT `course_semester_ibfk_5` FOREIGN KEY (`semester_id`) REFERENCES `semesters` (`semester_id`);

--
-- Constraints for table `program_semester`
--
ALTER TABLE `program_semester`
ADD CONSTRAINT `program_semester_ibfk_1` FOREIGN KEY (`semester_id`) REFERENCES `semesters` (`semester_id`),
ADD CONSTRAINT `program_semester_ibfk_2` FOREIGN KEY (`specialized_id`) REFERENCES `specialized` (`specialized_id`),
ADD CONSTRAINT `program_semester_ibfk_3` FOREIGN KEY (`detail_specialized_id`) REFERENCES `specialized` (`specialized_id`);

--
-- Constraints for table `program_semester_detail`
--
ALTER TABLE `program_semester_detail`
ADD CONSTRAINT `program_semester_detail_ibfk_1` FOREIGN KEY (`program_semester_id`) REFERENCES `program_semester` (`program_semester_id`),
ADD CONSTRAINT `program_semester_detail_ibfk_2` FOREIGN KEY (`course_semester_id`) REFERENCES `course_semester` (`course_semester_id`);

--
-- Constraints for table `rooms`
--
ALTER TABLE `rooms`
ADD CONSTRAINT `rooms_ibfk_1` FOREIGN KEY (`building_id`) REFERENCES `buildings` (`building_id`);

--
-- Constraints for table `students`
--
ALTER TABLE `students`
ADD CONSTRAINT `students_ibfk_1` FOREIGN KEY (`class_semester_id`) REFERENCES `class_semester` (`class_semester_id`),
ADD CONSTRAINT `students_ibfk_2` FOREIGN KEY (`specialized_id`) REFERENCES `specialized` (`specialized_id`),
ADD CONSTRAINT `students_ibfk_3` FOREIGN KEY (`detail_specialized_id`) REFERENCES `specialized` (`specialized_id`);

--
-- Constraints for table `student_course`
--
ALTER TABLE `student_course`
ADD CONSTRAINT `student_course_ibfk_1` FOREIGN KEY (`student_id`) REFERENCES `students` (`student_id`),
ADD CONSTRAINT `student_course_ibfk_2` FOREIGN KEY (`course_id`) REFERENCES `courses` (`course_id`),
ADD CONSTRAINT `student_course_ibfk_3` FOREIGN KEY (`class_semester_id`) REFERENCES `class_semester` (`class_semester_id`);

--
-- Constraints for table `teacher_course_semester`
--
ALTER TABLE `teacher_course_semester`
ADD CONSTRAINT `teacher_course_semester_ibfk_1` FOREIGN KEY (`course_semester_id`) REFERENCES `course_semester` (`course_semester_id`),
ADD CONSTRAINT `teacher_course_semester_ibfk_2` FOREIGN KEY (`teacher_semester_id`) REFERENCES `teacher_semester` (`teacher_semester_id`);

--
-- Constraints for table `teacher_semester`
--
ALTER TABLE `teacher_semester`
ADD CONSTRAINT `teacher_semester_ibfk_1` FOREIGN KEY (`teacher_id`) REFERENCES `teachers` (`teacher_id`),
ADD CONSTRAINT `teacher_semester_ibfk_2` FOREIGN KEY (`semester_id`) REFERENCES `semesters` (`semester_id`);

--
-- Constraints for table `time_table`
--
ALTER TABLE `time_table`
ADD CONSTRAINT `time_table_ibfk_1` FOREIGN KEY (`class_course_semester_id`) REFERENCES `class_course_semester` (`class_course_semester_id`),
ADD CONSTRAINT `time_table_ibfk_2` FOREIGN KEY (`room_id`) REFERENCES `rooms` (`room_id`),
ADD CONSTRAINT `time_table_ibfk_3` FOREIGN KEY (`teacher_semester_id`) REFERENCES `teacher_semester` (`teacher_semester_id`);

/*!40101 SET CHARACTER_SET_CLIENT=@OLD_CHARACTER_SET_CLIENT */;
/*!40101 SET CHARACTER_SET_RESULTS=@OLD_CHARACTER_SET_RESULTS */;
/*!40101 SET COLLATION_CONNECTION=@OLD_COLLATION_CONNECTION */;
